key,grade,readers,outcome,verdict,gradeable,bad,good,usable,note
img_00000,bad,consensus=bad;level1=usable;level2=bad;level3=bad,graded,usable,0.685721,0.314279,0.177014,0.508707,
img_00001,bad,consensus=bad;level1=bad;level2=bad;level3=bad,graded,bad,0.097103,0.902897,0.003987,0.093116,
img_00002,bad,consensus=bad;level1=bad;level2=usable;level3=bad,graded,bad,0.316720,0.683280,0.005338,0.311382,
img_00003,usable,consensus=usable;level1=usable;level2=usable;level3=bad,graded,bad,0.088631,0.911369,0.003928,0.084703,
img_00004,bad,consensus=bad;level1=bad;level2=bad;level3=bad,graded,bad,0.028961,0.971039,0.002515,0.026446,
img_00005,usable,consensus=usable;level1=usable;level2=usable;level3=bad,graded,bad,0.048733,0.951267,0.004102,0.044631,
img_00006,bad,consensus=bad;level1=bad;level2=bad;level3=bad,graded,bad,0.044466,0.955534,0.009127,0.035339,
img_00007,good,consensus=good;level1=good;level2=good;level3=usable,graded,good,0.999674,0.000326,0.996214,0.003460,
img_00016,good,consensus=good;level1=good;level2=good;level3=usable,graded,good,0.999475,0.000525,0.997641,0.001834,
img_00026,usable,consensus=usable;level1=usable;level2=usable;level3=usable,graded,good,0.678073,0.321927,0.346774,0.331299,
img_00046,good,consensus=good;level1=good;level2=good;level3=usable,graded,good,0.986785,0.013215,0.969033,0.017753,
img_00047,usable,consensus=usable;level1=usable;level2=usable;level3=usable,graded,good,0.997527,0.002473,0.977715,0.019812,
img_00048,usable,consensus=usable;level1=usable;level2=good;level3=usable,graded,good,0.999735,0.000265,0.994930,0.004805,
img_00049,good,consensus=good;level1=good;level2=good;level3=good,graded,good,0.999541,0.000459,0.998641,0.000901,
img_00056,good,consensus=good;level1=good;level2=good;level3=usable,graded,good,0.996644,0.003356,0.984453,0.012191,
img_00057,good,consensus=good;level1=good;level2=good;level3=usable,graded,good,0.999748,0.000252,0.997621,0.002127,
img_00058,usable,consensus=usable;level1=usable;level2=usable;level3=usable,graded,good,0.987289,0.012711,0.930423,0.056866,
img_00059,usable,consensus=usable;level1=good;level2=usable;level3=usable,graded,good,0.994488,0.005512,0.985767,0.008721,
img_00060,good,consensus=good;level1=good;level2=good;level3=usable,graded,bad,0.514564,0.485436,0.339064,0.175500,
img_00073,usable,consensus=usable;level1=usable;level2=usable;level3=usable,graded,bad,0.327350,0.672650,0.083972,0.243378,
img_00074,usable,consensus=usable;level1=usable;level2=usable;level3=bad,graded,usable,0.610227,0.389773,0.175241,0.434985,
img_00077,usable,consensus=usable;level1=usable;level2=usable;level3=bad,graded,usable,0.856106,0.143894,0.339862,0.516244,
img_00082,usable,consensus=usable;level1=usable;level2=usable;level3=bad,graded,usable,0.617355,0.382645,0.041622,0.575733,
img_00084,good,consensus=good;level1=good;level2=good;level3=usable,graded,usable,0.915428,0.084572,0.371859,0.543569,
img_00085,usable,consensus=usable;level1=good;level2=usable;level3=usable,graded,usable,0.886780,0.113220,0.061895,0.824885,
img_00086,usable,consensus=usable;level1=good;level2=usable;level3=usable,graded,good,0.940440,0.059560,0.617445,0.322995,
img_00087,usable,consensus=usable;level1=good;level2=usable;level3=usable,graded,usable,0.890244,0.109756,0.120393,0.769850,
img_00089,good,consensus=good;level1=good;level2=good;level3=good,graded,good,0.997360,0.002640,0.968123,0.029236,
img_00090,usable,consensus=usable;level1=good;level2=usable;level3=usable,graded,usable,0.770134,0.229866,0.202178,0.567955,
img_00096,bad,consensus=bad;level1=usable;level2=bad;level3=bad,graded,bad,0.176566,0.823434,0.000677,0.175889,
img_00097,bad,consensus=bad;level1=bad;level2=bad;level3=bad,graded,bad,0.017210,0.982790,0.000162,0.017048,
img_00098,good,consensus=good;level1=good;level2=usable;level3=good,graded,good,0.995296,0.004704,0.922148,0.073148,
img_00099,usable,consensus=usable;level1=good;level2=usable;level3=usable,graded,good,0.942108,0.057892,0.686136,0.255972,
img_00100,usable,consensus=usable;level1=good;level2=usable;level3=usable,graded,usable,0.783924,0.216076,0.221376,0.562548,
img_00101,usable,consensus=usable;level1=good;level2=usable;level3=usable,graded,good,0.966016,0.033984,0.746548,0.219469,
img_00102,usable,consensus=usable;level1=good;level2=usable;level3=usable,graded,usable,0.788830,0.211170,0.164486,0.624343,
img_00103,usable,consensus=usable;level1=usable;level2=usable;level3=bad,graded,bad,0.049866,0.950134,0.001499,0.048366,
img_00104,good,consensus=good;level1=good;level2=good;level3=good,graded,good,0.979005,0.020995,0.930754,0.048251,
img_00105,usable,consensus=usable;level1=usable;level2=usable;level3=bad,graded,good,0.800115,0.199885,0.593445,0.206670,
img_00106,bad,consensus=bad;level1=bad;level2=usable;level3=bad,graded,bad,0.406954,0.593046,0.056228,0.350726,
img_00107,usable,consensus=usable;level1=usable;level2=usable;level3=bad,graded,bad,0.637807,0.362193,0.343749,0.294058,
img_00110,usable,consensus=usable;level1=usable;level2=usable;level3=usable,graded,usable,0.600118,0.399882,0.069884,0.530234,
img_00111,usable,consensus=usable;level1=usable;level2=usable;level3=bad,graded,bad,0.404354,0.595646,0.043998,0.360356,
img_00112,bad,consensus=bad;level1=bad;level2=bad;level3=bad,graded,good,0.908122,0.091878,0.706482,0.201640,
img_00113,bad,consensus=bad;level1=bad;level2=usable;level3=bad,graded,good,0.936735,0.063265,0.698174,0.238561,
img_00114,bad,consensus=bad;level1=bad;level2=bad;level3=bad,graded,good,0.943365,0.056635,0.767754,0.175611,
img_00115,bad,consensus=bad;level1=bad;level2=bad;level3=bad,graded,bad,0.142549,0.857451,0.007252,0.135297,
img_00116,bad,consensus=bad;level1=bad;level2=bad;level3=bad,graded,bad,0.015190,0.984810,0.000163,0.015027,
img_00117,bad,consensus=bad;level1=usable;level2=bad;level3=bad,graded,bad,0.019742,0.980258,0.000277,0.019465,
img_00118,bad,consensus=bad;level1=usable;level2=bad;level3=bad,graded,good,0.988944,0.011056,0.875676,0.113268,
img_00119,bad,consensus=bad;level1=usable;level2=bad;level3=bad,graded,good,0.996707,0.003293,0.921108,0.075599,
img_00120,bad,consensus=bad;level1=bad;level2=bad;level3=bad,graded,usable,0.863685,0.136315,0.011190,0.852495,
img_00121,bad,consensus=bad;level1=bad;level2=bad;level3=bad,graded,bad,0.231299,0.768701,0.008042,0.223257,
img_00122,bad,consensus=bad;level1=bad;level2=bad;level3=bad,graded,bad,0.012477,0.987523,0.000207,0.012270,
img_00127,bad,consensus=bad;level1=usable;level2=bad;level3=bad,graded,bad,0.028490,0.971510,0.000391,0.028100,
img_00131,usable,consensus=usable;level1=usable;level2=usable;level3=bad,graded,bad,0.265861,0.734139,0.009169,0.256692,
img_00132,bad,consensus=bad;level1=usable;level2=bad;level3=bad,graded,bad,0.072955,0.927045,0.002495,0.070460,
img_00133,usable,consensus=usable;level1=usable;level2=usable;level3=bad,graded,bad,0.163894,0.836106,0.003889,0.160004,
img_00134,bad,consensus=bad;level1=usable;level2=bad;level3=bad,graded,bad,0.153185,0.846815,0.004769,0.148416,
img_00139,good,consensus=good;level1=good;level2=good;level3=good,graded,good,0.999156,0.000844,0.990544,0.008612,
img_00140,good,consensus=good;level1=good;level2=good;level3=good,graded,good,0.963340,0.036660,0.832831,0.130509,
img_00147,usable,consensus=usable;level1=good;level2=usable;level3=usable,graded,good,0.996050,0.003950,0.950087,0.045962,
img_00148,usable,consensus=usable;level1=good;level2=usable;level3=usable,graded,good,0.989573,0.010427,0.855484,0.134089,
img_00155,usable,consensus=usable;level1=usable;level2=usable;level3=bad,graded,bad,0.317073,0.682927,0.017281,0.299792,
img_00156,good,consensus=good;level1=good;level2=good;level3=usable,graded,good,0.974662,0.025338,0.820930,0.153732,
img_00157,good,consensus=good;level1=good;level2=good;level3=good,graded,good,0.998369,0.001631,0.967654,0.030715,
img_00158,usable,consensus=usable;level1=bad;level2=usable;level3=usable,graded,good,0.944756,0.055244,0.542173,0.402583,
img_00165,good,consensus=good;level1=good;level2=usable;level3=good,graded,good,0.974304,0.025696,0.939914,0.034390,
img_00166,usable,consensus=usable;level1=good;level2=usable;level3=usable,graded,good,0.964953,0.035047,0.829281,0.135672,
img_00167,usable,consensus=usable;level1=good;level2=usable;level3=usable,graded,good,0.674322,0.325678,0.476328,0.197994,
img_00168,usable,consensus=usable;level1=good;level2=usable;level3=usable,graded,good,0.804016,0.195984,0.615105,0.188912,
img_00169,usable,consensus=usable;level1=usable;level2=usable;level3=usable,graded,good,0.747560,0.252440,0.577385,0.170175,
img_00200,usable,consensus=usable;level1=usable;level2=usable;level3=bad,graded,good,0.992599,0.007401,0.889546,0.103052,
img_00201,usable,consensus=usable;level1=usable;level2=usable;level3=bad,graded,usable,0.878012,0.121988,0.034360,0.843652,
img_00202,usable,consensus=usable;level1=usable;level2=usable;level3=bad,graded,usable,0.643924,0.356076,0.105239,0.538684,
img_00203,bad,consensus=bad;level1=bad;level2=bad;level3=bad,graded,bad,0.051085,0.948915,0.005726,0.045358,
img_00204,bad,consensus=bad;level1=bad;level2=usable;level3=bad,graded,bad,0.297415,0.702585,0.044793,0.252622,
img_00205,usable,consensus=usable;level1=usable;level2=usable;level3=bad,graded,good,0.834402,0.165598,0.482506,0.351896,
img_00206,bad,consensus=bad;level1=bad;level2=bad;level3=bad,graded,usable,0.764496,0.235504,0.144886,0.619610,
img_00207,bad,consensus=bad;level1=bad;level2=usable;level3=bad,graded,usable,0.872369,0.127631,0.133325,0.739045,
img_00208,bad,consensus=bad;level1=bad;level2=usable;level3=bad,graded,usable,0.842031,0.157969,0.123020,0.719011,
img_00209,bad,consensus=bad;level1=bad;level2=usable;level3=bad,graded,usable,0.861197,0.138803,0.225409,0.635789,
img_00210,good,consensus=good;level1=good;level2=good;level3=good,graded,good,0.987124,0.012876,0.884917,0.102207,
img_00211,bad,consensus=bad;level1=usable;level2=bad;level3=bad,graded,bad,0.229880,0.770120,0.008902,0.220979,
img_00213,usable,consensus=usable;level1=good;level2=usable;level3=usable,graded,good,0.913812,0.086188,0.661836,0.251977,
img_00214,bad,consensus=bad;level1=bad;level2=bad;level3=bad,graded,bad,0.176289,0.823711,0.004209,0.172080,
img_00215,bad,consensus=bad;level1=bad;level2=bad;level3=bad,graded,usable,0.844359,0.155641,0.286993,0.557366,
img_00216,bad,consensus=bad;level1=usable;level2=bad;level3=bad,graded,usable,0.717610,0.282390,0.035528,0.682081,
img_00217,usable,consensus=usable;level1=usable;level2=usable;level3=bad,graded,usable,0.739621,0.260379,0.014199,0.725421,
img_00218,bad,consensus=bad;level1=bad;level2=bad;level3=bad,graded,usable,0.578486,0.421514,0.000626,0.577859,
img_00219,usable,consensus=usable;level1=usable;level2=usable;level3=bad,graded,usable,0.547143,0.452857,0.000578,0.546564,
img_00231,bad,consensus=bad;level1=usable;level2=bad;level3=bad,graded,usable,0.718927,0.281073,0.045412,0.673515,
img_00232,bad,consensus=bad;level1=usable;level2=bad;level3=bad,graded,bad,0.287966,0.712034,0.026732,0.261234,
img_00233,bad,consensus=bad;level1=bad;level2=bad;level3=bad,graded,bad,0.424554,0.575446,0.009782,0.414772,
img_00234,bad,consensus=bad;level1=bad;level2=bad;level3=bad,graded,bad,0.012544,0.987456,0.000690,0.011854,
img_00235,bad,consensus=bad;level1=bad;level2=good;level3=bad,graded,bad,0.269390,0.730610,0.037000,0.232389,
img_00236,usable,consensus=usable;level1=usable;level2=usable;level3=usable,graded,good,0.759763,0.240237,0.425066,0.334697,
img_00245,usable,consensus=usable;level1=usable;level2=usable;level3=usable,graded,usable,0.816966,0.183034,0.014968,0.801999,
img_00247,bad,consensus=bad;level1=bad;level2=bad;level3=bad,graded,bad,0.018764,0.981236,0.000695,0.018069,
img_00248,bad,consensus=bad;level1=usable;level2=bad;level3=bad,graded,bad,0.191860,0.808140,0.025193,0.166666,
img_00249,bad,consensus=bad;level1=usable;level2=bad;level3=bad,graded,bad,0.590766,0.409234,0.201278,0.389488,
img_00250,bad,consensus=bad;level1=usable;level2=bad;level3=bad,graded,usable,0.620592,0.379408,0.064778,0.555814,
img_00257,usable,consensus=usable;level1=usable;level2=good;level3=usable,graded,usable,0.861778,0.138222,0.240661,0.621118,
img_00258,usable,consensus=usable;level1=usable;level2=usable;level3=bad,graded,bad,0.373078,0.626922,0.009547,0.363532,
img_00259,usable,consensus=usable;level1=usable;level2=usable;level3=bad,graded,good,0.914294,0.085706,0.609840,0.304454,
img_00260,usable,consensus=usable;level1=usable;level2=usable;level3=bad,graded,bad,0.533974,0.466026,0.075728,0.458246,
img_00261,usable,consensus=usable;level1=usable;level2=usable;level3=bad,graded,usable,0.668250,0.331750,0.013578,0.654671,
img_00267,good,consensus=good;level1=good;level2=good;level3=usable,graded,usable,0.915866,0.084134,0.195471,0.720396,
img_00268,good,consensus=good;level1=good;level2=good;level3=usable,graded,good,0.979101,0.020899,0.654749,0.324352,
img_00269,usable,consensus=usable;level1=good;level2=usable;level3=usable,graded,good,0.996912,0.003088,0.939774,0.057138,
img_00270,good,consensus=good;level1=good;level2=usable;level3=good,graded,good,0.978748,0.021252,0.831483,0.147265,
img_00273,good,consensus=good;level1=good;level2=good;level3=good,graded,good,0.902701,0.097299,0.578460,0.324241,
img_00274,good,consensus=good;level1=good;level2=good;level3=good,graded,good,0.663656,0.336344,0.346834,0.316822,
img_00275,bad,consensus=bad;level1=bad;level2=bad;level3=bad,graded,bad,0.066103,0.933897,0.015321,0.050782,
img_00276,bad,consensus=bad;level1=bad;level2=bad;level3=bad,graded,bad,0.084226,0.915774,0.021794,0.062432,
img_00277,usable,consensus=usable;level1=good;level2=usable;level3=usable,graded,usable,0.867984,0.132016,0.426610,0.441373,
img_00278,usable,consensus=usable;level1=good;level2=usable;level3=usable,graded,usable,0.834661,0.165339,0.009906,0.824755,
img_00281,good,consensus=good;level1=good;level2=good;level3=usable,graded,usable,0.916314,0.083686,0.396468,0.519845,
img_00282,usable,consensus=usable;level1=usable;level2=usable;level3=bad,graded,usable,0.755038,0.244962,0.128845,0.626193,
img_00283,bad,consensus=bad;level1=usable;level2=bad;level3=bad,graded,bad,0.220424,0.779576,0.001055,0.219370,
img_00284,usable,consensus=usable;level1=usable;level2=usable;level3=bad,graded,usable,0.879453,0.120547,0.137973,0.741480,
img_00285,bad,consensus=bad;level1=usable;level2=bad;level3=bad,graded,usable,0.750126,0.249874,0.037040,0.713086,
img_00286,bad,consensus=bad;level1=usable;level2=bad;level3=bad,graded,bad,0.200506,0.799494,0.004730,0.195776,
img_00287,usable,consensus=usable;level1=good;level2=usable;level3=usable,graded,usable,0.945517,0.054483,0.408365,0.537153,
img_00288,usable,consensus=usable;level1=usable;level2=good;level3=usable,graded,good,0.774490,0.225510,0.496022,0.278468,
img_00289,usable,consensus=usable;level1=usable;level2=good;level3=usable,graded,usable,0.807146,0.192854,0.213909,0.593238,
img_00290,good,consensus=good;level1=good;level2=good;level3=usable,graded,good,0.988854,0.011146,0.884615,0.104240,
img_00291,good,consensus=good;level1=good;level2=good;level3=good,graded,good,0.999645,0.000355,0.973657,0.025988,
img_00292,good,consensus=good;level1=good;level2=good;level3=good,graded,good,0.998872,0.001128,0.987775,0.011096,
img_00293,good,consensus=good;level1=good;level2=good;level3=good,graded,good,0.999697,0.000303,0.995352,0.004345,
img_00294,usable,consensus=usable;level1=usable;level2=usable;level3=usable,graded,good,0.989844,0.010156,0.784950,0.204893,
img_00295,bad,consensus=bad;level1=usable;level2=bad;level3=bad,graded,bad,0.186558,0.813442,0.003185,0.183373,
img_00296,usable,consensus=usable;level1=usable;level2=usable;level3=bad,graded,usable,0.638284,0.361716,0.218930,0.419355,
img_00297,usable,consensus=usable;level1=good;level2=usable;level3=usable,graded,bad,0.472413,0.527587,0.113333,0.359080,
img_00298,bad,consensus=bad;level1=usable;level2=bad;level3=bad,graded,bad,0.410702,0.589298,0.071452,0.339249,
img_00299,usable,consensus=usable;level1=good;level2=bad;level3=usable,graded,bad,0.539031,0.460969,0.172618,0.366414,
img_00300,usable,consensus=usable;level1=usable;level2=good;level3=usable,graded,good,0.844342,0.155658,0.567724,0.276619,
img_00301,usable,consensus=usable;level1=usable;level2=good;level3=usable,graded,good,0.992125,0.007875,0.944334,0.047791,
img_00302,bad,consensus=bad;level1=usable;level2=bad;level3=bad,graded,bad,0.178653,0.821347,0.012200,0.166453,
img_00303,bad,consensus=bad;level1=usable;level2=bad;level3=bad,graded,usable,0.823643,0.176357,0.111239,0.712404,
img_00304,good,consensus=good;level1=good;level2=good;level3=usable,graded,good,0.999640,0.000360,0.967651,0.031988,
img_00305,bad,consensus=bad;level1=usable;level2=bad;level3=bad,graded,bad,0.038879,0.961121,0.000664,0.038215,
img_00306,bad,consensus=bad;level1=usable;level2=bad;level3=bad,graded,bad,0.489913,0.510087,0.007035,0.482877,
img_00307,bad,consensus=bad;level1=bad;level2=bad;level3=bad,graded,bad,0.032163,0.967837,0.000698,0.031465,
img_00308,bad,consensus=bad;level1=bad;level2=usable;level3=bad,graded,bad,0.013279,0.986721,0.000169,0.013109,
img_00309,usable,consensus=usable;level1=usable;level2=good;level3=usable,graded,usable,0.668263,0.331737,0.058382,0.609881,
img_00310,usable,consensus=usable;level1=usable;level2=good;level3=usable,graded,usable,0.763963,0.236037,0.065349,0.698613,
img_00311,usable,consensus=usable;level1=good;level2=usable;level3=usable,graded,usable,0.668457,0.331543,0.123389,0.545068,
img_00323,bad,consensus=bad;level1=bad;level2=bad;level3=bad,graded,bad,0.086089,0.913911,0.000798,0.085291,
img_00324,usable,consensus=usable;level1=good;level2=usable;level3=usable,graded,usable,0.912243,0.087757,0.155798,0.756446,
img_00325,good,consensus=good;level1=good;level2=good;level3=good,graded,good,0.960065,0.039935,0.902305,0.057760,
img_00326,bad,consensus=bad;level1=bad;level2=bad;level3=bad,graded,usable,0.722041,0.277959,0.025708,0.696332,
img_00327,good,consensus=good;level1=good;level2=good;level3=good,graded,good,0.995372,0.004628,0.947820,0.047552,
img_00328,usable,consensus=usable;level1=good;level2=usable;level3=usable,graded,usable,0.797656,0.202344,0.100796,0.696859,
img_00329,good,consensus=good;level1=good;level2=good;level3=good,graded,good,0.999469,0.000531,0.990250,0.009218,
img_00330,good,consensus=good;level1=good;level2=good;level3=good,graded,good,0.997511,0.002489,0.912067,0.085444,
img_00331,bad,consensus=bad;level1=bad;level2=bad;level3=bad,graded,bad,0.044357,0.955643,0.001637,0.042720,
img_00338,usable,consensus=usable;level1=good;level2=usable;level3=usable,graded,bad,0.318022,0.681978,0.085037,0.232985,
img_00345,bad,consensus=bad;level1=bad;level2=bad;level3=bad,graded,bad,0.035838,0.964162,0.001184,0.034654,
img_00346,bad,consensus=bad;level1=bad;level2=bad;level3=bad,graded,bad,0.018222,0.981778,0.000221,0.018001,
img_00347,bad,consensus=bad;level1=bad;level2=usable;level3=bad,graded,usable,0.863816,0.136184,0.182142,0.681674,
img_00348,bad,consensus=bad;level1=usable;level2=bad;level3=bad,graded,bad,0.443797,0.556203,0.031245,0.412551,
img_00349,usable,consensus=usable;level1=good;level2=usable;level3=usable,graded,usable,0.689150,0.310850,0.028608,0.660542,
img_00350,good,consensus=good;level1=good;level2=good;level3=good,graded,good,0.992888,0.007112,0.961834,0.031054,
img_00351,bad,consensus=bad;level1=usable;level2=bad;level3=bad,graded,usable,0.850039,0.149961,0.407070,0.442969,
img_00352,good,consensus=good;level1=good;level2=good;level3=good,graded,good,0.997542,0.002458,0.980388,0.017154,
img_00353,good,consensus=good;level1=good;level2=good;level3=good,graded,good,0.961164,0.038836,0.824991,0.136172,
img_00356,good,consensus=good;level1=good;level2=good;level3=usable,graded,usable,0.811720,0.188280,0.125453,0.686266,
img_00357,good,consensus=good;level1=good;level2=good;level3=usable,graded,good,0.969870,0.030130,0.837816,0.132054,
img_00358,good,consensus=good;level1=good;level2=good;level3=usable,graded,good,0.987597,0.012403,0.653350,0.334247,
img_00359,usable,consensus=usable;level1=usable;level2=usable;level3=bad,graded,usable,0.834496,0.165504,0.021416,0.813079,
img_00361,bad,consensus=bad;level1=bad;level2=bad;level3=bad,graded,bad,0.052615,0.947385,0.009977,0.042638,
img_00362,bad,consensus=bad;level1=bad;level2=bad;level3=bad,graded,bad,0.131911,0.868089,0.000886,0.131024,
img_00363,bad,consensus=bad;level1=bad;level2=bad;level3=bad,graded,usable,0.786032,0.213968,0.062950,0.723082,
img_00364,usable,consensus=usable;level1=good;level2=usable;level3=usable,graded,good,0.996764,0.003236,0.905321,0.091443,
img_00365,bad,consensus=bad;level1=usable;level2=bad;level3=bad,graded,usable,0.739630,0.260370,0.057071,0.682559,
img_00366,bad,consensus=bad;level1=bad;level2=bad;level3=bad,graded,bad,0.371286,0.628714,0.004618,0.366668,
img_00367,usable,consensus=usable;level1=usable;level2=usable;level3=bad,graded,usable,0.681761,0.318239,0.045290,0.636471,
img_00370,bad,consensus=bad;level1=bad;level2=usable;level3=bad,graded,bad,0.500091,0.499909,0.012521,0.487570,
img_00371,good,consensus=good;level1=good;level2=good;level3=good,graded,good,0.986256,0.013744,0.885790,0.100466,
img_00372,good,consensus=good;level1=good;level2=good;level3=usable,graded,good,0.940389,0.059611,0.596175,0.344214,
img_00373,good,consensus=good;level1=good;level2=good;level3=good,graded,good,0.990114,0.009886,0.720218,0.269896,
img_00374,bad,consensus=bad;level1=bad;level2=bad;level3=bad,graded,bad,0.158317,0.841683,0.000374,0.157943,
img_00375,usable,consensus=usable;level1=usable;level2=usable;level3=bad,graded,usable,0.529036,0.470964,0.001169,0.527868,
img_00376,good,consensus=good;level1=good;level2=good;level3=good,graded,good,0.993199,0.006801,0.835588,0.157611,
img_00377,usable,consensus=usable;level1=usable;level2=usable;level3=bad,graded,usable,0.824518,0.175482,0.012959,0.811559,
img_00378,good,consensus=good;level1=good;level2=good;level3=good,graded,good,0.999975,0.000025,0.996551,0.003424,
img_00379,good,consensus=good;level1=good;level2=good;level3=good,graded,good,0.999263,0.000737,0.979176,0.020087,
img_00380,good,consensus=good;level1=good;level2=good;level3=good,graded,good,0.999287,0.000713,0.975424,0.023863,
img_00381,usable,consensus=usable;level1=usable;level2=usable;level3=good,graded,usable,0.713983,0.286017,0.258447,0.455537,
img_00387,usable,consensus=usable;level1=usable;level2=usable;level3=bad,graded,usable,0.663677,0.336323,0.043697,0.619980,
img_00389,bad,consensus=bad;level1=usable;level2=bad;level3=bad,graded,bad,0.278657,0.721343,0.001654,0.277003,
img_00390,bad,consensus=bad;level1=bad;level2=bad;level3=bad,graded,bad,0.041059,0.958941,0.000754,0.040305,
img_00391,usable,consensus=usable;level1=usable;level2=usable;level3=good,graded,good,0.959884,0.040116,0.669463,0.290422,
img_00392,good,consensus=good;level1=good;level2=good;level3=good,graded,usable,0.958403,0.041597,0.066566,0.891837,
img_00393,usable,consensus=usable;level1=usable;level2=usable;level3=bad,graded,usable,0.687261,0.312739,0.049104,0.638156,
img_00394,bad,consensus=bad;level1=bad;level2=usable;level3=bad,graded,bad,0.301461,0.698539,0.053711,0.247749,
img_00395,bad,consensus=bad;level1=usable;level2=bad;level3=bad,graded,bad,0.340425,0.659575,0.020790,0.319635,
img_00396,bad,consensus=bad;level1=bad;level2=bad;level3=bad,graded,bad,0.069919,0.930081,0.016762,0.053158,
img_00397,usable,consensus=usable;level1=usable;level2=usable;level3=bad,graded,good,0.965017,0.034983,0.491234,0.473783,
img_00398,usable,consensus=usable;level1=usable;level2=usable;level3=bad,graded,bad,0.119096,0.880904,0.000149,0.118946,
img_00399,usable,consensus=usable;level1=good;level2=usable;level3=usable,graded,usable,0.872623,0.127377,0.138836,0.733787,
img_00400,usable,consensus=usable;level1=good;level2=usable;level3=usable,graded,good,0.987758,0.012242,0.667119,0.320639,
img_00401,good,consensus=good;level1=good;level2=good;level3=usable,graded,good,0.975948,0.024052,0.650020,0.325928,
img_00402,usable,consensus=usable;level1=usable;level2=usable;level3=bad,graded,bad,0.352112,0.647888,0.008406,0.343706,
img_00403,usable,consensus=usable;level1=usable;level2=usable;level3=bad,graded,usable,0.682326,0.317674,0.047546,0.634780,
img_00404,usable,consensus=usable;level1=usable;level2=usable;level3=bad,graded,bad,0.399564,0.600436,0.006716,0.392848,
img_00405,usable,consensus=usable;level1=good;level2=usable;level3=usable,graded,usable,0.613636,0.386364,0.068051,0.545585,
img_00406,usable,consensus=usable;level1=usable;level2=usable;level3=bad,graded,usable,0.666136,0.333864,0.005983,0.660153,
img_00407,good,consensus=good;level1=good;level2=usable;level3=good,graded,good,0.988395,0.011605,0.915065,0.073330,
img_00408,good,consensus=good;level1=good;level2=good;level3=good,graded,good,0.999799,0.000201,0.993442,0.006357,
img_00409,good,consensus=good;level1=good;level2=good;level3=good,graded,good,0.994800,0.005200,0.825169,0.169630,
img_00410,good,consensus=good;level1=good;level2=good;level3=good,graded,good,0.999001,0.000999,0.972214,0.026787,
img_00411,good,consensus=good;level1=good;level2=good;level3=good,graded,good,0.990814,0.009186,0.919952,0.070863,
img_00412,good,consensus=good;level1=good;level2=good;level3=good,graded,good,0.995137,0.004863,0.834610,0.160528,
img_00413,good,consensus=good;level1=good;level2=good;level3=good,graded,good,0.999835,0.000165,0.996506,0.003329,
img_00414,good,consensus=good;level1=good;level2=good;level3=good,graded,good,0.999741,0.000259,0.996092,0.003648,
img_00415,good,consensus=good;level1=good;level2=good;level3=good,graded,usable,0.955227,0.044773,0.191679,0.763549,
img_00416,bad,consensus=bad;level1=bad;level2=bad;level3=usable,graded,bad,0.150694,0.849306,0.001188,0.149506,
img_00418,usable,consensus=usable;level1=usable;level2=usable;level3=bad,graded,bad,0.393528,0.606472,0.095254,0.298275,
img_00419,usable,consensus=usable;level1=good;level2=usable;level3=usable,graded,good,0.861051,0.138949,0.465849,0.395202,
img_00420,bad,consensus=bad;level1=bad;level2=bad;level3=bad,graded,bad,0.060868,0.939132,0.002007,0.058861,
img_00421,usable,consensus=usable;level1=usable;level2=usable;level3=bad,graded,bad,0.385744,0.614256,0.003393,0.382351,
img_00422,bad,consensus=bad;level1=bad;level2=bad;level3=bad,graded,bad,0.007320,0.992680,0.000045,0.007276,
img_00423,bad,consensus=bad;level1=bad;level2=bad;level3=bad,graded,bad,0.078380,0.921620,0.000394,0.077986,
img_00424,bad,consensus=bad;level1=bad;level2=bad;level3=bad,graded,bad,0.410303,0.589697,0.004003,0.406300,
img_00425,bad,consensus=bad;level1=bad;level2=bad;level3=bad,graded,bad,0.181123,0.818877,0.013982,0.167140,
img_00426,bad,consensus=bad;level1=bad;level2=bad;level3=bad,graded,bad,0.022213,0.977787,0.000287,0.021926,
img_00427,bad,consensus=bad;level1=bad;level2=bad;level3=bad,graded,bad,0.050641,0.949359,0.001071,0.049570,
img_00428,usable,consensus=usable;level1=good;level2=usable;level3=usable,graded,usable,0.871434,0.128566,0.093865,0.777569,
img_00429,usable,consensus=usable;level1=good;level2=usable;level3=usable,graded,good,0.997203,0.002797,0.876441,0.120762,
img_00430,usable,consensus=usable;level1=good;level2=usable;level3=usable,graded,good,0.924895,0.075105,0.477826,0.447069,
img_00432,usable,consensus=usable;level1=usable;level2=usable;level3=bad,graded,bad,0.293656,0.706344,0.008910,0.284745,
img_00433,usable,consensus=usable;level1=good;level2=usable;level3=usable,graded,good,0.849810,0.150190,0.520829,0.328981,
img_00434,usable,consensus=usable;level1=usable;level2=usable;level3=bad,graded,bad,0.426330,0.573670,0.013592,0.412738,
img_00435,good,consensus=good;level1=good;level2=good;level3=usable,graded,good,0.997517,0.002483,0.967345,0.030172,
img_00436,good,consensus=good;level1=good;level2=good;level3=good,graded,good,0.992151,0.007849,0.850516,0.141635,
img_00437,good,consensus=good;level1=good;level2=good;level3=good,graded,good,0.999807,0.000193,0.997331,0.002475,
img_00438,good,consensus=good;level1=good;level2=good;level3=good,graded,good,0.996752,0.003248,0.955869,0.040883,
img_00439,good,consensus=good;level1=good;level2=good;level3=good,graded,good,0.998102,0.001898,0.971237,0.026865,
img_00440,good,consensus=good;level1=good;level2=good;level3=good,graded,good,0.998407,0.001593,0.965512,0.032896,
img_00441,good,consensus=good;level1=good;level2=good;level3=good,graded,good,0.906915,0.093085,0.645283,0.261632,
img_00442,good,consensus=good;level1=good;level2=good;level3=good,graded,usable,0.822459,0.177541,0.400133,0.422325,
img_00443,bad,consensus=bad;level1=bad;level2=usable;level3=bad,graded,usable,0.625978,0.374022,0.007311,0.618667,
img_00444,bad,consensus=bad;level1=bad;level2=bad;level3=bad,graded,bad,0.044232,0.955768,0.000798,0.043434,
img_00446,bad,consensus=bad;level1=bad;level2=bad;level3=bad,graded,bad,0.024435,0.975565,0.000278,0.024157,
img_00447,usable,consensus=usable;level1=usable;level2=usable;level3=bad,graded,usable,0.908191,0.091809,0.115133,0.793058,
img_00448,usable,consensus=usable;level1=usable;level2=usable;level3=bad,graded,usable,0.733751,0.266249,0.063289,0.670461,
img_00449,usable,consensus=usable;level1=usable;level2=good;level3=usable,graded,usable,0.792884,0.207116,0.247975,0.544909,
img_00450,usable,consensus=usable;level1=usable;level2=usable;level3=usable,graded,good,0.950952,0.049048,0.483178,0.467774,
img_00451,usable,consensus=usable;level1=usable;level2=usable;level3=bad,graded,good,0.946023,0.053977,0.691511,0.254511,
img_00452,bad,consensus=bad;level1=usable;level2=bad;level3=bad,graded,bad,0.227518,0.772482,0.019127,0.208392,
img_00453,bad,consensus=bad;level1=usable;level2=bad;level3=bad,graded,usable,0.873177,0.126823,0.151170,0.722006,
img_00454,good,consensus=good;level1=good;level2=good;level3=good,graded,good,0.969288,0.030712,0.938747,0.030541,
img_00455,good,consensus=good;level1=good;level2=good;level3=good,graded,good,0.742818,0.257182,0.560551,0.182267,
img_00456,good,consensus=good;level1=good;level2=good;level3=good,graded,bad,0.288916,0.711084,0.133917,0.154999,
img_00457,bad,consensus=bad;level1=usable;level2=bad;level3=bad,graded,bad,0.259513,0.740487,0.001669,0.257844,
img_00458,bad,consensus=bad;level1=bad;level2=bad;level3=bad,graded,bad,0.008742,0.991258,0.000048,0.008693,
img_00459,good,consensus=good;level1=good;level2=good;level3=good,graded,good,0.998306,0.001694,0.976959,0.021347,
img_00460,bad,consensus=bad;level1=bad;level2=bad;level3=bad,graded,bad,0.079986,0.920014,0.000367,0.079619,
img_00461,usable,consensus=usable;level1=usable;level2=usable;level3=bad,graded,usable,0.574177,0.425823,0.009704,0.564473,
img_00462,usable,consensus=usable;level1=usable;level2=usable;level3=bad,graded,usable,0.551177,0.448823,0.028731,0.522446,
img_00463,usable,consensus=usable;level1=usable;level2=usable;level3=bad,graded,bad,0.364154,0.635846,0.001591,0.362564,
img_00464,usable,consensus=usable;level1=usable;level2=usable;level3=bad,graded,bad,0.435016,0.564984,0.049304,0.385712,
img_00465,usable,consensus=usable;level1=usable;level2=usable;level3=bad,graded,bad,0.556430,0.443570,0.255781,0.300648,
img_00466,bad,consensus=bad;level1=bad;level2=bad;level3=bad,graded,bad,0.123335,0.876665,0.001493,0.121842,
img_00467,bad,consensus=bad;level1=bad;level2=bad;level3=bad,graded,bad,0.114918,0.885082,0.002282,0.112636,
img_00471,usable,consensus=usable;level1=good;level2=usable;level3=usable,graded,usable,0.782122,0.217878,0.227464,0.554657,
img_00472,usable,consensus=usable;level1=good;level2=usable;level3=usable,graded,good,0.835074,0.164926,0.474906,0.360168,
img_00473,usable,consensus=usable;level1=usable;level2=usable;level3=bad,graded,usable,0.871999,0.128001,0.055902,0.816097,
img_00474,good,consensus=good;level1=good;level2=good;level3=good,graded,good,0.998166,0.001834,0.916582,0.081584,
img_00475,usable,consensus=usable;level1=usable;level2=usable;level3=usable,graded,bad,0.268283,0.731717,0.059304,0.208979,
img_00482,usable,consensus=usable;level1=usable;level2=good;level3=usable,graded,usable,0.672516,0.327484,0.148770,0.523745,
img_00493,bad,consensus=bad;level1=bad;level2=bad;level3=bad,graded,bad,0.114665,0.885335,0.010014,0.104651,
img_00494,usable,consensus=usable;level1=usable;level2=bad;level3=usable,graded,bad,0.574453,0.425547,0.231591,0.342862,
img_00496,bad,consensus=bad;level1=usable;level2=bad;level3=bad,graded,usable,0.597714,0.402286,0.007186,0.590528,
img_00497,bad,consensus=bad;level1=bad;level2=bad;level3=bad,graded,bad,0.113464,0.886536,0.000908,0.112557,
img_00498,usable,consensus=usable;level1=usable;level2=usable;level3=bad,graded,usable,0.850939,0.149061,0.031452,0.819487,
img_00499,bad,consensus=bad;level1=usable;level2=bad;level3=bad,graded,usable,0.974734,0.025266,0.411309,0.563425,
img_00500,usable,consensus=usable;level1=good;level2=usable;level3=usable,graded,good,0.982948,0.017052,0.600750,0.382198,
img_00501,good,consensus=good;level1=good;level2=good;level3=good,graded,good,0.760651,0.239349,0.545404,0.215247,
img_00502,usable,consensus=usable;level1=usable;level2=usable;level3=bad,graded,bad,0.339505,0.660495,0.083409,0.256096,
img_00504,good,consensus=good;level1=good;level2=usable;level3=good,graded,good,0.999828,0.000172,0.996836,0.002992,
img_00505,good,consensus=good;level1=good;level2=good;level3=good,graded,good,0.998938,0.001062,0.957194,0.041744,
img_00509,bad,consensus=bad;level1=bad;level2=bad;level3=bad,graded,bad,0.103152,0.896848,0.002445,0.100707,
img_00510,bad,consensus=bad;level1=bad;level2=bad;level3=bad,graded,bad,0.014104,0.985896,0.000179,0.013925,
img_00511,usable,consensus=usable;level1=good;level2=usable;level3=usable,graded,usable,0.935629,0.064371,0.244420,0.691209,
img_00512,usable,consensus=usable;level1=usable;level2=good;level3=usable,graded,bad,0.287101,0.712899,0.005520,0.281581,
img_00513,usable,consensus=usable;level1=usable;level2=usable;level3=bad,graded,bad,0.464807,0.535193,0.013632,0.451175,
img_00514,usable,consensus=usable;level1=good;level2=usable;level3=usable,graded,usable,0.874426,0.125574,0.133606,0.740820,
img_00515,usable,consensus=usable;level1=good;level2=usable;level3=usable,graded,bad,0.435368,0.564632,0.061324,0.374044,
img_00516,bad,consensus=bad;level1=bad;level2=bad;level3=bad,graded,bad,0.113097,0.886903,0.009077,0.104021,
img_00517,bad,consensus=bad;level1=bad;level2=bad;level3=bad,graded,bad,0.017890,0.982110,0.000326,0.017564,
img_00518,usable,consensus=usable;level1=usable;level2=usable;level3=usable,graded,usable,0.911369,0.088631,0.280433,0.630936,
img_00519,usable,consensus=usable;level1=usable;level2=usable;level3=bad,graded,bad,0.366316,0.633684,0.028004,0.338312,
img_00520,usable,consensus=usable;level1=good;level2=usable;level3=usable,graded,usable,0.847477,0.152523,0.392532,0.454945,
img_00521,good,consensus=good;level1=good;level2=good;level3=good,graded,good,0.991644,0.008356,0.789373,0.202271,
img_00522,good,consensus=good;level1=good;level2=good;level3=good,graded,good,0.995933,0.004067,0.903126,0.092808,
img_00523,usable,consensus=usable;level1=good;level2=usable;level3=usable,graded,usable,0.584676,0.415324,0.126156,0.458520,
img_00524,usable,consensus=usable;level1=usable;level2=usable;level3=usable,graded,usable,0.647235,0.352765,0.043671,0.603565,
img_00525,usable,consensus=usable;level1=usable;level2=usable;level3=bad,graded,bad,0.111684,0.888316,0.001534,0.110149,
img_00526,usable,consensus=usable;level1=usable;level2=usable;level3=bad,graded,bad,0.392194,0.607806,0.000780,0.391414,
img_00527,usable,consensus=usable;level1=good;level2=usable;level3=usable,graded,good,0.989669,0.010331,0.892611,0.097057,
img_00528,bad,consensus=bad;level1=bad;level2=bad;level3=bad,graded,bad,0.202642,0.797358,0.012078,0.190564,
img_00529,good,consensus=good;level1=good;level2=good;level3=good,graded,good,0.991904,0.008096,0.923826,0.068079,
img_00530,good,consensus=good;level1=good;level2=good;level3=good,graded,good,0.999062,0.000938,0.968927,0.030135,
img_00533,usable,consensus=usable;level1=usable;level2=good;level3=usable,graded,good,0.964033,0.035967,0.556927,0.407107,
img_00534,good,consensus=good;level1=usable;level2=good;level3=good,graded,usable,0.829264,0.170736,0.260282,0.568982,
img_00536,bad,consensus=bad;level1=bad;level2=bad;level3=bad,graded,bad,0.052733,0.947267,0.007405,0.045328,
img_00538,good,consensus=good;level1=good;level2=good;level3=good,graded,good,0.987074,0.012926,0.705409,0.281665,
img_00539,usable,consensus=usable;level1=usable;level2=usable;level3=usable,graded,good,0.920498,0.079502,0.548574,0.371924,
img_00540,bad,consensus=bad;level1=usable;level2=bad;level3=bad,graded,bad,0.351399,0.648601,0.014424,0.336975,
img_00544,usable,consensus=usable;level1=good;level2=usable;level3=usable,graded,good,0.999485,0.000515,0.994608,0.004877,
img_00548,usable,consensus=usable;level1=good;level2=usable;level3=usable,graded,good,0.985626,0.014374,0.807371,0.178256,
img_00549,bad,consensus=bad;level1=usable;level2=bad;level3=bad,graded,bad,0.310437,0.689563,0.019673,0.290764,
img_00550,good,consensus=good;level1=good;level2=good;level3=usable,graded,good,0.938962,0.061038,0.714934,0.224028,
img_00551,good,consensus=good;level1=good;level2=good;level3=usable,graded,good,0.867011,0.132989,0.454705,0.412306,
img_00552,usable,consensus=usable;level1=usable;level2=usable;level3=bad,graded,usable,0.691939,0.308061,0.026003,0.665936,
img_00553,usable,consensus=usable;level1=usable;level2=usable;level3=bad,graded,usable,0.989204,0.010796,0.418796,0.570407,
img_00554,good,consensus=good;level1=good;level2=good;level3=good,graded,good,0.999694,0.000306,0.992918,0.006775,
img_00555,usable,consensus=usable;level1=good;level2=usable;level3=usable,graded,good,0.993529,0.006471,0.968938,0.024591,
img_00558,good,consensus=good;level1=good;level2=good;level3=usable,graded,usable,0.900209,0.099791,0.168132,0.732077,
img_00559,usable,consensus=usable;level1=usable;level2=usable;level3=bad,graded,bad,0.172477,0.827523,0.013569,0.158908,
img_00560,usable,consensus=usable;level1=usable;level2=usable;level3=bad,graded,usable,0.677522,0.322478,0.027196,0.650325,
img_00561,usable,consensus=usable;level1=good;level2=bad;level3=usable,graded,bad,0.449557,0.550443,0.125563,0.323993,
img_00562,usable,consensus=usable;level1=good;level2=usable;level3=usable,graded,good,0.669246,0.330754,0.349486,0.319760,
img_00563,usable,consensus=usable;level1=usable;level2=usable;level3=bad,graded,bad,0.168984,0.831016,0.015526,0.153457,
img_00564,bad,consensus=bad;level1=bad;level2=bad;level3=bad,graded,bad,0.352054,0.647946,0.006832,0.345221,
img_00569,good,consensus=good;level1=good;level2=good;level3=usable,graded,usable,0.933877,0.066123,0.432828,0.501048,
img_00570,good,consensus=good;level1=good;level2=good;level3=good,graded,good,0.978903,0.021097,0.850848,0.128055,
img_00571,usable,consensus=usable;level1=good;level2=usable;level3=usable,graded,good,0.983979,0.016021,0.914664,0.069315,
img_00572,bad,consensus=bad;level1=bad;level2=bad;level3=bad,graded,bad,0.037271,0.962729,0.005053,0.032218,
img_00573,bad,consensus=bad;level1=usable;level2=bad;level3=bad,graded,bad,0.387428,0.612572,0.018424,0.369004,
img_00575,bad,consensus=bad;level1=bad;level2=bad;level3=bad,graded,bad,0.025618,0.974382,0.003103,0.022515,
img_00576,usable,consensus=usable;level1=usable;level2=usable;level3=bad,graded,usable,0.871481,0.128519,0.008646,0.862835,
img_00577,good,consensus=good;level1=good;level2=good;level3=usable,graded,good,0.998040,0.001960,0.908380,0.089660,
img_00578,good,consensus=good;level1=good;level2=good;level3=usable,graded,good,0.999173,0.000827,0.957421,0.041752,
img_00579,usable,consensus=usable;level1=good;level2=usable;level3=usable,graded,usable,0.797444,0.202556,0.093806,0.703639,
img_00580,bad,consensus=bad;level1=bad;level2=bad;level3=bad,graded,bad,0.106958,0.893042,0.000754,0.106204,
img_00582,usable,consensus=usable;level1=good;level2=usable;level3=usable,graded,usable,0.736303,0.263697,0.117167,0.619135,
img_00583,usable,consensus=usable;level1=usable;level2=usable;level3=bad,graded,usable,0.554635,0.445365,0.028373,0.526263,
img_00584,usable,consensus=usable;level1=usable;level2=usable;level3=bad,graded,bad,0.451195,0.548805,0.024557,0.426638,
img_00585,usable,consensus=usable;level1=usable;level2=usable;level3=bad,graded,good,0.777293,0.222707,0.463672,0.313621,
img_00586,good,consensus=good;level1=good;level2=good;level3=usable,graded,good,0.990069,0.009931,0.883915,0.106154,
img_00587,bad,consensus=bad;level1=bad;level2=bad;level3=bad,graded,bad,0.376852,0.623148,0.027351,0.349502,
img_00588,bad,consensus=bad;level1=bad;level2=bad;level3=bad,graded,bad,0.035109,0.964891,0.001001,0.034107,
img_00589,bad,consensus=bad;level1=bad;level2=bad;level3=bad,graded,bad,0.022790,0.977210,0.000277,0.022512,
img_00591,bad,consensus=bad;level1=usable;level2=bad;level3=bad,graded,bad,0.354011,0.645989,0.009457,0.344553,
img_00596,bad,consensus=bad;level1=bad;level2=bad;level3=bad,graded,bad,0.005756,0.994244,0.000103,0.005653,
img_00598,usable,consensus=usable;level1=usable;level2=usable;level3=bad,graded,bad,0.025379,0.974621,0.000966,0.024413,
img_00601,bad,consensus=bad;level1=bad;level2=bad;level3=bad,graded,bad,0.056136,0.943864,0.001750,0.054386,
img_00604,usable,consensus=usable;level1=good;level2=usable;level3=usable,graded,good,0.901095,0.098905,0.513108,0.387987,
img_00605,usable,consensus=usable;level1=usable;level2=usable;level3=bad,graded,bad,0.525778,0.474222,0.086353,0.439425,
img_00606,good,consensus=good;level1=good;level2=good;level3=usable,graded,good,0.905375,0.094625,0.527725,0.377650,
img_00607,good,consensus=good;level1=good;level2=good;level3=usable,graded,good,0.990793,0.009207,0.866275,0.124518,
img_00608,usable,consensus=usable;level1=bad;level2=usable;level3=usable,graded,bad,0.152646,0.847354,0.009600,0.143046,
img_00609,usable,consensus=usable;level1=usable;level2=usable;level3=bad,graded,bad,0.464552,0.535448,0.005667,0.458885,
img_00610,bad,consensus=bad;level1=bad;level2=usable;level3=bad,graded,bad,0.275317,0.724683,0.001492,0.273824,
img_00611,bad,consensus=bad;level1=bad;level2=bad;level3=bad,graded,bad,0.238618,0.761382,0.007070,0.231548,
img_00612,bad,consensus=bad;level1=bad;level2=bad;level3=bad,graded,bad,0.056034,0.943966,0.000559,0.055475,
img_00613,good,consensus=good;level1=good;level2=good;level3=bad,graded,bad,0.302146,0.697854,0.117958,0.184189,
img_00614,bad,consensus=bad;level1=bad;level2=usable;level3=bad,graded,bad,0.353416,0.646584,0.056892,0.296524,
img_00615,usable,consensus=usable;level1=usable;level2=usable;level3=bad,graded,bad,0.462497,0.537503,0.149079,0.313418,
img_00616,good,consensus=good;level1=good;level2=good;level3=usable,graded,good,0.775251,0.224749,0.582572,0.192680,
img_00617,usable,consensus=usable;level1=good;level2=usable;level3=usable,graded,bad,0.364914,0.635086,0.191850,0.173064,
img_00618,usable,consensus=usable;level1=usable;level2=usable;level3=bad,graded,bad,0.285111,0.714889,0.038827,0.246285,
img_00621,usable,consensus=usable;level1=good;level2=usable;level3=usable,graded,usable,0.930702,0.069298,0.318404,0.612298,
img_00622,usable,consensus=usable;level1=good;level2=usable;level3=usable,graded,good,0.951738,0.048262,0.610911,0.340826,
img_00623,bad,consensus=bad;level1=usable;level2=bad;level3=bad,graded,usable,0.683877,0.316123,0.170815,0.513062,
img_00624,bad,consensus=bad;level1=bad;level2=bad;level3=bad,graded,usable,0.800945,0.199055,0.067394,0.733552,
img_00625,bad,consensus=bad;level1=bad;level2=usable;level3=bad,graded,usable,0.922768,0.077232,0.028565,0.894202,
img_00626,bad,consensus=bad;level1=usable;level2=bad;level3=bad,graded,usable,0.522706,0.477294,0.003247,0.519459,
img_00627,usable,consensus=usable;level1=usable;level2=usable;level3=bad,graded,bad,0.495176,0.504824,0.011622,0.483554,
img_00631,bad,consensus=bad;level1=usable;level2=bad;level3=bad,graded,bad,0.474036,0.525964,0.008611,0.465425,
img_00632,bad,consensus=bad;level1=bad;level2=bad;level3=bad,graded,bad,0.022193,0.977807,0.000238,0.021956,
img_00633,usable,consensus=usable;level1=usable;level2=good;level3=usable,graded,usable,0.906976,0.093024,0.285367,0.621609,
img_00634,good,consensus=good;level1=good;level2=good;level3=good,graded,good,0.922313,0.077687,0.825252,0.097061,
img_00638,bad,consensus=bad;level1=bad;level2=bad;level3=bad,graded,bad,0.076239,0.923761,0.009289,0.066950,
img_00639,bad,consensus=bad;level1=bad;level2=bad;level3=bad,graded,bad,0.119585,0.880415,0.010483,0.109103,
img_00640,bad,consensus=bad;level1=bad;level2=bad;level3=bad,graded,bad,0.254834,0.745166,0.021689,0.233145,
img_00641,bad,consensus=bad;level1=bad;level2=bad;level3=bad,graded,bad,0.104210,0.895790,0.012622,0.091587,
img_00642,good,consensus=good;level1=good;level2=good;level3=usable,graded,good,0.990561,0.009439,0.893422,0.097138,
img_00643,good,consensus=good;level1=good;level2=good;level3=good,graded,good,0.993988,0.006012,0.958628,0.035360,
img_00644,bad,consensus=bad;level1=bad;level2=bad;level3=bad,graded,bad,0.291966,0.708034,0.014708,0.277258,
img_00645,bad,consensus=bad;level1=bad;level2=bad;level3=bad,graded,usable,0.844233,0.155767,0.065631,0.778602,
img_00646,bad,consensus=bad;level1=usable;level2=bad;level3=bad,graded,good,0.987420,0.012580,0.511192,0.476228,
img_00647,bad,consensus=bad;level1=usable;level2=bad;level3=bad,graded,usable,0.988828,0.011172,0.431178,0.557650,
img_00648,bad,consensus=bad;level1=usable;level2=bad;level3=bad,graded,bad,0.452461,0.547539,0.001985,0.450476,
img_00649,bad,consensus=bad;level1=usable;level2=bad;level3=bad,graded,bad,0.314009,0.685991,0.014256,0.299753,
img_00650,bad,consensus=bad;level1=bad;level2=bad;level3=bad,graded,bad,0.063458,0.936542,0.001591,0.061867,
img_00651,bad,consensus=bad;level1=bad;level2=bad;level3=bad,graded,bad,0.068248,0.931752,0.000320,0.067928,
img_00652,usable,consensus=usable;level1=good;level2=usable;level3=usable,graded,good,0.998851,0.001149,0.961979,0.036872,
img_00653,usable,consensus=usable;level1=good;level2=usable;level3=usable,graded,usable,0.879705,0.120295,0.158302,0.721404,
img_00654,usable,consensus=usable;level1=good;level2=usable;level3=usable,graded,usable,0.932483,0.067517,0.428700,0.503783,
img_00655,usable,consensus=usable;level1=usable;level2=usable;level3=usable,graded,good,0.876289,0.123711,0.498662,0.377627,
img_00656,bad,consensus=bad;level1=bad;level2=bad;level3=bad,graded,bad,0.041193,0.958807,0.001081,0.040111,
img_00658,bad,consensus=bad;level1=bad;level2=usable;level3=bad,graded,good,0.876795,0.123205,0.500017,0.376778,
img_00662,bad,consensus=bad;level1=usable;level2=bad;level3=bad,graded,usable,0.689393,0.310607,0.003320,0.686073,
img_00663,bad,consensus=bad;level1=usable;level2=bad;level3=bad,graded,bad,0.358385,0.641615,0.001133,0.357252,
img_00665,bad,consensus=bad;level1=bad;level2=bad;level3=bad,graded,bad,0.102680,0.897320,0.007191,0.095489,
img_00667,usable,consensus=usable;level1=good;level2=usable;level3=usable,graded,usable,0.742948,0.257052,0.056626,0.686322,
img_00668,good,consensus=good;level1=good;level2=good;level3=good,graded,good,0.850337,0.149663,0.609793,0.240544,
img_00669,good,consensus=good;level1=good;level2=good;level3=good,graded,good,0.927797,0.072203,0.825929,0.101868,
img_00670,bad,consensus=bad;level1=usable;level2=bad;level3=bad,graded,usable,0.746403,0.253597,0.181226,0.565177,
img_00671,bad,consensus=bad;level1=bad;level2=bad;level3=bad,graded,usable,0.761509,0.238491,0.180781,0.580729,
img_00672,usable,consensus=usable;level1=good;level2=usable;level3=usable,graded,good,0.981157,0.018843,0.900776,0.080381,
img_00673,usable,consensus=usable;level1=usable;level2=usable;level3=usable,graded,good,0.964889,0.035111,0.748318,0.216571,
img_00674,usable,consensus=usable;level1=usable;level2=usable;level3=bad,graded,bad,0.482495,0.517505,0.012861,0.469634,
img_00675,usable,consensus=usable;level1=usable;level2=usable;level3=bad,graded,bad,0.495119,0.504881,0.020764,0.474355,
img_00676,bad,consensus=bad;level1=good;level2=bad;level3=bad,graded,bad,0.072049,0.927951,0.017796,0.054254,
img_00677,bad,consensus=bad;level1=usable;level2=bad;level3=bad,graded,usable,0.887908,0.112092,0.395735,0.492173,
img_00678,usable,consensus=usable;level1=good;level2=usable;level3=usable,graded,good,0.989237,0.010763,0.893444,0.095793,
img_00683,usable,consensus=usable;level1=good;level2=usable;level3=usable,graded,usable,0.659372,0.340628,0.271345,0.388028,
img_00684,good,consensus=good;level1=good;level2=good;level3=usable,graded,good,0.994587,0.005413,0.909127,0.085460,
img_00685,usable,consensus=usable;level1=usable;level2=usable;level3=bad,graded,bad,0.246328,0.753672,0.061477,0.184851,
img_00686,bad,consensus=bad;level1=bad;level2=bad;level3=bad,graded,bad,0.005660,0.994340,0.000036,0.005624,
img_00687,bad,consensus=bad;level1=bad;level2=bad;level3=bad,graded,bad,0.011333,0.988667,0.000106,0.011227,
img_00688,bad,consensus=bad;level1=bad;level2=bad;level3=bad,graded,bad,0.004756,0.995244,0.000130,0.004626,
img_00691,bad,consensus=bad;level1=bad;level2=bad;level3=bad,graded,bad,0.052892,0.947108,0.011807,0.041085,
img_00693,bad,consensus=bad;level1=bad;level2=bad;level3=bad,graded,bad,0.010841,0.989159,0.000112,0.010730,
img_00696,usable,consensus=usable;level1=good;level2=usable;level3=usable,graded,good,0.985325,0.014675,0.773181,0.212144,
img_00697,usable,consensus=usable;level1=good;level2=usable;level3=usable,graded,good,0.983100,0.016900,0.729185,0.253914,
img_00698,bad,consensus=bad;level1=bad;level2=bad;level3=bad,graded,bad,0.034777,0.965223,0.000576,0.034201,
img_00699,bad,consensus=bad;level1=bad;level2=bad;level3=bad,graded,bad,0.021874,0.978126,0.000950,0.020924,
img_00700,bad,consensus=bad;level1=usable;level2=bad;level3=bad,graded,bad,0.232702,0.767298,0.051942,0.180760,
img_00701,bad,consensus=bad;level1=bad;level2=bad;level3=bad,graded,bad,0.004942,0.995058,0.000026,0.004916,
img_00702,bad,consensus=bad;level1=bad;level2=bad;level3=bad,graded,bad,0.010933,0.989067,0.000078,0.010855,
img_00703,usable,consensus=usable;level1=usable;level2=usable;level3=bad,graded,usable,0.831006,0.168994,0.125853,0.705153,
img_00704,usable,consensus=usable;level1=usable;level2=usable;level3=bad,graded,usable,0.726682,0.273318,0.236899,0.489782,
img_00705,usable,consensus=usable;level1=usable;level2=usable;level3=bad,graded,usable,0.862870,0.137130,0.114328,0.748542,
img_00706,usable,consensus=usable;level1=usable;level2=usable;level3=bad,graded,usable,0.895376,0.104624,0.040221,0.855155,
img_00707,good,consensus=good;level1=good;level2=good;level3=bad,graded,good,0.967883,0.032117,0.772036,0.195847,
img_00708,bad,consensus=bad;level1=bad;level2=bad;level3=bad,graded,bad,0.042240,0.957760,0.004704,0.037536,
img_00709,usable,consensus=usable;level1=good;level2=usable;level3=usable,graded,good,0.967216,0.032784,0.728921,0.238295,
img_00710,bad,consensus=bad;level1=usable;level2=bad;level3=bad,graded,good,0.925931,0.074069,0.658558,0.267373,
img_00711,bad,consensus=bad;level1=bad;level2=usable;level3=bad,graded,bad,0.051788,0.948212,0.001083,0.050705,
img_00713,bad,consensus=bad;level1=usable;level2=bad;level3=bad,graded,bad,0.125853,0.874147,0.000416,0.125437,
img_00714,usable,consensus=usable;level1=usable;level2=usable;level3=bad,graded,usable,0.720825,0.279175,0.346349,0.374476,
img_00715,bad,consensus=bad;level1=good;level2=bad;level3=bad,graded,bad,0.277213,0.722787,0.129813,0.147400,
img_00716,good,consensus=good;level1=good;level2=good;level3=usable,graded,usable,0.904611,0.095389,0.304662,0.599949,
img_00717,good,consensus=good;level1=good;level2=good;level3=usable,graded,usable,0.701303,0.298697,0.011230,0.690073,
img_00718,usable,consensus=usable;level1=good;level2=usable;level3=usable,graded,bad,0.257123,0.742877,0.008000,0.249123,
img_00719,good,consensus=good;level1=good;level2=good;level3=good,graded,good,0.999599,0.000401,0.992128,0.007470,
img_00720,good,consensus=good;level1=good;level2=good;level3=good,graded,good,0.997158,0.002842,0.938243,0.058915,
img_00721,usable,consensus=usable;level1=good;level2=usable;level3=usable,graded,usable,0.914630,0.085370,0.046605,0.868025,
img_00722,usable,consensus=usable;level1=good;level2=usable;level3=usable,graded,usable,0.852217,0.147783,0.012502,0.839716,
img_00723,usable,consensus=usable;level1=usable;level2=usable;level3=bad,graded,bad,0.501426,0.498574,0.015628,0.485798,
img_00724,usable,consensus=usable;level1=usable;level2=usable;level3=bad,graded,usable,0.711647,0.288353,0.086241,0.625406,
img_00725,usable,consensus=usable;level1=good;level2=usable;level3=usable,graded,good,0.993778,0.006222,0.928512,0.065266,
img_00726,usable,consensus=usable;level1=usable;level2=usable;level3=bad,graded,usable,0.727380,0.272620,0.088503,0.638877,
img_00727,bad,consensus=bad;level1=usable;level2=bad;level3=bad,graded,bad,0.341267,0.658733,0.012017,0.329249,
img_00728,usable,consensus=usable;level1=good;level2=usable;level3=usable,graded,good,0.980268,0.019732,0.900072,0.080196,
img_00729,usable,consensus=usable;level1=usable;level2=usable;level3=usable,graded,usable,0.910120,0.089880,0.305025,0.605096,
img_00730,good,consensus=good;level1=good;level2=good;level3=usable,graded,bad,0.578505,0.421495,0.273649,0.304856,
img_00731,bad,consensus=bad;level1=bad;level2=bad;level3=bad,graded,bad,0.049614,0.950386,0.001142,0.048472,
img_00732,bad,consensus=bad;level1=bad;level2=bad;level3=bad,graded,bad,0.190171,0.809829,0.005112,0.185058,
img_00733,good,consensus=good;level1=good;level2=good;level3=usable,graded,good,0.971762,0.028238,0.845893,0.125869,
img_00734,bad,consensus=bad;level1=bad;level2=bad;level3=bad,graded,bad,0.079773,0.920227,0.002805,0.076968,
img_00735,good,consensus=good;level1=good;level2=good;level3=good,graded,good,0.888522,0.111478,0.642880,0.245642,
img_00736,good,consensus=good;level1=good;level2=bad;level3=good,graded,good,0.838765,0.161235,0.546295,0.292470,
img_00737,bad,consensus=bad;level1=bad;level2=bad;level3=bad,graded,bad,0.095463,0.904537,0.000121,0.095342,
img_00738,bad,consensus=bad;level1=bad;level2=bad;level3=bad,graded,bad,0.008022,0.991978,0.000041,0.007981,
img_00739,bad,consensus=bad;level1=bad;level2=bad;level3=bad,graded,bad,0.151769,0.848231,0.000248,0.151521,
img_00740,bad,consensus=bad;level1=bad;level2=bad;level3=bad,graded,bad,0.008262,0.991738,0.000040,0.008222,
img_00741,bad,consensus=bad;level1=bad;level2=bad;level3=bad,graded,bad,0.390974,0.609026,0.002483,0.388491,
img_00742,bad,consensus=bad;level1=good;level2=bad;level3=bad,graded,bad,0.563415,0.436585,0.131417,0.431998,
img_00743,usable,consensus=usable;level1=usable;level2=usable;level3=bad,graded,bad,0.369105,0.630895,0.024161,0.344944,
img_00744,usable,consensus=usable;level1=good;level2=usable;level3=usable,graded,good,0.990041,0.009959,0.680188,0.309854,
img_00745,usable,consensus=usable;level1=usable;level2=usable;level3=bad,graded,good,0.837811,0.162189,0.445570,0.392241,
img_00746,good,consensus=good;level1=good;level2=good;level3=usable,graded,bad,0.557579,0.442421,0.405360,0.152218,
img_00747,good,consensus=good;level1=good;level2=good;level3=usable,graded,good,0.662797,0.337203,0.348544,0.314253,
img_00750,usable,consensus=usable;level1=good;level2=usable;level3=usable,graded,good,0.814070,0.185930,0.561255,0.252815,
img_00751,bad,consensus=bad;level1=bad;level2=usable;level3=bad,graded,bad,0.082946,0.917054,0.003144,0.079802,
img_00752,bad,consensus=bad;level1=bad;level2=bad;level3=bad,graded,bad,0.121010,0.878990,0.000581,0.120429,
img_00753,bad,consensus=bad;level1=bad;level2=bad;level3=bad,graded,bad,0.013844,0.986156,0.000154,0.013690,
img_00754,good,consensus=good;level1=good;level2=good;level3=usable,graded,good,0.982695,0.017305,0.898550,0.084145,
img_00755,good,consensus=good;level1=good;level2=good;level3=good,graded,good,0.998420,0.001580,0.961404,0.037015,
img_00756,usable,consensus=usable;level1=usable;level2=usable;level3=usable,graded,bad,0.493376,0.506624,0.073313,0.420063,
img_00757,usable,consensus=usable;level1=usable;level2=bad;level3=usable,graded,good,0.948496,0.051504,0.651406,0.297090,
img_00758,usable,consensus=usable;level1=good;level2=usable;level3=usable,graded,good,0.893772,0.106228,0.506264,0.387507,
img_00759,good,consensus=good;level1=good;level2=good;level3=good,graded,good,0.998467,0.001533,0.965565,0.032902,
img_00760,usable,consensus=usable;level1=good;level2=usable;level3=usable,graded,usable,0.546583,0.453417,0.042288,0.504295,
img_00761,usable,consensus=usable;level1=good;level2=usable;level3=usable,graded,usable,0.828950,0.171050,0.400215,0.428734,
img_00762,good,consensus=good;level1=good;level2=good;level3=good,graded,good,0.953680,0.046320,0.804702,0.148977,
img_00763,good,consensus=good;level1=good;level2=good;level3=good,graded,usable,0.879222,0.120778,0.377078,0.502144,
img_00764,good,consensus=good;level1=good;level2=good;level3=good,graded,usable,0.939982,0.060018,0.336480,0.603502,
img_00765,good,consensus=good;level1=good;level2=good;level3=good,graded,good,0.861326,0.138674,0.624175,0.237151,
img_00766,usable,consensus=usable;level1=usable;level2=usable;level3=good,graded,good,0.910305,0.089695,0.568365,0.341940,
img_00767,usable,consensus=usable;level1=good;level2=bad;level3=usable,graded,usable,0.838854,0.161146,0.286724,0.552130,
img_00768,bad,consensus=bad;level1=bad;level2=bad;level3=bad,graded,good,0.934100,0.065900,0.487421,0.446679,
img_00769,bad,consensus=bad;level1=bad;level2=bad;level3=bad,graded,bad,0.060536,0.939464,0.001795,0.058741,
img_00770,usable,consensus=usable;level1=usable;level2=usable;level3=usable,graded,good,0.969998,0.030002,0.767056,0.202941,
img_00771,bad,consensus=bad;level1=usable;level2=bad;level3=bad,graded,usable,0.628795,0.371205,0.055874,0.572920,
img_00772,bad,consensus=bad;level1=bad;level2=bad;level3=bad,graded,bad,0.269616,0.730384,0.018040,0.251577,
img_00773,bad,consensus=bad;level1=bad;level2=bad;level3=bad,graded,bad,0.190943,0.809057,0.017246,0.173697,
img_00774,bad,consensus=bad;level1=usable;level2=bad;level3=bad,graded,bad,0.541329,0.458671,0.167599,0.373730,
img_00775,usable,consensus=usable;level1=good;level2=usable;level3=usable,graded,usable,0.786358,0.213642,0.383941,0.402417,
img_00776,usable,consensus=usable;level1=good;level2=usable;level3=usable,graded,usable,0.652629,0.347371,0.160098,0.492531,
img_00779,usable,consensus=usable;level1=usable;level2=usable;level3=bad,graded,usable,0.929804,0.070196,0.104877,0.824928,
img_00780,good,consensus=good;level1=good;level2=good;level3=good,graded,good,0.976833,0.023167,0.801034,0.175799,
img_00781,usable,consensus=usable;level1=usable;level2=usable;level3=bad,graded,usable,0.831168,0.168832,0.042070,0.789097,
img_00782,usable,consensus=usable;level1=good;level2=usable;level3=usable,graded,good,0.996789,0.003211,0.828270,0.168519,
img_00783,usable,consensus=usable;level1=good;level2=usable;level3=usable,graded,usable,0.810865,0.189135,0.016284,0.794582,
img_00784,good,consensus=good;level1=good;level2=good;level3=usable,graded,usable,0.787275,0.212725,0.050986,0.736289,
img_00785,usable,consensus=usable;level1=good;level2=usable;level3=usable,graded,usable,0.921027,0.078973,0.149159,0.771869,
img_00786,good,consensus=good;level1=good;level2=good;level3=usable,graded,bad,0.532481,0.467519,0.160711,0.371771,
img_00787,good,consensus=good;level1=good;level2=good;level3=good,graded,good,0.999750,0.000250,0.995798,0.003952,
img_00788,usable,consensus=usable;level1=usable;level2=good;level3=usable,graded,bad,0.334995,0.665005,0.159013,0.175982,
img_00789,usable,consensus=usable;level1=good;level2=usable;level3=usable,graded,good,0.849016,0.150984,0.695004,0.154012,
img_00790,usable,consensus=usable;level1=usable;level2=usable;level3=bad,graded,usable,0.761764,0.238236,0.060978,0.700786,
img_00791,usable,consensus=usable;level1=usable;level2=usable;level3=bad,graded,usable,0.832678,0.167322,0.097581,0.735097,
img_00792,usable,consensus=usable;level1=usable;level2=good;level3=usable,graded,usable,0.621726,0.378274,0.036177,0.585549,
img_00793,bad,consensus=bad;level1=bad;level2=usable;level3=bad,graded,bad,0.051410,0.948590,0.001107,0.050303,
img_00794,usable,consensus=usable;level1=usable;level2=usable;level3=bad,graded,bad,0.376067,0.623933,0.043928,0.332139,
img_00795,usable,consensus=usable;level1=usable;level2=good;level3=usable,graded,usable,0.966979,0.033021,0.397200,0.569778,
img_00796,usable,consensus=usable;level1=usable;level2=usable;level3=bad,graded,bad,0.196784,0.803216,0.004523,0.192260,
img_00797,bad,consensus=bad;level1=bad;level2=bad;level3=bad,graded,bad,0.039751,0.960249,0.000665,0.039085,
img_00798,bad,consensus=bad;level1=bad;level2=bad;level3=bad,graded,bad,0.034103,0.965897,0.000489,0.033614,
img_00799,usable,consensus=usable;level1=usable;level2=usable;level3=usable,graded,good,0.949331,0.050669,0.894674,0.054657,
img_00800,good,consensus=good;level1=good;level2=good;level3=good,graded,good,0.998222,0.001778,0.979912,0.018310,
img_00801,usable,consensus=usable;level1=good;level2=usable;level3=usable,graded,usable,0.856890,0.143110,0.220160,0.636730,
img_00802,usable,consensus=usable;level1=good;level2=usable;level3=usable,graded,usable,0.929805,0.070195,0.428687,0.501118,
img_00803,bad,consensus=bad;level1=usable;level2=bad;level3=bad,graded,bad,0.382699,0.617301,0.042579,0.340120,
img_00804,bad,consensus=bad;level1=bad;level2=bad;level3=bad,graded,usable,0.557112,0.442888,0.023222,0.533890,
img_00805,bad,consensus=bad;level1=bad;level2=bad;level3=bad,graded,bad,0.127113,0.872887,0.010166,0.116947,
img_00806,bad,consensus=bad;level1=bad;level2=bad;level3=bad,graded,bad,0.034804,0.965196,0.000615,0.034189,
img_00807,bad,consensus=bad;level1=bad;level2=bad;level3=bad,graded,bad,0.024462,0.975538,0.000295,0.024167,
img_00808,usable,consensus=usable;level1=good;level2=usable;level3=usable,graded,good,0.987215,0.012785,0.744136,0.243078,
img_00809,good,consensus=good;level1=good;level2=good;level3=good,graded,good,0.992038,0.007962,0.842719,0.149319,
img_00810,good,consensus=good;level1=good;level2=good;level3=usable,graded,usable,0.920953,0.079047,0.275022,0.645931,
img_00811,good,consensus=good;level1=good;level2=good;level3=usable,graded,usable,0.941881,0.058119,0.251209,0.690671,
img_00813,bad,consensus=bad;level1=bad;level2=bad;level3=usable,graded,usable,0.684957,0.315043,0.000622,0.684335,
img_00814,usable,consensus=usable;level1=usable;level2=good;level3=usable,graded,usable,0.766305,0.233695,0.306203,0.460102,
img_00815,usable,consensus=usable;level1=usable;level2=usable;level3=bad,graded,usable,0.865817,0.134183,0.126171,0.739646,
img_00816,usable,consensus=usable;level1=usable;level2=usable;level3=bad,graded,bad,0.530571,0.469429,0.080345,0.450226,
img_00817,usable,consensus=usable;level1=usable;level2=usable;level3=bad,graded,bad,0.230907,0.769093,0.004602,0.226305,
img_00818,bad,consensus=bad;level1=usable;level2=bad;level3=bad,graded,usable,0.596546,0.403454,0.092854,0.503692,
img_00819,usable,consensus=usable;level1=usable;level2=good;level3=usable,graded,good,0.875924,0.124076,0.797915,0.078010,
img_00820,bad,consensus=bad;level1=bad;level2=bad;level3=bad,graded,bad,0.031941,0.968059,0.000637,0.031304,
img_00821,bad,consensus=bad;level1=bad;level2=bad;level3=bad,graded,bad,0.023103,0.976897,0.003119,0.019984,
img_00822,bad,consensus=bad;level1=bad;level2=bad;level3=bad,graded,bad,0.023420,0.976580,0.003164,0.020255,
img_00823,good,consensus=good;level1=good;level2=good;level3=good,graded,good,0.985639,0.014361,0.948629,0.037009,
img_00824,usable,consensus=usable;level1=usable;level2=usable;level3=usable,graded,usable,0.719247,0.280753,0.302643,0.416604,
img_00825,good,consensus=good;level1=good;level2=good;level3=usable,graded,usable,0.907400,0.092600,0.087224,0.820176,
img_00826,usable,consensus=usable;level1=usable;level2=usable;level3=usable,graded,bad,0.226368,0.773632,0.002980,0.223389,
img_00827,usable,consensus=usable;level1=usable;level2=usable;level3=usable,graded,good,0.988451,0.011549,0.852240,0.136211,
img_00828,usable,consensus=usable;level1=usable;level2=usable;level3=bad,graded,bad,0.360534,0.639466,0.002472,0.358061,
img_00829,usable,consensus=usable;level1=usable;level2=good;level3=usable,graded,bad,0.361451,0.638549,0.001824,0.359627,
img_00830,usable,consensus=usable;level1=usable;level2=usable;level3=bad,graded,bad,0.308917,0.691083,0.000936,0.307982,
img_00831,usable,consensus=usable;level1=usable;level2=usable;level3=bad,graded,bad,0.029251,0.970749,0.000406,0.028845,
img_00832,usable,consensus=usable;level1=good;level2=usable;level3=usable,graded,usable,0.753243,0.246757,0.004798,0.748445,
img_00833,usable,consensus=usable;level1=bad;level2=usable;level3=usable,graded,bad,0.208275,0.791725,0.018019,0.190256,
img_00834,bad,consensus=bad;level1=bad;level2=bad;level3=bad,graded,bad,0.078775,0.921225,0.000818,0.077957,
img_00835,usable,consensus=usable;level1=usable;level2=usable;level3=bad,graded,bad,0.383185,0.616815,0.004776,0.378409,
img_00836,bad,consensus=bad;level1=bad;level2=bad;level3=bad,graded,bad,0.147850,0.852150,0.000182,0.147668,
img_00838,bad,consensus=bad;level1=bad;level2=good;level3=bad,graded,usable,0.820324,0.179676,0.164660,0.655665,
img_00839,usable,consensus=usable;level1=usable;level2=usable;level3=bad,graded,usable,0.518082,0.481918,0.007190,0.510891,
img_00840,usable,consensus=usable;level1=usable;level2=good;level3=usable,graded,usable,0.887963,0.112037,0.022409,0.865554,
img_00841,usable,consensus=usable;level1=usable;level2=good;level3=usable,graded,usable,0.733199,0.266801,0.023318,0.709881,
img_00842,usable,consensus=usable;level1=usable;level2=usable;level3=bad,graded,usable,0.769302,0.230698,0.013585,0.755717,
img_00843,bad,consensus=bad;level1=bad;level2=bad;level3=bad,graded,bad,0.050336,0.949664,0.000034,0.050303,
img_00844,bad,consensus=bad;level1=bad;level2=usable;level3=bad,graded,bad,0.116458,0.883542,0.000334,0.116124,
img_00845,usable,consensus=usable;level1=bad;level2=usable;level3=usable,graded,bad,0.233189,0.766811,0.019602,0.213588,
img_00846,usable,consensus=usable;level1=usable;level2=usable;level3=usable,graded,good,0.977487,0.022513,0.519371,0.458116,
img_00847,bad,consensus=bad;level1=bad;level2=usable;level3=bad,graded,bad,0.296085,0.703915,0.011988,0.284097,
img_00850,usable,consensus=usable;level1=good;level2=usable;level3=usable,graded,usable,0.735050,0.264950,0.218601,0.516449,
img_00851,usable,consensus=usable;level1=usable;level2=usable;level3=usable,graded,usable,0.747207,0.252793,0.041157,0.706050,
img_00852,usable,consensus=usable;level1=good;level2=usable;level3=usable,graded,usable,0.795550,0.204450,0.230625,0.564925,
img_00853,usable,consensus=usable;level1=usable;level2=usable;level3=usable,graded,usable,0.728023,0.271977,0.041845,0.686178,
img_00854,usable,consensus=usable;level1=good;level2=usable;level3=usable,graded,usable,0.890059,0.109941,0.149194,0.740864,
img_00855,usable,consensus=usable;level1=good;level2=usable;level3=usable,graded,good,0.987015,0.012985,0.717947,0.269068,
img_00856,bad,consensus=bad;level1=bad;level2=bad;level3=bad,graded,bad,0.321940,0.678060,0.019969,0.301971,
img_00857,bad,consensus=bad;level1=bad;level2=bad;level3=bad,graded,bad,0.489224,0.510776,0.119596,0.369628,
img_00858,usable,consensus=usable;level1=usable;level2=usable;level3=bad,graded,bad,0.258159,0.741841,0.003297,0.254861,
img_00859,bad,consensus=bad;level1=bad;level2=usable;level3=bad,graded,bad,0.186151,0.813849,0.000778,0.185373,
img_00860,usable,consensus=usable;level1=usable;level2=usable;level3=bad,graded,usable,0.832243,0.167757,0.169223,0.663020,
img_00861,bad,consensus=bad;level1=bad;level2=bad;level3=bad,graded,bad,0.122090,0.877910,0.007092,0.114999,
img_00862,bad,consensus=bad;level1=bad;level2=usable;level3=bad,graded,usable,0.705286,0.294714,0.030661,0.674626,
img_00863,usable,consensus=usable;level1=good;level2=usable;level3=usable,graded,usable,0.871529,0.128471,0.144317,0.727212,
img_00864,good,consensus=good;level1=good;level2=good;level3=usable,graded,usable,0.929625,0.070375,0.173971,0.755654,
img_00867,bad,consensus=bad;level1=bad;level2=bad;level3=bad,graded,bad,0.181610,0.818390,0.010643,0.170967,
img_00868,bad,consensus=bad;level1=bad;level2=bad;level3=bad,graded,usable,0.618269,0.381731,0.007620,0.610649,
img_00870,bad,consensus=bad;level1=bad;level2=bad;level3=bad,graded,bad,0.062372,0.937628,0.008686,0.053686,
img_00873,usable,consensus=usable;level1=usable;level2=usable;level3=bad,graded,usable,0.921045,0.078955,0.100460,0.820585,
img_00874,bad,consensus=bad;level1=bad;level2=usable;level3=bad,graded,usable,0.730395,0.269605,0.027699,0.702696,
img_00875,bad,consensus=bad;level1=usable;level2=bad;level3=bad,graded,bad,0.468777,0.531223,0.006458,0.462319,
img_00876,usable,consensus=usable;level1=usable;level2=usable;level3=bad,graded,usable,0.842130,0.157870,0.222112,0.620018,
img_00877,usable,consensus=usable;level1=usable;level2=usable;level3=bad,graded,usable,0.613302,0.386698,0.028768,0.584534,
img_00878,good,consensus=good;level1=good;level2=good;level3=usable,graded,good,0.993921,0.006079,0.889535,0.104385,
img_00879,usable,consensus=usable;level1=usable;level2=usable;level3=usable,graded,usable,0.796921,0.203079,0.237383,0.559538,
img_00880,good,consensus=good;level1=good;level2=good;level3=usable,graded,good,0.998672,0.001328,0.977392,0.021280,
img_00881,good,consensus=good;level1=good;level2=good;level3=good,graded,good,0.998617,0.001383,0.978721,0.019897,
img_00882,usable,consensus=usable;level1=usable;level2=usable;level3=bad,graded,bad,0.329976,0.670024,0.001706,0.328270,
img_00883,usable,consensus=usable;level1=usable;level2=usable;level3=bad,graded,bad,0.317835,0.682165,0.005238,0.312597,
img_00884,bad,consensus=bad;level1=bad;level2=bad;level3=bad,graded,bad,0.031665,0.968335,0.000505,0.031159,
img_00885,bad,consensus=bad;level1=bad;level2=bad;level3=bad,graded,bad,0.014800,0.985200,0.000413,0.014387,
img_00886,usable,consensus=usable;level1=good;level2=usable;level3=usable,graded,usable,0.900092,0.099908,0.180509,0.719583,
img_00887,bad,consensus=bad;level1=usable;level2=bad;level3=bad,graded,bad,0.249437,0.750563,0.003089,0.246348,
img_00888,bad,consensus=bad;level1=bad;level2=bad;level3=bad,graded,usable,0.768259,0.231741,0.005837,0.762422,
img_00889,bad,consensus=bad;level1=bad;level2=bad;level3=bad,graded,bad,0.147281,0.852719,0.000798,0.146483,
img_00890,bad,consensus=bad;level1=bad;level2=bad;level3=usable,graded,bad,0.371398,0.628602,0.007526,0.363872,
img_00891,usable,consensus=usable;level1=usable;level2=usable;level3=bad,graded,usable,0.746527,0.253473,0.102761,0.643766,
img_00892,good,consensus=good;level1=good;level2=good;level3=good,graded,good,0.999582,0.000418,0.992138,0.007444,
img_00893,good,consensus=good;level1=good;level2=good;level3=good,graded,good,0.999548,0.000452,0.981616,0.017932,
img_00900,good,consensus=good;level1=good;level2=good;level3=good,graded,good,0.997355,0.002645,0.974946,0.022409,
img_00903,good,consensus=good;level1=good;level2=good;level3=good,graded,good,0.999140,0.000860,0.976621,0.022519,
img_00908,good,consensus=good;level1=good;level2=good;level3=good,graded,good,0.999626,0.000374,0.994228,0.005398,
img_00912,good,consensus=good;level1=good;level2=good;level3=good,graded,good,0.999762,0.000238,0.996310,0.003452,
img_00913,good,consensus=good;level1=good;level2=good;level3=good,graded,good,0.999925,0.000075,0.997391,0.002533,
img_00914,good,consensus=good;level1=good;level2=good;level3=good,graded,good,0.999709,0.000291,0.997810,0.001899,
img_00915,good,consensus=good;level1=good;level2=good;level3=good,graded,good,0.998751,0.001249,0.990238,0.008513,
img_00917,good,consensus=good;level1=good;level2=good;level3=good,graded,good,0.997461,0.002539,0.946591,0.050870,
img_00918,usable,consensus=usable;level1=good;level2=usable;level3=usable,graded,usable,0.751480,0.248520,0.075782,0.675698,
img_00919,bad,consensus=bad;level1=bad;level2=bad;level3=bad,graded,bad,0.014177,0.985823,0.000790,0.013387,
img_00923,bad,consensus=bad;level1=bad;level2=bad;level3=bad,graded,bad,0.008089,0.991911,0.000036,0.008053,
img_00924,bad,consensus=bad;level1=bad;level2=bad;level3=bad,graded,bad,0.007079,0.992921,0.000029,0.007050,
img_00928,good,consensus=good;level1=good;level2=good;level3=good,graded,good,0.975251,0.024749,0.786157,0.189094,
img_00929,good,consensus=good;level1=good;level2=good;level3=good,graded,good,0.971051,0.028949,0.721973,0.249078,
img_00932,usable,consensus=usable;level1=good;level2=usable;level3=usable,graded,usable,0.657179,0.342821,0.058647,0.598532,
img_00933,usable,consensus=usable;level1=good;level2=usable;level3=usable,graded,usable,0.875948,0.124052,0.203405,0.672543,
img_00934,good,consensus=good;level1=good;level2=good;level3=good,graded,good,0.844738,0.155262,0.633229,0.211509,
img_00935,good,consensus=good;level1=good;level2=good;level3=good,graded,good,0.803588,0.196412,0.502469,0.301119,
img_00936,bad,consensus=bad;level1=bad;level2=bad;level3=bad,graded,bad,0.043448,0.956552,0.000910,0.042538,
img_00938,good,consensus=good;level1=good;level2=good;level3=good,graded,good,0.873964,0.126036,0.580949,0.293015,
img_00939,usable,consensus=usable;level1=usable;level2=good;level3=usable,graded,good,0.880125,0.119875,0.467851,0.412274,
img_00940,good,consensus=good;level1=good;level2=good;level3=good,graded,good,0.990579,0.009421,0.969993,0.020586,
img_00941,good,consensus=good;level1=good;level2=good;level3=good,graded,good,0.985962,0.014038,0.832741,0.153221,
img_00942,bad,consensus=bad;level1=bad;level2=bad;level3=bad,graded,bad,0.100029,0.899971,0.018625,0.081405,
img_00946,usable,consensus=usable;level1=usable;level2=good;level3=usable,graded,good,0.978806,0.021194,0.683259,0.295547,
img_00948,usable,consensus=usable;level1=good;level2=usable;level3=usable,graded,good,0.973814,0.026186,0.766695,0.207120,
img_00950,bad,consensus=bad;level1=usable;level2=bad;level3=bad,graded,bad,0.396082,0.603918,0.062955,0.333128,
img_00951,usable,consensus=usable;level1=usable;level2=bad;level3=usable,graded,bad,0.416362,0.583638,0.100842,0.315520,
img_00952,usable,consensus=usable;level1=usable;level2=usable;level3=usable,graded,usable,0.925821,0.074179,0.037348,0.888473,
img_00953,bad,consensus=bad;level1=usable;level2=bad;level3=bad,graded,bad,0.171678,0.828322,0.001658,0.170020,
img_00955,bad,consensus=bad;level1=bad;level2=bad;level3=bad,graded,bad,0.029058,0.970942,0.000674,0.028383,
img_00956,usable,consensus=usable;level1=good;level2=usable;level3=usable,graded,good,0.733817,0.266183,0.393139,0.340677,
img_00957,bad,consensus=bad;level1=bad;level2=bad;level3=usable,graded,bad,0.295639,0.704361,0.003879,0.291760,
img_00958,bad,consensus=bad;level1=bad;level2=bad;level3=bad,graded,usable,0.583297,0.416703,0.004524,0.578774,
img_00959,bad,consensus=bad;level1=usable;level2=bad;level3=bad,graded,usable,0.546623,0.453377,0.035396,0.511227,
img_00960,usable,consensus=usable;level1=good;level2=usable;level3=usable,graded,usable,0.550932,0.449068,0.092510,0.458422,
img_00961,bad,consensus=bad;level1=usable;level2=bad;level3=bad,graded,bad,0.348725,0.651275,0.021184,0.327540,
img_00962,usable,consensus=usable;level1=good;level2=usable;level3=usable,graded,good,0.950798,0.049202,0.774537,0.176260,
img_00963,usable,consensus=usable;level1=good;level2=usable;level3=usable,graded,usable,0.564773,0.435227,0.060293,0.504480,
img_00964,usable,consensus=usable;level1=usable;level2=usable;level3=bad,graded,bad,0.497159,0.502841,0.013005,0.484155,
img_00965,usable,consensus=usable;level1=usable;level2=usable;level3=bad,graded,usable,0.546659,0.453341,0.021428,0.525232,
img_00966,good,consensus=good;level1=good;level2=good;level3=good,graded,good,0.929131,0.070869,0.797385,0.131746,
img_00967,usable,consensus=usable;level1=usable;level2=good;level3=usable,graded,usable,0.693559,0.306441,0.327828,0.365731,
img_00968,usable,consensus=usable;level1=usable;level2=good;level3=usable,graded,usable,0.768950,0.231050,0.327165,0.441785,
img_00969,good,consensus=good;level1=good;level2=good;level3=usable,graded,good,0.868073,0.131927,0.609607,0.258466,
img_00970,good,consensus=good;level1=good;level2=good;level3=usable,graded,usable,0.657913,0.342087,0.204712,0.453201,
img_00971,bad,consensus=bad;level1=bad;level2=usable;level3=bad,graded,usable,0.844928,0.155072,0.095659,0.749269,
img_00972,usable,consensus=usable;level1=usable;level2=usable;level3=usable,graded,good,0.996981,0.003019,0.933378,0.063603,
img_00973,bad,consensus=bad;level1=bad;level2=usable;level3=bad,graded,bad,0.404256,0.595744,0.035506,0.368751,
img_00974,bad,consensus=bad;level1=bad;level2=usable;level3=bad,graded,bad,0.461773,0.538227,0.014958,0.446815,
img_00975,usable,consensus=usable;level1=usable;level2=usable;level3=bad,graded,usable,0.912443,0.087557,0.392067,0.520376,
img_00976,bad,consensus=bad;level1=bad;level2=bad;level3=bad,graded,bad,0.139480,0.860520,0.001101,0.138379,
img_00977,bad,consensus=bad;level1=bad;level2=usable;level3=bad,graded,bad,0.497059,0.502941,0.013168,0.483890,
img_00978,bad,consensus=bad;level1=bad;level2=bad;level3=bad,graded,bad,0.194878,0.805122,0.000601,0.194277,
img_00983,bad,consensus=bad;level1=bad;level2=usable;level3=bad,graded,bad,0.426078,0.573922,0.180641,0.245437,
img_00984,usable,consensus=usable;level1=usable;level2=usable;level3=bad,graded,usable,0.512648,0.487352,0.003440,0.509208,
img_00985,bad,consensus=bad;level1=bad;level2=usable;level3=bad,graded,bad,0.305378,0.694622,0.003192,0.302186,
img_00986,good,consensus=good;level1=good;level2=good;level3=good,graded,good,0.998738,0.001262,0.948757,0.049981,
img_00987,good,consensus=good;level1=good;level2=good;level3=good,graded,good,0.994225,0.005775,0.643615,0.350610,
img_00988,usable,consensus=usable;level1=good;level2=usable;level3=usable,graded,usable,0.791428,0.208572,0.345185,0.446243,
img_00990,good,consensus=good;level1=good;level2=good;level3=usable,graded,good,0.997568,0.002432,0.962677,0.034890,
img_00991,good,consensus=good;level1=good;level2=good;level3=usable,graded,good,0.992946,0.007054,0.808424,0.184522,
img_00992,good,consensus=good;level1=good;level2=good;level3=good,graded,good,0.995254,0.004746,0.969155,0.026099,
img_00993,good,consensus=good;level1=good;level2=good;level3=good,graded,good,0.913646,0.086354,0.678637,0.235009,
img_00995,usable,consensus=usable;level1=usable;level2=good;level3=usable,graded,good,0.949768,0.050232,0.657284,0.292484,
img_00996,good,consensus=good;level1=good;level2=good;level3=good,graded,good,0.936492,0.063508,0.803335,0.133157,
img_00997,good,consensus=good;level1=good;level2=good;level3=good,graded,good,0.999732,0.000268,0.990095,0.009637,
img_00998,good,consensus=good;level1=good;level2=good;level3=good,graded,good,0.999523,0.000477,0.988220,0.011302,
img_00999,good,consensus=good;level1=good;level2=good;level3=usable,graded,usable,0.925562,0.074438,0.443186,0.482376,
img_01000,good,consensus=good;level1=good;level2=good;level3=usable,graded,usable,0.790561,0.209439,0.088143,0.702418,
img_01001,good,consensus=good;level1=good;level2=good;level3=usable,graded,good,0.954826,0.045174,0.707472,0.247354,
img_01002,usable,consensus=usable;level1=usable;level2=usable;level3=bad,graded,usable,0.704018,0.295982,0.021445,0.682573,
img_01003,bad,consensus=bad;level1=bad;level2=usable;level3=bad,graded,bad,0.134050,0.865950,0.008444,0.125605,
img_01005,bad,consensus=bad;level1=bad;level2=bad;level3=bad,graded,bad,0.163655,0.836345,0.003244,0.160411,
img_01007,bad,consensus=bad;level1=bad;level2=bad;level3=bad,graded,bad,0.076076,0.923924,0.002314,0.073762,
img_01009,usable,consensus=usable;level1=usable;level2=usable;level3=usable,graded,good,0.998359,0.001641,0.887578,0.110781,
img_01010,usable,consensus=usable;level1=good;level2=usable;level3=usable,graded,good,0.973455,0.026545,0.704230,0.269225,
img_01011,usable,consensus=usable;level1=good;level2=usable;level3=usable,graded,usable,0.622988,0.377012,0.147500,0.475488,
img_01012,usable,consensus=usable;level1=good;level2=usable;level3=usable,graded,usable,0.698244,0.301756,0.258608,0.439636,
img_01013,usable,consensus=usable;level1=usable;level2=usable;level3=bad,graded,bad,0.439503,0.560497,0.029261,0.410241,
img_01016,usable,consensus=usable;level1=good;level2=usable;level3=usable,graded,good,0.969654,0.030346,0.661522,0.308132,
img_01017,good,consensus=good;level1=good;level2=usable;level3=good,graded,good,0.991867,0.008133,0.928512,0.063355,
img_01018,usable,consensus=usable;level1=usable;level2=usable;level3=usable,graded,good,0.971302,0.028698,0.511089,0.460213,
img_01019,good,consensus=good;level1=good;level2=good;level3=usable,graded,good,0.979580,0.020420,0.910816,0.068764,
img_01020,bad,consensus=bad;level1=bad;level2=bad;level3=bad,graded,bad,0.210183,0.789817,0.021773,0.188410,
img_01021,bad,consensus=bad;level1=bad;level2=bad;level3=bad,graded,bad,0.148601,0.851399,0.013812,0.134789,
img_01022,bad,consensus=bad;level1=bad;level2=bad;level3=bad,graded,bad,0.111788,0.888212,0.010638,0.101150,
img_01023,bad,consensus=bad;level1=usable;level2=bad;level3=bad,graded,good,0.996733,0.003267,0.914161,0.082572,
img_01024,usable,consensus=usable;level1=usable;level2=usable;level3=bad,graded,usable,0.963843,0.036157,0.456444,0.507399,
img_01025,bad,consensus=bad;level1=usable;level2=bad;level3=bad,graded,bad,0.392962,0.607038,0.003412,0.389550,
img_01026,good,consensus=good;level1=good;level2=good;level3=usable,graded,good,0.995830,0.004170,0.886841,0.108989,
img_01027,good,consensus=good;level1=good;level2=good;level3=usable,graded,usable,0.933590,0.066410,0.430584,0.503006,
img_01028,usable,consensus=usable;level1=usable;level2=good;level3=usable,graded,good,0.945779,0.054221,0.717998,0.227781,
img_01029,usable,consensus=usable;level1=good;level2=usable;level3=usable,graded,good,0.966453,0.033547,0.699882,0.266571,
img_01030,good,consensus=good;level1=good;level2=usable;level3=good,graded,good,0.999655,0.000345,0.986811,0.012844,
img_01032,bad,consensus=bad;level1=usable;level2=bad;level3=bad,graded,usable,0.779918,0.220082,0.008634,0.771284,
img_01033,bad,consensus=bad;level1=bad;level2=usable;level3=bad,graded,bad,0.113038,0.886962,0.000838,0.112200,
img_01034,bad,consensus=bad;level1=bad;level2=usable;level3=bad,graded,bad,0.252473,0.747527,0.002387,0.250086,
img_01036,usable,consensus=usable;level1=usable;level2=usable;level3=bad,graded,good,0.998439,0.001561,0.869066,0.129373,
img_01037,usable,consensus=usable;level1=usable;level2=usable;level3=bad,graded,good,0.992880,0.007120,0.863677,0.129203,
img_01038,bad,consensus=bad;level1=bad;level2=usable;level3=bad,graded,bad,0.474244,0.525756,0.003485,0.470759,
img_01039,bad,consensus=bad;level1=bad;level2=bad;level3=bad,graded,usable,0.543920,0.456080,0.076513,0.467406,
img_01040,bad,consensus=bad;level1=usable;level2=bad;level3=bad,graded,usable,0.922188,0.077812,0.442824,0.479364,
img_01041,bad,consensus=bad;level1=usable;level2=bad;level3=bad,graded,bad,0.507212,0.492788,0.129432,0.377780,
img_01042,bad,consensus=bad;level1=usable;level2=bad;level3=bad,graded,usable,0.603935,0.396065,0.081649,0.522286,
img_01043,usable,consensus=usable;level1=good;level2=usable;level3=usable,graded,good,0.941199,0.058801,0.619365,0.321834,
img_01044,good,consensus=good;level1=good;level2=good;level3=usable,graded,usable,0.933868,0.066132,0.110204,0.823664,
img_01045,bad,consensus=bad;level1=bad;level2=usable;level3=bad,graded,bad,0.426576,0.573424,0.058880,0.367697,
img_01046,good,consensus=good;level1=good;level2=good;level3=good,graded,good,0.998563,0.001437,0.954320,0.044243,
img_01047,good,consensus=good;level1=good;level2=good;level3=good,graded,good,0.998826,0.001174,0.972960,0.025867,
img_01048,usable,consensus=usable;level1=usable;level2=usable;level3=bad,graded,bad,0.554363,0.445637,0.123588,0.430775,
img_01049,usable,consensus=usable;level1=usable;level2=usable;level3=bad,graded,usable,0.699856,0.300144,0.061077,0.638779,
img_01050,bad,consensus=bad;level1=usable;level2=bad;level3=bad,graded,bad,0.490413,0.509587,0.105479,0.384933,
img_01052,good,consensus=good;level1=good;level2=good;level3=usable,graded,usable,0.951312,0.048688,0.186814,0.764498,
img_01053,usable,consensus=usable;level1=usable;level2=usable;level3=bad,graded,good,0.938904,0.061096,0.531093,0.407811,
img_01054,bad,consensus=bad;level1=bad;level2=usable;level3=bad,graded,bad,0.270159,0.729841,0.001196,0.268962,
img_01055,bad,consensus=bad;level1=bad;level2=usable;level3=bad,graded,bad,0.027737,0.972263,0.000409,0.027328,
img_01056,bad,consensus=bad;level1=bad;level2=bad;level3=bad,graded,bad,0.028490,0.971510,0.000422,0.028068,
img_01057,bad,consensus=bad;level1=bad;level2=bad;level3=bad,graded,usable,0.534337,0.465663,0.009530,0.524807,
img_01058,usable,consensus=usable;level1=usable;level2=usable;level3=bad,graded,usable,0.653953,0.346047,0.089802,0.564151,
img_01059,usable,consensus=usable;level1=usable;level2=usable;level3=usable,graded,usable,0.665167,0.334833,0.297972,0.367196,
img_01060,usable,consensus=usable;level1=usable;level2=usable;level3=usable,graded,bad,0.595114,0.404886,0.262656,0.332457,
img_01063,good,consensus=good;level1=good;level2=good;level3=good,graded,good,0.998936,0.001064,0.974065,0.024871,
img_01064,good,consensus=good;level1=usable;level2=good;level3=good,graded,good,0.997564,0.002436,0.961405,0.036159,
img_01066,bad,consensus=bad;level1=bad;level2=usable;level3=bad,graded,bad,0.056992,0.943008,0.000285,0.056707,
img_01067,bad,consensus=bad;level1=bad;level2=bad;level3=bad,graded,bad,0.041655,0.958345,0.004185,0.037470,
img_01068,bad,consensus=bad;level1=bad;level2=bad;level3=bad,graded,bad,0.279915,0.720085,0.010715,0.269200,
img_01069,bad,consensus=bad;level1=bad;level2=bad;level3=bad,graded,bad,0.018527,0.981473,0.000204,0.018324,
img_01070,bad,consensus=bad;level1=bad;level2=bad;level3=bad,graded,bad,0.060650,0.939350,0.000804,0.059846,
img_01072,bad,consensus=bad;level1=bad;level2=bad;level3=bad,graded,bad,0.022796,0.977204,0.000982,0.021814,
img_01073,bad,consensus=bad;level1=bad;level2=bad;level3=bad,graded,bad,0.096861,0.903139,0.002235,0.094626,
img_01074,bad,consensus=bad;level1=bad;level2=bad;level3=bad,graded,bad,0.331963,0.668037,0.001874,0.330088,
img_01077,bad,consensus=bad;level1=bad;level2=bad;level3=bad,graded,bad,0.206637,0.793363,0.007581,0.199055,
img_01078,bad,consensus=bad;level1=bad;level2=bad;level3=bad,graded,usable,0.515639,0.484361,0.027599,0.488041,
img_01079,bad,consensus=bad;level1=bad;level2=bad;level3=bad,graded,bad,0.044339,0.955661,0.007919,0.036420,
img_01080,bad,consensus=bad;level1=bad;level2=bad;level3=bad,graded,bad,0.051733,0.948267,0.001662,0.050071,
img_01081,bad,consensus=bad;level1=bad;level2=bad;level3=bad,graded,usable,0.793490,0.206510,0.098850,0.694640,
img_01082,usable,consensus=usable;level1=usable;level2=usable;level3=usable,graded,bad,0.309935,0.690065,0.085420,0.224515,
img_01083,usable,consensus=usable;level1=usable;level2=usable;level3=usable,graded,usable,0.781072,0.218928,0.197161,0.583912,
img_01084,usable,consensus=usable;level1=good;level2=usable;level3=usable,graded,good,0.941897,0.058103,0.796989,0.144907,
img_01085,usable,consensus=usable;level1=good;level2=usable;level3=usable,graded,usable,0.812333,0.187667,0.044902,0.767431,
img_01086,bad,consensus=bad;level1=bad;level2=bad;level3=bad,graded,bad,0.049247,0.950753,0.008297,0.040950,
img_01087,bad,consensus=bad;level1=bad;level2=bad;level3=bad,graded,bad,0.055453,0.944547,0.011374,0.044079,
img_01092,usable,consensus=usable;level1=good;level2=usable;level3=usable,graded,usable,0.935068,0.064932,0.289975,0.645093,
img_01093,usable,consensus=usable;level1=usable;level2=usable;level3=bad,graded,bad,0.307991,0.692009,0.007731,0.300260,
img_01094,usable,consensus=usable;level1=usable;level2=good;level3=usable,graded,good,0.917904,0.082096,0.620899,0.297005,
img_01095,usable,consensus=usable;level1=usable;level2=usable;level3=bad,graded,usable,0.724869,0.275131,0.196936,0.527933,
img_01096,bad,consensus=bad;level1=bad;level2=bad;level3=bad,graded,bad,0.032026,0.967974,0.004291,0.027735,
img_01097,bad,consensus=bad;level1=usable;level2=bad;level3=bad,graded,usable,0.763273,0.236727,0.008431,0.754842,
img_01098,usable,consensus=usable;level1=good;level2=usable;level3=usable,graded,good,0.960946,0.039054,0.494944,0.466003,
img_01099,usable,consensus=usable;level1=good;level2=usable;level3=usable,graded,good,0.997813,0.002187,0.888361,0.109453,
img_01100,good,consensus=good;level1=good;level2=usable;level3=good,graded,good,0.998556,0.001444,0.956378,0.042178,
img_01101,bad,consensus=bad;level1=bad;level2=bad;level3=bad,graded,bad,0.012682,0.987318,0.000403,0.012279,
img_01104,bad,consensus=bad;level1=bad;level2=bad;level3=usable,graded,bad,0.070594,0.929406,0.000253,0.070341,
img_01105,bad,consensus=bad;level1=bad;level2=bad;level3=bad,graded,bad,0.017173,0.982827,0.000187,0.016986,
img_01106,good,consensus=good;level1=good;level2=good;level3=usable,graded,usable,0.847823,0.152177,0.106085,0.741738,
img_01107,good,consensus=good;level1=good;level2=good;level3=good,graded,good,0.949692,0.050308,0.644842,0.304849,
img_01108,good,consensus=good;level1=good;level2=usable;level3=good,graded,good,0.997681,0.002319,0.961177,0.036504,
img_01110,bad,consensus=bad;level1=bad;level2=bad;level3=bad,graded,bad,0.016801,0.983199,0.000327,0.016474,
img_01111,usable,consensus=usable;level1=usable;level2=usable;level3=bad,graded,good,0.863324,0.136676,0.493234,0.370091,
img_01112,bad,consensus=bad;level1=bad;level2=bad;level3=bad,graded,bad,0.102127,0.897873,0.007484,0.094643,
img_01113,good,consensus=good;level1=good;level2=good;level3=good,graded,good,0.984439,0.015561,0.921883,0.062556,
img_01114,usable,consensus=usable;level1=usable;level2=usable;level3=usable,graded,good,0.841345,0.158655,0.508104,0.333241,
img_01115,bad,consensus=bad;level1=bad;level2=bad;level3=bad,graded,bad,0.045876,0.954124,0.000944,0.044932,
img_01116,bad,consensus=bad;level1=bad;level2=bad;level3=bad,graded,bad,0.072641,0.927359,0.000668,0.071973,
img_01117,good,consensus=good;level1=good;level2=good;level3=good,graded,good,0.970143,0.029857,0.733693,0.236451,
img_01118,good,consensus=good;level1=good;level2=good;level3=good,graded,usable,0.836007,0.163993,0.288827,0.547180,
img_01120,good,consensus=good;level1=good;level2=good;level3=good,graded,good,0.995778,0.004222,0.970892,0.024886,
img_01121,good,consensus=good;level1=good;level2=good;level3=good,graded,good,0.991140,0.008860,0.891850,0.099290,
img_01122,good,consensus=good;level1=good;level2=good;level3=good,graded,good,0.921807,0.078193,0.646701,0.275106,
img_01123,good,consensus=good;level1=good;level2=good;level3=good,graded,good,0.983837,0.016163,0.865678,0.118159,
img_01125,bad,consensus=bad;level1=bad;level2=bad;level3=bad,graded,bad,0.011135,0.988865,0.000214,0.010921,
img_01126,bad,consensus=bad;level1=bad;level2=bad;level3=bad,graded,bad,0.032749,0.967251,0.000655,0.032094,
img_01127,bad,consensus=bad;level1=bad;level2=bad;level3=bad,graded,bad,0.025414,0.974586,0.000372,0.025042,
img_01130,usable,consensus=usable;level1=usable;level2=usable;level3=bad,graded,good,0.919715,0.080285,0.609422,0.310293,
img_01131,bad,consensus=bad;level1=bad;level2=bad;level3=bad,graded,bad,0.029216,0.970784,0.001014,0.028201,
img_01132,bad,consensus=bad;level1=bad;level2=bad;level3=bad,graded,bad,0.281275,0.718725,0.003422,0.277853,
img_01133,bad,consensus=bad;level1=bad;level2=bad;level3=bad,graded,bad,0.158496,0.841504,0.003471,0.155026,
img_01134,bad,consensus=bad;level1=bad;level2=bad;level3=bad,graded,bad,0.151957,0.848043,0.004873,0.147085,
img_01135,bad,consensus=bad;level1=bad;level2=bad;level3=bad,graded,bad,0.014834,0.985166,0.000704,0.014131,
img_01136,usable,consensus=usable;level1=usable;level2=usable;level3=bad,graded,good,0.999341,0.000659,0.955597,0.043744,
img_01137,usable,consensus=usable;level1=usable;level2=good;level3=usable,graded,good,0.951246,0.048754,0.686282,0.264964,
img_01138,usable,consensus=usable;level1=usable;level2=usable;level3=bad,graded,good,0.968601,0.031399,0.626599,0.342002,
img_01139,bad,consensus=bad;level1=bad;level2=bad;level3=bad,graded,usable,0.701636,0.298364,0.003403,0.698234,
img_01140,bad,consensus=bad;level1=bad;level2=bad;level3=bad,graded,bad,0.462537,0.537463,0.000685,0.461852,
img_01141,bad,consensus=bad;level1=bad;level2=bad;level3=bad,graded,usable,0.931128,0.068872,0.014845,0.916283,
img_01142,bad,consensus=bad;level1=bad;level2=bad;level3=bad,graded,good,0.975058,0.024942,0.872002,0.103056,
img_01143,usable,consensus=usable;level1=usable;level2=bad;level3=usable,graded,good,0.770471,0.229529,0.476175,0.294296,
img_01144,bad,consensus=bad;level1=bad;level2=bad;level3=bad,graded,bad,0.041137,0.958863,0.001812,0.039325,
img_01145,usable,consensus=usable;level1=usable;level2=usable;level3=bad,graded,usable,0.623402,0.376598,0.240054,0.383348,
img_01147,good,consensus=good;level1=good;level2=good;level3=usable,graded,good,0.976599,0.023401,0.725050,0.251549,
img_01148,good,consensus=good;level1=good;level2=good;level3=usable,graded,good,0.998786,0.001214,0.955975,0.042811,
img_01149,usable,consensus=usable;level1=usable;level2=usable;level3=usable,graded,usable,0.690873,0.309127,0.172363,0.518510,
img_01150,bad,consensus=bad;level1=bad;level2=bad;level3=bad,graded,bad,0.038183,0.961817,0.001044,0.037139,
img_01151,bad,consensus=bad;level1=bad;level2=bad;level3=bad,graded,bad,0.038577,0.961423,0.000896,0.037682,
img_01152,usable,consensus=usable;level1=good;level2=usable;level3=usable,graded,good,0.919023,0.080977,0.589594,0.329429,
img_01153,usable,consensus=usable;level1=good;level2=usable;level3=usable,graded,usable,0.829232,0.170768,0.336026,0.493206,
img_01154,good,consensus=good;level1=good;level2=good;level3=usable,graded,good,0.955391,0.044609,0.678360,0.277031,
img_01155,usable,consensus=usable;level1=usable;level2=good;level3=usable,graded,usable,0.732060,0.267940,0.201369,0.530691,
img_01156,good,consensus=good;level1=good;level2=good;level3=usable,graded,good,0.966147,0.033853,0.806573,0.159574,
img_01157,good,consensus=good;level1=good;level2=good;level3=usable,graded,good,0.917718,0.082282,0.540711,0.377007,
img_01160,bad,consensus=bad;level1=bad;level2=bad;level3=bad,graded,bad,0.386075,0.613925,0.104519,0.281556,
img_01161,bad,consensus=bad;level1=bad;level2=bad;level3=bad,graded,bad,0.183264,0.816736,0.010037,0.173226,
img_01162,bad,consensus=bad;level1=bad;level2=bad;level3=bad,graded,bad,0.158889,0.841111,0.002702,0.156186,
img_01164,bad,consensus=bad;level1=usable;level2=bad;level3=bad,graded,usable,0.880031,0.119969,0.204599,0.675432,
img_01165,bad,consensus=bad;level1=bad;level2=bad;level3=bad,graded,bad,0.062604,0.937396,0.009859,0.052744,
img_01167,bad,consensus=bad;level1=usable;level2=bad;level3=bad,graded,good,0.901841,0.098159,0.508344,0.393497,
img_01168,bad,consensus=bad;level1=bad;level2=bad;level3=bad,graded,usable,0.640134,0.359866,0.005432,0.634702,
img_01169,bad,consensus=bad;level1=bad;level2=bad;level3=bad,graded,bad,0.096225,0.903775,0.000768,0.095457,
img_01170,bad,consensus=bad;level1=bad;level2=bad;level3=bad,graded,bad,0.107704,0.892296,0.002445,0.105259,
img_01171,bad,consensus=bad;level1=bad;level2=bad;level3=bad,graded,bad,0.065518,0.934482,0.000585,0.064932,
img_01172,bad,consensus=bad;level1=bad;level2=bad;level3=bad,graded,bad,0.040341,0.959659,0.000985,0.039357,
img_01175,bad,consensus=bad;level1=usable;level2=bad;level3=bad,graded,bad,0.235532,0.764468,0.039318,0.196214,
img_01176,usable,consensus=usable;level1=usable;level2=good;level3=usable,graded,usable,0.824259,0.175741,0.263714,0.560545,
img_01177,usable,consensus=usable;level1=usable;level2=usable;level3=bad,graded,good,0.985415,0.014585,0.749119,0.236297,
img_01178,usable,consensus=usable;level1=good;level2=usable;level3=usable,graded,usable,0.891764,0.108236,0.306398,0.585367,
img_01179,usable,consensus=usable;level1=usable;level2=usable;level3=bad,graded,usable,0.825595,0.174405,0.040016,0.785579,
img_01180,bad,consensus=bad;level1=usable;level2=bad;level3=bad,graded,good,0.853018,0.146982,0.555304,0.297714,
img_01181,usable,consensus=usable;level1=usable;level2=usable;level3=bad,graded,usable,0.837543,0.162457,0.244785,0.592758,
img_01182,usable,consensus=usable;level1=usable;level2=usable;level3=bad,graded,usable,0.869525,0.130475,0.042933,0.826592,
img_01183,usable,consensus=usable;level1=usable;level2=usable;level3=bad,graded,usable,0.912352,0.087648,0.033319,0.879033,
img_01188,usable,consensus=usable;level1=usable;level2=usable;level3=usable,graded,usable,0.899719,0.100281,0.337747,0.561972,
img_01189,bad,consensus=bad;level1=bad;level2=bad;level3=bad,graded,bad,0.397548,0.602452,0.016334,0.381214,
img_01190,bad,consensus=bad;level1=bad;level2=usable;level3=bad,graded,usable,0.905761,0.094239,0.399395,0.506367,
img_01191,usable,consensus=usable;level1=usable;level2=usable;level3=usable,graded,good,0.989350,0.010650,0.637670,0.351680,
img_01192,bad,consensus=bad;level1=bad;level2=bad;level3=bad,graded,bad,0.029666,0.970334,0.000715,0.028951,
img_01193,bad,consensus=bad;level1=bad;level2=bad;level3=bad,graded,bad,0.012199,0.987801,0.000110,0.012090,
img_01194,bad,consensus=bad;level1=usable;level2=bad;level3=bad,graded,bad,0.236908,0.763092,0.005149,0.231760,
img_01195,bad,consensus=bad;level1=bad;level2=bad;level3=bad,graded,bad,0.080912,0.919088,0.002671,0.078241,
img_01196,bad,consensus=bad;level1=bad;level2=bad;level3=bad,graded,bad,0.169003,0.830997,0.000506,0.168497,
img_01197,good,consensus=good;level1=good;level2=good;level3=good,graded,good,0.998415,0.001585,0.950542,0.047874,
img_01198,good,consensus=good;level1=bad;level2=good;level3=good,graded,good,0.999659,0.000341,0.987067,0.012593,
img_01199,bad,consensus=bad;level1=usable;level2=bad;level3=bad,graded,usable,0.566091,0.433909,0.039365,0.526726,
img_01207,bad,consensus=bad;level1=usable;level2=bad;level3=bad,graded,bad,0.384196,0.615804,0.019655,0.364542,
img_01208,bad,consensus=bad;level1=bad;level2=bad;level3=bad,graded,bad,0.291023,0.708977,0.010531,0.280492,
img_01209,usable,consensus=usable;level1=good;level2=usable;level3=usable,graded,good,0.951345,0.048655,0.642332,0.309013,
img_01210,bad,consensus=bad;level1=usable;level2=bad;level3=bad,graded,bad,0.169930,0.830070,0.002650,0.167280,
img_01211,bad,consensus=bad;level1=usable;level2=bad;level3=bad,graded,usable,0.616125,0.383875,0.038239,0.577887,
img_01212,bad,consensus=bad;level1=bad;level2=bad;level3=bad,graded,bad,0.068992,0.931008,0.004363,0.064629,
img_01213,bad,consensus=bad;level1=usable;level2=bad;level3=bad,graded,bad,0.238348,0.761652,0.024355,0.213993,
img_01217,good,consensus=good;level1=good;level2=usable;level3=good,graded,good,0.995431,0.004569,0.947255,0.048176,
img_01218,good,consensus=good;level1=good;level2=good;level3=good,graded,good,0.998900,0.001100,0.978383,0.020517,
img_01219,good,consensus=good;level1=good;level2=good;level3=good,graded,good,0.985509,0.014491,0.872826,0.112684,
img_01220,bad,consensus=bad;level1=bad;level2=bad;level3=bad,graded,bad,0.107638,0.892362,0.000285,0.107354,
img_01221,bad,consensus=bad;level1=bad;level2=bad;level3=bad,graded,bad,0.019985,0.980015,0.000195,0.019790,
img_01222,good,consensus=good;level1=good;level2=bad;level3=good,graded,usable,0.766239,0.233761,0.092692,0.673548,
img_01223,good,consensus=good;level1=good;level2=good;level3=good,graded,good,0.993722,0.006278,0.977107,0.016615,
img_01224,bad,consensus=bad;level1=bad;level2=bad;level3=bad,graded,bad,0.299656,0.700344,0.018718,0.280938,
img_01225,bad,consensus=bad;level1=bad;level2=bad;level3=bad,graded,bad,0.446217,0.553783,0.017593,0.428624,
img_01226,bad,consensus=bad;level1=bad;level2=bad;level3=bad,graded,bad,0.136211,0.863789,0.015150,0.121061,
img_01227,bad,consensus=bad;level1=bad;level2=bad;level3=bad,graded,bad,0.007088,0.992912,0.000089,0.006998,
img_01229,bad,consensus=bad;level1=bad;level2=bad;level3=bad,graded,usable,0.574323,0.425677,0.094438,0.479885,
img_01231,usable,consensus=usable;level1=usable;level2=bad;level3=usable,graded,good,0.946774,0.053226,0.635719,0.311055,
img_01233,usable,consensus=usable;level1=good;level2=usable;level3=usable,graded,usable,0.801840,0.198160,0.097481,0.704358,
img_01234,good,consensus=good;level1=good;level2=good;level3=good,graded,good,0.997022,0.002978,0.959273,0.037748,
img_01235,bad,consensus=bad;level1=bad;level2=bad;level3=bad,graded,bad,0.051801,0.948199,0.001079,0.050721,
img_01236,bad,consensus=bad;level1=bad;level2=bad;level3=bad,graded,bad,0.022704,0.977296,0.000258,0.022446,
img_01237,bad,consensus=bad;level1=bad;level2=bad;level3=bad,graded,bad,0.011721,0.988279,0.000070,0.011651,
img_01238,bad,consensus=bad;level1=usable;level2=bad;level3=bad,graded,bad,0.061436,0.938564,0.000118,0.061318,
img_01239,bad,consensus=bad;level1=usable;level2=bad;level3=bad,graded,bad,0.212077,0.787923,0.002606,0.209471,
img_01240,bad,consensus=bad;level1=bad;level2=bad;level3=bad,graded,usable,0.561407,0.438593,0.104072,0.457334,
img_01241,bad,consensus=bad;level1=bad;level2=bad;level3=bad,graded,usable,0.608205,0.391795,0.167761,0.440444,
img_01242,usable,consensus=usable;level1=usable;level2=usable;level3=usable,graded,usable,0.802383,0.197617,0.192962,0.609420,
img_01243,usable,consensus=usable;level1=usable;level2=usable;level3=bad,graded,usable,0.622790,0.377210,0.043668,0.579122,
img_01244,usable,consensus=usable;level1=usable;level2=usable;level3=usable,graded,good,0.769029,0.230971,0.409145,0.359883,
img_01245,usable,consensus=usable;level1=usable;level2=usable;level3=usable,graded,usable,0.627214,0.372786,0.219544,0.407670,
img_01246,bad,consensus=bad;level1=usable;level2=bad;level3=bad,graded,bad,0.265448,0.734552,0.010875,0.254572,
img_01247,bad,consensus=bad;level1=bad;level2=bad;level3=bad,graded,usable,0.533835,0.466165,0.026351,0.507483,
img_01248,bad,consensus=bad;level1=bad;level2=bad;level3=bad,graded,bad,0.030983,0.969017,0.000758,0.030226,
img_01250,good,consensus=good;level1=good;level2=good;level3=usable,graded,usable,0.757024,0.242976,0.357207,0.399817,
img_01251,good,consensus=good;level1=good;level2=good;level3=usable,graded,good,0.876484,0.123516,0.572557,0.303927,
img_01252,bad,consensus=bad;level1=bad;level2=bad;level3=bad,graded,bad,0.125875,0.874125,0.005911,0.119964,
img_01253,usable,consensus=usable;level1=usable;level2=usable;level3=bad,graded,usable,0.846433,0.153567,0.089470,0.756964,
img_01254,bad,consensus=bad;level1=bad;level2=usable;level3=bad,graded,bad,0.217332,0.782668,0.002038,0.215294,
img_01255,good,consensus=good;level1=good;level2=good;level3=good,graded,good,0.798578,0.201422,0.542049,0.256529,
img_01256,usable,consensus=usable;level1=usable;level2=good;level3=usable,graded,bad,0.442508,0.557492,0.086470,0.356038,
img_01257,bad,consensus=bad;level1=bad;level2=bad;level3=bad,graded,bad,0.257681,0.742319,0.006028,0.251653,
img_01258,bad,consensus=bad;level1=bad;level2=bad;level3=bad,graded,bad,0.377401,0.622599,0.008173,0.369227,
img_01259,good,consensus=good;level1=good;level2=good;level3=good,graded,good,0.981821,0.018179,0.890800,0.091021,
img_01260,bad,consensus=bad;level1=bad;level2=usable;level3=bad,graded,bad,0.328790,0.671210,0.010443,0.318347,
img_01261,usable,consensus=usable;level1=usable;level2=usable;level3=usable,graded,usable,0.555736,0.444264,0.055832,0.499905,
img_01262,bad,consensus=bad;level1=bad;level2=bad;level3=bad,graded,bad,0.006571,0.993429,0.000026,0.006546,
img_01263,bad,consensus=bad;level1=bad;level2=bad;level3=bad,graded,bad,0.290610,0.709390,0.002083,0.288527,
img_01264,bad,consensus=bad;level1=usable;level2=bad;level3=bad,graded,good,0.964485,0.035515,0.774677,0.189808,
img_01265,usable,consensus=usable;level1=usable;level2=usable;level3=bad,graded,good,0.979814,0.020186,0.854656,0.125158,
img_01266,usable,consensus=usable;level1=good;level2=usable;level3=usable,graded,usable,0.706507,0.293493,0.192638,0.513869,
img_01267,usable,consensus=usable;level1=usable;level2=usable;level3=bad,graded,bad,0.463608,0.536392,0.097259,0.366349,
img_01268,good,consensus=good;level1=good;level2=good;level3=good,graded,good,0.999768,0.000232,0.990157,0.009610,
img_01269,usable,consensus=usable;level1=good;level2=usable;level3=usable,graded,usable,0.851132,0.148868,0.340389,0.510743,
img_01270,usable,consensus=usable;level1=usable;level2=usable;level3=bad,graded,usable,0.871473,0.128527,0.281492,0.589981,
img_01271,usable,consensus=usable;level1=usable;level2=usable;level3=usable,graded,bad,0.622668,0.377332,0.246468,0.376200,
img_01272,bad,consensus=bad;level1=bad;level2=bad;level3=bad,graded,bad,0.119468,0.880532,0.001791,0.117678,
img_01273,bad,consensus=bad;level1=bad;level2=bad;level3=bad,graded,bad,0.080087,0.919913,0.000212,0.079874,
img_01274,good,consensus=good;level1=good;level2=good;level3=good,graded,good,0.922195,0.077805,0.785041,0.137154,
img_01275,bad,consensus=bad;level1=usable;level2=bad;level3=bad,graded,usable,0.657854,0.342146,0.077923,0.579931,
img_01276,usable,consensus=usable;level1=usable;level2=usable;level3=usable,graded,usable,0.803518,0.196482,0.245955,0.557563,
img_01277,usable,consensus=usable;level1=usable;level2=usable;level3=bad,graded,bad,0.370273,0.629727,0.009257,0.361016,
img_01278,bad,consensus=bad;level1=bad;level2=bad;level3=bad,graded,bad,0.066365,0.933635,0.000903,0.065462,
img_01279,bad,consensus=bad;level1=bad;level2=bad;level3=bad,graded,bad,0.097690,0.902310,0.003101,0.094589,
img_01280,bad,consensus=bad;level1=bad;level2=bad;level3=bad,graded,bad,0.292457,0.707543,0.035730,0.256728,
img_01281,bad,consensus=bad;level1=bad;level2=bad;level3=bad,graded,bad,0.432454,0.567546,0.017583,0.414870,
img_01282,usable,consensus=usable;level1=usable;level2=good;level3=usable,graded,good,0.995038,0.004962,0.842323,0.152715,
img_01283,good,consensus=good;level1=good;level2=good;level3=usable,graded,good,0.902664,0.097336,0.451565,0.451100,
img_01284,bad,consensus=bad;level1=usable;level2=bad;level3=bad,graded,bad,0.185841,0.814159,0.000324,0.185517,
img_01285,bad,consensus=bad;level1=bad;level2=bad;level3=bad,graded,bad,0.035381,0.964619,0.002056,0.033324,
img_01286,good,consensus=good;level1=good;level2=good;level3=good,graded,good,0.951726,0.048274,0.812018,0.139708,
img_01287,good,consensus=good;level1=good;level2=good;level3=good,graded,good,0.966025,0.033975,0.850744,0.115281,
img_01288,bad,consensus=bad;level1=bad;level2=bad;level3=bad,graded,bad,0.309381,0.690619,0.041146,0.268235,
img_01289,bad,consensus=bad;level1=usable;level2=bad;level3=bad,graded,bad,0.266135,0.733865,0.042711,0.223424,
img_01290,good,consensus=good;level1=good;level2=good;level3=usable,graded,usable,0.956517,0.043483,0.367223,0.589294,
img_01292,good,consensus=good;level1=good;level2=good;level3=good,graded,good,0.999436,0.000564,0.988148,0.011288,
img_01293,usable,consensus=usable;level1=good;level2=usable;level3=usable,graded,usable,0.788074,0.211926,0.058761,0.729314,
img_01294,bad,consensus=bad;level1=bad;level2=bad;level3=bad,graded,bad,0.003059,0.996941,0.000030,0.003028,
img_01295,usable,consensus=usable;level1=usable;level2=usable;level3=bad,graded,usable,0.920633,0.079367,0.082498,0.838135,
img_01296,usable,consensus=usable;level1=usable;level2=usable;level3=bad,graded,usable,0.920735,0.079265,0.291577,0.629158,
img_01297,good,consensus=good;level1=good;level2=good;level3=usable,graded,good,0.996953,0.003047,0.966350,0.030603,
img_01298,good,consensus=good;level1=good;level2=good;level3=good,graded,good,0.994476,0.005524,0.950983,0.043492,
img_01299,usable,consensus=usable;level1=usable;level2=usable;level3=bad,graded,bad,0.401327,0.598673,0.032121,0.369206,
img_01333,bad,consensus=bad;level1=bad;level2=bad;level3=usable,graded,bad,0.096254,0.903746,0.004788,0.091465,
img_01338,bad,consensus=bad;level1=bad;level2=bad;level3=bad,graded,bad,0.016504,0.983496,0.000562,0.015942,
img_01351,usable,consensus=usable;level1=usable;level2=usable;level3=bad,graded,usable,0.774878,0.225122,0.216660,0.558218,
img_01352,usable,consensus=usable;level1=usable;level2=usable;level3=bad,graded,usable,0.601745,0.398255,0.067320,0.534425,
img_01353,usable,consensus=usable;level1=usable;level2=usable;level3=bad,graded,usable,0.797598,0.202402,0.055860,0.741738,
img_01354,usable,consensus=usable;level1=usable;level2=usable;level3=bad,graded,usable,0.905228,0.094772,0.026211,0.879017,
img_01355,good,consensus=good;level1=good;level2=good;level3=usable,graded,usable,0.966116,0.033884,0.425367,0.540749,
img_01356,bad,consensus=bad;level1=usable;level2=bad;level3=bad,graded,bad,0.259121,0.740879,0.001557,0.257564,
img_01357,good,consensus=good;level1=good;level2=usable;level3=good,graded,good,0.997001,0.002999,0.936133,0.060868,
img_01360,usable,consensus=usable;level1=good;level2=usable;level3=usable,graded,good,0.987370,0.012630,0.724866,0.262504,
img_01361,usable,consensus=usable;level1=usable;level2=usable;level3=usable,graded,usable,0.556765,0.443235,0.076491,0.480274,
img_01362,good,consensus=good;level1=good;level2=good;level3=usable,graded,good,0.991666,0.008334,0.935079,0.056587,
img_01363,good,consensus=good;level1=good;level2=good;level3=usable,graded,good,0.959492,0.040508,0.819994,0.139498,
img_01364,bad,consensus=bad;level1=bad;level2=bad;level3=usable,graded,bad,0.211497,0.788503,0.005876,0.205621,
img_01365,bad,consensus=bad;level1=bad;level2=bad;level3=bad,graded,bad,0.054349,0.945651,0.000193,0.054156,
img_01366,bad,consensus=bad;level1=bad;level2=bad;level3=bad,graded,bad,0.389702,0.610298,0.016888,0.372814,
img_01368,usable,consensus=usable;level1=usable;level2=bad;level3=usable,graded,usable,0.932984,0.067016,0.027651,0.905333,
img_01370,usable,consensus=usable;level1=usable;level2=usable;level3=usable,graded,bad,0.275989,0.724011,0.003593,0.272397,
img_01371,bad,consensus=bad;level1=bad;level2=bad;level3=bad,graded,bad,0.010941,0.989059,0.000155,0.010786,
img_01372,usable,consensus=usable;level1=usable;level2=usable;level3=bad,graded,bad,0.443225,0.556775,0.324218,0.119007,
img_01373,usable,consensus=usable;level1=usable;level2=usable;level3=bad,graded,good,0.695766,0.304234,0.501170,0.194595,
img_01376,bad,consensus=bad;level1=bad;level2=bad;level3=bad,graded,bad,0.148679,0.851321,0.005874,0.142805,
img_01377,bad,consensus=bad;level1=bad;level2=bad;level3=bad,graded,bad,0.044301,0.955699,0.001425,0.042876,
img_01378,good,consensus=good;level1=good;level2=usable;level3=good,graded,good,0.992560,0.007440,0.944913,0.047647,
img_01379,usable,consensus=usable;level1=good;level2=usable;level3=usable,graded,good,0.906686,0.093314,0.491420,0.415266,
img_01380,usable,consensus=usable;level1=good;level2=usable;level3=usable,graded,good,0.875379,0.124621,0.681186,0.194193,
img_01381,usable,consensus=usable;level1=good;level2=usable;level3=usable,graded,usable,0.653197,0.346803,0.236595,0.416602,
img_01382,bad,consensus=bad;level1=usable;level2=bad;level3=bad,graded,usable,0.595288,0.404712,0.004136,0.591153,
img_01383,usable,consensus=usable;level1=good;level2=usable;level3=usable,graded,usable,0.972402,0.027598,0.235499,0.736903,
img_01384,usable,consensus=usable;level1=usable;level2=good;level3=usable,graded,usable,0.960874,0.039126,0.282813,0.678060,
img_01385,usable,consensus=usable;level1=usable;level2=usable;level3=bad,graded,usable,0.936636,0.063364,0.052592,0.884043,
img_01386,usable,consensus=usable;level1=usable;level2=bad;level3=usable,graded,good,0.965882,0.034118,0.786390,0.179491,
img_01387,usable,consensus=usable;level1=usable;level2=bad;level3=usable,graded,good,0.996210,0.003790,0.943954,0.052256,
img_01388,bad,consensus=bad;level1=bad;level2=bad;level3=bad,graded,bad,0.206028,0.793972,0.002942,0.203086,
img_01389,bad,consensus=bad;level1=usable;level2=bad;level3=bad,graded,usable,0.680916,0.319084,0.103251,0.577666,
img_01390,usable,consensus=usable;level1=good;level2=usable;level3=usable,graded,good,0.953377,0.046623,0.709101,0.244275,
img_01391,usable,consensus=usable;level1=good;level2=usable;level3=usable,graded,good,0.964366,0.035634,0.700243,0.264124,
img_01393,usable,consensus=usable;level1=good;level2=usable;level3=usable,graded,good,0.786682,0.213318,0.610097,0.176584,
img_01394,bad,consensus=bad;level1=bad;level2=bad;level3=bad,graded,bad,0.190592,0.809408,0.001372,0.189220,
img_01395,bad,consensus=bad;level1=bad;level2=bad;level3=bad,graded,usable,0.719457,0.280543,0.008756,0.710701,
img_01396,bad,consensus=bad;level1=bad;level2=bad;level3=bad,graded,usable,0.583613,0.416387,0.115935,0.467678,
img_01397,bad,consensus=bad;level1=bad;level2=bad;level3=bad,graded,usable,0.751527,0.248473,0.281069,0.470458,
img_01398,bad,consensus=bad;level1=usable;level2=bad;level3=bad,graded,usable,0.913520,0.086480,0.290804,0.622715,
img_01399,bad,consensus=bad;level1=bad;level2=usable;level3=bad,graded,usable,0.571479,0.428521,0.001952,0.569527,
img_01400,bad,consensus=bad;level1=bad;level2=bad;level3=bad,graded,usable,0.742557,0.257443,0.055013,0.687544,
img_01401,bad,consensus=bad;level1=bad;level2=bad;level3=bad,graded,bad,0.180903,0.819097,0.027652,0.153251,
img_01402,good,consensus=good;level1=good;level2=good;level3=good,graded,good,0.920205,0.079795,0.599979,0.320226,
img_01403,good,consensus=good;level1=good;level2=good;level3=good,graded,good,0.970515,0.029485,0.747261,0.223254,
img_01404,good,consensus=good;level1=good;level2=good;level3=good,graded,good,0.984890,0.015110,0.824370,0.160519,
img_01405,usable,consensus=usable;level1=good;level2=usable;level3=usable,graded,usable,0.884657,0.115343,0.212868,0.671789,
img_01406,bad,consensus=bad;level1=bad;level2=bad;level3=bad,graded,usable,0.708867,0.291133,0.030414,0.678453,
img_01407,good,consensus=good;level1=good;level2=usable;level3=good,graded,good,0.971634,0.028366,0.829261,0.142372,
img_01408,usable,consensus=usable;level1=usable;level2=usable;level3=usable,graded,bad,0.559695,0.440305,0.171216,0.388479,
img_01409,good,consensus=good;level1=good;level2=good;level3=good,graded,good,0.995214,0.004786,0.944618,0.050596,
img_01410,usable,consensus=usable;level1=usable;level2=good;level3=usable,graded,good,0.960559,0.039441,0.673078,0.287481,
img_01411,usable,consensus=usable;level1=usable;level2=usable;level3=usable,graded,usable,0.705536,0.294464,0.137104,0.568432,
img_01413,bad,consensus=bad;level1=bad;level2=bad;level3=bad,graded,bad,0.158238,0.841762,0.000280,0.157958,
img_01414,usable,consensus=usable;level1=usable;level2=usable;level3=usable,graded,good,0.878382,0.121618,0.529209,0.349174,
img_01415,good,consensus=good;level1=usable;level2=good;level3=good,graded,bad,0.636429,0.363571,0.360911,0.275518,
img_01416,bad,consensus=bad;level1=bad;level2=bad;level3=bad,graded,bad,0.038595,0.961405,0.002688,0.035907,
img_01417,bad,consensus=bad;level1=bad;level2=bad;level3=bad,graded,bad,0.027903,0.972097,0.003274,0.024629,
img_01418,usable,consensus=usable;level1=usable;level2=usable;level3=bad,graded,bad,0.432174,0.567826,0.019637,0.412536,
img_01419,bad,consensus=bad;level1=bad;level2=bad;level3=bad,graded,bad,0.181446,0.818554,0.000506,0.180940,
img_01420,bad,consensus=bad;level1=bad;level2=bad;level3=bad,graded,bad,0.054580,0.945420,0.000328,0.054252,
img_01421,bad,consensus=bad;level1=bad;level2=bad;level3=bad,graded,bad,0.420305,0.579695,0.026113,0.394192,
img_01422,bad,consensus=bad;level1=usable;level2=bad;level3=bad,graded,bad,0.426973,0.573027,0.009346,0.417627,
img_01426,usable,consensus=usable;level1=usable;level2=bad;level3=usable,graded,bad,0.156002,0.843998,0.052064,0.103938,
img_01427,good,consensus=good;level1=good;level2=bad;level3=good,graded,good,0.961081,0.038919,0.889066,0.072015,
img_01428,usable,consensus=usable;level1=usable;level2=usable;level3=usable,graded,usable,0.723833,0.276167,0.249181,0.474652,
img_01429,bad,consensus=bad;level1=usable;level2=bad;level3=bad,graded,bad,0.394979,0.605021,0.025471,0.369507,
img_01430,bad,consensus=bad;level1=usable;level2=bad;level3=bad,graded,bad,0.506589,0.493411,0.189976,0.316612,
img_01431,usable,consensus=usable;level1=usable;level2=usable;level3=bad,graded,usable,0.698017,0.301983,0.102536,0.595482,
img_01432,usable,consensus=usable;level1=usable;level2=usable;level3=bad,graded,usable,0.866841,0.133159,0.227083,0.639759,
img_01433,bad,consensus=bad;level1=bad;level2=bad;level3=bad,graded,bad,0.304198,0.695802,0.003607,0.300591,
img_01434,bad,consensus=bad;level1=bad;level2=bad;level3=bad,graded,bad,0.289566,0.710434,0.013683,0.275884,
img_01435,usable,consensus=usable;level1=good;level2=usable;level3=usable,graded,usable,0.858977,0.141023,0.380184,0.478793,
img_01436,good,consensus=good;level1=good;level2=good;level3=good,graded,good,0.984121,0.015879,0.908451,0.075670,
img_01437,usable,consensus=usable;level1=usable;level2=usable;level3=bad,graded,bad,0.154471,0.845529,0.003308,0.151163,
img_01438,bad,consensus=bad;level1=bad;level2=bad;level3=bad,graded,bad,0.010803,0.989197,0.000495,0.010309,
img_01439,usable,consensus=usable;level1=usable;level2=usable;level3=usable,graded,bad,0.255966,0.744034,0.030184,0.225781,
img_01440,bad,consensus=bad;level1=bad;level2=usable;level3=bad,graded,bad,0.241199,0.758801,0.032787,0.208412,
img_01444,good,consensus=good;level1=good;level2=good;level3=good,graded,good,0.953622,0.046378,0.653677,0.299945,
img_01445,usable,consensus=usable;level1=usable;level2=usable;level3=bad,graded,usable,0.888364,0.111636,0.091232,0.797132,
img_01446,bad,consensus=bad;level1=usable;level2=bad;level3=bad,graded,bad,0.236639,0.763361,0.002305,0.234335,
img_01447,usable,consensus=usable;level1=good;level2=usable;level3=usable,graded,good,0.865547,0.134453,0.539960,0.325587,
img_01448,usable,consensus=usable;level1=good;level2=usable;level3=usable,graded,good,0.986701,0.013299,0.856931,0.129770,
img_01450,usable,consensus=usable;level1=usable;level2=usable;level3=good,graded,good,0.998887,0.001113,0.995862,0.003025,
img_01451,good,consensus=good;level1=good;level2=good;level3=good,graded,bad,0.272366,0.727634,0.059171,0.213195,
img_01452,usable,consensus=usable;level1=usable;level2=usable;level3=usable,graded,bad,0.224187,0.775813,0.015419,0.208768,
img_01453,bad,consensus=bad;level1=bad;level2=bad;level3=bad,graded,bad,0.135517,0.864483,0.000161,0.135356,
img_01454,usable,consensus=usable;level1=usable;level2=usable;level3=usable,graded,usable,0.698405,0.301595,0.281819,0.416586,
img_01455,usable,consensus=usable;level1=usable;level2=bad;level3=usable,graded,usable,0.739024,0.260976,0.199675,0.539349,
img_01456,good,consensus=good;level1=good;level2=good;level3=usable,graded,good,0.987255,0.012745,0.701206,0.286049,
img_01457,usable,consensus=usable;level1=good;level2=usable;level3=usable,graded,good,0.864976,0.135024,0.649171,0.215806,
img_01458,usable,consensus=usable;level1=usable;level2=usable;level3=bad,graded,good,0.754904,0.245096,0.512466,0.242438,
img_01461,good,consensus=good;level1=good;level2=usable;level3=good,graded,usable,0.868938,0.131062,0.222601,0.646337,
img_01462,good,consensus=good;level1=good;level2=good;level3=good,graded,good,0.968677,0.031323,0.619371,0.349305,
img_01463,usable,consensus=usable;level1=usable;level2=usable;level3=bad,graded,usable,0.689608,0.310392,0.004065,0.685543,
img_01464,bad,consensus=bad;level1=bad;level2=bad;level3=bad,graded,bad,0.028312,0.971688,0.000383,0.027929,
img_01465,bad,consensus=bad;level1=usable;level2=bad;level3=bad,graded,usable,0.898483,0.101517,0.022956,0.875526,
img_01466,bad,consensus=bad;level1=usable;level2=bad;level3=bad,graded,bad,0.058317,0.941683,0.000221,0.058097,
img_01467,bad,consensus=bad;level1=usable;level2=bad;level3=bad,graded,usable,0.557543,0.442457,0.004613,0.552930,
img_01468,bad,consensus=bad;level1=usable;level2=bad;level3=bad,graded,bad,0.127935,0.872065,0.003593,0.124342,
img_01469,good,consensus=good;level1=usable;level2=good;level3=good,graded,good,0.992676,0.007324,0.947535,0.045141,
img_01470,usable,consensus=usable;level1=usable;level2=usable;level3=usable,graded,bad,0.274965,0.725035,0.096029,0.178936,
img_01471,bad,consensus=bad;level1=bad;level2=bad;level3=bad,graded,bad,0.074878,0.925122,0.000539,0.074338,
img_01472,bad,consensus=bad;level1=usable;level2=bad;level3=bad,graded,bad,0.201756,0.798244,0.003221,0.198535,
img_01473,usable,consensus=usable;level1=good;level2=usable;level3=usable,graded,good,0.980815,0.019185,0.603503,0.377311,
img_01474,usable,consensus=usable;level1=usable;level2=usable;level3=usable,graded,usable,0.810035,0.189965,0.107084,0.702951,
img_01475,usable,consensus=usable;level1=usable;level2=usable;level3=bad,graded,bad,0.403529,0.596471,0.013344,0.390185,
img_01476,bad,consensus=bad;level1=usable;level2=bad;level3=bad,graded,usable,0.837451,0.162549,0.119676,0.717776,
img_01477,bad,consensus=bad;level1=bad;level2=bad;level3=bad,graded,bad,0.082902,0.917098,0.001373,0.081528,
img_01478,usable,consensus=usable;level1=usable;level2=usable;level3=usable,graded,usable,0.975414,0.024586,0.134456,0.840958,
img_01479,bad,consensus=bad;level1=usable;level2=bad;level3=bad,graded,usable,0.849149,0.150851,0.015771,0.833379,
img_01480,bad,consensus=bad;level1=bad;level2=bad;level3=bad,graded,bad,0.074489,0.925511,0.000310,0.074180,
img_01481,usable,consensus=usable;level1=usable;level2=usable;level3=bad,graded,bad,0.187839,0.812161,0.002339,0.185500,
img_01482,bad,consensus=bad;level1=bad;level2=bad;level3=bad,graded,bad,0.208265,0.791735,0.001225,0.207040,
img_01483,good,consensus=good;level1=good;level2=good;level3=good,graded,good,0.996521,0.003479,0.935101,0.061420,
img_01484,usable,consensus=usable;level1=usable;level2=usable;level3=usable,graded,usable,0.921979,0.078021,0.211727,0.710252,
img_01485,good,consensus=good;level1=good;level2=good;level3=good,graded,good,0.658681,0.341319,0.347116,0.311566,
img_01486,usable,consensus=usable;level1=usable;level2=usable;level3=usable,graded,bad,0.522600,0.477400,0.150293,0.372307,
img_01487,good,consensus=good;level1=good;level2=good;level3=good,graded,good,0.794758,0.205242,0.516861,0.277896,
img_01488,bad,consensus=bad;level1=bad;level2=bad;level3=bad,graded,bad,0.297128,0.702872,0.006777,0.290352,
img_01489,bad,consensus=bad;level1=bad;level2=bad;level3=bad,graded,bad,0.020925,0.979075,0.002681,0.018244,
img_01490,usable,consensus=usable;level1=usable;level2=usable;level3=usable,graded,usable,0.648340,0.351660,0.252220,0.396120,
img_01491,good,consensus=good;level1=good;level2=good;level3=good,graded,good,0.980588,0.019412,0.766289,0.214298,
img_01492,bad,consensus=bad;level1=usable;level2=bad;level3=bad,graded,usable,0.693140,0.306860,0.032625,0.660516,
img_01493,usable,consensus=usable;level1=good;level2=usable;level3=usable,graded,good,0.983817,0.016183,0.827399,0.156418,
img_01494,good,consensus=good;level1=good;level2=good;level3=usable,graded,good,0.994495,0.005505,0.950394,0.044101,
img_01495,good,consensus=good;level1=good;level2=good;level3=good,graded,good,0.625318,0.374682,0.388200,0.237118,
img_01496,bad,consensus=bad;level1=usable;level2=bad;level3=bad,graded,bad,0.157169,0.842831,0.006903,0.150266,
img_01497,bad,consensus=bad;level1=bad;level2=bad;level3=bad,graded,bad,0.032418,0.967582,0.000493,0.031925,
img_01498,usable,consensus=usable;level1=usable;level2=usable;level3=bad,graded,usable,0.795125,0.204875,0.014666,0.780459,
img_01501,usable,consensus=usable;level1=usable;level2=usable;level3=bad,graded,usable,0.774560,0.225440,0.042374,0.732186,
img_01502,usable,consensus=usable;level1=usable;level2=usable;level3=bad,graded,usable,0.815701,0.184299,0.031808,0.783893,
img_01504,usable,consensus=usable;level1=usable;level2=usable;level3=bad,graded,usable,0.789378,0.210622,0.101407,0.687971,
img_01505,usable,consensus=usable;level1=usable;level2=usable;level3=bad,graded,usable,0.751782,0.248218,0.129831,0.621950,
img_01506,bad,consensus=bad;level1=bad;level2=bad;level3=bad,graded,bad,0.073852,0.926148,0.003542,0.070310,
img_01509,bad,consensus=bad;level1=bad;level2=bad;level3=bad,graded,bad,0.044218,0.955782,0.007812,0.036406,
img_01510,good,consensus=good;level1=good;level2=good;level3=good,graded,good,0.985093,0.014907,0.764797,0.220296,
img_01511,usable,consensus=usable;level1=good;level2=usable;level3=usable,graded,usable,0.728266,0.271734,0.212081,0.516185,
img_01512,bad,consensus=bad;level1=bad;level2=bad;level3=bad,graded,bad,0.019376,0.980624,0.000180,0.019197,
img_01513,bad,consensus=bad;level1=bad;level2=bad;level3=usable,graded,bad,0.058921,0.941079,0.006118,0.052803,
img_01514,bad,consensus=bad;level1=bad;level2=bad;level3=bad,graded,bad,0.006900,0.993100,0.000299,0.006600,
img_01515,bad,consensus=bad;level1=bad;level2=bad;level3=bad,graded,bad,0.011591,0.988409,0.000492,0.011099,
img_01517,bad,consensus=bad;level1=bad;level2=bad;level3=bad,graded,bad,0.035350,0.964650,0.007035,0.028315,
img_01518,bad,consensus=bad;level1=bad;level2=bad;level3=bad,graded,bad,0.259157,0.740843,0.007270,0.251887,
img_01519,good,consensus=good;level1=good;level2=good;level3=good,graded,good,0.969369,0.030631,0.823741,0.145628,
img_01520,good,consensus=good;level1=good;level2=good;level3=good,graded,good,0.974891,0.025109,0.730385,0.244507,
img_01521,good,consensus=good;level1=good;level2=good;level3=good,graded,good,0.998473,0.001527,0.930194,0.068279,
img_01522,good,consensus=good;level1=good;level2=good;level3=good,graded,good,0.980810,0.019190,0.796606,0.184203,
img_01523,good,consensus=good;level1=good;level2=good;level3=usable,graded,usable,0.911190,0.088810,0.103772,0.807418,
img_01524,good,consensus=good;level1=good;level2=good;level3=usable,graded,bad,0.415022,0.584978,0.009306,0.405716,
img_01525,good,consensus=good;level1=good;level2=good;level3=usable,graded,good,0.937223,0.062777,0.765641,0.171581,
img_01526,good,consensus=good;level1=good;level2=good;level3=usable,graded,good,0.806535,0.193465,0.599414,0.207121,
img_01529,bad,consensus=bad;level1=bad;level2=bad;level3=bad,graded,bad,0.092449,0.907551,0.026722,0.065726,
img_01530,bad,consensus=bad;level1=usable;level2=bad;level3=bad,graded,bad,0.057546,0.942454,0.013354,0.044192,
img_01531,bad,consensus=bad;level1=usable;level2=bad;level3=bad,graded,bad,0.093631,0.906369,0.003966,0.089665,
img_01532,bad,consensus=bad;level1=bad;level2=bad;level3=bad,graded,bad,0.040957,0.959043,0.008032,0.032925,
img_01533,good,consensus=good;level1=good;level2=good;level3=good,graded,usable,0.862983,0.137017,0.404922,0.458061,
img_01534,bad,consensus=bad;level1=usable;level2=bad;level3=bad,graded,usable,0.635677,0.364323,0.054246,0.581431,
img_01535,bad,consensus=bad;level1=bad;level2=bad;level3=bad,graded,bad,0.160108,0.839892,0.003027,0.157081,
img_01536,bad,consensus=bad;level1=bad;level2=bad;level3=bad,graded,bad,0.104619,0.895381,0.004386,0.100234,
img_01539,bad,consensus=bad;level1=bad;level2=bad;level3=bad,graded,bad,0.101289,0.898711,0.007319,0.093970,
img_01540,bad,consensus=bad;level1=bad;level2=bad;level3=bad,graded,bad,0.077626,0.922374,0.002750,0.074876,
img_01541,good,consensus=good;level1=good;level2=good;level3=good,graded,good,0.984292,0.015708,0.744257,0.240035,
img_01542,good,consensus=good;level1=good;level2=good;level3=good,graded,good,0.994410,0.005590,0.786167,0.208243,
img_01543,bad,consensus=bad;level1=usable;level2=bad;level3=bad,graded,bad,0.147369,0.852631,0.001839,0.145530,
img_01544,bad,consensus=bad;level1=usable;level2=bad;level3=bad,graded,bad,0.103061,0.896939,0.002781,0.100280,
img_01545,usable,consensus=usable;level1=good;level2=usable;level3=usable,graded,good,0.961732,0.038268,0.678649,0.283083,
img_01546,bad,consensus=bad;level1=usable;level2=bad;level3=bad,graded,bad,0.135754,0.864246,0.002090,0.133664,
img_01547,bad,consensus=bad;level1=bad;level2=bad;level3=bad,graded,bad,0.127806,0.872194,0.003103,0.124703,
img_01548,usable,consensus=usable;level1=usable;level2=usable;level3=bad,graded,bad,0.250794,0.749206,0.016771,0.234023,
img_01549,bad,consensus=bad;level1=usable;level2=bad;level3=bad,graded,usable,0.899554,0.100446,0.312271,0.587283,
img_01550,usable,consensus=usable;level1=usable;level2=usable;level3=bad,graded,good,0.973184,0.026816,0.755092,0.218092,
img_01551,good,consensus=good;level1=good;level2=usable;level3=good,graded,good,0.854604,0.145396,0.621408,0.233196,
img_01552,good,consensus=good;level1=good;level2=good;level3=good,graded,good,0.732676,0.267324,0.397153,0.335523,
img_01553,good,consensus=good;level1=good;level2=good;level3=good,graded,good,0.992171,0.007829,0.728533,0.263639,
img_01554,bad,consensus=bad;level1=usable;level2=bad;level3=bad,graded,usable,0.576904,0.423096,0.008312,0.568592,
img_01555,bad,consensus=bad;level1=usable;level2=bad;level3=bad,graded,usable,0.952354,0.047646,0.249884,0.702470,
img_01556,bad,consensus=bad;level1=bad;level2=bad;level3=bad,graded,bad,0.280118,0.719882,0.010749,0.269369,
img_01557,bad,consensus=bad;level1=bad;level2=bad;level3=bad,graded,usable,0.552496,0.447504,0.010367,0.542129,
img_01558,bad,consensus=bad;level1=bad;level2=bad;level3=bad,graded,bad,0.388525,0.611475,0.000714,0.387811,
img_01559,bad,consensus=bad;level1=bad;level2=bad;level3=bad,graded,usable,0.538606,0.461394,0.002550,0.536056,
img_01560,bad,consensus=bad;level1=bad;level2=bad;level3=bad,graded,bad,0.014279,0.985721,0.000121,0.014158,
img_01561,bad,consensus=bad;level1=bad;level2=bad;level3=bad,graded,bad,0.177744,0.822256,0.001746,0.175999,
img_01562,usable,consensus=usable;level1=good;level2=usable;level3=usable,graded,usable,0.708614,0.291386,0.256226,0.452388,
img_01563,bad,consensus=bad;level1=usable;level2=bad;level3=bad,graded,usable,0.838881,0.161119,0.391121,0.447761,
img_01564,usable,consensus=usable;level1=usable;level2=good;level3=usable,graded,bad,0.343075,0.656925,0.195362,0.147712,
img_01565,usable,consensus=usable;level1=usable;level2=usable;level3=usable,graded,bad,0.567250,0.432750,0.286738,0.280512,
img_01569,good,consensus=good;level1=good;level2=good;level3=usable,graded,good,0.981013,0.018987,0.777946,0.203067,
img_01570,bad,consensus=bad;level1=usable;level2=bad;level3=bad,graded,usable,0.953292,0.046708,0.099210,0.854081,
img_01571,good,consensus=good;level1=good;level2=good;level3=good,graded,good,0.980544,0.019456,0.925525,0.055019,
img_01573,good,consensus=good;level1=good;level2=good;level3=good,graded,good,0.866948,0.133052,0.610534,0.256414,
img_01575,bad,consensus=bad;level1=usable;level2=bad;level3=bad,graded,bad,0.006867,0.993133,0.000065,0.006802,
img_01576,bad,consensus=bad;level1=bad;level2=bad;level3=bad,graded,bad,0.062544,0.937456,0.002542,0.060001,
img_01577,bad,consensus=bad;level1=bad;level2=bad;level3=bad,graded,bad,0.038859,0.961141,0.006713,0.032146,
img_01580,bad,consensus=bad;level1=bad;level2=bad;level3=bad,graded,bad,0.025794,0.974206,0.001033,0.024761,
img_01581,bad,consensus=bad;level1=bad;level2=bad;level3=bad,graded,bad,0.160248,0.839752,0.013301,0.146947,
img_01582,bad,consensus=bad;level1=bad;level2=bad;level3=bad,graded,bad,0.308109,0.691891,0.098228,0.209882,
img_01584,bad,consensus=bad;level1=bad;level2=bad;level3=bad,graded,bad,0.040187,0.959813,0.002209,0.037977,
img_01585,bad,consensus=bad;level1=bad;level2=bad;level3=bad,graded,bad,0.048784,0.951216,0.001038,0.047747,
img_01586,bad,consensus=bad;level1=usable;level2=bad;level3=bad,graded,bad,0.510147,0.489853,0.166529,0.343619,
img_01587,bad,consensus=bad;level1=usable;level2=bad;level3=bad,graded,bad,0.246561,0.753439,0.003479,0.243082,
img_01588,bad,consensus=bad;level1=usable;level2=bad;level3=bad,graded,bad,0.464327,0.535673,0.004529,0.459798,
img_01589,bad,consensus=bad;level1=bad;level2=bad;level3=bad,graded,bad,0.029624,0.970376,0.000636,0.028988,
img_01590,bad,consensus=bad;level1=bad;level2=bad;level3=bad,graded,bad,0.029537,0.970463,0.000521,0.029016,
img_01591,bad,consensus=bad;level1=bad;level2=bad;level3=bad,graded,bad,0.011697,0.988303,0.000100,0.011597,
img_01592,bad,consensus=bad;level1=bad;level2=bad;level3=bad,graded,bad,0.011022,0.988978,0.000448,0.010574,
img_01593,bad,consensus=bad;level1=bad;level2=bad;level3=bad,graded,bad,0.064036,0.935964,0.013948,0.050088,
img_01594,bad,consensus=bad;level1=bad;level2=bad;level3=bad,graded,bad,0.062917,0.937083,0.002107,0.060810,
img_01595,bad,consensus=bad;level1=bad;level2=bad;level3=bad,graded,bad,0.058204,0.941796,0.001651,0.056554,
img_01596,bad,consensus=bad;level1=bad;level2=bad;level3=bad,graded,bad,0.021684,0.978316,0.000713,0.020972,
img_01599,good,consensus=good;level1=good;level2=good;level3=good,graded,good,0.982938,0.017062,0.720872,0.262066,
img_01600,usable,consensus=usable;level1=good;level2=usable;level3=usable,graded,usable,0.838207,0.161793,0.348262,0.489945,
img_01601,good,consensus=good;level1=good;level2=good;level3=good,graded,good,0.984740,0.015260,0.862985,0.121754,
img_01602,usable,consensus=usable;level1=good;level2=usable;level3=usable,graded,usable,0.806042,0.193958,0.029951,0.776090,
img_01603,usable,consensus=usable;level1=good;level2=usable;level3=usable,graded,usable,0.639746,0.360254,0.068674,0.571072,
img_01604,usable,consensus=usable;level1=usable;level2=usable;level3=usable,graded,usable,0.781356,0.218644,0.106763,0.674593,
img_01605,good,consensus=good;level1=good;level2=good;level3=good,graded,good,0.990270,0.009730,0.927251,0.063020,
img_01606,usable,consensus=usable;level1=usable;level2=usable;level3=bad,graded,bad,0.475991,0.524009,0.003414,0.472577,
img_01607,usable,consensus=usable;level1=usable;level2=usable;level3=usable,graded,usable,0.767392,0.232608,0.032321,0.735071,
img_01608,bad,consensus=bad;level1=bad;level2=bad;level3=bad,graded,bad,0.341705,0.658295,0.018831,0.322874,
img_01609,usable,consensus=usable;level1=usable;level2=usable;level3=bad,graded,good,0.990007,0.009993,0.753583,0.236424,
img_01610,bad,consensus=bad;level1=usable;level2=bad;level3=bad,graded,usable,0.642819,0.357181,0.008843,0.633976,
img_01611,bad,consensus=bad;level1=usable;level2=bad;level3=bad,graded,bad,0.171166,0.828834,0.001193,0.169973,
img_01612,bad,consensus=bad;level1=bad;level2=bad;level3=bad,graded,bad,0.172744,0.827256,0.004070,0.168674,
img_01613,usable,consensus=usable;level1=good;level2=usable;level3=usable,graded,good,0.942901,0.057099,0.703470,0.239431,
img_01614,good,consensus=good;level1=good;level2=usable;level3=good,graded,bad,0.345638,0.654362,0.126914,0.218724,
img_01620,bad,consensus=bad;level1=bad;level2=bad;level3=bad,graded,bad,0.008528,0.991472,0.000086,0.008441,
img_01621,bad,consensus=bad;level1=usable;level2=bad;level3=bad,graded,bad,0.293155,0.706845,0.021471,0.271684,
img_01622,bad,consensus=bad;level1=usable;level2=bad;level3=bad,graded,bad,0.420224,0.579776,0.020937,0.399286,
img_01625,bad,consensus=bad;level1=usable;level2=bad;level3=bad,graded,bad,0.490230,0.509770,0.043133,0.447098,
img_01626,usable,consensus=usable;level1=good;level2=usable;level3=usable,graded,good,0.838516,0.161484,0.615568,0.222949,
img_01627,bad,consensus=bad;level1=bad;level2=bad;level3=bad,graded,bad,0.141256,0.858744,0.000408,0.140848,
img_01630,usable,consensus=usable;level1=good;level2=usable;level3=usable,graded,good,0.895956,0.104044,0.550325,0.345631,
img_01635,bad,consensus=bad;level1=bad;level2=bad;level3=bad,graded,bad,0.075373,0.924627,0.002945,0.072427,
img_01636,bad,consensus=bad;level1=bad;level2=bad;level3=bad,graded,bad,0.197858,0.802142,0.003525,0.194332,
img_01642,usable,consensus=usable;level1=good;level2=usable;level3=usable,graded,good,0.930549,0.069451,0.666953,0.263597,
img_01643,usable,consensus=usable;level1=good;level2=usable;level3=usable,graded,usable,0.907796,0.092204,0.213138,0.694657,
img_01644,usable,consensus=usable;level1=good;level2=usable;level3=usable,graded,good,0.977789,0.022211,0.713379,0.264411,
img_01645,usable,consensus=usable;level1=usable;level2=usable;level3=usable,graded,good,0.991790,0.008210,0.881113,0.110677,
img_01646,usable,consensus=usable;level1=usable;level2=good;level3=usable,graded,usable,0.911682,0.088318,0.168923,0.742759,
img_01647,good,consensus=good;level1=good;level2=good;level3=usable,graded,good,0.974156,0.025844,0.560505,0.413651,
img_01648,usable,consensus=usable;level1=usable;level2=good;level3=usable,graded,usable,0.910954,0.089046,0.060378,0.850577,
img_01649,usable,consensus=usable;level1=usable;level2=usable;level3=bad,graded,usable,0.915218,0.084782,0.157728,0.757491,
img_01650,usable,consensus=usable;level1=usable;level2=usable;level3=bad,graded,usable,0.797171,0.202829,0.191186,0.605985,
img_01653,usable,consensus=usable;level1=good;level2=usable;level3=usable,graded,usable,0.816699,0.183301,0.065177,0.751521,
img_01654,bad,consensus=bad;level1=bad;level2=bad;level3=bad,graded,bad,0.336702,0.663298,0.017933,0.318769,
img_01655,bad,consensus=bad;level1=bad;level2=bad;level3=bad,graded,bad,0.271258,0.728742,0.017203,0.254056,
img_01656,bad,consensus=bad;level1=usable;level2=bad;level3=bad,graded,usable,0.664762,0.335238,0.003665,0.661097,
img_01657,bad,consensus=bad;level1=usable;level2=bad;level3=bad,graded,usable,0.686883,0.313117,0.023605,0.663278,
img_01658,bad,consensus=bad;level1=bad;level2=bad;level3=bad,graded,bad,0.235128,0.764872,0.038611,0.196518,
img_01660,bad,consensus=bad;level1=bad;level2=bad;level3=bad,graded,bad,0.178770,0.821230,0.029206,0.149563,
img_01661,bad,consensus=bad;level1=bad;level2=bad;level3=bad,graded,bad,0.026097,0.973903,0.000340,0.025756,
img_01662,bad,consensus=bad;level1=bad;level2=bad;level3=bad,graded,bad,0.325769,0.674231,0.000993,0.324777,
img_01664,bad,consensus=bad;level1=bad;level2=bad;level3=bad,graded,bad,0.335599,0.664401,0.077603,0.257996,
img_01665,bad,consensus=bad;level1=usable;level2=bad;level3=bad,graded,bad,0.381520,0.618480,0.010554,0.370966,
img_01666,usable,consensus=usable;level1=good;level2=usable;level3=usable,graded,usable,0.829153,0.170847,0.075934,0.753219,
img_01667,bad,consensus=bad;level1=bad;level2=bad;level3=bad,graded,bad,0.020106,0.979894,0.002471,0.017635,
img_01668,bad,consensus=bad;level1=bad;level2=bad;level3=bad,graded,bad,0.014674,0.985326,0.001059,0.013615,
img_01669,good,consensus=good;level1=good;level2=usable;level3=good,graded,good,0.995814,0.004186,0.957763,0.038050,
img_01670,usable,consensus=usable;level1=usable;level2=usable;level3=usable,graded,usable,0.768587,0.231413,0.328325,0.440262,
img_01671,bad,consensus=bad;level1=bad;level2=bad;level3=bad,graded,bad,0.208797,0.791203,0.000671,0.208127,
img_01672,usable,consensus=usable;level1=good;level2=usable;level3=usable,graded,usable,0.753184,0.246816,0.171042,0.582142,
img_01673,bad,consensus=bad;level1=bad;level2=bad;level3=bad,graded,bad,0.017712,0.982288,0.000167,0.017545,
img_01674,bad,consensus=bad;level1=usable;level2=bad;level3=bad,graded,usable,0.571870,0.428130,0.024585,0.547285,
img_01675,good,consensus=good;level1=good;level2=usable;level3=good,graded,usable,0.951678,0.048322,0.458255,0.493423,
img_01676,good,consensus=good;level1=good;level2=good;level3=usable,graded,good,0.924689,0.075311,0.669716,0.254974,
img_01677,usable,consensus=usable;level1=usable;level2=good;level3=usable,graded,usable,0.937478,0.062522,0.130227,0.807251,
img_01678,usable,consensus=usable;level1=good;level2=usable;level3=usable,graded,good,0.928214,0.071786,0.671490,0.256724,
img_01679,bad,consensus=bad;level1=usable;level2=bad;level3=bad,graded,bad,0.449203,0.550797,0.008000,0.441203,
img_01680,bad,consensus=bad;level1=usable;level2=bad;level3=bad,graded,usable,0.875231,0.124769,0.297473,0.577758,
img_01684,good,consensus=good;level1=good;level2=good;level3=good,graded,good,0.999339,0.000661,0.982863,0.016476,
img_01685,good,consensus=good;level1=good;level2=usable;level3=good,graded,good,0.970591,0.029409,0.878568,0.092023,
img_01686,good,consensus=good;level1=good;level2=good;level3=good,graded,good,0.986919,0.013081,0.877080,0.109838,
img_01687,bad,consensus=bad;level1=bad;level2=bad;level3=bad,graded,bad,0.389058,0.610942,0.028116,0.360941,
img_01688,bad,consensus=bad;level1=usable;level2=bad;level3=bad,graded,usable,0.558613,0.441387,0.070438,0.488175,
img_01689,usable,consensus=usable;level1=usable;level2=usable;level3=good,graded,good,0.975494,0.024506,0.916108,0.059387,
img_01690,usable,consensus=usable;level1=usable;level2=usable;level3=usable,graded,good,0.780022,0.219978,0.513795,0.266227,
img_01691,usable,consensus=usable;level1=usable;level2=usable;level3=good,graded,bad,0.208000,0.792000,0.084600,0.123400,
img_01692,usable,consensus=usable;level1=usable;level2=good;level3=usable,graded,bad,0.195706,0.804294,0.071778,0.123928,
img_01693,usable,consensus=usable;level1=good;level2=usable;level3=usable,graded,bad,0.259683,0.740317,0.115722,0.143961,
img_01694,bad,consensus=bad;level1=bad;level2=bad;level3=bad,graded,bad,0.026712,0.973288,0.000726,0.025986,
img_01695,bad,consensus=bad;level1=bad;level2=bad;level3=bad,graded,bad,0.144784,0.855216,0.004888,0.139896,
img_01696,good,consensus=good;level1=good;level2=usable;level3=good,graded,good,0.999776,0.000224,0.983672,0.016104,
img_01697,good,consensus=good;level1=good;level2=good;level3=good,graded,good,0.997945,0.002055,0.985769,0.012176,
img_01698,good,consensus=good;level1=good;level2=good;level3=good,graded,good,0.904526,0.095474,0.459666,0.444859,
img_01699,usable,consensus=usable;level1=usable;level2=bad;level3=usable,graded,usable,0.805789,0.194211,0.029729,0.776061,
img_01700,usable,consensus=usable;level1=usable;level2=usable;level3=usable,graded,usable,0.832132,0.167868,0.374694,0.457438,
img_01701,bad,consensus=bad;level1=usable;level2=bad;level3=bad,graded,bad,0.096480,0.903520,0.000476,0.096004,
img_01702,bad,consensus=bad;level1=bad;level2=bad;level3=bad,graded,usable,0.838412,0.161588,0.130175,0.708237,
img_01703,bad,consensus=bad;level1=bad;level2=bad;level3=bad,graded,good,0.897252,0.102748,0.512676,0.384576,
img_01704,usable,consensus=usable;level1=usable;level2=usable;level3=usable,graded,good,0.879697,0.120303,0.775743,0.103954,
img_01705,usable,consensus=usable;level1=usable;level2=usable;level3=bad,graded,bad,0.289369,0.710631,0.117601,0.171768,
img_01708,bad,consensus=bad;level1=usable;level2=bad;level3=bad,graded,usable,0.714497,0.285503,0.293066,0.421431,
img_01709,bad,consensus=bad;level1=usable;level2=bad;level3=bad,graded,usable,0.692084,0.307916,0.151532,0.540552,
img_01710,usable,consensus=usable;level1=good;level2=usable;level3=usable,graded,usable,0.729430,0.270570,0.048912,0.680518,
img_01711,bad,consensus=bad;level1=bad;level2=bad;level3=bad,graded,usable,0.882949,0.117051,0.012222,0.870727,
img_01712,usable,consensus=usable;level1=usable;level2=usable;level3=good,graded,good,0.994344,0.005656,0.918054,0.076290,
img_01713,bad,consensus=bad;level1=bad;level2=bad;level3=bad,graded,bad,0.186147,0.813853,0.001058,0.185089,
img_01714,bad,consensus=bad;level1=usable;level2=bad;level3=bad,graded,bad,0.206240,0.793760,0.003040,0.203200,
img_01715,bad,consensus=bad;level1=bad;level2=bad;level3=bad,graded,bad,0.134423,0.865577,0.001247,0.133176,
img_01716,bad,consensus=bad;level1=bad;level2=bad;level3=usable,graded,bad,0.426665,0.573335,0.028882,0.397783,
img_01717,bad,consensus=bad;level1=usable;level2=bad;level3=bad,graded,usable,0.552039,0.447961,0.067956,0.484083,
img_01718,bad,consensus=bad;level1=bad;level2=bad;level3=bad,graded,bad,0.376341,0.623659,0.093365,0.282977,
img_01719,bad,consensus=bad;level1=bad;level2=bad;level3=bad,graded,bad,0.140234,0.859766,0.024927,0.115307,
img_01720,bad,consensus=bad;level1=bad;level2=bad;level3=bad,graded,bad,0.191816,0.808184,0.048894,0.142921,
img_01721,bad,consensus=bad;level1=bad;level2=bad;level3=bad,graded,bad,0.048759,0.951241,0.003628,0.045131,
img_01722,usable,consensus=usable;level1=bad;level2=usable;level3=usable,graded,usable,0.900780,0.099220,0.057629,0.843151,
img_01723,bad,consensus=bad;level1=bad;level2=bad;level3=bad,graded,bad,0.065081,0.934919,0.013686,0.051395,
img_01724,bad,consensus=bad;level1=usable;level2=bad;level3=bad,graded,bad,0.291474,0.708526,0.007410,0.284063,
img_01725,bad,consensus=bad;level1=usable;level2=bad;level3=bad,graded,bad,0.096584,0.903416,0.001085,0.095499,
img_01726,good,consensus=good;level1=good;level2=usable;level3=good,graded,good,0.972286,0.027714,0.867463,0.104823,
img_01727,good,consensus=good;level1=good;level2=good;level3=good,graded,usable,0.596272,0.403728,0.182732,0.413540,
img_01728,usable,consensus=usable;level1=usable;level2=usable;level3=usable,graded,usable,0.974266,0.025734,0.427806,0.546460,
img_01729,usable,consensus=usable;level1=usable;level2=usable;level3=usable,graded,usable,0.859790,0.140210,0.279090,0.580700,
img_01730,good,consensus=good;level1=good;level2=good;level3=usable,graded,good,0.991312,0.008688,0.958977,0.032334,
img_01731,usable,consensus=usable;level1=usable;level2=usable;level3=bad,graded,bad,0.485449,0.514551,0.023160,0.462288,
img_01732,bad,consensus=bad;level1=bad;level2=bad;level3=bad,graded,bad,0.030037,0.969963,0.000480,0.029557,
img_01733,usable,consensus=usable;level1=usable;level2=bad;level3=usable,graded,good,0.985421,0.014579,0.808603,0.176817,
img_01734,bad,consensus=bad;level1=bad;level2=bad;level3=bad,graded,bad,0.439927,0.560073,0.007895,0.432032,
img_01735,bad,consensus=bad;level1=bad;level2=bad;level3=bad,graded,bad,0.248367,0.751633,0.002129,0.246238,
img_01736,bad,consensus=bad;level1=usable;level2=bad;level3=bad,graded,bad,0.440004,0.559996,0.008724,0.431280,
img_01737,bad,consensus=bad;level1=bad;level2=bad;level3=bad,graded,bad,0.518682,0.481318,0.054912,0.463770,
img_01738,usable,consensus=usable;level1=usable;level2=usable;level3=bad,graded,usable,0.744060,0.255940,0.240584,0.503476,
img_01739,usable,consensus=usable;level1=usable;level2=usable;level3=bad,graded,usable,0.652038,0.347962,0.081606,0.570432,
img_01740,usable,consensus=usable;level1=usable;level2=usable;level3=bad,graded,usable,0.762557,0.237443,0.060321,0.702236,
img_01741,bad,consensus=bad;level1=usable;level2=bad;level3=bad,graded,bad,0.391104,0.608896,0.064097,0.327006,
img_01742,bad,consensus=bad;level1=bad;level2=bad;level3=bad,graded,bad,0.527378,0.472622,0.104292,0.423086,
img_01743,good,consensus=good;level1=good;level2=good;level3=usable,graded,good,0.995542,0.004458,0.936948,0.058593,
img_01753,usable,consensus=usable;level1=usable;level2=usable;level3=bad,graded,bad,0.198516,0.801484,0.006029,0.192488,
img_01754,bad,consensus=bad;level1=usable;level2=bad;level3=bad,graded,bad,0.096683,0.903317,0.000502,0.096182,
img_01755,usable,consensus=usable;level1=usable;level2=usable;level3=bad,graded,bad,0.344338,0.655662,0.008368,0.335969,
img_01756,bad,consensus=bad;level1=bad;level2=bad;level3=bad,graded,bad,0.024140,0.975860,0.000268,0.023872,
img_01757,usable,consensus=usable;level1=usable;level2=usable;level3=bad,graded,usable,0.623924,0.376076,0.216660,0.407265,
img_01758,usable,consensus=usable;level1=usable;level2=usable;level3=bad,graded,usable,0.776702,0.223298,0.360286,0.416416,
img_01759,usable,consensus=usable;level1=good;level2=usable;level3=usable,graded,usable,0.898089,0.101911,0.422005,0.476084,
img_01760,usable,consensus=usable;level1=good;level2=usable;level3=usable,graded,good,0.967240,0.032760,0.620815,0.346425,
img_01761,good,consensus=good;level1=good;level2=good;level3=good,graded,good,0.999590,0.000410,0.989071,0.010519,
img_01762,good,consensus=good;level1=good;level2=good;level3=good,graded,good,0.998200,0.001800,0.929491,0.068709,
img_01763,usable,consensus=usable;level1=good;level2=usable;level3=usable,graded,usable,0.873778,0.126222,0.366974,0.506804,
img_01764,bad,consensus=bad;level1=usable;level2=bad;level3=bad,graded,usable,0.764881,0.235119,0.329506,0.435374,
img_01765,bad,consensus=bad;level1=usable;level2=bad;level3=bad,graded,usable,0.767247,0.232753,0.330466,0.436781,
img_01766,bad,consensus=bad;level1=good;level2=bad;level3=bad,graded,usable,0.912172,0.087828,0.258640,0.653532,
img_01767,bad,consensus=bad;level1=usable;level2=bad;level3=bad,graded,usable,0.826954,0.173046,0.030978,0.795976,
img_01768,usable,consensus=usable;level1=good;level2=usable;level3=usable,graded,usable,0.709583,0.290417,0.138173,0.571411,
img_01769,good,consensus=good;level1=good;level2=good;level3=good,graded,good,0.978778,0.021222,0.886980,0.091798,
img_01770,usable,consensus=usable;level1=good;level2=usable;level3=usable,graded,usable,0.906402,0.093598,0.314981,0.591421,
img_01771,bad,consensus=bad;level1=good;level2=bad;level3=bad,graded,good,0.791951,0.208049,0.471927,0.320024,
img_01772,bad,consensus=bad;level1=usable;level2=bad;level3=bad,graded,usable,0.581849,0.418151,0.042088,0.539761,
img_01773,bad,consensus=bad;level1=bad;level2=bad;level3=bad,graded,bad,0.040768,0.959232,0.000760,0.040008,
img_01774,usable,consensus=usable;level1=usable;level2=bad;level3=usable,graded,usable,0.977794,0.022206,0.179885,0.797909,
img_01775,bad,consensus=bad;level1=bad;level2=bad;level3=bad,graded,bad,0.043799,0.956201,0.007847,0.035953,
img_01776,usable,consensus=usable;level1=usable;level2=usable;level3=bad,graded,bad,0.263176,0.736824,0.070302,0.192875,
img_01777,usable,consensus=usable;level1=usable;level2=good;level3=usable,graded,bad,0.363868,0.636132,0.119814,0.244055,
img_01778,bad,consensus=bad;level1=bad;level2=bad;level3=bad,graded,bad,0.034636,0.965364,0.002329,0.032306,
img_01787,bad,consensus=bad;level1=bad;level2=bad;level3=bad,graded,bad,0.039560,0.960440,0.001638,0.037922,
img_01797,bad,consensus=bad;level1=bad;level2=bad;level3=bad,graded,bad,0.198175,0.801825,0.014890,0.183285,
img_01807,bad,consensus=bad;level1=bad;level2=bad;level3=bad,graded,bad,0.168458,0.831542,0.005920,0.162538,
img_01808,bad,consensus=bad;level1=usable;level2=bad;level3=bad,graded,usable,0.835659,0.164341,0.164374,0.671285,
img_01809,bad,consensus=bad;level1=bad;level2=bad;level3=bad,graded,bad,0.142702,0.857298,0.000193,0.142509,
img_01810,bad,consensus=bad;level1=bad;level2=bad;level3=bad,graded,bad,0.004734,0.995266,0.000109,0.004625,
img_01811,usable,consensus=usable;level1=bad;level2=usable;level3=usable,graded,usable,0.791880,0.208120,0.050293,0.741587,
img_01812,bad,consensus=bad;level1=bad;level2=bad;level3=bad,graded,bad,0.047798,0.952202,0.000941,0.046858,
img_01813,bad,consensus=bad;level1=usable;level2=bad;level3=bad,graded,bad,0.077022,0.922978,0.002366,0.074656,
img_01814,bad,consensus=bad;level1=usable;level2=bad;level3=bad,graded,bad,0.206745,0.793255,0.004307,0.202438,
img_01815,bad,consensus=bad;level1=bad;level2=bad;level3=bad,graded,bad,0.122207,0.877793,0.003036,0.119171,
img_01816,bad,consensus=bad;level1=bad;level2=bad;level3=bad,graded,bad,0.016100,0.983900,0.000127,0.015973,
img_01817,bad,consensus=bad;level1=bad;level2=bad;level3=bad,graded,bad,0.428570,0.571430,0.007156,0.421414,
img_01818,bad,consensus=bad;level1=bad;level2=bad;level3=bad,graded,bad,0.022208,0.977792,0.000359,0.021849,
img_01819,bad,consensus=bad;level1=bad;level2=bad;level3=bad,graded,bad,0.007348,0.992652,0.000047,0.007301,
img_01820,bad,consensus=bad;level1=bad;level2=bad;level3=bad,graded,bad,0.016274,0.983726,0.000147,0.016127,
img_01821,usable,consensus=usable;level1=usable;level2=usable;level3=bad,graded,bad,0.144698,0.855302,0.016819,0.127880,
img_01822,usable,consensus=usable;level1=usable;level2=usable;level3=bad,graded,bad,0.532978,0.467022,0.099144,0.433834,
img_01823,good,consensus=good;level1=good;level2=good;level3=usable,graded,good,0.816179,0.183821,0.594391,0.221788,
img_01824,bad,consensus=bad;level1=usable;level2=bad;level3=bad,graded,bad,0.505619,0.494381,0.021963,0.483656,
img_01825,bad,consensus=bad;level1=usable;level2=bad;level3=bad,graded,bad,0.059982,0.940018,0.001575,0.058407,
img_01826,usable,consensus=usable;level1=usable;level2=usable;level3=bad,graded,bad,0.298328,0.701672,0.038201,0.260127,
img_01827,usable,consensus=usable;level1=usable;level2=usable;level3=usable,graded,good,0.992419,0.007581,0.835475,0.156945,
img_01828,bad,consensus=bad;level1=usable;level2=bad;level3=bad,graded,usable,0.731266,0.268734,0.099502,0.631764,
img_01829,bad,consensus=bad;level1=bad;level2=bad;level3=bad,graded,bad,0.069473,0.930527,0.002724,0.066748,
img_01830,usable,consensus=usable;level1=good;level2=usable;level3=usable,graded,good,0.758619,0.241381,0.434236,0.324383,
img_01831,bad,consensus=bad;level1=usable;level2=bad;level3=bad,graded,bad,0.129283,0.870717,0.010393,0.118891,
img_01832,usable,consensus=usable;level1=usable;level2=usable;level3=bad,graded,usable,0.777145,0.222855,0.008482,0.768663,
img_01833,bad,consensus=bad;level1=bad;level2=bad;level3=bad,graded,bad,0.437418,0.562582,0.001829,0.435590,
img_01834,good,consensus=good;level1=good;level2=good;level3=good,graded,good,0.971966,0.028034,0.704772,0.267193,
img_01835,good,consensus=good;level1=good;level2=good;level3=usable,graded,good,0.985794,0.014206,0.681025,0.304769,
img_01836,good,consensus=good;level1=good;level2=good;level3=good,graded,good,0.995330,0.004670,0.925968,0.069362,
img_01837,usable,consensus=usable;level1=good;level2=usable;level3=usable,graded,good,0.961229,0.038771,0.743464,0.217766,
img_01838,good,consensus=good;level1=good;level2=good;level3=good,graded,good,0.998469,0.001531,0.955636,0.042833,
img_01847,bad,consensus=bad;level1=bad;level2=bad;level3=bad,graded,bad,0.051220,0.948780,0.008933,0.042287,
img_01859,usable,consensus=usable;level1=usable;level2=usable;level3=bad,graded,bad,0.472188,0.527812,0.047593,0.424595,
img_01861,bad,consensus=bad;level1=usable;level2=bad;level3=bad,graded,good,0.998604,0.001396,0.864624,0.133980,
img_01862,bad,consensus=bad;level1=bad;level2=bad;level3=bad,graded,bad,0.139054,0.860946,0.001172,0.137882,
img_01864,bad,consensus=bad;level1=usable;level2=bad;level3=bad,graded,good,0.887598,0.112402,0.615808,0.271790,
img_01865,bad,consensus=bad;level1=bad;level2=bad;level3=bad,graded,bad,0.508022,0.491978,0.061933,0.446089,
img_01866,usable,consensus=usable;level1=usable;level2=usable;level3=bad,graded,usable,0.640765,0.359235,0.167678,0.473087,
img_01868,bad,consensus=bad;level1=bad;level2=bad;level3=bad,graded,bad,0.016925,0.983075,0.000461,0.016464,
img_01869,bad,consensus=bad;level1=bad;level2=bad;level3=bad,graded,bad,0.020858,0.979142,0.000201,0.020657,
img_01870,bad,consensus=bad;level1=bad;level2=bad;level3=bad,graded,bad,0.418944,0.581056,0.002501,0.416444,
img_01871,usable,consensus=usable;level1=good;level2=usable;level3=usable,graded,good,0.989968,0.010032,0.838169,0.151799,
img_01872,good,consensus=good;level1=good;level2=good;level3=good,graded,good,0.792998,0.207002,0.436282,0.356716,
img_01873,usable,consensus=usable;level1=good;level2=usable;level3=usable,graded,good,0.928146,0.071854,0.707106,0.221041,
img_01884,good,consensus=good;level1=good;level2=good;level3=good,graded,good,0.998522,0.001478,0.980462,0.018060,
img_01886,good,consensus=good;level1=good;level2=good;level3=good,graded,good,0.961083,0.038917,0.879058,0.082024,
img_01887,usable,consensus=usable;level1=usable;level2=usable;level3=bad,graded,usable,0.872793,0.127207,0.287538,0.585255,
img_01888,usable,consensus=usable;level1=usable;level2=usable;level3=bad,graded,good,0.955368,0.044632,0.656460,0.298909,
img_01889,bad,consensus=bad;level1=bad;level2=bad;level3=bad,graded,bad,0.061481,0.938519,0.001803,0.059678,
img_01890,bad,consensus=bad;level1=usable;level2=bad;level3=bad,graded,bad,0.128710,0.871290,0.002852,0.125858,
img_01891,usable,consensus=usable;level1=usable;level2=usable;level3=usable,graded,bad,0.454365,0.545635,0.215202,0.239163,
img_01892,usable,consensus=usable;level1=usable;level2=usable;level3=usable,graded,bad,0.228385,0.771615,0.048530,0.179856,
img_01893,good,consensus=good;level1=good;level2=good;level3=usable,graded,bad,0.466932,0.533068,0.158824,0.308108,
img_01894,good,consensus=good;level1=good;level2=usable;level3=good,graded,good,0.948506,0.051494,0.816875,0.131631,
img_01895,bad,consensus=bad;level1=usable;level2=bad;level3=bad,graded,usable,0.692804,0.307196,0.288395,0.404409,
img_01898,good,consensus=good;level1=good;level2=usable;level3=good,graded,good,0.998330,0.001670,0.953556,0.044773,
img_01899,good,consensus=good;level1=good;level2=good;level3=good,graded,good,0.995017,0.004983,0.820776,0.174241,
img_01900,bad,consensus=bad;level1=bad;level2=bad;level3=bad,graded,bad,0.103075,0.896925,0.006333,0.096741,
img_01901,usable,consensus=usable;level1=usable;level2=usable;level3=bad,graded,usable,0.728042,0.271958,0.338439,0.389603,
img_01902,usable,consensus=usable;level1=usable;level2=bad;level3=usable,graded,good,0.895978,0.104022,0.676843,0.219136,
img_01903,good,consensus=good;level1=good;level2=bad;level3=good,graded,good,0.993871,0.006129,0.942368,0.051502,
img_01904,bad,consensus=bad;level1=bad;level2=bad;level3=bad,graded,bad,0.024205,0.975795,0.000527,0.023678,
img_01906,bad,consensus=bad;level1=bad;level2=bad;level3=bad,graded,bad,0.048230,0.951770,0.001651,0.046579,
img_01907,bad,consensus=bad;level1=bad;level2=bad;level3=bad,graded,bad,0.015484,0.984516,0.000336,0.015148,
img_01910,usable,consensus=usable;level1=usable;level2=good;level3=usable,graded,bad,0.422400,0.577600,0.132616,0.289784,
img_01911,usable,consensus=usable;level1=usable;level2=usable;level3=good,graded,bad,0.298813,0.701187,0.049012,0.249801,
img_01912,bad,consensus=bad;level1=bad;level2=bad;level3=bad,graded,bad,0.045646,0.954354,0.000831,0.044815,
img_01913,bad,consensus=bad;level1=bad;level2=bad;level3=bad,graded,bad,0.022069,0.977931,0.000495,0.021574,
img_01914,bad,consensus=bad;level1=bad;level2=bad;level3=bad,graded,bad,0.331389,0.668611,0.001548,0.329841,
img_01915,bad,consensus=bad;level1=bad;level2=bad;level3=bad,graded,usable,0.531127,0.468873,0.004088,0.527040,
img_01916,bad,consensus=bad;level1=bad;level2=bad;level3=bad,graded,bad,0.405001,0.594999,0.012586,0.392415,
img_01917,good,consensus=good;level1=usable;level2=good;level3=good,graded,good,0.953981,0.046019,0.909023,0.044958,
img_01918,good,consensus=good;level1=good;level2=good;level3=good,graded,good,0.992940,0.007060,0.967414,0.025526,
img_01919,bad,consensus=bad;level1=bad;level2=bad;level3=bad,graded,bad,0.452759,0.547241,0.020622,0.432137,
img_01920,bad,consensus=bad;level1=bad;level2=bad;level3=bad,graded,bad,0.043716,0.956284,0.001962,0.041754,
img_01921,usable,consensus=usable;level1=good;level2=usable;level3=usable,graded,good,0.992252,0.007748,0.552409,0.439843,
img_01922,usable,consensus=usable;level1=usable;level2=usable;level3=usable,graded,usable,0.942066,0.057934,0.420656,0.521410,
img_01923,good,consensus=good;level1=good;level2=good;level3=good,graded,good,0.963190,0.036810,0.497436,0.465754,
img_01925,usable,consensus=usable;level1=usable;level2=usable;level3=bad,graded,bad,0.358834,0.641166,0.056467,0.302366,
img_01926,usable,consensus=usable;level1=usable;level2=bad;level3=usable,graded,bad,0.517169,0.482831,0.102700,0.414469,
img_01927,bad,consensus=bad;level1=usable;level2=bad;level3=bad,graded,usable,0.737216,0.262784,0.287480,0.449736,
img_01928,bad,consensus=bad;level1=bad;level2=bad;level3=bad,graded,bad,0.256810,0.743190,0.024390,0.232420,
img_01930,bad,consensus=bad;level1=bad;level2=bad;level3=bad,graded,bad,0.013155,0.986845,0.000146,0.013009,
img_01931,bad,consensus=bad;level1=bad;level2=bad;level3=bad,graded,bad,0.069784,0.930216,0.016132,0.053652,
img_01932,usable,consensus=usable;level1=good;level2=usable;level3=usable,graded,good,0.998130,0.001870,0.981584,0.016546,
img_01933,good,consensus=good;level1=usable;level2=good;level3=good,graded,good,0.999869,0.000131,0.998941,0.000929,
img_01934,usable,consensus=usable;level1=good;level2=usable;level3=usable,graded,usable,0.724661,0.275339,0.041774,0.682887,
img_01935,bad,consensus=bad;level1=bad;level2=bad;level3=bad,graded,bad,0.036453,0.963547,0.000571,0.035882,
img_01937,bad,consensus=bad;level1=bad;level2=bad;level3=bad,graded,bad,0.026988,0.973012,0.000436,0.026552,
img_01938,bad,consensus=bad;level1=bad;level2=bad;level3=bad,graded,bad,0.475187,0.524813,0.003751,0.471436,
img_01940,good,consensus=good;level1=good;level2=good;level3=good,graded,good,0.997044,0.002956,0.982284,0.014760,
img_01941,good,consensus=good;level1=good;level2=good;level3=good,graded,good,0.997586,0.002414,0.986659,0.010927,
img_01942,bad,consensus=bad;level1=bad;level2=bad;level3=bad,graded,bad,0.020457,0.979543,0.000859,0.019598,
img_01943,usable,consensus=usable;level1=usable;level2=usable;level3=bad,graded,usable,0.893121,0.106879,0.253892,0.639229,
img_01944,good,consensus=good;level1=good;level2=good;level3=good,graded,good,0.980271,0.019729,0.915595,0.064676,
img_01945,usable,consensus=usable;level1=usable;level2=usable;level3=bad,graded,usable,0.885508,0.114492,0.142802,0.742706,
img_01946,usable,consensus=usable;level1=usable;level2=usable;level3=bad,graded,usable,0.907091,0.092909,0.423725,0.483365,
img_01947,usable,consensus=usable;level1=usable;level2=usable;level3=good,graded,good,0.885210,0.114790,0.738303,0.146907,
img_01948,usable,consensus=usable;level1=good;level2=usable;level3=usable,graded,good,0.758555,0.241445,0.501206,0.257350,
img_01949,usable,consensus=usable;level1=good;level2=usable;level3=usable,graded,good,0.965390,0.034610,0.684172,0.281218,
img_01950,bad,consensus=bad;level1=bad;level2=bad;level3=bad,graded,bad,0.281569,0.718431,0.018127,0.263441,
img_01951,bad,consensus=bad;level1=bad;level2=bad;level3=bad,graded,usable,0.567058,0.432942,0.076524,0.490533,
img_01952,usable,consensus=usable;level1=good;level2=usable;level3=usable,graded,usable,0.588548,0.411452,0.111622,0.476927,
img_01953,usable,consensus=usable;level1=good;level2=usable;level3=usable,graded,good,0.969063,0.030937,0.530955,0.438109,
img_01954,bad,consensus=bad;level1=usable;level2=bad;level3=bad,graded,bad,0.391698,0.608302,0.035269,0.356429,
img_01955,bad,consensus=bad;level1=usable;level2=bad;level3=bad,graded,bad,0.380535,0.619465,0.020596,0.359939,
img_01956,usable,consensus=usable;level1=usable;level2=usable;level3=bad,graded,usable,0.549366,0.450634,0.062293,0.487073,
img_01957,bad,consensus=bad;level1=usable;level2=bad;level3=bad,graded,bad,0.159081,0.840919,0.000868,0.158213,
img_01960,bad,consensus=bad;level1=bad;level2=bad;level3=bad,graded,usable,0.580020,0.419980,0.002410,0.577609,
img_01961,bad,consensus=bad;level1=usable;level2=bad;level3=bad,graded,usable,0.562036,0.437964,0.002557,0.559479,
img_01962,usable,consensus=usable;level1=usable;level2=usable;level3=bad,graded,usable,0.886889,0.113111,0.194814,0.692075,
img_01963,usable,consensus=usable;level1=good;level2=usable;level3=usable,graded,good,0.962004,0.037996,0.604694,0.357310,
img_01964,usable,consensus=usable;level1=usable;level2=good;level3=usable,graded,good,0.836739,0.163261,0.491022,0.345717,
img_01965,good,consensus=good;level1=good;level2=good;level3=usable,graded,usable,0.808300,0.191700,0.271408,0.536892,
img_01966,good,consensus=good;level1=good;level2=good;level3=good,graded,good,0.971221,0.028779,0.769891,0.201330,
img_01968,usable,consensus=usable;level1=usable;level2=usable;level3=bad,graded,bad,0.201919,0.798081,0.001887,0.200032,
img_01969,good,consensus=good;level1=good;level2=good;level3=good,graded,good,0.767202,0.232798,0.408677,0.358525,
img_01970,usable,consensus=usable;level1=good;level2=usable;level3=usable,graded,bad,0.449606,0.550394,0.113509,0.336096,
img_01971,good,consensus=good;level1=good;level2=good;level3=good,graded,good,0.999769,0.000231,0.988712,0.011057,
img_01972,good,consensus=good;level1=good;level2=good;level3=good,graded,good,0.965234,0.034766,0.849103,0.116131,
img_01973,bad,consensus=bad;level1=bad;level2=bad;level3=bad,graded,usable,0.652275,0.347725,0.007203,0.645072,
img_01974,bad,consensus=bad;level1=usable;level2=bad;level3=bad,graded,usable,0.879607,0.120393,0.128977,0.750630,
img_01975,bad,consensus=bad;level1=usable;level2=bad;level3=bad,graded,bad,0.314420,0.685580,0.036256,0.278164,
img_01976,bad,consensus=bad;level1=bad;level2=bad;level3=bad,graded,bad,0.034646,0.965354,0.000602,0.034044,
img_01977,bad,consensus=bad;level1=bad;level2=bad;level3=bad,graded,bad,0.043099,0.956901,0.003274,0.039824,
img_01978,bad,consensus=bad;level1=bad;level2=bad;level3=bad,graded,bad,0.173166,0.826834,0.004833,0.168333,
img_01979,bad,consensus=bad;level1=bad;level2=bad;level3=bad,graded,bad,0.028376,0.971624,0.000431,0.027945,
img_01981,bad,consensus=bad;level1=bad;level2=bad;level3=bad,graded,bad,0.080559,0.919441,0.015207,0.065352,
img_01982,bad,consensus=bad;level1=bad;level2=bad;level3=bad,graded,bad,0.055236,0.944764,0.008866,0.046371,
img_01983,bad,consensus=bad;level1=bad;level2=usable;level3=bad,graded,bad,0.184201,0.815799,0.004104,0.180096,
img_01984,bad,consensus=bad;level1=bad;level2=usable;level3=bad,graded,bad,0.453503,0.546497,0.010687,0.442816,
img_01985,bad,consensus=bad;level1=bad;level2=bad;level3=bad,graded,bad,0.004572,0.995428,0.000074,0.004498,
img_01986,usable,consensus=usable;level1=usable;level2=usable;level3=bad,graded,good,0.987565,0.012435,0.945941,0.041624,
img_01987,usable,consensus=usable;level1=usable;level2=usable;level3=usable,graded,good,0.985252,0.014748,0.823064,0.162188,
img_01989,bad,consensus=bad;level1=bad;level2=bad;level3=bad,graded,bad,0.057818,0.942182,0.000403,0.057415,
img_01990,bad,consensus=bad;level1=bad;level2=bad;level3=bad,graded,bad,0.008225,0.991775,0.000036,0.008189,
img_01991,bad,consensus=bad;level1=bad;level2=bad;level3=bad,graded,bad,0.043123,0.956877,0.001019,0.042104,
img_01993,bad,consensus=bad;level1=bad;level2=bad;level3=bad,graded,bad,0.061394,0.938606,0.001581,0.059812,
img_01994,good,consensus=good;level1=good;level2=good;level3=good,graded,good,0.864324,0.135676,0.689545,0.174779,
img_01995,good,consensus=good;level1=good;level2=usable;level3=good,graded,good,0.997667,0.002333,0.937824,0.059843,
img_01996,usable,consensus=usable;level1=usable;level2=usable;level3=usable,graded,bad,0.627708,0.372292,0.295375,0.332334,
img_01997,usable,consensus=usable;level1=usable;level2=usable;level3=bad,graded,bad,0.271197,0.728803,0.024640,0.246557,
img_02000,good,consensus=good;level1=good;level2=good;level3=usable,graded,good,0.763191,0.236809,0.400551,0.362640,
img_02001,good,consensus=good;level1=good;level2=good;level3=good,graded,good,0.994595,0.005405,0.949431,0.045164,
img_02002,good,consensus=good;level1=good;level2=good;level3=good,graded,good,0.997968,0.002032,0.962433,0.035535,
img_02003,good,consensus=good;level1=good;level2=good;level3=usable,graded,usable,0.879338,0.120662,0.419803,0.459535,
img_02004,good,consensus=good;level1=good;level2=good;level3=usable,graded,good,0.889640,0.110360,0.688630,0.201010,
img_02005,bad,consensus=bad;level1=usable;level2=bad;level3=bad,graded,bad,0.056852,0.943148,0.000349,0.056503,
img_02006,bad,consensus=bad;level1=bad;level2=bad;level3=bad,graded,bad,0.128082,0.871918,0.019568,0.108514,
img_02007,usable,consensus=usable;level1=usable;level2=usable;level3=bad,graded,bad,0.570708,0.429292,0.150093,0.420615,
img_02008,usable,consensus=usable;level1=good;level2=usable;level3=usable,graded,usable,0.980767,0.019233,0.478165,0.502602,
img_02009,good,consensus=good;level1=good;level2=good;level3=good,graded,usable,0.988953,0.011047,0.415408,0.573545,
img_02010,good,consensus=good;level1=good;level2=good;level3=good,graded,good,0.999102,0.000898,0.988816,0.010285,
img_02011,good,consensus=good;level1=good;level2=good;level3=good,graded,good,0.999764,0.000236,0.990465,0.009299,
img_02012,bad,consensus=bad;level1=bad;level2=bad;level3=bad,graded,bad,0.104994,0.895006,0.013454,0.091540,
img_02014,bad,consensus=bad;level1=bad;level2=bad;level3=bad,graded,bad,0.403874,0.596126,0.035163,0.368710,
img_02015,good,consensus=good;level1=good;level2=good;level3=usable,graded,good,0.984840,0.015160,0.924162,0.060679,
img_02016,bad,consensus=bad;level1=bad;level2=bad;level3=bad,graded,bad,0.083999,0.916001,0.001275,0.082724,
img_02017,bad,consensus=bad;level1=usable;level2=bad;level3=bad,graded,bad,0.511803,0.488197,0.050662,0.461140,
img_02018,usable,consensus=usable;level1=usable;level2=usable;level3=usable,graded,good,0.998902,0.001098,0.954637,0.044265,
img_02019,usable,consensus=usable;level1=good;level2=usable;level3=usable,graded,good,0.994168,0.005832,0.854014,0.140154,
img_02020,good,consensus=good;level1=good;level2=good;level3=good,graded,good,0.999798,0.000202,0.985407,0.014391,
img_02021,good,consensus=good;level1=good;level2=good;level3=good,graded,good,0.980995,0.019005,0.764740,0.216254,
img_02022,bad,consensus=bad;level1=bad;level2=bad;level3=bad,graded,bad,0.040622,0.959378,0.001578,0.039044,
img_02023,usable,consensus=usable;level1=usable;level2=usable;level3=usable,graded,usable,0.980362,0.019638,0.464297,0.516065,
img_02024,bad,consensus=bad;level1=bad;level2=usable;level3=bad,graded,bad,0.067722,0.932278,0.002298,0.065425,
img_02025,usable,consensus=usable;level1=usable;level2=usable;level3=bad,graded,good,0.966801,0.033199,0.492505,0.474297,
img_02026,bad,consensus=bad;level1=usable;level2=bad;level3=bad,graded,usable,0.785927,0.214073,0.108609,0.677319,
img_02027,bad,consensus=bad;level1=bad;level2=bad;level3=bad,graded,bad,0.497797,0.502203,0.010730,0.487068,
img_02031,usable,consensus=usable;level1=usable;level2=usable;level3=usable,graded,bad,0.442552,0.557448,0.047295,0.395257,
img_02032,usable,consensus=usable;level1=usable;level2=usable;level3=usable,graded,bad,0.461896,0.538104,0.021557,0.440339,
img_02033,bad,consensus=bad;level1=usable;level2=bad;level3=bad,graded,bad,0.183309,0.816691,0.002506,0.180803,
img_02034,usable,consensus=usable;level1=usable;level2=good;level3=usable,graded,bad,0.490538,0.509462,0.206872,0.283666,
img_02035,usable,consensus=usable;level1=usable;level2=usable;level3=usable,graded,bad,0.573057,0.426943,0.175416,0.397641,
img_02036,good,consensus=good;level1=usable;level2=good;level3=good,graded,good,0.979439,0.020561,0.938016,0.041422,
img_02037,good,consensus=good;level1=good;level2=good;level3=good,graded,good,0.997107,0.002893,0.942076,0.055031,
img_02038,bad,consensus=bad;level1=usable;level2=bad;level3=bad,graded,usable,0.874098,0.125902,0.164971,0.709127,
img_02039,bad,consensus=bad;level1=bad;level2=bad;level3=bad,graded,bad,0.020865,0.979135,0.000688,0.020177,
img_02041,usable,consensus=usable;level1=usable;level2=usable;level3=usable,graded,usable,0.784844,0.215156,0.092524,0.692320,
img_02042,good,consensus=good;level1=good;level2=good;level3=good,graded,good,0.956251,0.043749,0.774814,0.181437,
img_02043,good,consensus=good;level1=good;level2=good;level3=good,graded,usable,0.924437,0.075563,0.336442,0.587995,
img_02044,good,consensus=good;level1=good;level2=good;level3=good,graded,good,0.994509,0.005491,0.857422,0.137087,
img_02045,good,consensus=good;level1=good;level2=good;level3=good,graded,good,0.979519,0.020481,0.519352,0.460167,
img_02046,good,consensus=good;level1=good;level2=good;level3=good,graded,usable,0.838738,0.161262,0.215984,0.622754,
img_02047,usable,consensus=usable;level1=usable;level2=good;level3=usable,graded,good,0.938106,0.061894,0.654574,0.283533,
img_02048,usable,consensus=usable;level1=usable;level2=usable;level3=usable,graded,usable,0.803499,0.196501,0.108146,0.695352,
img_02049,bad,consensus=bad;level1=bad;level2=bad;level3=bad,graded,bad,0.033654,0.966346,0.000477,0.033177,
img_02050,usable,consensus=usable;level1=good;level2=usable;level3=usable,graded,good,0.933032,0.066968,0.472834,0.460198,
img_02051,good,consensus=good;level1=good;level2=good;level3=good,graded,usable,0.883915,0.116085,0.432104,0.451811,
img_02052,good,consensus=good;level1=good;level2=good;level3=good,graded,good,0.998615,0.001385,0.978371,0.020244,
img_02053,good,consensus=good;level1=good;level2=good;level3=good,graded,good,0.967433,0.032567,0.814998,0.152435,
img_02054,good,consensus=good;level1=good;level2=good;level3=good,graded,good,0.998393,0.001607,0.923931,0.074462,
img_02055,good,consensus=good;level1=good;level2=usable;level3=good,graded,good,0.961733,0.038267,0.766818,0.194915,
img_02056,bad,consensus=bad;level1=usable;level2=bad;level3=bad,graded,usable,0.871406,0.128594,0.291774,0.579632,
img_02057,good,consensus=good;level1=good;level2=bad;level3=good,graded,good,0.998614,0.001386,0.956599,0.042015,
img_02058,good,consensus=good;level1=good;level2=good;level3=good,graded,good,0.999902,0.000098,0.995933,0.003969,
img_02059,good,consensus=good;level1=good;level2=good;level3=good,graded,good,0.999390,0.000610,0.985407,0.013983,
img_02063,usable,consensus=usable;level1=usable;level2=bad;level3=usable,graded,usable,0.807381,0.192619,0.067244,0.740137,
img_02064,usable,consensus=usable;level1=usable;level2=bad;level3=usable,graded,usable,0.869464,0.130536,0.038289,0.831176,
img_02066,good,consensus=good;level1=good;level2=usable;level3=good,graded,good,0.998295,0.001705,0.987160,0.011134,
img_02067,good,consensus=good;level1=good;level2=good;level3=good,graded,good,0.999136,0.000864,0.967421,0.031714,
img_02068,bad,consensus=bad;level1=bad;level2=bad;level3=bad,graded,bad,0.050704,0.949296,0.001744,0.048960,
img_02069,bad,consensus=bad;level1=bad;level2=bad;level3=bad,graded,bad,0.391051,0.608949,0.028475,0.362575,
img_02070,good,consensus=good;level1=good;level2=good;level3=good,graded,good,0.992834,0.007166,0.901396,0.091438,
img_02071,good,consensus=good;level1=good;level2=good;level3=good,graded,good,0.995169,0.004831,0.859965,0.135204,
img_02072,usable,consensus=usable;level1=usable;level2=bad;level3=usable,graded,bad,0.586487,0.413513,0.356163,0.230325,
img_02073,usable,consensus=usable;level1=usable;level2=usable;level3=usable,graded,good,0.799749,0.200251,0.460291,0.339458,
img_02074,good,consensus=good;level1=good;level2=good;level3=good,graded,good,0.991099,0.008901,0.882860,0.108239,
img_02075,good,consensus=good;level1=good;level2=good;level3=good,graded,good,0.989018,0.010982,0.850774,0.138244,
img_02077,bad,consensus=bad;level1=bad;level2=bad;level3=bad,graded,bad,0.120985,0.879015,0.003974,0.117011,
img_02078,bad,consensus=bad;level1=bad;level2=bad;level3=bad,graded,bad,0.190359,0.809641,0.001138,0.189221,
img_02079,usable,consensus=usable;level1=usable;level2=good;level3=usable,graded,usable,0.632370,0.367630,0.014874,0.617496,
img_02080,bad,consensus=bad;level1=usable;level2=bad;level3=bad,graded,bad,0.423455,0.576545,0.002404,0.421051,
img_02081,usable,consensus=usable;level1=good;level2=usable;level3=usable,graded,usable,0.727233,0.272767,0.285444,0.441789,
img_02082,good,consensus=good;level1=good;level2=usable;level3=good,graded,good,0.924827,0.075173,0.774440,0.150387,
img_02083,good,consensus=good;level1=good;level2=usable;level3=good,graded,good,0.779990,0.220010,0.576867,0.203123,
img_02085,bad,consensus=bad;level1=bad;level2=bad;level3=bad,graded,bad,0.006948,0.993052,0.000034,0.006914,
img_02086,good,consensus=good;level1=good;level2=usable;level3=good,graded,good,0.945338,0.054662,0.794939,0.150399,
img_02089,usable,consensus=usable;level1=usable;level2=usable;level3=good,graded,bad,0.162974,0.837026,0.004803,0.158171,
img_02094,usable,consensus=usable;level1=usable;level2=usable;level3=usable,graded,usable,0.655546,0.344454,0.159448,0.496098,
img_02095,bad,consensus=bad;level1=bad;level2=bad;level3=bad,graded,bad,0.023916,0.976084,0.000560,0.023356,
img_02096,bad,consensus=bad;level1=bad;level2=bad;level3=bad,graded,bad,0.002848,0.997152,0.000005,0.002843,
img_02097,good,consensus=good;level1=good;level2=usable;level3=good,graded,good,0.998606,0.001394,0.986468,0.012138,
img_02098,bad,consensus=bad;level1=bad;level2=bad;level3=bad,graded,bad,0.077303,0.922697,0.004564,0.072739,
img_02099,bad,consensus=bad;level1=bad;level2=bad;level3=bad,graded,bad,0.066734,0.933266,0.002446,0.064288,
img_02100,bad,consensus=bad;level1=usable;level2=bad;level3=bad,graded,bad,0.493188,0.506812,0.063776,0.429411,
img_02101,usable,consensus=usable;level1=usable;level2=usable;level3=bad,graded,usable,0.824692,0.175308,0.008079,0.816613,
img_02102,usable,consensus=usable;level1=usable;level2=usable;level3=bad,graded,bad,0.390370,0.609630,0.008014,0.382356,
img_02103,good,consensus=good;level1=usable;level2=good;level3=good,graded,good,0.819877,0.180123,0.557836,0.262041,
img_02104,usable,consensus=usable;level1=usable;level2=usable;level3=bad,graded,bad,0.484670,0.515330,0.086683,0.397988,
img_02106,bad,consensus=bad;level1=bad;level2=bad;level3=bad,graded,bad,0.154472,0.845528,0.007864,0.146609,
img_02107,usable,consensus=usable;level1=usable;level2=usable;level3=bad,graded,good,0.883661,0.116339,0.490108,0.393553,
img_02108,usable,consensus=usable;level1=usable;level2=usable;level3=bad,graded,good,0.902220,0.097780,0.515975,0.386244,
img_02110,bad,consensus=bad;level1=bad;level2=bad;level3=bad,graded,bad,0.067879,0.932121,0.000411,0.067468,
img_02111,bad,consensus=bad;level1=bad;level2=bad;level3=bad,graded,bad,0.047570,0.952430,0.001750,0.045820,
img_02112,bad,consensus=bad;level1=bad;level2=bad;level3=bad,graded,bad,0.270409,0.729591,0.005953,0.264456,
img_02113,usable,consensus=usable;level1=good;level2=usable;level3=usable,graded,usable,0.785543,0.214457,0.209465,0.576078,
img_02114,bad,consensus=bad;level1=bad;level2=usable;level3=bad,graded,bad,0.324839,0.675161,0.011368,0.313471,
img_02115,usable,consensus=usable;level1=usable;level2=usable;level3=bad,graded,usable,0.702718,0.297282,0.001618,0.701100,
img_02117,bad,consensus=bad;level1=bad;level2=bad;level3=bad,graded,bad,0.094098,0.905902,0.002101,0.091997,
img_02118,bad,consensus=bad;level1=usable;level2=bad;level3=bad,graded,bad,0.450463,0.549537,0.024364,0.426098,
img_02119,bad,consensus=bad;level1=bad;level2=bad;level3=bad,graded,bad,0.074037,0.925963,0.002687,0.071350,
img_02121,usable,consensus=usable;level1=usable;level2=usable;level3=bad,graded,usable,0.829651,0.170349,0.172239,0.657412,
img_02122,bad,consensus=bad;level1=bad;level2=usable;level3=bad,graded,bad,0.405793,0.594207,0.009542,0.396251,
img_02123,bad,consensus=bad;level1=bad;level2=bad;level3=bad,graded,bad,0.013170,0.986830,0.000186,0.012984,
img_02124,bad,consensus=bad;level1=bad;level2=bad;level3=bad,graded,bad,0.074487,0.925513,0.002645,0.071842,
img_02125,bad,consensus=bad;level1=bad;level2=bad;level3=bad,graded,bad,0.050015,0.949985,0.010516,0.039499,
img_02127,good,consensus=good;level1=good;level2=good;level3=usable,graded,bad,0.496343,0.503657,0.206935,0.289408,
img_02128,usable,consensus=usable;level1=usable;level2=usable;level3=bad,graded,bad,0.335823,0.664177,0.068872,0.266951,
img_02129,usable,consensus=usable;level1=usable;level2=usable;level3=usable,graded,usable,0.603546,0.396454,0.092747,0.510800,
img_02130,usable,consensus=usable;level1=good;level2=usable;level3=usable,graded,bad,0.235081,0.764919,0.035857,0.199224,
img_02132,usable,consensus=usable;level1=usable;level2=usable;level3=bad,graded,usable,0.549495,0.450505,0.096641,0.452854,
img_02133,usable,consensus=usable;level1=usable;level2=usable;level3=bad,graded,bad,0.381453,0.618547,0.099552,0.281901,
img_02134,good,consensus=good;level1=good;level2=good;level3=good,graded,good,0.998772,0.001228,0.983126,0.015646,
img_02135,good,consensus=good;level1=good;level2=good;level3=usable,graded,good,0.931795,0.068205,0.750916,0.180879,
img_02136,good,consensus=good;level1=good;level2=good;level3=good,graded,good,0.997947,0.002053,0.973189,0.024758,
img_02137,good,consensus=good;level1=good;level2=good;level3=good,graded,good,0.971110,0.028890,0.608883,0.362226,
img_02138,bad,consensus=bad;level1=usable;level2=bad;level3=bad,graded,bad,0.274735,0.725265,0.000747,0.273989,
img_02139,bad,consensus=bad;level1=usable;level2=bad;level3=bad,graded,usable,0.708527,0.291473,0.012889,0.695638,
img_02140,bad,consensus=bad;level1=usable;level2=bad;level3=bad,graded,bad,0.352836,0.647164,0.001508,0.351328,
img_02141,bad,consensus=bad;level1=usable;level2=bad;level3=bad,graded,bad,0.057641,0.942359,0.000264,0.057377,
img_02142,good,consensus=good;level1=good;level2=usable;level3=good,graded,bad,0.481959,0.518041,0.283957,0.198002,
img_02143,good,consensus=good;level1=good;level2=good;level3=good,graded,good,0.989771,0.010229,0.882385,0.107386,
img_02144,usable,consensus=usable;level1=usable;level2=usable;level3=usable,graded,usable,0.947373,0.052627,0.362400,0.584973,
img_02145,usable,consensus=usable;level1=usable;level2=usable;level3=usable,graded,usable,0.928266,0.071734,0.318111,0.610155,
img_02146,good,consensus=good;level1=good;level2=good;level3=good,graded,good,0.989464,0.010536,0.889086,0.100379,
img_02147,usable,consensus=usable;level1=usable;level2=usable;level3=bad,graded,usable,0.843982,0.156018,0.056382,0.787600,
img_02148,good,consensus=good;level1=good;level2=good;level3=good,graded,good,0.980522,0.019478,0.728617,0.251905,
img_02149,good,consensus=good;level1=good;level2=good;level3=good,graded,good,0.978500,0.021500,0.823287,0.155213,
img_02150,bad,consensus=bad;level1=bad;level2=bad;level3=bad,graded,bad,0.033935,0.966065,0.004466,0.029470,
img_02151,bad,consensus=bad;level1=bad;level2=bad;level3=bad,graded,bad,0.045859,0.954141,0.001231,0.044628,
img_02152,good,consensus=good;level1=good;level2=usable;level3=good,graded,good,0.994889,0.005111,0.901245,0.093643,
img_02153,good,consensus=good;level1=good;level2=good;level3=usable,graded,usable,0.849200,0.150800,0.210138,0.639062,
img_02156,bad,consensus=bad;level1=bad;level2=bad;level3=bad,graded,bad,0.014381,0.985619,0.000660,0.013721,
img_02157,bad,consensus=bad;level1=bad;level2=bad;level3=bad,graded,bad,0.012626,0.987374,0.000191,0.012436,
img_02158,bad,consensus=bad;level1=bad;level2=bad;level3=bad,graded,bad,0.026410,0.973590,0.000790,0.025621,
img_02159,bad,consensus=bad;level1=bad;level2=bad;level3=usable,graded,bad,0.156159,0.843841,0.012086,0.144072,
img_02160,usable,consensus=usable;level1=usable;level2=usable;level3=bad,graded,usable,0.904475,0.095525,0.152479,0.751996,
img_02161,usable,consensus=usable;level1=usable;level2=usable;level3=bad,graded,usable,0.669658,0.330342,0.028017,0.641642,
img_02162,bad,consensus=bad;level1=usable;level2=bad;level3=bad,graded,bad,0.457962,0.542038,0.001335,0.456627,
img_02163,bad,consensus=bad;level1=bad;level2=bad;level3=bad,graded,bad,0.069150,0.930850,0.004921,0.064229,
img_02164,bad,consensus=bad;level1=bad;level2=bad;level3=bad,graded,bad,0.022019,0.977981,0.001179,0.020839,
img_02165,usable,consensus=usable;level1=usable;level2=usable;level3=bad,graded,usable,0.955596,0.044404,0.465320,0.490275,
img_02166,usable,consensus=usable;level1=usable;level2=usable;level3=bad,graded,usable,0.800237,0.199763,0.120505,0.679732,
img_02167,usable,consensus=usable;level1=good;level2=usable;level3=usable,graded,usable,0.843263,0.156737,0.142307,0.700955,
img_02168,bad,consensus=bad;level1=usable;level2=bad;level3=bad,graded,bad,0.362258,0.637742,0.061751,0.300507,
img_02169,bad,consensus=bad;level1=bad;level2=bad;level3=bad,graded,bad,0.071006,0.928994,0.016244,0.054761,
img_02170,bad,consensus=bad;level1=bad;level2=bad;level3=bad,graded,bad,0.135031,0.864969,0.005266,0.129765,
img_02171,usable,consensus=usable;level1=good;level2=usable;level3=usable,graded,usable,0.758053,0.241947,0.138117,0.619935,
img_02175,usable,consensus=usable;level1=good;level2=usable;level3=usable,graded,usable,0.745901,0.254099,0.116579,0.629322,
img_02176,usable,consensus=usable;level1=usable;level2=usable;level3=usable,graded,usable,0.695542,0.304458,0.183146,0.512397,
img_02177,usable,consensus=usable;level1=usable;level2=usable;level3=usable,graded,usable,0.598917,0.401083,0.173432,0.425485,
img_02178,good,consensus=good;level1=good;level2=usable;level3=good,graded,good,0.998778,0.001222,0.969986,0.028792,
img_02179,good,consensus=good;level1=good;level2=good;level3=good,graded,good,0.982186,0.017814,0.714978,0.267209,
img_02180,usable,consensus=usable;level1=usable;level2=good;level3=usable,graded,usable,0.969931,0.030069,0.225459,0.744472,
img_02181,good,consensus=good;level1=good;level2=good;level3=usable,graded,usable,0.893082,0.106918,0.138919,0.754163,
img_02183,usable,consensus=usable;level1=usable;level2=usable;level3=usable,graded,usable,0.667347,0.332653,0.089760,0.577586,
img_02184,usable,consensus=usable;level1=usable;level2=usable;level3=usable,graded,good,0.992989,0.007011,0.790522,0.202467,
img_02185,usable,consensus=usable;level1=usable;level2=usable;level3=bad,graded,usable,0.814171,0.185829,0.044805,0.769367,
img_02186,usable,consensus=usable;level1=usable;level2=usable;level3=bad,graded,usable,0.721697,0.278303,0.098389,0.623308,
img_02187,usable,consensus=usable;level1=usable;level2=usable;level3=usable,graded,good,0.682400,0.317600,0.405234,0.277165,
img_02188,usable,consensus=usable;level1=usable;level2=usable;level3=usable,graded,good,0.774108,0.225892,0.444305,0.329803,
img_02189,bad,consensus=bad;level1=bad;level2=bad;level3=bad,graded,bad,0.058816,0.941184,0.000128,0.058688,
img_02190,bad,consensus=bad;level1=bad;level2=bad;level3=bad,graded,bad,0.157327,0.842673,0.000149,0.157178,
img_02191,usable,consensus=usable;level1=usable;level2=usable;level3=bad,graded,usable,0.862268,0.137732,0.074433,0.787835,
img_02192,usable,consensus=usable;level1=usable;level2=usable;level3=bad,graded,usable,0.877375,0.122625,0.077637,0.799738,
img_02193,bad,consensus=bad;level1=usable;level2=bad;level3=bad,graded,usable,0.719429,0.280571,0.006095,0.713334,
img_02194,bad,consensus=bad;level1=usable;level2=bad;level3=bad,graded,usable,0.747874,0.252126,0.026322,0.721553,
img_02195,usable,consensus=usable;level1=usable;level2=usable;level3=usable,graded,usable,0.726495,0.273505,0.019033,0.707462,
img_02196,bad,consensus=bad;level1=bad;level2=bad;level3=bad,graded,bad,0.320093,0.679907,0.000623,0.319470,
img_02197,good,consensus=good;level1=good;level2=good;level3=good,graded,good,0.998834,0.001166,0.960137,0.038697,
img_02198,usable,consensus=usable;level1=usable;level2=usable;level3=bad,graded,bad,0.381985,0.618015,0.040889,0.341097,
img_02199,bad,consensus=bad;level1=bad;level2=bad;level3=bad,graded,bad,0.048979,0.951021,0.001789,0.047191,
img_02201,good,consensus=good;level1=good;level2=good;level3=good,graded,usable,0.952820,0.047180,0.433435,0.519385,
img_02202,good,consensus=good;level1=good;level2=good;level3=good,graded,good,0.962777,0.037223,0.769781,0.192996,
img_02203,good,consensus=good;level1=good;level2=good;level3=good,graded,good,0.979197,0.020803,0.919956,0.059242,
img_02204,good,consensus=good;level1=good;level2=good;level3=good,graded,good,0.992091,0.007909,0.943907,0.048184,
img_02205,usable,consensus=usable;level1=usable;level2=usable;level3=bad,graded,usable,0.574794,0.425206,0.013452,0.561342,
img_02206,bad,consensus=bad;level1=bad;level2=bad;level3=bad,graded,bad,0.350550,0.649450,0.006768,0.343783,
img_02207,bad,consensus=bad;level1=usable;level2=bad;level3=bad,graded,usable,0.855074,0.144926,0.105643,0.749431,
img_02208,bad,consensus=bad;level1=usable;level2=bad;level3=bad,graded,bad,0.442188,0.557812,0.012259,0.429929,
img_02209,bad,consensus=bad;level1=usable;level2=bad;level3=bad,graded,usable,0.828357,0.171643,0.120709,0.707648,
img_02210,bad,consensus=bad;level1=bad;level2=bad;level3=bad,graded,usable,0.570480,0.429520,0.114122,0.456358,
img_02211,bad,consensus=bad;level1=usable;level2=bad;level3=bad,graded,bad,0.121978,0.878022,0.005590,0.116389,
img_02213,bad,consensus=bad;level1=bad;level2=bad;level3=bad,graded,bad,0.020950,0.979050,0.000276,0.020674,
img_02214,good,consensus=good;level1=good;level2=good;level3=good,graded,good,0.998548,0.001452,0.961008,0.037540,
img_02215,good,consensus=good;level1=good;level2=good;level3=good,graded,good,0.987943,0.012057,0.829937,0.158005,
img_02217,bad,consensus=bad;level1=bad;level2=bad;level3=bad,graded,bad,0.235792,0.764208,0.024655,0.211137,
img_02218,bad,consensus=bad;level1=bad;level2=bad;level3=bad,graded,bad,0.087359,0.912641,0.013044,0.074315,
img_02219,bad,consensus=bad;level1=bad;level2=bad;level3=bad,graded,bad,0.022734,0.977266,0.002572,0.020162,
img_02220,bad,consensus=bad;level1=bad;level2=bad;level3=bad,graded,bad,0.034190,0.965810,0.000604,0.033586,
img_02221,bad,consensus=bad;level1=usable;level2=bad;level3=bad,graded,bad,0.057748,0.942252,0.003725,0.054022,
img_02222,bad,consensus=bad;level1=usable;level2=bad;level3=bad,graded,bad,0.290824,0.709176,0.005777,0.285046,
img_02223,bad,consensus=bad;level1=usable;level2=bad;level3=bad,graded,bad,0.072314,0.927686,0.000647,0.071667,
img_02224,usable,consensus=usable;level1=usable;level2=usable;level3=usable,graded,good,0.994784,0.005216,0.974294,0.020490,
img_02225,usable,consensus=usable;level1=usable;level2=usable;level3=usable,graded,bad,0.377075,0.622925,0.102799,0.274276,
img_02226,usable,consensus=usable;level1=usable;level2=usable;level3=usable,graded,bad,0.574744,0.425256,0.160161,0.414583,
img_02227,good,consensus=good;level1=good;level2=good;level3=good,graded,good,0.999268,0.000732,0.963660,0.035608,
img_02228,good,consensus=good;level1=good;level2=good;level3=good,graded,good,0.995308,0.004692,0.921766,0.073542,
img_02229,bad,consensus=bad;level1=usable;level2=bad;level3=bad,graded,bad,0.266464,0.733536,0.003941,0.262523,
img_02230,bad,consensus=bad;level1=bad;level2=bad;level3=bad,graded,bad,0.152977,0.847023,0.000825,0.152152,
img_02231,usable,consensus=usable;level1=good;level2=usable;level3=usable,graded,good,0.965978,0.034022,0.805859,0.160119,
img_02232,bad,consensus=bad;level1=bad;level2=bad;level3=bad,graded,bad,0.019186,0.980814,0.000179,0.019007,
img_02233,good,consensus=good;level1=good;level2=good;level3=usable,graded,usable,0.908235,0.091765,0.443485,0.464750,
img_02234,good,consensus=good;level1=good;level2=good;level3=good,graded,good,0.975295,0.024705,0.822059,0.153236,
img_02235,bad,consensus=bad;level1=usable;level2=bad;level3=bad,graded,usable,0.658102,0.341898,0.012145,0.645957,
img_02237,usable,consensus=usable;level1=usable;level2=usable;level3=usable,graded,good,0.919109,0.080891,0.673881,0.245228,
img_02249,bad,consensus=bad;level1=bad;level2=bad;level3=bad,graded,bad,0.018163,0.981837,0.000324,0.017839,
img_02269,bad,consensus=bad;level1=bad;level2=bad;level3=bad,graded,bad,0.034466,0.965534,0.000526,0.033940,
img_02282,bad,consensus=bad;level1=bad;level2=bad;level3=bad,graded,bad,0.145607,0.854393,0.000362,0.145244,
img_02283,bad,consensus=bad;level1=bad;level2=bad;level3=bad,graded,bad,0.365115,0.634885,0.006322,0.358793,
img_02285,bad,consensus=bad;level1=bad;level2=bad;level3=bad,graded,bad,0.063627,0.936373,0.000900,0.062727,
img_02290,bad,consensus=bad;level1=bad;level2=usable;level3=bad,graded,bad,0.236706,0.763294,0.008111,0.228596,
img_02291,usable,consensus=usable;level1=good;level2=usable;level3=usable,graded,good,0.993170,0.006830,0.836067,0.157103,
img_02292,usable,consensus=usable;level1=usable;level2=usable;level3=bad,graded,usable,0.545506,0.454494,0.008067,0.537439,
img_02293,bad,consensus=bad;level1=bad;level2=bad;level3=bad,graded,bad,0.080764,0.919236,0.006569,0.074195,
img_02294,bad,consensus=bad;level1=bad;level2=bad;level3=bad,graded,bad,0.021029,0.978971,0.000322,0.020707,
img_02295,bad,consensus=bad;level1=bad;level2=usable;level3=bad,graded,bad,0.454795,0.545205,0.012494,0.442300,
img_02296,bad,consensus=bad;level1=usable;level2=bad;level3=bad,graded,usable,0.590401,0.409599,0.036054,0.554347,
img_02297,bad,consensus=bad;level1=bad;level2=bad;level3=bad,graded,bad,0.413987,0.586013,0.024287,0.389700,
img_02299,usable,consensus=usable;level1=usable;level2=bad;level3=usable,graded,bad,0.245357,0.754643,0.067667,0.177690,
img_02301,good,consensus=good;level1=good;level2=good;level3=good,graded,good,0.989345,0.010655,0.914377,0.074969,
img_02302,good,consensus=good;level1=good;level2=good;level3=good,graded,good,0.951273,0.048727,0.591082,0.360191,
img_02303,bad,consensus=bad;level1=usable;level2=bad;level3=bad,graded,bad,0.412205,0.587795,0.010992,0.401213,
img_02304,bad,consensus=bad;level1=usable;level2=bad;level3=bad,graded,bad,0.336431,0.663569,0.005522,0.330910,
img_02305,usable,consensus=usable;level1=usable;level2=usable;level3=usable,graded,bad,0.542207,0.457793,0.088375,0.453832,
img_02306,bad,consensus=bad;level1=bad;level2=bad;level3=bad,graded,bad,0.109360,0.890640,0.000270,0.109091,
img_02307,bad,consensus=bad;level1=bad;level2=bad;level3=bad,graded,bad,0.060226,0.939774,0.012812,0.047414,
img_02308,bad,consensus=bad;level1=usable;level2=bad;level3=bad,graded,usable,0.849490,0.150510,0.121844,0.727645,
img_02309,bad,consensus=bad;level1=bad;level2=bad;level3=bad,graded,bad,0.085881,0.914119,0.000854,0.085027,
img_02310,bad,consensus=bad;level1=bad;level2=bad;level3=bad,graded,bad,0.011869,0.988131,0.000153,0.011717,
img_02311,bad,consensus=bad;level1=bad;level2=bad;level3=bad,graded,bad,0.011012,0.988988,0.000156,0.010856,
img_02312,bad,consensus=bad;level1=bad;level2=bad;level3=bad,graded,bad,0.056166,0.943834,0.000333,0.055833,
img_02313,usable,consensus=usable;level1=usable;level2=usable;level3=bad,graded,bad,0.397602,0.602398,0.010502,0.387100,
img_02314,usable,consensus=usable;level1=usable;level2=usable;level3=bad,graded,usable,0.743997,0.256003,0.168626,0.575371,
img_02315,usable,consensus=usable;level1=good;level2=usable;level3=usable,graded,usable,0.699321,0.300679,0.141257,0.558064,
img_02316,good,consensus=good;level1=good;level2=good;level3=good,graded,good,0.938150,0.061850,0.703514,0.234636,
img_02317,good,consensus=good;level1=good;level2=good;level3=good,graded,good,0.993915,0.006085,0.921326,0.072590,
img_02318,good,consensus=good;level1=good;level2=good;level3=usable,graded,good,0.976731,0.023269,0.864880,0.111851,
img_02319,good,consensus=good;level1=good;level2=good;level3=usable,graded,good,0.867436,0.132564,0.442459,0.424977,
img_02320,good,consensus=good;level1=good;level2=good;level3=good,graded,good,0.998796,0.001204,0.954477,0.044319,
img_02321,good,consensus=good;level1=good;level2=good;level3=good,graded,good,0.998435,0.001565,0.971811,0.026624,
img_02322,good,consensus=good;level1=good;level2=good;level3=usable,graded,good,0.987009,0.012991,0.877366,0.109643,
img_02323,bad,consensus=bad;level1=bad;level2=bad;level3=bad,graded,bad,0.044671,0.955329,0.001041,0.043630,
img_02324,bad,consensus=bad;level1=usable;level2=bad;level3=bad,graded,bad,0.341033,0.658967,0.031697,0.309335,
img_02325,bad,consensus=bad;level1=bad;level2=bad;level3=bad,graded,bad,0.052537,0.947463,0.009770,0.042767,
img_02326,bad,consensus=bad;level1=bad;level2=bad;level3=bad,graded,bad,0.045957,0.954043,0.000982,0.044976,
img_02327,bad,consensus=bad;level1=bad;level2=bad;level3=bad,graded,bad,0.086783,0.913217,0.003160,0.083624,
img_02328,bad,consensus=bad;level1=bad;level2=bad;level3=bad,graded,bad,0.066526,0.933474,0.014554,0.051972,
img_02329,usable,consensus=usable;level1=usable;level2=usable;level3=bad,graded,usable,0.610305,0.389695,0.083005,0.527300,
img_02330,bad,consensus=bad;level1=usable;level2=bad;level3=bad,graded,bad,0.454942,0.545058,0.023071,0.431871,
img_02331,usable,consensus=usable;level1=usable;level2=usable;level3=bad,graded,usable,0.552281,0.447719,0.074045,0.478235,
img_02332,usable,consensus=usable;level1=usable;level2=usable;level3=bad,graded,bad,0.047607,0.952393,0.000919,0.046688,
img_02333,bad,consensus=bad;level1=bad;level2=usable;level3=bad,graded,bad,0.013563,0.986437,0.000095,0.013467,
img_02334,good,consensus=good;level1=good;level2=good;level3=good,graded,good,0.998175,0.001825,0.989247,0.008927,
img_02335,good,consensus=good;level1=good;level2=good;level3=good,graded,good,0.999768,0.000232,0.997241,0.002527,
img_02336,usable,consensus=usable;level1=usable;level2=usable;level3=usable,graded,good,0.984869,0.015131,0.874661,0.110208,
img_02337,usable,consensus=usable;level1=good;level2=usable;level3=usable,graded,usable,0.580139,0.419861,0.141478,0.438661,
img_02338,bad,consensus=bad;level1=bad;level2=bad;level3=bad,graded,bad,0.503879,0.496121,0.045096,0.458784,
img_02339,bad,consensus=bad;level1=bad;level2=bad;level3=bad,graded,bad,0.420370,0.579630,0.019630,0.400740,
img_02340,bad,consensus=bad;level1=bad;level2=bad;level3=bad,graded,bad,0.014982,0.985018,0.001026,0.013956,
img_02342,bad,consensus=bad;level1=bad;level2=bad;level3=bad,graded,bad,0.019245,0.980755,0.002741,0.016504,
img_02343,bad,consensus=bad;level1=bad;level2=bad;level3=bad,graded,bad,0.047568,0.952432,0.001389,0.046179,
img_02344,bad,consensus=bad;level1=bad;level2=bad;level3=bad,graded,bad,0.156070,0.843930,0.015568,0.140502,
img_02345,good,consensus=good;level1=good;level2=good;level3=good,graded,good,0.948044,0.051956,0.704148,0.243897,
img_02346,good,consensus=good;level1=good;level2=good;level3=usable,graded,usable,0.822800,0.177200,0.055558,0.767242,
img_02347,bad,consensus=bad;level1=bad;level2=bad;level3=bad,graded,bad,0.019802,0.980198,0.000247,0.019555,
img_02358,bad,consensus=bad;level1=usable;level2=bad;level3=bad,graded,bad,0.092068,0.907932,0.002854,0.089214,
img_02368,usable,consensus=usable;level1=usable;level2=usable;level3=usable,graded,usable,0.900309,0.099691,0.242522,0.657787,
img_02369,good,consensus=good;level1=good;level2=good;level3=good,graded,good,0.998253,0.001747,0.936715,0.061539,
img_02371,good,consensus=good;level1=good;level2=good;level3=good,graded,usable,0.899481,0.100519,0.326414,0.573066,
img_02372,good,consensus=good;level1=good;level2=good;level3=good,graded,good,0.994145,0.005855,0.908813,0.085332,
img_02373,good,consensus=good;level1=good;level2=good;level3=good,graded,good,0.993509,0.006491,0.849448,0.144060,
img_02374,bad,consensus=bad;level1=bad;level2=bad;level3=bad,graded,bad,0.012192,0.987808,0.000309,0.011883,
img_02375,usable,consensus=usable;level1=usable;level2=usable;level3=bad,graded,usable,0.621909,0.378091,0.030976,0.590933,
img_02376,usable,consensus=usable;level1=usable;level2=usable;level3=bad,graded,usable,0.851488,0.148512,0.153146,0.698342,
img_02378,bad,consensus=bad;level1=bad;level2=usable;level3=bad,graded,bad,0.062882,0.937118,0.002882,0.060000,
img_02382,bad,consensus=bad;level1=bad;level2=bad;level3=bad,graded,bad,0.005423,0.994577,0.000070,0.005353,
img_02387,usable,consensus=usable;level1=usable;level2=usable;level3=usable,graded,usable,0.919722,0.080278,0.292975,0.626747,
img_02389,bad,consensus=bad;level1=bad;level2=bad;level3=bad,graded,bad,0.285278,0.714722,0.023497,0.261782,
img_02390,usable,consensus=usable;level1=usable;level2=usable;level3=usable,graded,good,0.997753,0.002247,0.967848,0.029905,
img_02391,bad,consensus=bad;level1=bad;level2=bad;level3=bad,graded,bad,0.351123,0.648877,0.019918,0.331205,
img_02392,bad,consensus=bad;level1=bad;level2=bad;level3=bad,graded,bad,0.159251,0.840749,0.003354,0.155897,
img_02393,bad,consensus=bad;level1=bad;level2=bad;level3=bad,graded,usable,0.750123,0.249877,0.010612,0.739511,
img_02394,bad,consensus=bad;level1=bad;level2=usable;level3=bad,graded,usable,0.707644,0.292356,0.011788,0.695856,
img_02395,usable,consensus=usable;level1=usable;level2=good;level3=usable,graded,usable,0.778680,0.221320,0.308999,0.469681,
img_02396,usable,consensus=usable;level1=usable;level2=good;level3=usable,graded,good,0.862106,0.137894,0.490852,0.371253,
img_02397,usable,consensus=usable;level1=usable;level2=usable;level3=usable,graded,good,0.959680,0.040320,0.595456,0.364224,
img_02398,usable,consensus=usable;level1=good;level2=usable;level3=usable,graded,good,0.976281,0.023719,0.740524,0.235757,
img_02399,bad,consensus=bad;level1=usable;level2=bad;level3=bad,graded,bad,0.434887,0.565113,0.001949,0.432938,
img_02400,bad,consensus=bad;level1=usable;level2=bad;level3=bad,graded,usable,0.621714,0.378286,0.034412,0.587302,
img_02404,usable,consensus=usable;level1=usable;level2=usable;level3=bad,graded,bad,0.262863,0.737137,0.024025,0.238838,
img_02405,bad,consensus=bad;level1=usable;level2=bad;level3=bad,graded,bad,0.291453,0.708547,0.009116,0.282337,
img_02406,bad,consensus=bad;level1=bad;level2=bad;level3=bad,graded,bad,0.096118,0.903882,0.000654,0.095465,
img_02407,bad,consensus=bad;level1=bad;level2=bad;level3=bad,graded,bad,0.110671,0.889329,0.001263,0.109408,
img_02408,good,consensus=good;level1=good;level2=good;level3=good,graded,good,0.999305,0.000695,0.984438,0.014867,
img_02420,usable,consensus=usable;level1=usable;level2=usable;level3=bad,graded,usable,0.586452,0.413548,0.092124,0.494328,
img_02421,usable,consensus=usable;level1=usable;level2=usable;level3=bad,graded,usable,0.702205,0.297795,0.199956,0.502249,
img_02427,good,consensus=good;level1=good;level2=good;level3=good,graded,good,0.996976,0.003024,0.980728,0.016248,
img_02428,good,consensus=good;level1=good;level2=good;level3=good,graded,good,0.979351,0.020649,0.872248,0.107104,
img_02429,usable,consensus=usable;level1=usable;level2=usable;level3=usable,graded,good,0.759413,0.240587,0.605394,0.154019,
img_02431,usable,consensus=usable;level1=usable;level2=usable;level3=usable,graded,usable,0.761438,0.238562,0.267668,0.493770,
img_02433,good,consensus=good;level1=good;level2=usable;level3=good,graded,good,0.994771,0.005229,0.928506,0.066265,
img_02434,bad,consensus=bad;level1=bad;level2=bad;level3=bad,graded,bad,0.013253,0.986747,0.000417,0.012836,
img_02435,bad,consensus=bad;level1=bad;level2=bad;level3=bad,graded,bad,0.003745,0.996255,0.000062,0.003683,
img_02436,bad,consensus=bad;level1=bad;level2=bad;level3=bad,graded,bad,0.493952,0.506048,0.054144,0.439809,
img_02437,bad,consensus=bad;level1=bad;level2=bad;level3=bad,graded,usable,0.572486,0.427514,0.024705,0.547780,
img_02438,usable,consensus=usable;level1=usable;level2=bad;level3=usable,graded,usable,0.745625,0.254375,0.275915,0.469710,
img_02439,bad,consensus=bad;level1=bad;level2=bad;level3=bad,graded,bad,0.291378,0.708622,0.022858,0.268519,
img_02440,bad,consensus=bad;level1=bad;level2=good;level3=bad,graded,bad,0.233995,0.766005,0.112123,0.121872,
img_02441,bad,consensus=bad;level1=bad;level2=usable;level3=bad,graded,good,0.916577,0.083423,0.747351,0.169226,
img_02442,usable,consensus=usable;level1=good;level2=usable;level3=usable,graded,usable,0.829016,0.170984,0.315301,0.513715,
img_02443,usable,consensus=usable;level1=usable;level2=usable;level3=usable,graded,usable,0.851938,0.148062,0.109644,0.742294,
img_02444,bad,consensus=bad;level1=bad;level2=bad;level3=bad,graded,bad,0.014404,0.985596,0.000197,0.014207,
img_02445,bad,consensus=bad;level1=bad;level2=bad;level3=bad,graded,bad,0.025907,0.974093,0.000332,0.025575,
img_02446,good,consensus=good;level1=good;level2=good;level3=good,graded,usable,0.875853,0.124147,0.427023,0.448830,
img_02447,good,consensus=good;level1=good;level2=good;level3=good,graded,good,0.926078,0.073922,0.573575,0.352503,
img_02448,usable,consensus=usable;level1=usable;level2=usable;level3=bad,graded,usable,0.631962,0.368038,0.194919,0.437043,
img_02449,good,consensus=good;level1=good;level2=good;level3=usable,graded,usable,0.695799,0.304201,0.231695,0.464104,
img_02450,bad,consensus=bad;level1=bad;level2=bad;level3=bad,graded,bad,0.045495,0.954505,0.004228,0.041267,
img_02451,bad,consensus=bad;level1=bad;level2=bad;level3=bad,graded,bad,0.028616,0.971384,0.002819,0.025797,
img_02452,usable,consensus=usable;level1=usable;level2=usable;level3=usable,graded,bad,0.420223,0.579777,0.001705,0.418518,
img_02453,good,consensus=good;level1=good;level2=good;level3=good,graded,good,0.999124,0.000876,0.969795,0.029328,
img_02454,good,consensus=good;level1=good;level2=good;level3=good,graded,good,0.981342,0.018658,0.816693,0.164649,
img_02455,usable,consensus=usable;level1=usable;level2=good;level3=usable,graded,usable,0.904726,0.095274,0.249268,0.655458,
img_02456,bad,consensus=bad;level1=bad;level2=bad;level3=bad,graded,bad,0.051051,0.948949,0.004714,0.046337,
img_02459,good,consensus=good;level1=good;level2=usable;level3=good,graded,good,0.961553,0.038447,0.802862,0.158691,
img_02460,usable,consensus=usable;level1=good;level2=usable;level3=usable,graded,usable,0.977981,0.022019,0.228181,0.749801,
img_02461,bad,consensus=bad;level1=bad;level2=bad;level3=bad,graded,bad,0.015259,0.984741,0.001191,0.014068,
img_02463,bad,consensus=bad;level1=bad;level2=bad;level3=bad,graded,bad,0.052086,0.947914,0.009088,0.042998,
img_02464,bad,consensus=bad;level1=usable;level2=bad;level3=bad,graded,bad,0.389045,0.610955,0.010157,0.378888,
img_02465,bad,consensus=bad;level1=bad;level2=bad;level3=bad,graded,bad,0.013703,0.986297,0.000174,0.013529,
img_02466,usable,consensus=usable;level1=usable;level2=usable;level3=bad,graded,bad,0.443293,0.556707,0.032051,0.411242,
img_02467,good,consensus=good;level1=good;level2=usable;level3=good,graded,usable,0.761885,0.238115,0.299608,0.462277,
img_02468,bad,consensus=bad;level1=bad;level2=bad;level3=bad,graded,bad,0.041056,0.958944,0.000706,0.040350,
img_02469,bad,consensus=bad;level1=bad;level2=bad;level3=bad,graded,bad,0.191218,0.808782,0.000405,0.190812,
img_02470,usable,consensus=usable;level1=bad;level2=usable;level3=usable,graded,bad,0.210203,0.789797,0.055809,0.154394,
img_02471,bad,consensus=bad;level1=bad;level2=bad;level3=bad,graded,bad,0.099517,0.900483,0.003516,0.096000,
img_02472,bad,consensus=bad;level1=bad;level2=bad;level3=bad,graded,bad,0.075391,0.924609,0.017863,0.057528,
img_02473,bad,consensus=bad;level1=bad;level2=usable;level3=bad,graded,bad,0.207648,0.792352,0.011839,0.195809,
img_02474,bad,consensus=bad;level1=bad;level2=usable;level3=bad,graded,bad,0.153095,0.846905,0.009415,0.143680,
img_02475,bad,consensus=bad;level1=bad;level2=bad;level3=bad,graded,bad,0.147824,0.852176,0.001655,0.146169,
img_02476,bad,consensus=bad;level1=bad;level2=bad;level3=bad,graded,bad,0.126944,0.873056,0.003957,0.122987,
img_02477,bad,consensus=bad;level1=bad;level2=usable;level3=bad,graded,usable,0.713769,0.286231,0.125258,0.588510,
img_02480,bad,consensus=bad;level1=usable;level2=bad;level3=bad,graded,good,0.952192,0.047808,0.867869,0.084323,
img_02481,bad,consensus=bad;level1=bad;level2=bad;level3=bad,graded,good,0.994115,0.005885,0.873574,0.120541,
img_02482,good,consensus=good;level1=good;level2=good;level3=good,graded,good,0.998661,0.001339,0.940227,0.058435,
img_02483,good,consensus=good;level1=usable;level2=good;level3=good,graded,good,0.998505,0.001495,0.963411,0.035093,
img_02484,good,consensus=good;level1=good;level2=good;level3=usable,graded,good,0.991797,0.008203,0.915358,0.076439,
img_02485,good,consensus=good;level1=good;level2=usable;level3=good,graded,good,0.973162,0.026838,0.719358,0.253804,
img_02486,usable,consensus=usable;level1=good;level2=usable;level3=usable,graded,usable,0.793699,0.206301,0.060084,0.733616,
img_02487,usable,consensus=usable;level1=good;level2=usable;level3=usable,graded,good,0.979971,0.020029,0.849036,0.130935,
img_02488,usable,consensus=usable;level1=good;level2=usable;level3=usable,graded,good,0.944176,0.055824,0.543388,0.400788,
img_02489,good,consensus=good;level1=good;level2=bad;level3=good,graded,good,0.959706,0.040294,0.695550,0.264156,
img_02490,usable,consensus=usable;level1=usable;level2=usable;level3=bad,graded,bad,0.371985,0.628015,0.030609,0.341376,
img_02491,bad,consensus=bad;level1=usable;level2=bad;level3=bad,graded,bad,0.313159,0.686841,0.009253,0.303906,
img_02492,usable,consensus=usable;level1=usable;level2=usable;level3=usable,graded,usable,0.913226,0.086774,0.176090,0.737136,
img_02493,usable,consensus=usable;level1=usable;level2=usable;level3=usable,graded,usable,0.921858,0.078142,0.193676,0.728181,
img_02494,usable,consensus=usable;level1=good;level2=usable;level3=usable,graded,usable,0.893117,0.106883,0.362223,0.530894,
img_02495,usable,consensus=usable;level1=good;level2=usable;level3=usable,graded,usable,0.983986,0.016014,0.240904,0.743082,
img_02496,good,consensus=good;level1=good;level2=good;level3=usable,graded,good,0.983097,0.016903,0.614652,0.368445,
img_02497,usable,consensus=usable;level1=good;level2=usable;level3=usable,graded,usable,0.925622,0.074378,0.454012,0.471610,
img_02498,usable,consensus=usable;level1=good;level2=usable;level3=usable,graded,usable,0.960307,0.039693,0.328877,0.631430,
img_02499,good,consensus=good;level1=good;level2=good;level3=usable,graded,good,0.960130,0.039870,0.791175,0.168955,
img_02500,usable,consensus=usable;level1=good;level2=usable;level3=usable,graded,usable,0.757403,0.242597,0.082038,0.675365,
img_02503,bad,consensus=bad;level1=usable;level2=bad;level3=bad,graded,usable,0.545282,0.454718,0.085116,0.460167,
img_02504,usable,consensus=usable;level1=usable;level2=usable;level3=bad,graded,usable,0.592345,0.407655,0.042429,0.549916,
img_02505,usable,consensus=usable;level1=usable;level2=good;level3=usable,graded,bad,0.620637,0.379363,0.248794,0.371843,
img_02506,usable,consensus=usable;level1=usable;level2=good;level3=usable,graded,bad,0.421320,0.578680,0.027887,0.393432,
img_02507,good,consensus=good;level1=good;level2=good;level3=usable,graded,good,0.996284,0.003716,0.756164,0.240120,
img_02508,usable,consensus=usable;level1=usable;level2=usable;level3=usable,graded,good,0.728120,0.271880,0.387715,0.340405,
img_02509,bad,consensus=bad;level1=bad;level2=bad;level3=bad,graded,bad,0.108478,0.891522,0.023271,0.085206,
img_02510,usable,consensus=usable;level1=usable;level2=usable;level3=bad,graded,good,0.947001,0.052999,0.548615,0.398385,
img_02511,usable,consensus=usable;level1=good;level2=usable;level3=usable,graded,good,0.993187,0.006813,0.814233,0.178954,
img_02512,good,consensus=good;level1=good;level2=good;level3=good,graded,good,0.999000,0.001000,0.936144,0.062857,
img_02513,good,consensus=good;level1=good;level2=good;level3=good,graded,good,0.991917,0.008083,0.778713,0.213205,
img_02514,bad,consensus=bad;level1=bad;level2=usable;level3=bad,graded,bad,0.069848,0.930152,0.006180,0.063668,
img_02515,good,consensus=good;level1=good;level2=usable;level3=good,graded,good,0.993234,0.006766,0.924943,0.068290,
img_02516,good,consensus=good;level1=usable;level2=good;level3=good,graded,good,0.999843,0.000157,0.979604,0.020239,
img_02517,good,consensus=good;level1=good;level2=good;level3=good,graded,good,0.999720,0.000280,0.985611,0.014109,
img_02518,bad,consensus=bad;level1=bad;level2=bad;level3=bad,graded,bad,0.051386,0.948614,0.001360,0.050026,
img_02519,usable,consensus=usable;level1=usable;level2=usable;level3=bad,graded,usable,0.801079,0.198921,0.191758,0.609322,
img_02520,good,consensus=good;level1=usable;level2=good;level3=good,graded,good,0.663039,0.336961,0.377771,0.285268,
img_02522,good,consensus=good;level1=good;level2=good;level3=good,graded,usable,0.968360,0.031640,0.469852,0.498508,
img_02523,good,consensus=good;level1=good;level2=good;level3=good,graded,usable,0.938671,0.061329,0.272534,0.666137,
img_02524,bad,consensus=bad;level1=bad;level2=bad;level3=bad,graded,bad,0.029624,0.970376,0.000513,0.029111,
img_02525,usable,consensus=usable;level1=good;level2=usable;level3=usable,graded,usable,0.891783,0.108217,0.089824,0.801959,
img_02526,bad,consensus=bad;level1=bad;level2=bad;level3=bad,graded,bad,0.306857,0.693143,0.031144,0.275713,
img_02527,bad,consensus=bad;level1=bad;level2=bad;level3=bad,graded,bad,0.509783,0.490217,0.161592,0.348191,
img_02528,bad,consensus=bad;level1=bad;level2=bad;level3=bad,graded,bad,0.075186,0.924814,0.018328,0.056858,
img_02529,bad,consensus=bad;level1=bad;level2=bad;level3=bad,graded,bad,0.046933,0.953067,0.007375,0.039558,
img_02531,good,consensus=good;level1=good;level2=good;level3=good,graded,good,0.993094,0.006906,0.933311,0.059783,
img_02532,good,consensus=good;level1=good;level2=good;level3=good,graded,good,0.960037,0.039963,0.661927,0.298110,
img_02533,usable,consensus=usable;level1=good;level2=usable;level3=usable,graded,bad,0.535399,0.464601,0.119903,0.415496,
img_02534,usable,consensus=usable;level1=good;level2=usable;level3=usable,graded,usable,0.701450,0.298550,0.076032,0.625419,
img_02535,good,consensus=good;level1=good;level2=good;level3=good,graded,good,0.808402,0.191598,0.536651,0.271751,
img_02536,bad,consensus=bad;level1=bad;level2=usable;level3=bad,graded,bad,0.238337,0.761663,0.004528,0.233810,
img_02537,bad,consensus=bad;level1=bad;level2=bad;level3=bad,graded,bad,0.020103,0.979897,0.000512,0.019591,
img_02538,usable,consensus=usable;level1=usable;level2=bad;level3=usable,graded,usable,0.716373,0.283627,0.084223,0.632150,
img_02539,bad,consensus=bad;level1=usable;level2=bad;level3=bad,graded,bad,0.293424,0.706576,0.007296,0.286128,
img_02540,usable,consensus=usable;level1=usable;level2=usable;level3=bad,graded,bad,0.428816,0.571184,0.044969,0.383847,
img_02543,usable,consensus=usable;level1=usable;level2=usable;level3=usable,graded,usable,0.858433,0.141567,0.362007,0.496425,
img_02544,usable,consensus=usable;level1=usable;level2=good;level3=usable,graded,good,0.865192,0.134808,0.556793,0.308398,
img_02545,usable,consensus=usable;level1=usable;level2=usable;level3=usable,graded,good,0.900946,0.099054,0.478068,0.422878,
img_02546,usable,consensus=usable;level1=usable;level2=good;level3=usable,graded,good,0.949112,0.050888,0.734184,0.214929,
img_02547,bad,consensus=bad;level1=bad;level2=bad;level3=bad,graded,bad,0.101826,0.898174,0.002513,0.099313,
img_02548,usable,consensus=usable;level1=usable;level2=good;level3=usable,graded,usable,0.540489,0.459511,0.062152,0.478337,
img_02549,usable,consensus=usable;level1=usable;level2=usable;level3=bad,graded,bad,0.418803,0.581197,0.023401,0.395402,
img_02550,usable,consensus=usable;level1=usable;level2=usable;level3=bad,graded,usable,0.676650,0.323350,0.008881,0.667769,
img_02551,usable,consensus=usable;level1=usable;level2=usable;level3=usable,graded,usable,0.916343,0.083657,0.455368,0.460975,
img_02552,usable,consensus=usable;level1=good;level2=usable;level3=usable,graded,good,0.797194,0.202806,0.505762,0.291432,
img_02553,usable,consensus=usable;level1=usable;level2=usable;level3=usable,graded,usable,0.908446,0.091554,0.196382,0.712064,
img_02554,usable,consensus=usable;level1=usable;level2=good;level3=usable,graded,usable,0.897854,0.102146,0.398457,0.499396,
img_02555,bad,consensus=bad;level1=bad;level2=bad;level3=bad,graded,bad,0.024210,0.975790,0.000281,0.023930,
img_02556,usable,consensus=usable;level1=usable;level2=usable;level3=usable,graded,bad,0.425303,0.574697,0.070653,0.354650,
img_02557,bad,consensus=bad;level1=bad;level2=bad;level3=bad,graded,bad,0.010144,0.989856,0.000394,0.009751,
img_02559,bad,consensus=bad;level1=bad;level2=bad;level3=bad,graded,bad,0.015701,0.984299,0.000516,0.015185,
img_02560,usable,consensus=usable;level1=usable;level2=good;level3=usable,graded,good,0.924548,0.075452,0.476965,0.447584,
img_02561,usable,consensus=usable;level1=usable;level2=usable;level3=usable,graded,usable,0.889753,0.110247,0.378505,0.511248,
img_02562,bad,consensus=bad;level1=bad;level2=bad;level3=bad,graded,bad,0.084723,0.915277,0.000069,0.084654,
img_02563,usable,consensus=usable;level1=usable;level2=usable;level3=usable,graded,usable,0.542208,0.457792,0.053016,0.489192,
img_02564,usable,consensus=usable;level1=usable;level2=usable;level3=usable,graded,bad,0.400499,0.599501,0.130671,0.269827,
img_02565,usable,consensus=usable;level1=good;level2=usable;level3=usable,graded,good,0.993108,0.006892,0.933856,0.059253,
img_02566,good,consensus=good;level1=good;level2=good;level3=usable,graded,good,0.986782,0.013218,0.882496,0.104286,
img_02567,usable,consensus=usable;level1=usable;level2=usable;level3=good,graded,good,0.917741,0.082259,0.618082,0.299659,
img_02568,usable,consensus=usable;level1=usable;level2=usable;level3=usable,graded,good,0.862899,0.137101,0.508321,0.354578,
img_02569,usable,consensus=usable;level1=usable;level2=usable;level3=bad,graded,bad,0.386403,0.613597,0.032971,0.353432,
img_02570,usable,consensus=usable;level1=usable;level2=usable;level3=bad,graded,usable,0.652121,0.347879,0.038914,0.613207,
img_02571,usable,consensus=usable;level1=good;level2=usable;level3=usable,graded,good,0.912453,0.087547,0.484786,0.427667,
img_02572,usable,consensus=usable;level1=good;level2=usable;level3=usable,graded,usable,0.747133,0.252867,0.262859,0.484274,
img_02573,bad,consensus=bad;level1=bad;level2=bad;level3=bad,graded,bad,0.032962,0.967038,0.000816,0.032146,
img_02574,bad,consensus=bad;level1=bad;level2=bad;level3=bad,graded,bad,0.016467,0.983533,0.000254,0.016213,
img_02575,good,consensus=good;level1=good;level2=good;level3=good,graded,good,0.994066,0.005934,0.853512,0.140554,
img_02576,good,consensus=good;level1=good;level2=good;level3=good,graded,good,0.985897,0.014103,0.773243,0.212655,
img_02577,good,consensus=good;level1=good;level2=good;level3=good,graded,good,0.964656,0.035344,0.886829,0.077827,
img_02578,usable,consensus=usable;level1=usable;level2=bad;level3=usable,graded,good,0.751412,0.248588,0.454602,0.296810,
img_02579,bad,consensus=bad;level1=usable;level2=bad;level3=bad,graded,usable,0.838093,0.161907,0.175553,0.662541,
img_02580,bad,consensus=bad;level1=bad;level2=bad;level3=bad,graded,bad,0.278588,0.721412,0.004505,0.274083,
img_02581,bad,consensus=bad;level1=bad;level2=bad;level3=bad,graded,bad,0.087133,0.912867,0.023748,0.063385,
img_02582,bad,consensus=bad;level1=bad;level2=bad;level3=bad,graded,bad,0.048557,0.951443,0.002480,0.046077,
img_02583,good,consensus=good;level1=good;level2=good;level3=usable,graded,bad,0.369775,0.630225,0.175046,0.194729,
img_02584,bad,consensus=bad;level1=usable;level2=bad;level3=bad,graded,bad,0.205915,0.794085,0.030128,0.175788,
img_02587,usable,consensus=usable;level1=usable;level2=usable;level3=usable,graded,usable,0.757689,0.242311,0.025268,0.732421,
img_02588,usable,consensus=usable;level1=usable;level2=usable;level3=bad,graded,usable,0.754840,0.245160,0.014072,0.740769,
img_02589,usable,consensus=usable;level1=good;level2=usable;level3=usable,graded,good,0.994641,0.005359,0.910350,0.084291,
img_02590,good,consensus=good;level1=good;level2=good;level3=good,graded,good,0.998938,0.001062,0.972463,0.026475,
img_02591,good,consensus=good;level1=good;level2=good;level3=good,graded,good,0.975452,0.024548,0.807396,0.168057,
img_02592,good,consensus=good;level1=good;level2=good;level3=good,graded,good,0.963434,0.036566,0.870655,0.092779,
img_02593,usable,consensus=usable;level1=good;level2=usable;level3=usable,graded,bad,0.485567,0.514433,0.233273,0.252294,
img_02594,usable,consensus=usable;level1=usable;level2=usable;level3=bad,graded,usable,0.546118,0.453882,0.030188,0.515930,
img_02595,good,consensus=good;level1=good;level2=good;level3=usable,graded,good,0.990744,0.009256,0.807325,0.183419,
img_02597,bad,consensus=bad;level1=usable;level2=bad;level3=bad,graded,good,0.955689,0.044311,0.701567,0.254122,
img_02599,bad,consensus=bad;level1=usable;level2=bad;level3=bad,graded,bad,0.145359,0.854641,0.004990,0.140369,
img_02600,bad,consensus=bad;level1=usable;level2=bad;level3=bad,graded,bad,0.210796,0.789204,0.002423,0.208372,
img_02601,bad,consensus=bad;level1=bad;level2=bad;level3=bad,graded,bad,0.345149,0.654851,0.004770,0.340379,
img_02602,good,consensus=good;level1=good;level2=usable;level3=good,graded,good,0.988381,0.011619,0.804768,0.183613,
img_02603,good,consensus=good;level1=good;level2=good;level3=good,graded,good,0.979660,0.020340,0.728114,0.251546,
img_02604,good,consensus=good;level1=good;level2=good;level3=good,graded,good,0.998561,0.001439,0.949072,0.049489,
img_02605,bad,consensus=bad;level1=bad;level2=bad;level3=bad,graded,bad,0.304219,0.695781,0.011251,0.292968,
img_02606,usable,consensus=usable;level1=good;level2=usable;level3=usable,graded,good,0.904390,0.095610,0.492617,0.411773,
img_02607,bad,consensus=bad;level1=bad;level2=usable;level3=bad,graded,usable,0.585997,0.414003,0.032452,0.553545,
img_02608,usable,consensus=usable;level1=usable;level2=usable;level3=usable,graded,usable,0.818670,0.181330,0.065305,0.753365,
img_02609,usable,consensus=usable;level1=usable;level2=usable;level3=bad,graded,usable,0.533580,0.466420,0.029260,0.504321,
img_02610,usable,consensus=usable;level1=usable;level2=usable;level3=usable,graded,usable,0.565025,0.434975,0.051669,0.513357,
img_02611,usable,consensus=usable;level1=usable;level2=usable;level3=usable,graded,bad,0.269656,0.730344,0.016695,0.252961,
img_02612,bad,consensus=bad;level1=bad;level2=bad;level3=bad,graded,bad,0.223091,0.776909,0.000786,0.222305,
img_02652,usable,consensus=usable;level1=usable;level2=usable;level3=good,graded,good,0.992906,0.007094,0.959426,0.033480,
img_02656,usable,consensus=usable;level1=usable;level2=usable;level3=good,graded,good,0.984509,0.015491,0.960753,0.023756,
img_02724,usable,consensus=usable;level1=good;level2=usable;level3=usable,graded,good,0.996059,0.003941,0.922404,0.073654,
img_02743,bad,consensus=bad;level1=bad;level2=bad;level3=bad,graded,bad,0.046580,0.953420,0.001191,0.045388,
img_02744,bad,consensus=bad;level1=bad;level2=bad;level3=bad,graded,bad,0.271875,0.728125,0.012440,0.259435,
img_02745,usable,consensus=usable;level1=usable;level2=usable;level3=bad,graded,usable,0.884494,0.115506,0.393661,0.490833,
img_02747,bad,consensus=bad;level1=bad;level2=bad;level3=bad,graded,bad,0.131686,0.868314,0.036137,0.095549,
img_02748,usable,consensus=usable;level1=usable;level2=good;level3=usable,graded,usable,0.812085,0.187915,0.160796,0.651288,
img_02749,usable,consensus=usable;level1=usable;level2=good;level3=usable,graded,usable,0.628920,0.371080,0.043772,0.585148,
img_02750,usable,consensus=usable;level1=good;level2=usable;level3=usable,graded,good,0.754333,0.245667,0.425939,0.328394,
img_02751,bad,consensus=bad;level1=bad;level2=usable;level3=bad,graded,bad,0.351961,0.648039,0.054040,0.297921,
img_02752,usable,consensus=usable;level1=usable;level2=usable;level3=usable,graded,bad,0.497556,0.502444,0.084459,0.413097,
img_02763,bad,consensus=bad;level1=bad;level2=bad;level3=bad,graded,bad,0.024553,0.975447,0.000363,0.024191,
img_02829,usable,consensus=usable;level1=usable;level2=usable;level3=good,graded,good,0.973710,0.026290,0.767678,0.206032,
img_02873,bad,consensus=bad;level1=bad;level2=bad;level3=bad,graded,bad,0.036370,0.963630,0.003326,0.033044,
img_02909,bad,consensus=bad;level1=bad;level2=bad;level3=usable,graded,bad,0.127897,0.872103,0.005721,0.122176,
img_03128,usable,consensus=usable;level1=bad;level2=usable;level3=usable,graded,bad,0.130065,0.869935,0.014730,0.115335,
img_03178,usable,consensus=usable;level1=bad;level2=usable;level3=usable,graded,bad,0.116414,0.883586,0.000812,0.115602,
img_03189,usable,consensus=usable;level1=usable;level2=usable;level3=good,graded,usable,0.934740,0.065260,0.285181,0.649559,
img_03285,usable,consensus=usable;level1=usable;level2=usable;level3=good,graded,good,0.972367,0.027633,0.656468,0.315899,
img_03322,usable,consensus=usable;level1=usable;level2=usable;level3=good,graded,bad,0.192346,0.807654,0.030134,0.162212,
img_03355,bad,consensus=bad;level1=bad;level2=bad;level3=bad,graded,bad,0.009756,0.990244,0.000160,0.009596,
img_03361,bad,consensus=bad;level1=bad;level2=bad;level3=bad,graded,bad,0.019454,0.980546,0.000218,0.019235,
img_03424,usable,consensus=usable;level1=bad;level2=usable;level3=usable,graded,usable,0.632176,0.367824,0.242081,0.390094,
img_03595,good,consensus=good;level1=good;level2=good;level3=good,graded,good,0.981709,0.018291,0.869264,0.112445,
img_03716,bad,consensus=bad;level1=bad;level2=bad;level3=bad,graded,bad,0.168681,0.831319,0.011661,0.157020,
img_03718,bad,consensus=bad;level1=bad;level2=bad;level3=bad,graded,bad,0.035894,0.964106,0.001260,0.034634,
img_03723,usable,consensus=usable;level1=usable;level2=bad;level3=usable,graded,usable,0.924129,0.075871,0.219565,0.704564,
img_03727,bad,consensus=bad;level1=bad;level2=bad;level3=bad,graded,bad,0.064982,0.935018,0.000685,0.064297,
img_03745,bad,consensus=bad;level1=bad;level2=bad;level3=bad,graded,bad,0.063274,0.936726,0.001801,0.061473,
img_03750,usable,consensus=usable;level1=bad;level2=usable;level3=usable,graded,good,0.999094,0.000906,0.946540,0.052553,
img_03756,good,consensus=good;level1=usable;level2=good;level3=good,graded,good,0.965318,0.034682,0.854286,0.111032,
img_03764,usable,consensus=usable;level1=good;level2=usable;level3=usable,graded,bad,0.522443,0.477557,0.065899,0.456543,
img_03776,usable,consensus=usable;level1=usable;level2=usable;level3=good,graded,usable,0.773569,0.226431,0.066712,0.706858,
img_03779,usable,consensus=usable;level1=bad;level2=usable;level3=usable,graded,usable,0.581683,0.418317,0.118622,0.463061,
img_03792,bad,consensus=bad;level1=usable;level2=bad;level3=bad,graded,bad,0.109570,0.890430,0.001252,0.108318,
img_03794,usable,consensus=usable;level1=good;level2=usable;level3=usable,graded,usable,0.649844,0.350156,0.061762,0.588082,
img_03812,bad,consensus=bad;level1=bad;level2=bad;level3=usable,graded,usable,0.653665,0.346335,0.063527,0.590138,
img_03821,usable,consensus=usable;level1=usable;level2=bad;level3=usable,graded,bad,0.204398,0.795602,0.002479,0.201919,
img_03830,bad,consensus=bad;level1=bad;level2=bad;level3=bad,graded,bad,0.021828,0.978172,0.000311,0.021516,
img_03836,bad,consensus=bad;level1=usable;level2=bad;level3=bad,graded,bad,0.042184,0.957816,0.001383,0.040800,
img_03849,good,consensus=good;level1=usable;level2=good;level3=good,graded,good,0.948033,0.051967,0.751089,0.196944,
img_03863,bad,consensus=bad;level1=usable;level2=bad;level3=bad,graded,bad,0.116935,0.883065,0.005077,0.111858,
img_03869,good,consensus=good;level1=good;level2=good;level3=good,graded,good,0.642977,0.357023,0.481439,0.161537,
img_03873,bad,consensus=bad;level1=bad;level2=bad;level3=bad,graded,bad,0.097040,0.902960,0.002339,0.094701,
img_03890,usable,consensus=usable;level1=bad;level2=usable;level3=good,graded,usable,0.897981,0.102019,0.328792,0.569189,
img_03949,usable,consensus=usable;level1=usable;level2=good;level3=usable,graded,good,0.905333,0.094667,0.779318,0.126015,
img_03995,usable,consensus=usable;level1=usable;level2=usable;level3=usable,graded,bad,0.462033,0.537967,0.191544,0.270488,
img_04121,bad,consensus=bad;level1=bad;level2=bad;level3=bad,graded,bad,0.040984,0.959016,0.003777,0.037207,
img_04132,usable,consensus=usable;level1=bad;level2=usable;level3=usable,graded,bad,0.527772,0.472228,0.283894,0.243878,
img_04157,bad,consensus=bad;level1=bad;level2=bad;level3=bad,graded,bad,0.013091,0.986909,0.000227,0.012864,
img_04180,bad,consensus=bad;level1=bad;level2=bad;level3=bad,graded,bad,0.054945,0.945055,0.012664,0.042281,
img_04228,bad,consensus=bad;level1=bad;level2=bad;level3=usable,graded,bad,0.233121,0.766879,0.024977,0.208144,
img_04239,usable,consensus=usable;level1=usable;level2=usable;level3=good,graded,good,0.995427,0.004573,0.925550,0.069877,
img_04245,good,consensus=good;level1=good;level2=usable;level3=good,graded,usable,0.924427,0.075573,0.295763,0.628664,
img_04264,usable,consensus=usable;level1=usable;level2=bad;level3=usable,graded,bad,0.219252,0.780748,0.081811,0.137442,
img_04305,bad,consensus=bad;level1=bad;level2=bad;level3=good,graded,bad,0.459636,0.540364,0.151952,0.307684,
img_04366,bad,consensus=bad;level1=bad;level2=bad;level3=usable,graded,bad,0.230121,0.769879,0.036481,0.193640,
img_04416,bad,consensus=bad;level1=bad;level2=bad;level3=bad,graded,bad,0.037033,0.962967,0.003723,0.033310,
img_04448,good,consensus=good;level1=usable;level2=good;level3=good,graded,usable,0.948656,0.051344,0.104230,0.844426,
img_04507,usable,consensus=usable;level1=usable;level2=usable;level3=good,graded,bad,0.129168,0.870832,0.016307,0.112861,
img_04518,bad,consensus=bad;level1=bad;level2=bad;level3=usable,graded,usable,0.718392,0.281608,0.094128,0.624264,
img_04525,usable,consensus=usable;level1=bad;level2=usable;level3=good,graded,good,0.958394,0.041606,0.491797,0.466597,
img_04563,bad,consensus=bad;level1=bad;level2=bad;level3=usable,graded,usable,0.633473,0.366527,0.137447,0.496026,
img_04597,bad,consensus=bad;level1=bad;level2=bad;level3=bad,graded,bad,0.023397,0.976603,0.000363,0.023034,
img_04599,bad,consensus=bad;level1=usable;level2=bad;level3=bad,graded,bad,0.023259,0.976741,0.000468,0.022791,
img_04627,usable,consensus=usable;level1=usable;level2=usable;level3=usable,graded,bad,0.530108,0.469892,0.177510,0.352598,
img_04645,bad,consensus=bad;level1=bad;level2=bad;level3=usable,graded,bad,0.482553,0.517447,0.095167,0.387386,
img_04658,bad,consensus=bad;level1=bad;level2=bad;level3=usable,graded,bad,0.496137,0.503863,0.231920,0.264217,
img_04718,usable,consensus=usable;level1=bad;level2=usable;level3=usable,graded,good,0.701155,0.298845,0.447232,0.253924,
img_04738,bad,consensus=bad;level1=usable;level2=bad;level3=bad,graded,bad,0.129686,0.870314,0.000119,0.129566,
img_04741,good,consensus=good;level1=usable;level2=good;level3=good,graded,good,0.980784,0.019216,0.670895,0.309888,
img_04750,bad,consensus=bad;level1=bad;level2=bad;level3=usable,graded,bad,0.557161,0.442839,0.168055,0.389106,
img_04758,bad,consensus=bad;level1=bad;level2=bad;level3=usable,graded,bad,0.198095,0.801905,0.023925,0.174170,
img_04772,usable,consensus=usable;level1=usable;level2=usable;level3=good,graded,good,0.975555,0.024445,0.921234,0.054321,
img_04790,bad,consensus=bad;level1=bad;level2=bad;level3=usable,graded,usable,0.525503,0.474497,0.008963,0.516539,
img_04825,usable,consensus=usable;level1=bad;level2=usable;level3=usable,graded,good,0.994179,0.005821,0.684524,0.309654,
img_04840,bad,consensus=bad;level1=bad;level2=usable;level3=bad,graded,bad,0.177566,0.822434,0.051542,0.126024,
img_04843,bad,consensus=bad;level1=bad;level2=bad;level3=bad,graded,bad,0.038595,0.961405,0.000682,0.037913,
img_04856,bad,consensus=bad;level1=bad;level2=bad;level3=bad,graded,bad,0.102948,0.897052,0.004281,0.098667,
img_04877,usable,consensus=usable;level1=usable;level2=usable;level3=good,graded,bad,0.501490,0.498510,0.314384,0.187106,
img_04884,bad,consensus=bad;level1=bad;level2=bad;level3=usable,graded,bad,0.349674,0.650326,0.127658,0.222016,
img_04979,bad,consensus=bad;level1=bad;level2=bad;level3=usable,graded,bad,0.420841,0.579159,0.063089,0.357751,
img_05002,bad,consensus=bad;level1=bad;level2=bad;level3=usable,graded,bad,0.164445,0.835555,0.016496,0.147948,
img_05007,bad,consensus=bad;level1=bad;level2=bad;level3=usable,graded,bad,0.448898,0.551102,0.025951,0.422947,
img_05065,bad,consensus=bad;level1=bad;level2=bad;level3=usable,graded,usable,0.630432,0.369568,0.019323,0.611108,
img_05090,good,consensus=good;level1=good;level2=good;level3=good,graded,good,0.942830,0.057170,0.506712,0.436119,
img_05106,bad,consensus=bad;level1=bad;level2=bad;level3=usable,graded,bad,0.119126,0.880874,0.013637,0.105490,
img_05123,bad,consensus=bad;level1=bad;level2=bad;level3=usable,graded,bad,0.325164,0.674836,0.055657,0.269507,
img_05132,usable,consensus=usable;level1=bad;level2=usable;level3=usable,graded,usable,0.606754,0.393246,0.067496,0.539259,
img_05148,usable,consensus=usable;level1=usable;level2=usable;level3=good,graded,good,0.998620,0.001380,0.966703,0.031916,
img_05162,bad,consensus=bad;level1=bad;level2=bad;level3=bad,graded,bad,0.009097,0.990903,0.000096,0.009000,
img_05164,bad,consensus=bad;level1=bad;level2=bad;level3=usable,graded,good,0.936027,0.063973,0.566531,0.369496,
img_05166,usable,consensus=usable;level1=usable;level2=bad;level3=usable,graded,bad,0.239651,0.760349,0.011190,0.228461,
img_05191,usable,consensus=usable;level1=usable;level2=usable;level3=good,graded,bad,0.213970,0.786030,0.003338,0.210633,
img_05192,usable,consensus=usable;level1=bad;level2=usable;level3=usable,graded,usable,0.627024,0.372976,0.086680,0.540344,
img_05226,usable,consensus=usable;level1=usable;level2=bad;level3=usable,graded,bad,0.064889,0.935111,0.000248,0.064640,
img_05239,bad,consensus=bad;level1=bad;level2=bad;level3=bad,graded,bad,0.035768,0.964232,0.005809,0.029958,
img_05251,usable,consensus=usable;level1=bad;level2=usable;level3=usable,graded,bad,0.122406,0.877594,0.038582,0.083824,
img_05266,bad,consensus=bad;level1=bad;level2=bad;level3=good,graded,usable,0.583901,0.416099,0.010929,0.572971,
img_05293,bad,consensus=bad;level1=bad;level2=bad;level3=usable,graded,bad,0.311651,0.688349,0.163239,0.148412,
img_05299,bad,consensus=bad;level1=bad;level2=bad;level3=usable,graded,bad,0.126513,0.873487,0.012843,0.113670,
img_05300,bad,consensus=bad;level1=bad;level2=bad;level3=bad,graded,bad,0.027653,0.972347,0.002963,0.024691,
img_05415,good,consensus=good;level1=usable;level2=good;level3=good,graded,good,0.956918,0.043082,0.792824,0.164095,
img_05417,usable,consensus=usable;level1=usable;level2=usable;level3=good,graded,usable,0.883601,0.116399,0.148219,0.735382,
img_05430,usable,consensus=usable;level1=usable;level2=usable;level3=bad,graded,bad,0.112321,0.887679,0.000754,0.111566,
img_05466,usable,consensus=usable;level1=usable;level2=usable;level3=usable,graded,usable,0.517474,0.482526,0.019061,0.498414,
img_05470,usable,consensus=usable;level1=bad;level2=usable;level3=usable,graded,bad,0.440838,0.559162,0.032008,0.408830,
img_05471,usable,consensus=usable;level1=usable;level2=usable;level3=good,graded,good,0.923967,0.076033,0.586223,0.337744,
img_05474,bad,consensus=bad;level1=bad;level2=bad;level3=bad,graded,bad,0.024361,0.975639,0.000314,0.024048,
img_05496,bad,consensus=bad;level1=bad;level2=bad;level3=usable,graded,bad,0.192738,0.807262,0.004571,0.188167,
img_05502,good,consensus=good;level1=usable;level2=good;level3=good,graded,good,0.727365,0.272635,0.376295,0.351070,
img_05520,usable,consensus=usable;level1=bad;level2=usable;level3=usable,graded,usable,0.739661,0.260339,0.087331,0.652330,
img_05523,usable,consensus=usable;level1=bad;level2=usable;level3=usable,graded,usable,0.629884,0.370116,0.075869,0.554015,
img_05553,good,consensus=good;level1=good;level2=good;level3=good,graded,usable,0.915707,0.084293,0.297230,0.618477,
img_05564,usable,consensus=usable;level1=usable;level2=usable;level3=good,graded,good,0.999827,0.000173,0.992429,0.007398,
img_05577,bad,consensus=bad;level1=bad;level2=bad;level3=bad,graded,bad,0.055297,0.944703,0.008479,0.046818,
img_05578,bad,consensus=bad;level1=bad;level2=bad;level3=usable,graded,usable,0.676494,0.323506,0.244411,0.432083,
img_05592,bad,consensus=bad;level1=bad;level2=bad;level3=usable,graded,bad,0.206175,0.793825,0.002714,0.203461,
img_05596,good,consensus=good;level1=good;level2=good;level3=good,graded,good,0.880528,0.119472,0.738433,0.142095,
img_05618,usable,consensus=usable;level1=bad;level2=usable;level3=usable,graded,usable,0.705670,0.294330,0.118208,0.587462,
img_05624,good,consensus=good;level1=good;level2=usable;level3=good,graded,bad,0.447221,0.552779,0.191250,0.255971,
img_05636,usable,consensus=usable;level1=usable;level2=bad;level3=usable,graded,bad,0.506614,0.493386,0.079246,0.427368,
img_05661,good,consensus=good;level1=usable;level2=good;level3=good,graded,good,0.935516,0.064484,0.641639,0.293877,
img_05675,bad,consensus=bad;level1=bad;level2=bad;level3=usable,graded,bad,0.057931,0.942069,0.004560,0.053370,
img_05721,bad,consensus=bad;level1=bad;level2=bad;level3=usable,graded,good,0.951081,0.048919,0.679191,0.271890,
img_05728,good,consensus=good;level1=good;level2=usable;level3=good,graded,usable,0.648249,0.351751,0.241903,0.406346,
img_05796,usable,consensus=usable;level1=usable;level2=usable;level3=good,graded,good,0.912305,0.087695,0.779839,0.132466,
img_05802,good,consensus=good;level1=good;level2=good;level3=good,graded,good,0.999466,0.000534,0.988732,0.010734,
img_05809,bad,consensus=bad;level1=bad;level2=bad;level3=usable,graded,usable,0.813647,0.186353,0.056872,0.756775,
img_05830,good,consensus=good;level1=good;level2=usable;level3=good,graded,good,0.944121,0.055879,0.793108,0.151013,
img_05837,usable,consensus=usable;level1=usable;level2=bad;level3=usable,graded,usable,0.924226,0.075774,0.458347,0.465880,
img_05844,bad,consensus=bad;level1=bad;level2=bad;level3=bad,graded,bad,0.007707,0.992293,0.000038,0.007669,
img_05856,bad,consensus=bad;level1=usable;level2=bad;level3=bad,graded,bad,0.509907,0.490093,0.072289,0.437618,
img_05862,bad,consensus=bad;level1=bad;level2=bad;level3=bad,graded,usable,0.581450,0.418550,0.017432,0.564018,
img_05880,bad,consensus=bad;level1=bad;level2=bad;level3=good,graded,usable,0.582017,0.417983,0.065339,0.516679,
img_05915,bad,consensus=bad;level1=bad;level2=bad;level3=usable,graded,bad,0.244531,0.755469,0.036501,0.208030,
img_05925,usable,consensus=usable;level1=usable;level2=usable;level3=usable,graded,bad,0.375268,0.624732,0.090862,0.284406,
img_05976,usable,consensus=usable;level1=usable;level2=good;level3=usable,graded,bad,0.241702,0.758298,0.060664,0.181038,
img_05980,good,consensus=good;level1=good;level2=good;level3=good,graded,good,0.981355,0.018645,0.512871,0.468484,
img_05982,bad,consensus=bad;level1=usable;level2=bad;level3=bad,graded,bad,0.326763,0.673237,0.000784,0.325979,
img_06018,good,consensus=good;level1=usable;level2=good;level3=good,graded,good,0.993147,0.006853,0.840893,0.152254,
img_06043,bad,consensus=bad;level1=bad;level2=bad;level3=bad,graded,bad,0.007230,0.992770,0.000030,0.007200,
img_06097,good,consensus=good;level1=good;level2=good;level3=good,graded,good,0.997415,0.002585,0.958804,0.038611,
img_06136,usable,consensus=usable;level1=bad;level2=usable;level3=usable,graded,usable,0.746903,0.253097,0.208358,0.538544,
img_06174,usable,consensus=usable;level1=usable;level2=usable;level3=usable,graded,good,0.954974,0.045026,0.726850,0.228125,
img_06181,good,consensus=good;level1=good;level2=good;level3=good,graded,good,0.980521,0.019479,0.648123,0.332398,
img_06183,good,consensus=good;level1=good;level2=good;level3=good,graded,usable,0.692812,0.307188,0.239728,0.453084,
img_06211,good,consensus=good;level1=bad;level2=good;level3=good,graded,usable,0.584484,0.415516,0.086907,0.497577,
img_06233,usable,consensus=usable;level1=bad;level2=usable;level3=usable,graded,good,0.994694,0.005306,0.973230,0.021464,
img_06246,usable,consensus=usable;level1=usable;level2=usable;level3=good,graded,good,0.845405,0.154595,0.426764,0.418641,
img_06249,usable,consensus=usable;level1=bad;level2=usable;level3=usable,graded,good,0.964070,0.035930,0.758844,0.205226,
img_06323,bad,consensus=bad;level1=bad;level2=bad;level3=bad,graded,bad,0.037490,0.962510,0.005829,0.031661,
img_06352,bad,consensus=bad;level1=bad;level2=bad;level3=bad,graded,bad,0.031165,0.968835,0.001292,0.029872,
img_06385,good,consensus=good;level1=usable;level2=good;level3=good,graded,good,0.999627,0.000373,0.995159,0.004468,
img_06387,usable,consensus=usable;level1=good;level2=usable;level3=usable,graded,bad,0.209590,0.790410,0.001642,0.207948,
img_06436,good,consensus=good;level1=usable;level2=good;level3=good,graded,bad,0.494778,0.505222,0.195163,0.299615,
img_06456,good,consensus=good;level1=usable;level2=good;level3=good,graded,good,0.998047,0.001953,0.913469,0.084578,
img_06481,good,consensus=good;level1=usable;level2=good;level3=good,graded,good,0.998349,0.001651,0.987899,0.010449,
img_06485,usable,consensus=usable;level1=usable;level2=usable;level3=usable,graded,bad,0.026038,0.973962,0.000394,0.025644,
img_06509,good,consensus=good;level1=usable;level2=good;level3=good,graded,good,0.965749,0.034251,0.860825,0.104924,
img_06520,usable,consensus=usable;level1=usable;level2=usable;level3=good,graded,usable,0.922097,0.077903,0.401822,0.520275,
img_06565,usable,consensus=usable;level1=usable;level2=usable;level3=usable,graded,good,0.995087,0.004913,0.891225,0.103861,
img_06584,bad,consensus=bad;level1=bad;level2=bad;level3=bad,graded,bad,0.061821,0.938179,0.001854,0.059967,
img_06655,usable,consensus=usable;level1=usable;level2=usable;level3=usable,graded,good,0.840752,0.159248,0.739197,0.101556,
img_06658,bad,consensus=bad;level1=bad;level2=usable;level3=bad,graded,bad,0.574609,0.425391,0.174325,0.400283,
img_06659,usable,consensus=usable;level1=usable;level2=usable;level3=good,graded,usable,0.582083,0.417917,0.114323,0.467759,
img_06710,good,consensus=good;level1=usable;level2=good;level3=good,graded,bad,0.602613,0.397387,0.347994,0.254619,
img_06736,good,consensus=good;level1=usable;level2=good;level3=good,graded,bad,0.380258,0.619742,0.011317,0.368941,
img_06739,usable,consensus=usable;level1=usable;level2=usable;level3=usable,graded,bad,0.326761,0.673239,0.021191,0.305569,
img_06741,good,consensus=good;level1=good;level2=good;level3=good,graded,good,0.908950,0.091050,0.688184,0.220765,
img_06774,usable,consensus=usable;level1=usable;level2=bad;level3=usable,graded,usable,0.792715,0.207285,0.282524,0.510190,
img_06777,good,consensus=good;level1=good;level2=usable;level3=good,graded,good,0.919604,0.080396,0.527356,0.392247,
img_06831,usable,consensus=usable;level1=usable;level2=usable;level3=good,graded,usable,0.596042,0.403958,0.026138,0.569904,
img_06837,good,consensus=good;level1=usable;level2=good;level3=good,graded,bad,0.411256,0.588744,0.209298,0.201957,
img_06897,usable,consensus=usable;level1=usable;level2=usable;level3=good,graded,good,0.941151,0.058849,0.477311,0.463840,
img_06916,good,consensus=good;level1=good;level2=usable;level3=good,graded,good,0.986603,0.013397,0.749286,0.237317,
img_06927,usable,consensus=usable;level1=usable;level2=usable;level3=good,graded,good,0.997651,0.002349,0.879124,0.118526,
img_06929,good,consensus=good;level1=good;level2=good;level3=good,graded,good,0.695955,0.304045,0.499651,0.196304,
img_06960,bad,consensus=bad;level1=bad;level2=bad;level3=usable,graded,usable,0.648569,0.351431,0.006021,0.642548,
img_06962,bad,consensus=bad;level1=bad;level2=bad;level3=usable,graded,bad,0.446971,0.553029,0.002854,0.444117,
img_07055,usable,consensus=usable;level1=usable;level2=usable;level3=good,graded,good,0.772607,0.227393,0.528860,0.243748,
img_07074,usable,consensus=usable;level1=usable;level2=usable;level3=usable,graded,bad,0.304358,0.695642,0.043285,0.261073,
img_07084,usable,consensus=usable;level1=bad;level2=usable;level3=usable,graded,bad,0.061548,0.938452,0.000406,0.061142,
img_07142,usable,consensus=usable;level1=usable;level2=bad;level3=usable,graded,usable,0.637780,0.362220,0.200616,0.437164,
img_07215,good,consensus=good;level1=good;level2=usable;level3=good,graded,good,0.999198,0.000802,0.985347,0.013851,
img_07217,usable,consensus=usable;level1=usable;level2=usable;level3=usable,graded,bad,0.500239,0.499761,0.082757,0.417482,
img_07223,usable,consensus=usable;level1=usable;level2=usable;level3=good,graded,good,0.971870,0.028130,0.744955,0.226915,
img_07226,usable,consensus=usable;level1=usable;level2=usable;level3=usable,graded,bad,0.306027,0.693973,0.005791,0.300236,
img_07244,usable,consensus=usable;level1=usable;level2=usable;level3=good,graded,good,0.995604,0.004396,0.988456,0.007148,
img_07268,usable,consensus=usable;level1=usable;level2=bad;level3=usable,graded,usable,0.554861,0.445139,0.003449,0.551412,
img_07381,bad,consensus=bad;level1=bad;level2=bad;level3=usable,graded,bad,0.342348,0.657652,0.056884,0.285464,
img_07398,usable,consensus=usable;level1=usable;level2=usable;level3=good,graded,good,0.991183,0.008817,0.932871,0.058312,
img_07406,usable,consensus=usable;level1=usable;level2=usable;level3=usable,graded,usable,0.723248,0.276752,0.032027,0.691221,
img_07422,bad,consensus=bad;level1=bad;level2=bad;level3=bad,graded,bad,0.068002,0.931998,0.015740,0.052262,
img_07428,bad,consensus=bad;level1=bad;level2=bad;level3=bad,graded,bad,0.020469,0.979531,0.000668,0.019800,
img_07434,usable,consensus=usable;level1=usable;level2=usable;level3=usable,graded,usable,0.740792,0.259208,0.335962,0.404830,
img_07474,good,consensus=good;level1=good;level2=good;level3=good,graded,good,0.834149,0.165851,0.638470,0.195679,
img_07477,usable,consensus=usable;level1=usable;level2=bad;level3=usable,graded,usable,0.714474,0.285526,0.158929,0.555545,
img_07539,usable,consensus=usable;level1=usable;level2=bad;level3=usable,graded,usable,0.659830,0.340170,0.045079,0.614751,
img_07574,bad,consensus=bad;level1=bad;level2=bad;level3=usable,graded,bad,0.156201,0.843799,0.000819,0.155383,
img_07594,usable,consensus=usable;level1=usable;level2=bad;level3=usable,graded,good,0.998826,0.001174,0.948871,0.049955,
img_07609,usable,consensus=usable;level1=usable;level2=usable;level3=good,graded,usable,0.636668,0.363332,0.052554,0.584115,
img_07636,usable,consensus=usable;level1=usable;level2=usable;level3=usable,graded,bad,0.408209,0.591791,0.073598,0.334611,
img_07711,good,consensus=good;level1=usable;level2=good;level3=good,graded,good,0.868431,0.131569,0.451419,0.417012,
img_07828,good,consensus=good;level1=usable;level2=good;level3=good,graded,good,0.885250,0.114750,0.798484,0.086766,
img_07891,bad,consensus=bad;level1=bad;level2=bad;level3=bad,graded,bad,0.019408,0.980592,0.000637,0.018771,
img_07915,usable,consensus=usable;level1=bad;level2=usable;level3=usable,graded,good,0.883697,0.116303,0.681802,0.201895,
img_07929,usable,consensus=usable;level1=usable;level2=usable;level3=good,graded,bad,0.489801,0.510199,0.209908,0.279893,
img_07953,good,consensus=good;level1=bad;level2=good;level3=good,graded,usable,0.619070,0.380930,0.201511,0.417560,
img_08063,bad,consensus=bad;level1=bad;level2=usable;level3=bad,graded,bad,0.250137,0.749863,0.031036,0.219101,
img_08084,good,consensus=good;level1=good;level2=good;level3=good,graded,good,0.963053,0.036947,0.816230,0.146823,
img_08094,good,consensus=good;level1=usable;level2=good;level3=good,graded,usable,0.929871,0.070129,0.302228,0.627643,
img_08116,good,consensus=good;level1=good;level2=good;level3=good,graded,good,0.992266,0.007734,0.893191,0.099075,
img_08804,good,consensus=good;level1=usable;level2=good;level3=good,graded,good,0.999908,0.000092,0.998802,0.001106,
img_08808,usable,consensus=usable;level1=good;level2=usable;level3=usable,graded,good,0.915809,0.084191,0.790051,0.125758,
img_08812,good,consensus=good;level1=usable;level2=good;level3=good,graded,good,0.999769,0.000231,0.995335,0.004434,
img_08820,bad,consensus=bad;level1=bad;level2=bad;level3=bad,graded,bad,0.048207,0.951793,0.000107,0.048100,
img_08821,bad,consensus=bad;level1=bad;level2=bad;level3=bad,graded,bad,0.076860,0.923140,0.000087,0.076774,
img_08830,bad,consensus=bad;level1=usable;level2=bad;level3=bad,graded,bad,0.448477,0.551523,0.012959,0.435518,
img_08838,bad,consensus=bad;level1=usable;level2=bad;level3=bad,graded,bad,0.128323,0.871677,0.014046,0.114277,
img_08839,good,consensus=good;level1=good;level2=usable;level3=good,graded,good,0.999621,0.000379,0.993470,0.006151,
img_08843,good,consensus=good;level1=good;level2=good;level3=good,graded,good,0.999957,0.000043,0.998299,0.001658,
img_08852,bad,consensus=bad;level1=usable;level2=bad;level3=bad,graded,usable,0.810293,0.189707,0.036206,0.774087,
img_08857,bad,consensus=bad;level1=usable;level2=bad;level3=bad,graded,usable,0.777466,0.222534,0.119735,0.657731,
img_08858,bad,consensus=bad;level1=bad;level2=bad;level3=usable,graded,usable,0.564256,0.435744,0.026460,0.537796,
img_08861,usable,consensus=usable;level1=usable;level2=usable;level3=usable,graded,good,0.982285,0.017715,0.838149,0.144135,
img_08868,bad,consensus=bad;level1=bad;level2=bad;level3=bad,graded,usable,0.732880,0.267120,0.010613,0.722267,
img_08869,bad,consensus=bad;level1=usable;level2=bad;level3=bad,graded,usable,0.736886,0.263114,0.007613,0.729273,
img_08914,bad,consensus=bad;level1=usable;level2=bad;level3=bad,graded,good,0.891227,0.108773,0.639193,0.252034,
img_08920,usable,consensus=usable;level1=usable;level2=usable;level3=usable,graded,good,0.999102,0.000898,0.967229,0.031873,
img_08933,bad,consensus=bad;level1=bad;level2=bad;level3=bad,graded,bad,0.110160,0.889840,0.003772,0.106388,
img_08936,bad,consensus=bad;level1=bad;level2=bad;level3=bad,graded,bad,0.045337,0.954663,0.001412,0.043924,
img_08952,bad,consensus=bad;level1=bad;level2=bad;level3=bad,graded,bad,0.245782,0.754218,0.000317,0.245465,
img_08958,usable,consensus=usable;level1=usable;level2=usable;level3=bad,graded,good,0.995210,0.004790,0.951888,0.043322,
img_09007,bad,consensus=bad;level1=bad;level2=bad;level3=bad,graded,bad,0.107968,0.892032,0.012603,0.095365,
img_09008,bad,consensus=bad;level1=bad;level2=bad;level3=bad,graded,usable,0.545448,0.454552,0.035563,0.509884,
img_09010,good,consensus=good;level1=good;level2=good;level3=good,graded,good,0.999987,0.000013,0.999141,0.000846,
img_09050,bad,consensus=bad;level1=usable;level2=bad;level3=bad,graded,bad,0.240924,0.759076,0.009729,0.231195,
img_09060,good,consensus=good;level1=good;level2=usable;level3=good,graded,bad,0.505075,0.494925,0.310267,0.194808,
img_09174,bad,consensus=bad;level1=bad;level2=bad;level3=usable,graded,bad,0.029124,0.970876,0.000394,0.028730,
img_09212,usable,consensus=usable;level1=usable;level2=usable;level3=good,graded,good,0.998397,0.001603,0.926576,0.071821,
img_09239,usable,consensus=usable;level1=bad;level2=usable;level3=good,graded,good,0.999564,0.000436,0.988278,0.011287,
img_09241,bad,consensus=bad;level1=bad;level2=bad;level3=bad,graded,bad,0.097252,0.902748,0.018839,0.078413,
img_09245,bad,consensus=bad;level1=bad;level2=bad;level3=bad,graded,bad,0.212849,0.787151,0.002331,0.210518,
img_09256,bad,consensus=bad;level1=bad;level2=bad;level3=bad,graded,usable,0.682527,0.317473,0.056364,0.626163,
img_09316,bad,consensus=bad;level1=bad;level2=bad;level3=usable,graded,good,0.718998,0.281002,0.363566,0.355433,
img_09320,bad,consensus=bad;level1=bad;level2=bad;level3=usable,graded,bad,0.616644,0.383356,0.277247,0.339397,
img_09328,bad,consensus=bad;level1=bad;level2=bad;level3=bad,graded,usable,0.644069,0.355931,0.029151,0.614918,
img_09330,good,consensus=good;level1=good;level2=good;level3=usable,graded,good,0.999340,0.000660,0.963246,0.036094,
img_09402,usable,consensus=usable;level1=usable;level2=usable;level3=usable,graded,good,0.980217,0.019783,0.713921,0.266296,
img_09406,bad,consensus=bad;level1=usable;level2=bad;level3=bad,graded,bad,0.085153,0.914847,0.001663,0.083490,
img_09441,good,consensus=good;level1=good;level2=good;level3=good,graded,good,0.999512,0.000488,0.995374,0.004139,
img_09444,good,consensus=good;level1=good;level2=good;level3=good,graded,good,0.998885,0.001115,0.994522,0.004363,
img_09445,good,consensus=good;level1=good;level2=good;level3=good,graded,good,0.921505,0.078495,0.835495,0.086010,
img_09453,good,consensus=good;level1=good;level2=usable;level3=good,graded,good,0.999019,0.000981,0.981954,0.017065,
img_09456,bad,consensus=bad;level1=bad;level2=bad;level3=bad,graded,bad,0.040721,0.959279,0.005094,0.035627,
img_09463,bad,consensus=bad;level1=bad;level2=bad;level3=bad,graded,bad,0.193331,0.806669,0.039030,0.154301,
img_09491,good,consensus=good;level1=good;level2=good;level3=good,graded,good,0.999915,0.000085,0.998723,0.001193,
img_09495,bad,consensus=bad;level1=bad;level2=bad;level3=bad,graded,bad,0.115460,0.884540,0.016577,0.098883,
img_09499,good,consensus=good;level1=good;level2=good;level3=good,graded,good,0.998588,0.001412,0.993502,0.005086,
img_09506,good,consensus=good;level1=good;level2=good;level3=good,graded,good,0.999677,0.000323,0.997879,0.001798,
img_09510,good,consensus=good;level1=good;level2=good;level3=good,graded,good,0.998101,0.001899,0.990448,0.007653,
img_09535,good,consensus=good;level1=good;level2=good;level3=good,graded,good,0.999971,0.000029,0.999150,0.000821,
img_09537,bad,consensus=bad;level1=bad;level2=bad;level3=bad,graded,bad,0.077054,0.922946,0.008859,0.068195,
img_09549,bad,consensus=bad;level1=bad;level2=bad;level3=bad,graded,bad,0.153916,0.846084,0.022670,0.131246,
img_09559,bad,consensus=bad;level1=bad;level2=bad;level3=usable,graded,bad,0.161498,0.838502,0.013446,0.148052,
img_09565,usable,consensus=usable;level1=usable;level2=usable;level3=good,graded,good,0.961399,0.038601,0.816237,0.145162,
img_09573,good,consensus=good;level1=good;level2=good;level3=good,graded,good,0.999849,0.000151,0.998601,0.001247,
img_09578,usable,consensus=usable;level1=usable;level2=bad;level3=usable,graded,usable,0.842145,0.157855,0.184641,0.657504,
img_09585,usable,consensus=usable;level1=usable;level2=usable;level3=good,graded,good,0.750332,0.249668,0.518312,0.232020,
img_09610,usable,consensus=usable;level1=usable;level2=bad;level3=usable,graded,good,0.985134,0.014866,0.728200,0.256934,
img_09621,good,consensus=good;level1=good;level2=good;level3=good,graded,good,0.999923,0.000077,0.999257,0.000666,
img_09622,good,consensus=good;level1=good;level2=good;level3=good,graded,good,0.999849,0.000151,0.997570,0.002279,
img_09625,good,consensus=good;level1=good;level2=usable;level3=good,graded,good,0.772565,0.227435,0.564445,0.208119,
img_09626,good,consensus=good;level1=good;level2=usable;level3=good,graded,good,0.702324,0.297676,0.423566,0.278758,
img_09644,good,consensus=good;level1=good;level2=good;level3=good,graded,good,0.999745,0.000255,0.995773,0.003972,
img_09645,usable,consensus=usable;level1=usable;level2=usable;level3=good,graded,good,0.894796,0.105204,0.526954,0.367843,
img_09649,usable,consensus=usable;level1=usable;level2=usable;level3=good,graded,usable,0.836966,0.163034,0.265915,0.571051,
img_09651,usable,consensus=usable;level1=usable;level2=usable;level3=bad,graded,usable,0.856277,0.143723,0.393061,0.463216,
img_09652,usable,consensus=usable;level1=usable;level2=bad;level3=usable,graded,usable,0.707240,0.292760,0.148129,0.559111,
img_09670,good,consensus=good;level1=good;level2=good;level3=good,graded,good,0.999892,0.000108,0.996699,0.003193,
img_09681,bad,consensus=bad;level1=bad;level2=bad;level3=bad,graded,bad,0.018413,0.981587,0.000298,0.018115,
img_09686,usable,consensus=usable;level1=usable;level2=usable;level3=good,graded,good,0.997887,0.002113,0.953513,0.044373,
img_09691,bad,consensus=bad;level1=bad;level2=bad;level3=bad,graded,bad,0.311155,0.688845,0.007635,0.303520,
img_09699,good,consensus=good;level1=good;level2=good;level3=good,graded,good,0.997634,0.002366,0.986637,0.010996,
img_09700,bad,consensus=bad;level1=usable;level2=bad;level3=bad,graded,good,0.977967,0.022033,0.588183,0.389784,
img_09707,good,consensus=good;level1=usable;level2=good;level3=good,graded,good,0.998650,0.001350,0.990221,0.008429,
img_09711,bad,consensus=bad;level1=usable;level2=bad;level3=bad,graded,bad,0.170006,0.829994,0.004966,0.165040,
img_09714,bad,consensus=bad;level1=usable;level2=bad;level3=bad,graded,usable,0.929865,0.070135,0.183000,0.746865,
img_09715,usable,consensus=usable;level1=usable;level2=usable;level3=usable,graded,good,0.945027,0.054973,0.666889,0.278138,
img_09719,bad,consensus=bad;level1=usable;level2=bad;level3=bad,graded,usable,0.753449,0.246551,0.006419,0.747030,
img_09730,good,consensus=good;level1=good;level2=good;level3=good,graded,good,0.999775,0.000225,0.999075,0.000700,
img_09731,good,consensus=good;level1=good;level2=good;level3=good,graded,good,0.999696,0.000304,0.998050,0.001646,
img_09742,bad,consensus=bad;level1=bad;level2=bad;level3=good,graded,bad,0.129617,0.870383,0.005243,0.124375,
img_09746,good,consensus=good;level1=good;level2=usable;level3=good,graded,good,0.989910,0.010090,0.947429,0.042480,
img_09750,bad,consensus=bad;level1=bad;level2=bad;level3=bad,graded,bad,0.035793,0.964207,0.001592,0.034201,
img_09752,bad,consensus=bad;level1=usable;level2=bad;level3=bad,graded,usable,0.804368,0.195632,0.029257,0.775111,
img_09759,bad,consensus=bad;level1=usable;level2=bad;level3=bad,graded,usable,0.991214,0.008786,0.493433,0.497781,
img_09784,bad,consensus=bad;level1=bad;level2=bad;level3=bad,graded,bad,0.236949,0.763051,0.018834,0.218114,
img_09788,bad,consensus=bad;level1=usable;level2=bad;level3=bad,graded,bad,0.135794,0.864206,0.029709,0.106085,
img_09798,good,consensus=good;level1=good;level2=usable;level3=good,graded,good,0.999447,0.000553,0.990025,0.009422,
img_09804,good,consensus=good;level1=good;level2=usable;level3=good,graded,good,0.964901,0.035099,0.810435,0.154466,
img_09806,bad,consensus=bad;level1=bad;level2=bad;level3=bad,graded,bad,0.167050,0.832950,0.013520,0.153529,
img_09808,usable,consensus=usable;level1=good;level2=usable;level3=usable,graded,usable,0.815223,0.184777,0.351116,0.464107,
img_09827,usable,consensus=usable;level1=usable;level2=bad;level3=usable,graded,bad,0.365645,0.634355,0.120330,0.245315,
img_09840,good,consensus=good;level1=good;level2=good;level3=good,graded,good,0.999856,0.000144,0.997130,0.002726,
img_09845,bad,consensus=bad;level1=bad;level2=bad;level3=bad,graded,bad,0.026073,0.973927,0.000479,0.025594,
img_09855,bad,consensus=bad;level1=bad;level2=bad;level3=bad,graded,bad,0.072116,0.927884,0.005737,0.066378,
img_09860,bad,consensus=bad;level1=bad;level2=bad;level3=bad,graded,bad,0.107463,0.892537,0.008129,0.099334,
img_09863,bad,consensus=bad;level1=bad;level2=bad;level3=bad,graded,bad,0.119765,0.880235,0.021073,0.098692,
img_09887,bad,consensus=bad;level1=bad;level2=bad;level3=bad,graded,bad,0.017397,0.982603,0.000217,0.017180,
img_09890,bad,consensus=bad;level1=bad;level2=bad;level3=bad,graded,bad,0.028577,0.971423,0.000451,0.028125,
img_09900,bad,consensus=bad;level1=bad;level2=bad;level3=bad,graded,usable,0.741790,0.258210,0.020718,0.721072,
img_09903,bad,consensus=bad;level1=bad;level2=bad;level3=bad,graded,bad,0.016721,0.983279,0.000301,0.016420,
img_09914,bad,consensus=bad;level1=bad;level2=bad;level3=bad,graded,good,0.934469,0.065531,0.731375,0.203094,
img_09930,usable,consensus=usable;level1=usable;level2=usable;level3=good,graded,good,0.999685,0.000315,0.993226,0.006460,
img_09951,usable,consensus=usable;level1=usable;level2=usable;level3=usable,graded,good,0.956459,0.043541,0.561885,0.394575,
img_09958,good,consensus=good;level1=good;level2=good;level3=good,graded,good,0.999437,0.000563,0.981903,0.017534,
img_09972,bad,consensus=bad;level1=usable;level2=bad;level3=bad,graded,usable,0.775420,0.224580,0.022076,0.753344,
img_09975,usable,consensus=usable;level1=usable;level2=usable;level3=bad,graded,usable,0.816407,0.183593,0.039402,0.777005,
img_09986,usable,consensus=usable;level1=usable;level2=usable;level3=bad,graded,usable,0.964245,0.035755,0.331207,0.633038,
img_09991,bad,consensus=bad;level1=bad;level2=bad;level3=bad,graded,bad,0.033545,0.966455,0.000767,0.032779,
img_10007,good,consensus=good;level1=good;level2=good;level3=good,graded,good,0.999964,0.000036,0.999034,0.000931,
img_10026,good,consensus=good;level1=good;level2=usable;level3=good,graded,good,0.999981,0.000019,0.998691,0.001290,
img_10029,good,consensus=good;level1=good;level2=usable;level3=good,graded,good,0.813325,0.186675,0.582059,0.231266,
img_10033,good,consensus=good;level1=good;level2=good;level3=good,graded,good,0.999745,0.000255,0.993613,0.006132,
img_10049,bad,consensus=bad;level1=usable;level2=bad;level3=bad,graded,good,0.995325,0.004675,0.815380,0.179945,
img_10051,usable,consensus=usable;level1=usable;level2=bad;level3=usable,graded,good,0.997354,0.002646,0.697135,0.300219,
img_10069,bad,consensus=bad;level1=usable;level2=bad;level3=bad,graded,usable,0.681035,0.318965,0.038094,0.642940,
img_10083,good,consensus=good;level1=good;level2=good;level3=good,graded,good,0.999704,0.000296,0.981155,0.018550,
img_10090,bad,consensus=bad;level1=usable;level2=bad;level3=bad,graded,good,0.994279,0.005721,0.843710,0.150569,
img_10126,bad,consensus=bad;level1=usable;level2=bad;level3=bad,graded,usable,0.946367,0.053633,0.029899,0.916468,
img_10130,good,consensus=good;level1=good;level2=good;level3=good,graded,good,0.999958,0.000042,0.997969,0.001989,
img_10143,bad,consensus=bad;level1=bad;level2=bad;level3=bad,graded,bad,0.013174,0.986826,0.000148,0.013026,
img_10145,bad,consensus=bad;level1=bad;level2=usable;level3=bad,graded,usable,0.874055,0.125945,0.027998,0.846057,
img_10156,good,consensus=good;level1=good;level2=usable;level3=good,graded,good,0.996902,0.003098,0.966335,0.030567,
img_10170,good,consensus=good;level1=good;level2=good;level3=good,graded,good,0.999696,0.000304,0.993956,0.005740,
img_10196,good,consensus=good;level1=good;level2=good;level3=good,graded,good,0.999201,0.000799,0.988824,0.010377,
img_10199,bad,consensus=bad;level1=bad;level2=bad;level3=bad,graded,bad,0.118769,0.881231,0.028043,0.090726,
img_10216,usable,consensus=usable;level1=usable;level2=usable;level3=usable,graded,usable,0.983335,0.016665,0.181861,0.801475,
img_10225,good,consensus=good;level1=good;level2=good;level3=good,graded,good,0.999901,0.000099,0.998961,0.000940,
img_10258,good,consensus=good;level1=good;level2=good;level3=good,graded,good,0.999955,0.000045,0.998827,0.001128,
img_10267,good,consensus=good;level1=good;level2=good;level3=usable,graded,good,0.915802,0.084198,0.710135,0.205667,
img_10290,good,consensus=good;level1=good;level2=good;level3=good,graded,good,0.999535,0.000465,0.990279,0.009256,
img_10295,bad,consensus=bad;level1=good;level2=bad;level3=bad,graded,usable,0.974845,0.025155,0.151382,0.823463,
img_10324,good,consensus=good;level1=good;level2=good;level3=good,graded,good,0.999914,0.000086,0.998390,0.001524,
img_10328,good,consensus=good;level1=good;level2=good;level3=good,graded,good,0.989859,0.010141,0.968262,0.021597,
img_10337,good,consensus=good;level1=good;level2=good;level3=good,graded,good,0.999428,0.000572,0.984948,0.014480,
img_10371,bad,consensus=bad;level1=bad;level2=bad;level3=bad,graded,bad,0.110735,0.889265,0.031268,0.079467,
img_10372,usable,consensus=usable;level1=usable;level2=usable;level3=usable,graded,good,0.998626,0.001374,0.931267,0.067359,
img_10396,bad,consensus=bad;level1=bad;level2=bad;level3=bad,graded,bad,0.171861,0.828139,0.015725,0.156137,
img_10404,usable,consensus=usable;level1=usable;level2=usable;level3=bad,graded,good,0.948968,0.051032,0.666146,0.282822,
img_10408,good,consensus=good;level1=good;level2=good;level3=good,graded,good,0.999865,0.000135,0.998387,0.001478,
img_10415,usable,consensus=usable;level1=usable;level2=usable;level3=usable,graded,good,0.987807,0.012193,0.883044,0.104764,
img_10419,bad,consensus=bad;level1=bad;level2=bad;level3=bad,graded,bad,0.062019,0.937981,0.001765,0.060254,
img_10425,usable,consensus=usable;level1=usable;level2=usable;level3=usable,graded,good,0.997476,0.002524,0.896036,0.101440,
