key,subset,split,reader,native_side,outcome,resampling,artery_dice,vein_dice,vessels_dice,artery_cldice,vein_cldice,vessels_cldice,artery_betti,vein_betti,vessels_betti,said_artery_px,said_vein_px,truth_artery_px,truth_vein_px,note
test_100_d,main,test,expert,2019,graded,"probabilities to native, bilinear, thresholded there, and these numbers were measured from the masks that run kept",,,0.850732,,,0.915378,,,107.000000,94895,139189,0,0,
test_101_g,main,test,expert,2014,graded,"probabilities to native, bilinear, thresholded there, and these numbers were measured from the masks that run kept",,,0.697643,,,0.739471,,,143.000000,24020,64199,0,0,
test_102_g,main,test,expert,2019,graded,"probabilities to native, bilinear, thresholded there, and these numbers were measured from the masks that run kept",,,0.719341,,,0.755970,,,151.000000,41174,83425,0,0,
test_103_g,main,test,expert,2018,graded,"probabilities to native, bilinear, thresholded there, and these numbers were measured from the masks that run kept",,,0.743502,,,0.816082,,,149.000000,83436,123833,0,0,
test_104_g,main,test,expert,2014,graded,"probabilities to native, bilinear, thresholded there, and these numbers were measured from the masks that run kept",,,0.811189,,,0.864609,,,154.000000,71481,121503,0,0,
test_105_g,main,test,expert,2017,graded,"probabilities to native, bilinear, thresholded there, and these numbers were measured from the masks that run kept",,,0.862703,,,0.893423,,,160.000000,113859,151570,0,0,
test_106_g,main,test,expert,2013,graded,"probabilities to native, bilinear, thresholded there, and these numbers were measured from the masks that run kept",,,0.906350,,,0.921505,,,142.000000,136681,175978,0,0,
test_107_g,main,test,expert,2013,graded,"probabilities to native, bilinear, thresholded there, and these numbers were measured from the masks that run kept",,,0.868755,,,0.886035,,,181.000000,136996,178107,0,0,
test_108_g,main,test,expert,2015,graded,"probabilities to native, bilinear, thresholded there, and these numbers were measured from the masks that run kept",,,0.663593,,,0.691736,,,80.000000,21472,41812,0,0,
test_109_g,main,test,expert,2015,graded,"probabilities to native, bilinear, thresholded there, and these numbers were measured from the masks that run kept",,,0.886276,,,0.924721,,,162.000000,124670,162700,0,0,
test_10_a,main,test,expert,2018,graded,"probabilities to native, bilinear, thresholded there, and these numbers were measured from the masks that run kept",,,0.746447,,,0.840776,,,118.000000,75296,104685,0,0,
test_110_g,main,test,expert,2018,graded,"probabilities to native, bilinear, thresholded there, and these numbers were measured from the masks that run kept",,,0.884738,,,0.916936,,,144.000000,114032,148584,0,0,
test_111_g,main,test,expert,2013,graded,"probabilities to native, bilinear, thresholded there, and these numbers were measured from the masks that run kept",,,0.759613,,,0.804619,,,125.000000,74636,98746,0,0,
test_112_g,main,test,expert,2017,graded,"probabilities to native, bilinear, thresholded there, and these numbers were measured from the masks that run kept",,,0.812647,,,0.862648,,,128.000000,88312,128434,0,0,
test_113_g,main,test,expert,2016,graded,"probabilities to native, bilinear, thresholded there, and these numbers were measured from the masks that run kept",,,0.409554,,,0.426053,,,224.000000,9623,28542,0,0,
test_114_g,main,test,expert,2014,graded,"probabilities to native, bilinear, thresholded there, and these numbers were measured from the masks that run kept",,,0.462901,,,0.518940,,,73.000000,5155,29866,0,0,
test_115_g,main,test,expert,2014,graded,"probabilities to native, bilinear, thresholded there, and these numbers were measured from the masks that run kept",,,0.847536,,,0.857834,,,132.000000,93280,152102,0,0,
test_116_g,main,test,expert,2015,graded,"probabilities to native, bilinear, thresholded there, and these numbers were measured from the masks that run kept",,,0.746508,,,0.751012,,,130.000000,58206,103609,0,0,
test_117_g,main,test,expert,2015,graded,"probabilities to native, bilinear, thresholded there, and these numbers were measured from the masks that run kept",,,0.829699,,,0.871388,,,152.000000,85933,124466,0,0,
test_118_g,main,test,expert,2018,graded,"probabilities to native, bilinear, thresholded there, and these numbers were measured from the masks that run kept",,,0.878143,,,0.886852,,,186.000000,139263,169077,0,0,
test_119_g,main,test,expert,2015,graded,"probabilities to native, bilinear, thresholded there, and these numbers were measured from the masks that run kept",,,0.562686,,,0.521823,,,95.000000,17572,32111,0,0,
test_11_a,main,test,expert,2016,graded,"probabilities to native, bilinear, thresholded there, and these numbers were measured from the masks that run kept",,,0.809182,,,0.876280,,,128.000000,108356,124242,0,0,
test_120_g,main,test,expert,2014,graded,"probabilities to native, bilinear, thresholded there, and these numbers were measured from the masks that run kept",,,0.867374,,,0.904737,,,121.000000,120364,141273,0,0,
test_121_g,main,test,expert,2015,graded,"probabilities to native, bilinear, thresholded there, and these numbers were measured from the masks that run kept",,,0.628350,,,0.688112,,,77.000000,17543,49751,0,0,
test_122_g,main,test,expert,2021,graded,"probabilities to native, bilinear, thresholded there, and these numbers were measured from the masks that run kept",,,0.052252,,,0.064126,,,45.000000,206,4105,0,0,
test_123_g,main,test,expert,2019,graded,"probabilities to native, bilinear, thresholded there, and these numbers were measured from the masks that run kept",,,0.030898,,,0.047591,,,91.000000,683,5534,0,0,
test_124_g,main,test,expert,2012,graded,"probabilities to native, bilinear, thresholded there, and these numbers were measured from the masks that run kept",,,0.791792,,,0.832390,,,119.000000,70602,108094,0,0,
test_125_g,main,test,expert,2013,graded,"probabilities to native, bilinear, thresholded there, and these numbers were measured from the masks that run kept",,,0.868525,,,0.888200,,,128.000000,102940,169782,0,0,
test_126_g,main,test,expert,2016,graded,"probabilities to native, bilinear, thresholded there, and these numbers were measured from the masks that run kept",,,0.798354,,,0.864351,,,140.000000,70933,94561,0,0,
test_127_g,main,test,expert,2016,graded,"probabilities to native, bilinear, thresholded there, and these numbers were measured from the masks that run kept",,,0.770359,,,0.808853,,,116.000000,55201,91513,0,0,
test_128_g,main,test,expert,2014,graded,"probabilities to native, bilinear, thresholded there, and these numbers were measured from the masks that run kept",,,0.803182,,,0.875804,,,178.000000,82957,121618,0,0,
test_129_g,main,test,expert,2010,graded,"probabilities to native, bilinear, thresholded there, and these numbers were measured from the masks that run kept",,,0.738488,,,0.792219,,,136.000000,57181,75364,0,0,
test_12_a,main,test,expert,2019,graded,"probabilities to native, bilinear, thresholded there, and these numbers were measured from the masks that run kept",,,0.855261,,,0.913642,,,110.000000,114411,150144,0,0,
test_130_g,main,test,expert,2018,graded,"probabilities to native, bilinear, thresholded there, and these numbers were measured from the masks that run kept",,,0.850250,,,0.876436,,,168.000000,109340,148523,0,0,
test_131_g,main,test,expert,2017,graded,"probabilities to native, bilinear, thresholded there, and these numbers were measured from the masks that run kept",,,0.875983,,,0.907993,,,154.000000,125079,153836,0,0,
test_132_g,main,test,expert,2020,graded,"probabilities to native, bilinear, thresholded there, and these numbers were measured from the masks that run kept",,,0.814786,,,0.853094,,,152.000000,72081,117267,0,0,
test_133_g,main,test,expert,2014,graded,"probabilities to native, bilinear, thresholded there, and these numbers were measured from the masks that run kept",,,0.616693,,,0.566993,,,93.000000,14203,46086,0,0,
test_134_g,main,test,expert,2015,graded,"probabilities to native, bilinear, thresholded there, and these numbers were measured from the masks that run kept",,,0.818624,,,0.836883,,,172.000000,104087,132756,0,0,
test_135_g,main,test,expert,2019,graded,"probabilities to native, bilinear, thresholded there, and these numbers were measured from the masks that run kept",,,0.634956,,,0.712062,,,112.000000,26882,63500,0,0,
test_136_g,main,test,expert,2021,graded,"probabilities to native, bilinear, thresholded there, and these numbers were measured from the masks that run kept",,,0.344059,,,0.380307,,,123.000000,3398,24838,0,0,
test_137_g,main,test,expert,2021,graded,"probabilities to native, bilinear, thresholded there, and these numbers were measured from the masks that run kept",,,0.582737,,,0.518400,,,130.000000,13584,42715,0,0,
test_138_g,main,test,expert,2017,graded,"probabilities to native, bilinear, thresholded there, and these numbers were measured from the masks that run kept",,,0.653235,,,0.628094,,,67.000000,3206,51968,0,0,
test_139_g,main,test,expert,2018,graded,"probabilities to native, bilinear, thresholded there, and these numbers were measured from the masks that run kept",,,0.894287,,,0.904599,,,175.000000,133944,199361,0,0,
test_13_a,main,test,expert,2018,graded,"probabilities to native, bilinear, thresholded there, and these numbers were measured from the masks that run kept",,,0.862159,,,0.926072,,,126.000000,115125,155258,0,0,
test_140_g,main,test,expert,2013,graded,"probabilities to native, bilinear, thresholded there, and these numbers were measured from the masks that run kept",,,0.777123,,,0.813163,,,123.000000,51759,84293,0,0,
test_141_g,main,test,expert,2015,graded,"probabilities to native, bilinear, thresholded there, and these numbers were measured from the masks that run kept",,,0.825678,,,0.874332,,,183.000000,94412,135853,0,0,
test_142_g,main,test,expert,2017,graded,"probabilities to native, bilinear, thresholded there, and these numbers were measured from the masks that run kept",,,0.868907,,,0.897119,,,176.000000,140352,165147,0,0,
test_143_g,main,test,expert,2017,graded,"probabilities to native, bilinear, thresholded there, and these numbers were measured from the masks that run kept",,,0.854508,,,0.886187,,,186.000000,135324,169709,0,0,
test_144_g,main,test,expert,2012,graded,"probabilities to native, bilinear, thresholded there, and these numbers were measured from the masks that run kept",,,0.692672,,,0.721872,,,120.000000,33715,63483,0,0,
test_145_g,main,test,expert,2012,graded,"probabilities to native, bilinear, thresholded there, and these numbers were measured from the masks that run kept",,,0.594649,,,0.605511,,,152.000000,24547,53641,0,0,
test_146_g,main,test,expert,2015,graded,"probabilities to native, bilinear, thresholded there, and these numbers were measured from the masks that run kept",,,0.858905,,,0.881510,,,202.000000,139773,170258,0,0,
test_147_g,main,test,expert,2016,graded,"probabilities to native, bilinear, thresholded there, and these numbers were measured from the masks that run kept",,,0.826061,,,0.885051,,,123.000000,86028,131168,0,0,
test_148_g,main,test,expert,2021,graded,"probabilities to native, bilinear, thresholded there, and these numbers were measured from the masks that run kept",,,0.746011,,,0.759166,,,126.000000,21238,68566,0,0,
test_149_g,main,test,expert,2016,graded,"probabilities to native, bilinear, thresholded there, and these numbers were measured from the masks that run kept",,,0.688617,,,0.732859,,,47.000000,11281,65300,0,0,
test_14_a,main,test,expert,2015,graded,"probabilities to native, bilinear, thresholded there, and these numbers were measured from the masks that run kept",,,0.870211,,,0.924260,,,147.000000,110846,154521,0,0,
test_150_g,main,test,expert,2014,graded,"probabilities to native, bilinear, thresholded there, and these numbers were measured from the masks that run kept",,,0.867464,,,0.897781,,,149.000000,104344,153917,0,0,
test_151_n,main,test,expert,2018,graded,"probabilities to native, bilinear, thresholded there, and these numbers were measured from the masks that run kept",,,0.800136,,,0.818289,,,152.000000,112245,152912,0,0,
test_152_n,main,test,expert,2018,graded,"probabilities to native, bilinear, thresholded there, and these numbers were measured from the masks that run kept",,,0.815384,,,0.863518,,,143.000000,110338,151107,0,0,
test_153_n,main,test,expert,2014,graded,"probabilities to native, bilinear, thresholded there, and these numbers were measured from the masks that run kept",,,0.594704,,,0.599343,,,110.000000,47729,94681,0,0,
test_154_n,main,test,expert,2018,graded,"probabilities to native, bilinear, thresholded there, and these numbers were measured from the masks that run kept",,,0.547946,,,0.512038,,,133.000000,44124,82277,0,0,
test_155_n,main,test,expert,2022,graded,"probabilities to native, bilinear, thresholded there, and these numbers were measured from the masks that run kept",,,0.702712,,,0.705840,,,139.000000,55847,78947,0,0,
test_156_n,main,test,expert,2025,graded,"probabilities to native, bilinear, thresholded there, and these numbers were measured from the masks that run kept",,,0.757486,,,0.795724,,,107.000000,69055,93744,0,0,
test_157_n,main,test,expert,2016,graded,"probabilities to native, bilinear, thresholded there, and these numbers were measured from the masks that run kept",,,0.790313,,,0.814837,,,188.000000,100469,142329,0,0,
test_158_n,main,test,expert,2013,graded,"probabilities to native, bilinear, thresholded there, and these numbers were measured from the masks that run kept",,,0.780155,,,0.817951,,,131.000000,92634,130870,0,0,
test_159_n,main,test,expert,2013,graded,"probabilities to native, bilinear, thresholded there, and these numbers were measured from the masks that run kept",,,0.842167,,,0.866116,,,161.000000,131140,135200,0,0,
test_15_a,main,test,expert,2018,graded,"probabilities to native, bilinear, thresholded there, and these numbers were measured from the masks that run kept",,,0.872279,,,0.907191,,,134.000000,106181,151484,0,0,
test_160_n,main,test,expert,2014,graded,"probabilities to native, bilinear, thresholded there, and these numbers were measured from the masks that run kept",,,0.857214,,,0.883230,,,169.000000,131969,149429,0,0,
test_161_n,main,test,expert,2013,graded,"probabilities to native, bilinear, thresholded there, and these numbers were measured from the masks that run kept",,,0.830478,,,0.864210,,,136.000000,107849,144514,0,0,
test_162_n,main,test,expert,2016,graded,"probabilities to native, bilinear, thresholded there, and these numbers were measured from the masks that run kept",,,0.838307,,,0.871794,,,136.000000,111309,144875,0,0,
test_163_n,main,test,expert,2018,graded,"probabilities to native, bilinear, thresholded there, and these numbers were measured from the masks that run kept",,,0.784513,,,0.826269,,,108.000000,85414,117808,0,0,
test_164_n,main,test,expert,2014,graded,"probabilities to native, bilinear, thresholded there, and these numbers were measured from the masks that run kept",,,0.744649,,,0.782195,,,167.000000,72427,122685,0,0,
test_165_n,main,test,expert,2014,graded,"probabilities to native, bilinear, thresholded there, and these numbers were measured from the masks that run kept",,,0.761256,,,0.779844,,,207.000000,102581,154843,0,0,
test_166_n,main,test,expert,2012,graded,"probabilities to native, bilinear, thresholded there, and these numbers were measured from the masks that run kept",,,0.743128,,,0.749357,,,220.000000,103774,134128,0,0,
test_167_n,main,test,expert,2015,graded,"probabilities to native, bilinear, thresholded there, and these numbers were measured from the masks that run kept",,,0.730131,,,0.752661,,,158.000000,91201,122630,0,0,
test_168_n,main,test,expert,2016,graded,"probabilities to native, bilinear, thresholded there, and these numbers were measured from the masks that run kept",,,0.707094,,,0.732533,,,180.000000,79008,117104,0,0,
test_169_n,main,test,expert,2014,graded,"probabilities to native, bilinear, thresholded there, and these numbers were measured from the masks that run kept",,,0.803344,,,0.852149,,,130.000000,114957,137189,0,0,
test_16_a,main,test,expert,2018,graded,"probabilities to native, bilinear, thresholded there, and these numbers were measured from the masks that run kept",,,0.842934,,,0.894133,,,107.000000,112048,149097,0,0,
test_170_n,main,test,expert,2014,graded,"probabilities to native, bilinear, thresholded there, and these numbers were measured from the masks that run kept",,,0.784982,,,0.833935,,,156.000000,110441,135624,0,0,
test_171_n,main,test,expert,2016,graded,"probabilities to native, bilinear, thresholded there, and these numbers were measured from the masks that run kept",,,0.882779,,,0.905279,,,187.000000,153574,170760,0,0,
test_172_n,main,test,expert,2013,graded,"probabilities to native, bilinear, thresholded there, and these numbers were measured from the masks that run kept",,,0.869416,,,0.909933,,,160.000000,141043,164670,0,0,
test_173_n,main,test,expert,2015,graded,"probabilities to native, bilinear, thresholded there, and these numbers were measured from the masks that run kept",,,0.819018,,,0.827298,,,174.000000,128342,151255,0,0,
test_174_n,main,test,expert,2014,graded,"probabilities to native, bilinear, thresholded there, and these numbers were measured from the masks that run kept",,,0.797655,,,0.828381,,,162.000000,128157,147922,0,0,
test_175_n,main,test,expert,2016,graded,"probabilities to native, bilinear, thresholded there, and these numbers were measured from the masks that run kept",,,0.756928,,,0.744432,,,203.000000,127921,131265,0,0,
test_176_n,main,test,expert,2014,graded,"probabilities to native, bilinear, thresholded there, and these numbers were measured from the masks that run kept",,,0.764888,,,0.781337,,,195.000000,118343,146584,0,0,
test_177_n,main,test,expert,2015,graded,"probabilities to native, bilinear, thresholded there, and these numbers were measured from the masks that run kept",,,0.834480,,,0.835710,,,195.000000,136590,165813,0,0,
test_178_n,main,test,expert,2015,graded,"probabilities to native, bilinear, thresholded there, and these numbers were measured from the masks that run kept",,,0.817384,,,0.800111,,,173.000000,134767,154881,0,0,
test_179_n,main,test,expert,2016,graded,"probabilities to native, bilinear, thresholded there, and these numbers were measured from the masks that run kept",,,0.859261,,,0.882142,,,180.000000,125508,157549,0,0,
test_17_a,main,test,expert,2014,graded,"probabilities to native, bilinear, thresholded there, and these numbers were measured from the masks that run kept",,,0.825651,,,0.883681,,,132.000000,107317,148200,0,0,
test_180_n,main,test,expert,2015,graded,"probabilities to native, bilinear, thresholded there, and these numbers were measured from the masks that run kept",,,0.837637,,,0.882242,,,151.000000,110264,132015,0,0,
test_181_n,main,test,expert,2017,graded,"probabilities to native, bilinear, thresholded there, and these numbers were measured from the masks that run kept",,,0.824377,,,0.866005,,,95.000000,102739,130669,0,0,
test_182_n,main,test,expert,2045,graded,"probabilities to native, bilinear, thresholded there, and these numbers were measured from the masks that run kept",,,0.851877,,,0.903595,,,167.000000,126933,155366,0,0,
test_183_n,main,test,expert,2020,graded,"probabilities to native, bilinear, thresholded there, and these numbers were measured from the masks that run kept",,,0.794204,,,0.818311,,,142.000000,95950,123463,0,0,
test_184_n,main,test,expert,2043,graded,"probabilities to native, bilinear, thresholded there, and these numbers were measured from the masks that run kept",,,0.844464,,,0.886424,,,167.000000,118377,153933,0,0,
test_185_n,main,test,expert,2013,graded,"probabilities to native, bilinear, thresholded there, and these numbers were measured from the masks that run kept",,,0.829837,,,0.844706,,,205.000000,124417,156239,0,0,
test_186_n,main,test,expert,2014,graded,"probabilities to native, bilinear, thresholded there, and these numbers were measured from the masks that run kept",,,0.825287,,,0.822870,,,182.000000,115972,166915,0,0,
test_187_n,main,test,expert,2013,graded,"probabilities to native, bilinear, thresholded there, and these numbers were measured from the masks that run kept",,,0.854238,,,0.878608,,,167.000000,131216,163667,0,0,
test_188_n,main,test,expert,2014,graded,"probabilities to native, bilinear, thresholded there, and these numbers were measured from the masks that run kept",,,0.789221,,,0.813905,,,210.000000,125440,154404,0,0,
test_189_n,main,test,expert,2015,graded,"probabilities to native, bilinear, thresholded there, and these numbers were measured from the masks that run kept",,,0.813881,,,0.845528,,,179.000000,110570,158013,0,0,
test_18_a,main,test,expert,2017,graded,"probabilities to native, bilinear, thresholded there, and these numbers were measured from the masks that run kept",,,0.548927,,,0.630354,,,140.000000,34207,68645,0,0,
test_190_n,main,test,expert,2013,graded,"probabilities to native, bilinear, thresholded there, and these numbers were measured from the masks that run kept",,,0.809038,,,0.854587,,,181.000000,107716,154480,0,0,
test_191_n,main,test,expert,2016,graded,"probabilities to native, bilinear, thresholded there, and these numbers were measured from the masks that run kept",,,0.799989,,,0.814629,,,176.000000,114385,135759,0,0,
test_192_n,main,test,expert,2014,graded,"probabilities to native, bilinear, thresholded there, and these numbers were measured from the masks that run kept",,,0.809058,,,0.832085,,,150.000000,128432,139591,0,0,
test_193_n,main,test,expert,2015,graded,"probabilities to native, bilinear, thresholded there, and these numbers were measured from the masks that run kept",,,0.874232,,,0.889516,,,192.000000,138420,171582,0,0,
test_194_n,main,test,expert,2021,graded,"probabilities to native, bilinear, thresholded there, and these numbers were measured from the masks that run kept",,,0.840829,,,0.863398,,,187.000000,135472,152475,0,0,
test_195_n,main,test,expert,2016,graded,"probabilities to native, bilinear, thresholded there, and these numbers were measured from the masks that run kept",,,0.849930,,,0.875900,,,174.000000,121519,175900,0,0,
test_196_n,main,test,expert,2015,graded,"probabilities to native, bilinear, thresholded there, and these numbers were measured from the masks that run kept",,,0.823362,,,0.884662,,,93.000000,96804,154936,0,0,
test_197_n,main,test,expert,2013,graded,"probabilities to native, bilinear, thresholded there, and these numbers were measured from the masks that run kept",,,0.820280,,,0.844161,,,158.000000,112491,150972,0,0,
test_198_n,main,test,expert,2014,graded,"probabilities to native, bilinear, thresholded there, and these numbers were measured from the masks that run kept",,,0.879442,,,0.916629,,,199.000000,129689,178116,0,0,
test_199_n,main,test,expert,2014,graded,"probabilities to native, bilinear, thresholded there, and these numbers were measured from the masks that run kept",,,0.858555,,,0.875808,,,164.000000,147667,171517,0,0,
test_19_a,main,test,expert,2016,graded,"probabilities to native, bilinear, thresholded there, and these numbers were measured from the masks that run kept",,,0.803614,,,0.830619,,,113.000000,83283,100856,0,0,
test_1_a,main,test,expert,2013,graded,"probabilities to native, bilinear, thresholded there, and these numbers were measured from the masks that run kept",,,0.866419,,,0.884523,,,185.000000,150213,176889,0,0,
test_200_n,main,test,expert,2016,graded,"probabilities to native, bilinear, thresholded there, and these numbers were measured from the masks that run kept",,,0.847227,,,0.855838,,,189.000000,148755,174105,0,0,
test_20_a,main,test,expert,2013,graded,"probabilities to native, bilinear, thresholded there, and these numbers were measured from the masks that run kept",,,0.899955,,,0.913124,,,186.000000,125597,188314,0,0,
test_21_a,main,test,expert,2017,graded,"probabilities to native, bilinear, thresholded there, and these numbers were measured from the masks that run kept",,,0.808472,,,0.876534,,,107.000000,89970,117570,0,0,
test_22_a,main,test,expert,2020,graded,"probabilities to native, bilinear, thresholded there, and these numbers were measured from the masks that run kept",,,0.881500,,,0.924712,,,131.000000,129036,156168,0,0,
test_23_a,main,test,expert,2021,graded,"probabilities to native, bilinear, thresholded there, and these numbers were measured from the masks that run kept",,,0.666011,,,0.659950,,,145.000000,128524,155381,0,0,
test_24_a,main,test,expert,2018,graded,"probabilities to native, bilinear, thresholded there, and these numbers were measured from the masks that run kept",,,0.639193,,,0.787673,,,158.000000,62347,66010,0,0,
test_25_a,main,test,expert,2015,graded,"probabilities to native, bilinear, thresholded there, and these numbers were measured from the masks that run kept",,,0.807786,,,0.870899,,,130.000000,83614,110867,0,0,
test_26_a,main,test,expert,2018,graded,"probabilities to native, bilinear, thresholded there, and these numbers were measured from the masks that run kept",,,0.868669,,,0.902666,,,173.000000,124606,154121,0,0,
test_27_a,main,test,expert,2016,graded,"probabilities to native, bilinear, thresholded there, and these numbers were measured from the masks that run kept",,,0.552494,,,0.649165,,,107.000000,29083,40458,0,0,
test_28_a,main,test,expert,2016,graded,"probabilities to native, bilinear, thresholded there, and these numbers were measured from the masks that run kept",,,0.835594,,,0.880968,,,95.000000,95690,131300,0,0,
test_29_a,main,test,expert,2018,graded,"probabilities to native, bilinear, thresholded there, and these numbers were measured from the masks that run kept",,,0.801582,,,0.859942,,,112.000000,83841,124356,0,0,
test_2_a,main,test,expert,2015,graded,"probabilities to native, bilinear, thresholded there, and these numbers were measured from the masks that run kept",,,0.846321,,,0.857914,,,176.000000,133576,169094,0,0,
test_30_a,main,test,expert,2013,graded,"probabilities to native, bilinear, thresholded there, and these numbers were measured from the masks that run kept",,,0.834750,,,0.855641,,,142.000000,92659,120952,0,0,
test_31_a,main,test,expert,2019,graded,"probabilities to native, bilinear, thresholded there, and these numbers were measured from the masks that run kept",,,0.878738,,,0.895391,,,180.000000,130267,162737,0,0,
test_32_a,main,test,expert,2017,graded,"probabilities to native, bilinear, thresholded there, and these numbers were measured from the masks that run kept",,,0.890455,,,0.931229,,,151.000000,125509,166254,0,0,
test_33_a,main,test,expert,2014,graded,"probabilities to native, bilinear, thresholded there, and these numbers were measured from the masks that run kept",,,0.890426,,,0.895476,,,312.000000,162676,205851,0,0,
test_34_a,main,test,expert,2017,graded,"probabilities to native, bilinear, thresholded there, and these numbers were measured from the masks that run kept",,,0.799773,,,0.897840,,,100.000000,81968,127371,0,0,
test_35_a,main,test,expert,2017,graded,"probabilities to native, bilinear, thresholded there, and these numbers were measured from the masks that run kept",,,0.884775,,,0.915402,,,168.000000,136968,161969,0,0,
test_36_a,main,test,expert,2017,graded,"probabilities to native, bilinear, thresholded there, and these numbers were measured from the masks that run kept",,,0.871108,,,0.909407,,,158.000000,128694,152600,0,0,
test_37_a,main,test,expert,2017,graded,"probabilities to native, bilinear, thresholded there, and these numbers were measured from the masks that run kept",,,0.670695,,,0.726252,,,71.000000,21474,63898,0,0,
test_38_a,main,test,expert,2014,graded,"probabilities to native, bilinear, thresholded there, and these numbers were measured from the masks that run kept",,,0.794050,,,0.870363,,,93.000000,78944,108118,0,0,
test_39_a,main,test,expert,2018,graded,"probabilities to native, bilinear, thresholded there, and these numbers were measured from the masks that run kept",,,0.818328,,,0.879716,,,140.000000,87559,128398,0,0,
test_3_a,main,test,expert,2018,graded,"probabilities to native, bilinear, thresholded there, and these numbers were measured from the masks that run kept",,,0.877073,,,0.874516,,,245.000000,168548,207237,0,0,
test_40_a,main,test,expert,2016,graded,"probabilities to native, bilinear, thresholded there, and these numbers were measured from the masks that run kept",,,0.845108,,,0.911914,,,101.000000,96923,114804,0,0,
test_41_a,main,test,expert,2019,graded,"probabilities to native, bilinear, thresholded there, and these numbers were measured from the masks that run kept",,,0.729142,,,0.766034,,,174.000000,75222,117637,0,0,
test_42_a,main,test,expert,2017,graded,"probabilities to native, bilinear, thresholded there, and these numbers were measured from the masks that run kept",,,0.797314,,,0.821085,,,221.000000,86016,146112,0,0,
test_43_a,main,test,expert,2013,graded,"probabilities to native, bilinear, thresholded there, and these numbers were measured from the masks that run kept",,,0.771816,,,0.819488,,,143.000000,76564,92603,0,0,
test_44_a,main,test,expert,2017,graded,"probabilities to native, bilinear, thresholded there, and these numbers were measured from the masks that run kept",,,0.871939,,,0.909656,,,146.000000,125746,157825,0,0,
test_45_a,main,test,expert,2018,graded,"probabilities to native, bilinear, thresholded there, and these numbers were measured from the masks that run kept",,,0.815701,,,0.881453,,,119.000000,86141,121528,0,0,
test_46_a,main,test,expert,2016,graded,"probabilities to native, bilinear, thresholded there, and these numbers were measured from the masks that run kept",,,0.755484,,,0.845132,,,100.000000,70780,103858,0,0,
test_47_a,main,test,expert,2016,graded,"probabilities to native, bilinear, thresholded there, and these numbers were measured from the masks that run kept",,,0.769751,,,0.857145,,,113.000000,53756,81622,0,0,
test_48_a,main,test,expert,2017,graded,"probabilities to native, bilinear, thresholded there, and these numbers were measured from the masks that run kept",,,0.889593,,,0.929527,,,150.000000,125509,166254,0,0,
test_49_a,main,test,expert,2016,graded,"probabilities to native, bilinear, thresholded there, and these numbers were measured from the masks that run kept",,,0.883361,,,0.939465,,,130.000000,121271,165267,0,0,
test_4_a,main,test,expert,2016,graded,"probabilities to native, bilinear, thresholded there, and these numbers were measured from the masks that run kept",,,0.847085,,,0.833976,,,137.000000,110136,140362,0,0,
test_50_a,main,test,expert,2016,graded,"probabilities to native, bilinear, thresholded there, and these numbers were measured from the masks that run kept",,,0.855599,,,0.902577,,,154.000000,105096,133255,0,0,
test_51_d,main,test,expert,2016,graded,"probabilities to native, bilinear, thresholded there, and these numbers were measured from the masks that run kept",,,0.522050,,,0.551588,,,89.000000,3659,28743,0,0,
test_52_d,main,test,expert,2017,graded,"probabilities to native, bilinear, thresholded there, and these numbers were measured from the masks that run kept",,,0.849286,,,0.883129,,,95.000000,42158,103302,0,0,
test_53_d,main,test,expert,2011,graded,"probabilities to native, bilinear, thresholded there, and these numbers were measured from the masks that run kept",,,0.744200,,,0.799877,,,104.000000,62897,94325,0,0,
test_54_d,main,test,expert,2018,graded,"probabilities to native, bilinear, thresholded there, and these numbers were measured from the masks that run kept",,,0.899061,,,0.929031,,,166.000000,131771,167499,0,0,
test_55_d,main,test,expert,2014,graded,"probabilities to native, bilinear, thresholded there, and these numbers were measured from the masks that run kept",,,0.686130,,,0.826493,,,87.000000,27825,50854,0,0,
test_56_d,main,test,expert,2013,graded,"probabilities to native, bilinear, thresholded there, and these numbers were measured from the masks that run kept",,,0.824260,,,0.896567,,,128.000000,105707,145690,0,0,
test_57_d,main,test,expert,2015,graded,"probabilities to native, bilinear, thresholded there, and these numbers were measured from the masks that run kept",,,0.476207,,,0.568311,,,107.000000,38452,53600,0,0,
test_58_d,main,test,expert,2015,graded,"probabilities to native, bilinear, thresholded there, and these numbers were measured from the masks that run kept",,,0.839829,,,0.906846,,,127.000000,94688,142937,0,0,
test_59_d,main,test,expert,2015,graded,"probabilities to native, bilinear, thresholded there, and these numbers were measured from the masks that run kept",,,0.806241,,,0.870156,,,134.000000,104219,145533,0,0,
test_5_a,main,test,expert,2015,graded,"probabilities to native, bilinear, thresholded there, and these numbers were measured from the masks that run kept",,,0.870517,,,0.866282,,,158.000000,149996,194926,0,0,
test_60_d,main,test,expert,2018,graded,"probabilities to native, bilinear, thresholded there, and these numbers were measured from the masks that run kept",,,0.776635,,,0.857215,,,175.000000,92810,115419,0,0,
test_61_d,main,test,expert,2013,graded,"probabilities to native, bilinear, thresholded there, and these numbers were measured from the masks that run kept",,,0.648592,,,0.640680,,,129.000000,39185,54826,0,0,
test_62_d,main,test,expert,2016,graded,"probabilities to native, bilinear, thresholded there, and these numbers were measured from the masks that run kept",,,0.563249,,,0.632201,,,216.000000,39579,69741,0,0,
test_63_d,main,test,expert,2013,graded,"probabilities to native, bilinear, thresholded there, and these numbers were measured from the masks that run kept",,,0.699239,,,0.769319,,,149.000000,76444,108294,0,0,
test_64_d,main,test,expert,2012,graded,"probabilities to native, bilinear, thresholded there, and these numbers were measured from the masks that run kept",,,0.845407,,,0.877611,,,122.000000,95260,141869,0,0,
test_65_d,main,test,expert,2017,graded,"probabilities to native, bilinear, thresholded there, and these numbers were measured from the masks that run kept",,,0.731559,,,0.824842,,,142.000000,68546,123210,0,0,
test_66_d,main,test,expert,2018,graded,"probabilities to native, bilinear, thresholded there, and these numbers were measured from the masks that run kept",,,0.680667,,,0.792385,,,105.000000,44583,99888,0,0,
test_67_d,main,test,expert,2011,graded,"probabilities to native, bilinear, thresholded there, and these numbers were measured from the masks that run kept",,,0.634236,,,0.704770,,,172.000000,48346,75372,0,0,
test_68_d,main,test,expert,2013,graded,"probabilities to native, bilinear, thresholded there, and these numbers were measured from the masks that run kept",,,0.809117,,,0.879790,,,126.000000,94991,143869,0,0,
test_69_d,main,test,expert,2019,graded,"probabilities to native, bilinear, thresholded there, and these numbers were measured from the masks that run kept",,,0.856410,,,0.897718,,,138.000000,129629,148931,0,0,
test_6_a,main,test,expert,2014,graded,"probabilities to native, bilinear, thresholded there, and these numbers were measured from the masks that run kept",,,0.864023,,,0.851691,,,141.000000,110041,150764,0,0,
test_70_d,main,test,expert,2015,graded,"probabilities to native, bilinear, thresholded there, and these numbers were measured from the masks that run kept",,,0.876238,,,0.928375,,,96.000000,111667,144000,0,0,
test_71_d,main,test,expert,2017,graded,"probabilities to native, bilinear, thresholded there, and these numbers were measured from the masks that run kept",,,0.692100,,,0.777560,,,131.000000,41152,77995,0,0,
test_72_d,main,test,expert,2015,graded,"probabilities to native, bilinear, thresholded there, and these numbers were measured from the masks that run kept",,,0.839457,,,0.865576,,,173.000000,100650,127492,0,0,
test_73_d,main,test,expert,2020,graded,"probabilities to native, bilinear, thresholded there, and these numbers were measured from the masks that run kept",,,0.781625,,,0.862839,,,129.000000,91629,136931,0,0,
test_74_d,main,test,expert,2020,graded,"probabilities to native, bilinear, thresholded there, and these numbers were measured from the masks that run kept",,,0.794480,,,0.873444,,,127.000000,102927,158234,0,0,
test_75_d,main,test,expert,2014,graded,"probabilities to native, bilinear, thresholded there, and these numbers were measured from the masks that run kept",,,0.792542,,,0.848820,,,115.000000,119495,150309,0,0,
test_76_d,main,test,expert,2016,graded,"probabilities to native, bilinear, thresholded there, and these numbers were measured from the masks that run kept",,,0.657166,,,0.748858,,,114.000000,44887,40728,0,0,
test_77_d,main,test,expert,2017,graded,"probabilities to native, bilinear, thresholded there, and these numbers were measured from the masks that run kept",,,0.876363,,,0.931705,,,136.000000,97612,156071,0,0,
test_78_d,main,test,expert,2018,graded,"probabilities to native, bilinear, thresholded there, and these numbers were measured from the masks that run kept",,,0.780892,,,0.877459,,,92.000000,39664,73673,0,0,
test_79_d,main,test,expert,2019,graded,"probabilities to native, bilinear, thresholded there, and these numbers were measured from the masks that run kept",,,0.856420,,,0.908129,,,118.000000,95567,154850,0,0,
test_7_a,main,test,expert,2019,graded,"probabilities to native, bilinear, thresholded there, and these numbers were measured from the masks that run kept",,,0.856291,,,0.829703,,,195.000000,112841,144474,0,0,
test_80_d,main,test,expert,2012,graded,"probabilities to native, bilinear, thresholded there, and these numbers were measured from the masks that run kept",,,0.809991,,,0.870093,,,95.000000,68417,131074,0,0,
test_81_d,main,test,expert,2015,graded,"probabilities to native, bilinear, thresholded there, and these numbers were measured from the masks that run kept",,,0.858679,,,0.924022,,,125.000000,97289,128012,0,0,
test_82_d,main,test,expert,2014,graded,"probabilities to native, bilinear, thresholded there, and these numbers were measured from the masks that run kept",,,0.685895,,,0.698776,,,88.000000,20553,68511,0,0,
test_83_d,main,test,expert,2016,graded,"probabilities to native, bilinear, thresholded there, and these numbers were measured from the masks that run kept",,,0.776948,,,0.820048,,,144.000000,75232,140305,0,0,
test_84_d,main,test,expert,2017,graded,"probabilities to native, bilinear, thresholded there, and these numbers were measured from the masks that run kept",,,0.803789,,,0.857383,,,154.000000,92546,146024,0,0,
test_85_d,main,test,expert,2014,graded,"probabilities to native, bilinear, thresholded there, and these numbers were measured from the masks that run kept",,,0.747363,,,0.806461,,,169.000000,80144,126165,0,0,
test_86_d,main,test,expert,2019,graded,"probabilities to native, bilinear, thresholded there, and these numbers were measured from the masks that run kept",,,0.832754,,,0.860233,,,147.000000,80171,150270,0,0,
test_87_d,main,test,expert,2019,graded,"probabilities to native, bilinear, thresholded there, and these numbers were measured from the masks that run kept",,,0.818187,,,0.858033,,,131.000000,95440,138004,0,0,
test_88_d,main,test,expert,2020,graded,"probabilities to native, bilinear, thresholded there, and these numbers were measured from the masks that run kept",,,0.738227,,,0.798709,,,195.000000,85466,104656,0,0,
test_89_d,main,test,expert,2016,graded,"probabilities to native, bilinear, thresholded there, and these numbers were measured from the masks that run kept",,,0.878142,,,0.906353,,,160.000000,110023,146810,0,0,
test_8_a,main,test,expert,2017,graded,"probabilities to native, bilinear, thresholded there, and these numbers were measured from the masks that run kept",,,0.788681,,,0.794573,,,130.000000,81673,105993,0,0,
test_90_d,main,test,expert,2016,graded,"probabilities to native, bilinear, thresholded there, and these numbers were measured from the masks that run kept",,,0.830507,,,0.873116,,,115.000000,81306,130801,0,0,
test_91_d,main,test,expert,2015,graded,"probabilities to native, bilinear, thresholded there, and these numbers were measured from the masks that run kept",,,0.703424,,,0.772663,,,248.000000,84907,122158,0,0,
test_92_d,main,test,expert,2017,graded,"probabilities to native, bilinear, thresholded there, and these numbers were measured from the masks that run kept",,,0.774152,,,0.767353,,,154.000000,97758,126388,0,0,
test_93_d,main,test,expert,2015,graded,"probabilities to native, bilinear, thresholded there, and these numbers were measured from the masks that run kept",,,0.796835,,,0.801619,,,150.000000,86748,139763,0,0,
test_94_d,main,test,expert,2016,graded,"probabilities to native, bilinear, thresholded there, and these numbers were measured from the masks that run kept",,,0.671715,,,0.769046,,,134.000000,73882,126395,0,0,
test_95_d,main,test,expert,2020,graded,"probabilities to native, bilinear, thresholded there, and these numbers were measured from the masks that run kept",,,0.699651,,,0.811387,,,103.000000,43067,40519,0,0,
test_96_d,main,test,expert,2014,graded,"probabilities to native, bilinear, thresholded there, and these numbers were measured from the masks that run kept",,,0.852060,,,0.871756,,,152.000000,98977,147654,0,0,
test_97_d,main,test,expert,2019,graded,"probabilities to native, bilinear, thresholded there, and these numbers were measured from the masks that run kept",,,0.765460,,,0.851992,,,113.000000,58900,135923,0,0,
test_98_d,main,test,expert,2019,graded,"probabilities to native, bilinear, thresholded there, and these numbers were measured from the masks that run kept",,,0.900508,,,0.924174,,,117.000000,103455,175661,0,0,
test_99_d,main,test,expert,2021,graded,"probabilities to native, bilinear, thresholded there, and these numbers were measured from the masks that run kept",,,0.819309,,,0.909919,,,141.000000,88828,141702,0,0,
test_9_a,main,test,expert,2018,graded,"probabilities to native, bilinear, thresholded there, and these numbers were measured from the masks that run kept",,,0.882708,,,0.921870,,,154.000000,139828,159852,0,0,
train_100_a,main,train,expert,2013,graded,"probabilities to native, bilinear, thresholded there, and these numbers were measured from the masks that run kept",,,0.821447,,,0.884899,,,120.000000,95807,125533,0,0,
train_101_a,main,train,expert,2015,graded,"probabilities to native, bilinear, thresholded there, and these numbers were measured from the masks that run kept",,,0.858775,,,0.911218,,,136.000000,99881,148253,0,0,
train_102_a,main,train,expert,2018,graded,"probabilities to native, bilinear, thresholded there, and these numbers were measured from the masks that run kept",,,0.834065,,,0.922294,,,130.000000,85623,129983,0,0,
train_103_a,main,train,expert,2015,graded,"probabilities to native, bilinear, thresholded there, and these numbers were measured from the masks that run kept",,,0.835490,,,0.900539,,,129.000000,91640,148801,0,0,
train_104_a,main,train,expert,2017,graded,"probabilities to native, bilinear, thresholded there, and these numbers were measured from the masks that run kept",,,0.848665,,,0.906818,,,145.000000,96843,151302,0,0,
train_105_a,main,train,expert,2018,graded,"probabilities to native, bilinear, thresholded there, and these numbers were measured from the masks that run kept",,,0.818459,,,0.860465,,,158.000000,93688,131786,0,0,
train_106_a,main,train,expert,2017,graded,"probabilities to native, bilinear, thresholded there, and these numbers were measured from the masks that run kept",,,0.703323,,,0.778225,,,97.000000,46259,76300,0,0,
train_107_a,main,train,expert,2014,graded,"probabilities to native, bilinear, thresholded there, and these numbers were measured from the masks that run kept",,,0.753313,,,0.829040,,,76.000000,61788,97143,0,0,
train_108_a,main,train,expert,2018,graded,"probabilities to native, bilinear, thresholded there, and these numbers were measured from the masks that run kept",,,0.763473,,,0.841550,,,73.000000,58003,89263,0,0,
train_109_a,main,train,expert,2022,graded,"probabilities to native, bilinear, thresholded there, and these numbers were measured from the masks that run kept",,,0.736189,,,0.843594,,,71.000000,47623,78412,0,0,
train_10_a,main,train,expert,2017,graded,"probabilities to native, bilinear, thresholded there, and these numbers were measured from the masks that run kept",,,0.815786,,,0.851142,,,134.000000,86380,110507,0,0,
train_110_a,main,train,expert,2018,graded,"probabilities to native, bilinear, thresholded there, and these numbers were measured from the masks that run kept",,,0.602670,,,0.684450,,,138.000000,37350,52168,0,0,
train_111_a,main,train,expert,2015,graded,"probabilities to native, bilinear, thresholded there, and these numbers were measured from the masks that run kept",,,0.677325,,,0.756020,,,125.000000,37375,54755,0,0,
train_112_a,main,train,expert,2018,graded,"probabilities to native, bilinear, thresholded there, and these numbers were measured from the masks that run kept",,,0.887777,,,0.900272,,,272.000000,171508,210362,0,0,
train_113_a,main,train,expert,2016,graded,"probabilities to native, bilinear, thresholded there, and these numbers were measured from the masks that run kept",,,0.838697,,,0.910971,,,123.000000,103140,146656,0,0,
train_114_a,main,train,expert,2016,graded,"probabilities to native, bilinear, thresholded there, and these numbers were measured from the masks that run kept",,,0.863862,,,0.923872,,,118.000000,123414,149177,0,0,
train_115_a,main,train,expert,2015,graded,"probabilities to native, bilinear, thresholded there, and these numbers were measured from the masks that run kept",,,0.899557,,,0.918922,,,141.000000,128915,168559,0,0,
train_116_a,main,train,expert,2017,graded,"probabilities to native, bilinear, thresholded there, and these numbers were measured from the masks that run kept",,,0.878549,,,0.889786,,,131.000000,134723,167127,0,0,
train_117_a,main,train,expert,2017,graded,"probabilities to native, bilinear, thresholded there, and these numbers were measured from the masks that run kept",,,0.803278,,,0.889689,,,108.000000,100693,147443,0,0,
train_118_a,main,train,expert,2016,graded,"probabilities to native, bilinear, thresholded there, and these numbers were measured from the masks that run kept",,,0.866421,,,0.918182,,,108.000000,98983,130062,0,0,
train_119_a,main,train,expert,2013,graded,"probabilities to native, bilinear, thresholded there, and these numbers were measured from the masks that run kept",,,0.859208,,,0.919058,,,144.000000,103041,131704,0,0,
train_11_a,main,train,expert,2013,graded,"probabilities to native, bilinear, thresholded there, and these numbers were measured from the masks that run kept",,,0.894487,,,0.906720,,,147.000000,125454,158480,0,0,
train_120_a,main,train,expert,2017,graded,"probabilities to native, bilinear, thresholded there, and these numbers were measured from the masks that run kept",,,0.778632,,,0.816106,,,123.000000,70124,98857,0,0,
train_121_a,main,train,expert,2015,graded,"probabilities to native, bilinear, thresholded there, and these numbers were measured from the masks that run kept",,,0.853575,,,0.883785,,,178.000000,115866,122280,0,0,
train_122_a,main,train,expert,2017,graded,"probabilities to native, bilinear, thresholded there, and these numbers were measured from the masks that run kept",,,0.820231,,,0.854552,,,143.000000,72601,112641,0,0,
train_123_a,main,train,expert,2017,graded,"probabilities to native, bilinear, thresholded there, and these numbers were measured from the masks that run kept",,,0.828929,,,0.882243,,,99.000000,83474,114910,0,0,
train_124_a,main,train,expert,2010,graded,"probabilities to native, bilinear, thresholded there, and these numbers were measured from the masks that run kept",,,0.813823,,,0.838070,,,119.000000,67657,84905,0,0,
train_125_a,main,train,expert,2015,graded,"probabilities to native, bilinear, thresholded there, and these numbers were measured from the masks that run kept",,,0.870414,,,0.898084,,,107.000000,98969,125995,0,0,
train_126_a,main,train,expert,2017,graded,"probabilities to native, bilinear, thresholded there, and these numbers were measured from the masks that run kept",,,0.784990,,,0.841873,,,140.000000,64730,75866,0,0,
train_127_a,main,train,expert,2015,graded,"probabilities to native, bilinear, thresholded there, and these numbers were measured from the masks that run kept",,,0.768914,,,0.873702,,,96.000000,72319,85847,0,0,
train_128_a,main,train,expert,2013,graded,"probabilities to native, bilinear, thresholded there, and these numbers were measured from the masks that run kept",,,0.701721,,,0.774165,,,166.000000,58652,65403,0,0,
train_129_a,main,train,expert,2015,graded,"probabilities to native, bilinear, thresholded there, and these numbers were measured from the masks that run kept",,,0.831585,,,0.870900,,,132.000000,100439,135840,0,0,
train_12_a,main,train,expert,2018,graded,"probabilities to native, bilinear, thresholded there, and these numbers were measured from the masks that run kept",,,0.856263,,,0.907964,,,99.000000,91628,118053,0,0,
train_130_a,main,train,expert,2019,graded,"probabilities to native, bilinear, thresholded there, and these numbers were measured from the masks that run kept",,,0.735281,,,0.774124,,,140.000000,43915,84564,0,0,
train_131_a,main,train,expert,2016,graded,"probabilities to native, bilinear, thresholded there, and these numbers were measured from the masks that run kept",,,0.816323,,,0.901951,,,117.000000,118088,129867,0,0,
train_132_a,main,train,expert,2019,graded,"probabilities to native, bilinear, thresholded there, and these numbers were measured from the masks that run kept",,,0.828400,,,0.864229,,,147.000000,102303,131529,0,0,
train_133_a,main,train,expert,2017,graded,"probabilities to native, bilinear, thresholded there, and these numbers were measured from the masks that run kept",,,0.910682,,,0.923592,,,167.000000,122309,169462,0,0,
train_134_a,main,train,expert,2015,graded,"probabilities to native, bilinear, thresholded there, and these numbers were measured from the masks that run kept",,,0.826644,,,0.905184,,,122.000000,105255,135555,0,0,
train_135_a,main,train,expert,2016,graded,"probabilities to native, bilinear, thresholded there, and these numbers were measured from the masks that run kept",,,0.859972,,,0.914118,,,143.000000,119458,134471,0,0,
train_136_a,main,train,expert,2013,graded,"probabilities to native, bilinear, thresholded there, and these numbers were measured from the masks that run kept",,,0.851304,,,0.888336,,,199.000000,111620,158615,0,0,
train_137_a,main,train,expert,2019,graded,"probabilities to native, bilinear, thresholded there, and these numbers were measured from the masks that run kept",,,0.871242,,,0.901135,,,121.000000,138043,163290,0,0,
train_138_a,main,train,expert,2018,graded,"probabilities to native, bilinear, thresholded there, and these numbers were measured from the masks that run kept",,,0.698888,,,0.782206,,,135.000000,75951,92225,0,0,
train_139_a,main,train,expert,2017,graded,"probabilities to native, bilinear, thresholded there, and these numbers were measured from the masks that run kept",,,0.777141,,,0.850764,,,107.000000,88566,111354,0,0,
train_13_a,main,train,expert,2018,graded,"probabilities to native, bilinear, thresholded there, and these numbers were measured from the masks that run kept",,,0.869747,,,0.896743,,,98.000000,97219,126636,0,0,
train_140_a,main,train,expert,2016,graded,"probabilities to native, bilinear, thresholded there, and these numbers were measured from the masks that run kept",,,0.793364,,,0.888629,,,106.000000,83436,110500,0,0,
train_141_a,main,train,expert,2014,graded,"probabilities to native, bilinear, thresholded there, and these numbers were measured from the masks that run kept",,,0.837831,,,0.887249,,,161.000000,96697,129366,0,0,
train_142_a,main,train,expert,2014,graded,"probabilities to native, bilinear, thresholded there, and these numbers were measured from the masks that run kept",,,0.810646,,,0.874919,,,90.000000,65441,95011,0,0,
train_143_a,main,train,expert,2012,graded,"probabilities to native, bilinear, thresholded there, and these numbers were measured from the masks that run kept",,,0.667050,,,0.736652,,,103.000000,47549,24921,0,0,
train_144_a,main,train,expert,2017,graded,"probabilities to native, bilinear, thresholded there, and these numbers were measured from the masks that run kept",,,0.587054,,,0.711811,,,105.000000,29413,49348,0,0,
train_145_a,main,train,expert,2014,graded,"probabilities to native, bilinear, thresholded there, and these numbers were measured from the masks that run kept",,,0.739041,,,0.852487,,,82.000000,61136,59312,0,0,
train_146_a,main,train,expert,2014,graded,"probabilities to native, bilinear, thresholded there, and these numbers were measured from the masks that run kept",,,0.660401,,,0.767405,,,107.000000,51727,48536,0,0,
train_147_a,main,train,expert,2013,graded,"probabilities to native, bilinear, thresholded there, and these numbers were measured from the masks that run kept",,,0.867780,,,0.909948,,,113.000000,110839,158017,0,0,
train_148_a,main,train,expert,2013,graded,"probabilities to native, bilinear, thresholded there, and these numbers were measured from the masks that run kept",,,0.867276,,,0.903626,,,118.000000,102181,136512,0,0,
train_149_a,main,train,expert,2024,graded,"probabilities to native, bilinear, thresholded there, and these numbers were measured from the masks that run kept",,,0.784556,,,0.846657,,,99.000000,74149,107195,0,0,
train_14_a,main,train,expert,2016,graded,"probabilities to native, bilinear, thresholded there, and these numbers were measured from the masks that run kept",,,0.766462,,,0.829152,,,137.000000,60836,77647,0,0,
train_150_a,main,train,expert,2015,graded,"probabilities to native, bilinear, thresholded there, and these numbers were measured from the masks that run kept",,,0.898420,,,0.920580,,,178.000000,130720,174376,0,0,
train_151_d,main,train,expert,2014,graded,"probabilities to native, bilinear, thresholded there, and these numbers were measured from the masks that run kept",,,0.735339,,,0.812235,,,101.000000,46562,79290,0,0,
train_152_d,main,train,expert,2017,graded,"probabilities to native, bilinear, thresholded there, and these numbers were measured from the masks that run kept",,,0.896133,,,0.923988,,,165.000000,128557,171014,0,0,
train_153_d,main,train,expert,2018,graded,"probabilities to native, bilinear, thresholded there, and these numbers were measured from the masks that run kept",,,0.883131,,,0.920721,,,140.000000,109850,130962,0,0,
train_154_d,main,train,expert,2020,graded,"probabilities to native, bilinear, thresholded there, and these numbers were measured from the masks that run kept",,,0.839343,,,0.855085,,,188.000000,104491,179328,0,0,
train_155_d,main,train,expert,2016,graded,"probabilities to native, bilinear, thresholded there, and these numbers were measured from the masks that run kept",,,0.715814,,,0.808193,,,69.000000,30837,37281,0,0,
train_156_d,main,train,expert,2018,graded,"probabilities to native, bilinear, thresholded there, and these numbers were measured from the masks that run kept",,,0.858610,,,0.907001,,,136.000000,109425,162374,0,0,
train_157_d,main,train,expert,2013,graded,"probabilities to native, bilinear, thresholded there, and these numbers were measured from the masks that run kept",,,0.827953,,,0.850517,,,172.000000,108216,152686,0,0,
train_158_d,main,train,expert,2017,graded,"probabilities to native, bilinear, thresholded there, and these numbers were measured from the masks that run kept",,,0.759016,,,0.816519,,,117.000000,46685,85415,0,0,
train_159_d,main,train,expert,2016,graded,"probabilities to native, bilinear, thresholded there, and these numbers were measured from the masks that run kept",,,0.777754,,,0.846467,,,124.000000,88719,132796,0,0,
train_15_a,main,train,expert,2020,graded,"probabilities to native, bilinear, thresholded there, and these numbers were measured from the masks that run kept",,,0.852480,,,0.861093,,,141.000000,126872,142921,0,0,
train_160_d,main,train,expert,2014,graded,"probabilities to native, bilinear, thresholded there, and these numbers were measured from the masks that run kept",,,0.807337,,,0.854518,,,103.000000,100661,134241,0,0,
train_161_d,main,train,expert,2020,graded,"probabilities to native, bilinear, thresholded there, and these numbers were measured from the masks that run kept",,,0.837609,,,0.860689,,,184.000000,103544,164461,0,0,
train_162_d,main,train,expert,2017,graded,"probabilities to native, bilinear, thresholded there, and these numbers were measured from the masks that run kept",,,0.856652,,,0.915373,,,129.000000,103161,129792,0,0,
train_163_d,main,train,expert,2016,graded,"probabilities to native, bilinear, thresholded there, and these numbers were measured from the masks that run kept",,,0.602486,,,0.663472,,,156.000000,33646,59162,0,0,
train_164_d,main,train,expert,2013,graded,"probabilities to native, bilinear, thresholded there, and these numbers were measured from the masks that run kept",,,0.886441,,,0.897091,,,171.000000,133907,178870,0,0,
train_165_d,main,train,expert,2020,graded,"probabilities to native, bilinear, thresholded there, and these numbers were measured from the masks that run kept",,,0.794584,,,0.845177,,,139.000000,91566,121383,0,0,
train_166_d,main,train,expert,2012,graded,"probabilities to native, bilinear, thresholded there, and these numbers were measured from the masks that run kept",,,0.798266,,,0.869195,,,98.000000,45913,106850,0,0,
train_167_d,main,train,expert,2014,graded,"probabilities to native, bilinear, thresholded there, and these numbers were measured from the masks that run kept",,,0.828924,,,0.835391,,,160.000000,73278,139584,0,0,
train_168_d,main,train,expert,2016,graded,"probabilities to native, bilinear, thresholded there, and these numbers were measured from the masks that run kept",,,0.821190,,,0.847302,,,104.000000,66310,124062,0,0,
train_169_d,main,train,expert,2020,graded,"probabilities to native, bilinear, thresholded there, and these numbers were measured from the masks that run kept",,,0.707923,,,0.816697,,,148.000000,64932,71380,0,0,
train_16_a,main,train,expert,2018,graded,"probabilities to native, bilinear, thresholded there, and these numbers were measured from the masks that run kept",,,0.831998,,,0.866568,,,150.000000,111137,142591,0,0,
train_170_d,main,train,expert,2021,graded,"probabilities to native, bilinear, thresholded there, and these numbers were measured from the masks that run kept",,,0.837637,,,0.863789,,,139.000000,128118,159855,0,0,
train_171_d,main,train,expert,2016,graded,"probabilities to native, bilinear, thresholded there, and these numbers were measured from the masks that run kept",,,0.805580,,,0.832508,,,157.000000,96522,170165,0,0,
train_172_d,main,train,expert,2020,graded,"probabilities to native, bilinear, thresholded there, and these numbers were measured from the masks that run kept",,,0.858219,,,0.867409,,,190.000000,153547,172520,0,0,
train_173_d,main,train,expert,2012,graded,"probabilities to native, bilinear, thresholded there, and these numbers were measured from the masks that run kept",,,0.744674,,,0.782731,,,83.000000,50716,87557,0,0,
train_174_d,main,train,expert,2017,graded,"probabilities to native, bilinear, thresholded there, and these numbers were measured from the masks that run kept",,,0.133153,,,0.117991,,,108.000000,93931,170144,0,0,
train_175_d,main,train,expert,2018,graded,"probabilities to native, bilinear, thresholded there, and these numbers were measured from the masks that run kept",,,0.782277,,,0.826104,,,133.000000,90486,120367,0,0,
train_176_d,main,train,expert,2015,graded,"probabilities to native, bilinear, thresholded there, and these numbers were measured from the masks that run kept",,,0.810039,,,0.867764,,,146.000000,82861,127919,0,0,
train_177_d,main,train,expert,2016,graded,"probabilities to native, bilinear, thresholded there, and these numbers were measured from the masks that run kept",,,0.873595,,,0.917621,,,170.000000,122005,152063,0,0,
train_178_d,main,train,expert,2019,graded,"probabilities to native, bilinear, thresholded there, and these numbers were measured from the masks that run kept",,,0.837709,,,0.899089,,,130.000000,108265,126160,0,0,
train_179_d,main,train,expert,2018,graded,"probabilities to native, bilinear, thresholded there, and these numbers were measured from the masks that run kept",,,0.682446,,,0.765283,,,136.000000,61254,81571,0,0,
train_17_a,main,train,expert,2014,graded,"probabilities to native, bilinear, thresholded there, and these numbers were measured from the masks that run kept",,,0.877879,,,0.895839,,,131.000000,118774,171312,0,0,
train_180_d,main,train,expert,2018,graded,"probabilities to native, bilinear, thresholded there, and these numbers were measured from the masks that run kept",,,0.836612,,,0.898465,,,81.000000,98511,120157,0,0,
train_181_d,main,train,expert,2015,graded,"probabilities to native, bilinear, thresholded there, and these numbers were measured from the masks that run kept",,,0.771676,,,0.820711,,,141.000000,73343,130202,0,0,
train_182_d,main,train,expert,2016,graded,"probabilities to native, bilinear, thresholded there, and these numbers were measured from the masks that run kept",,,0.794093,,,0.853434,,,153.000000,91445,116741,0,0,
train_183_d,main,train,expert,2015,graded,"probabilities to native, bilinear, thresholded there, and these numbers were measured from the masks that run kept",,,0.817281,,,0.826940,,,158.000000,94637,140034,0,0,
train_184_d,main,train,expert,2016,graded,"probabilities to native, bilinear, thresholded there, and these numbers were measured from the masks that run kept",,,0.843350,,,0.842401,,,127.000000,93623,146268,0,0,
train_185_d,main,train,expert,2017,graded,"probabilities to native, bilinear, thresholded there, and these numbers were measured from the masks that run kept",,,0.861227,,,0.872548,,,134.000000,99979,156686,0,0,
train_186_d,main,train,expert,2019,graded,"probabilities to native, bilinear, thresholded there, and these numbers were measured from the masks that run kept",,,0.790095,,,0.836409,,,191.000000,75829,136625,0,0,
train_187_d,main,train,expert,2016,graded,"probabilities to native, bilinear, thresholded there, and these numbers were measured from the masks that run kept",,,0.756524,,,0.768207,,,119.000000,44614,101351,0,0,
train_188_d,main,train,expert,2016,graded,"probabilities to native, bilinear, thresholded there, and these numbers were measured from the masks that run kept",,,0.849269,,,0.850556,,,195.000000,108980,179187,0,0,
train_189_d,main,train,expert,2012,graded,"probabilities to native, bilinear, thresholded there, and these numbers were measured from the masks that run kept",,,0.855327,,,0.857664,,,86.000000,93802,148819,0,0,
train_18_a,main,train,expert,2016,graded,"probabilities to native, bilinear, thresholded there, and these numbers were measured from the masks that run kept",,,0.872272,,,0.903754,,,137.000000,124112,148100,0,0,
train_190_d,main,train,expert,2018,graded,"probabilities to native, bilinear, thresholded there, and these numbers were measured from the masks that run kept",,,0.800121,,,0.855806,,,126.000000,72206,128240,0,0,
train_191_d,main,train,expert,2017,graded,"probabilities to native, bilinear, thresholded there, and these numbers were measured from the masks that run kept",,,0.893756,,,0.911145,,,205.000000,150404,190263,0,0,
train_192_d,main,train,expert,2015,graded,"probabilities to native, bilinear, thresholded there, and these numbers were measured from the masks that run kept",,,0.875570,,,0.905714,,,128.000000,113907,142934,0,0,
train_193_d,main,train,expert,2018,graded,"probabilities to native, bilinear, thresholded there, and these numbers were measured from the masks that run kept",,,0.882519,,,0.909109,,,138.000000,130613,174054,0,0,
train_194_d,main,train,expert,2016,graded,"probabilities to native, bilinear, thresholded there, and these numbers were measured from the masks that run kept",,,0.753198,,,0.821946,,,127.000000,74625,133648,0,0,
train_195_d,main,train,expert,2019,graded,"probabilities to native, bilinear, thresholded there, and these numbers were measured from the masks that run kept",,,0.821763,,,0.891579,,,129.000000,105715,136131,0,0,
train_196_d,main,train,expert,2018,graded,"probabilities to native, bilinear, thresholded there, and these numbers were measured from the masks that run kept",,,0.818694,,,0.867170,,,101.000000,87311,125764,0,0,
train_197_d,main,train,expert,2015,graded,"probabilities to native, bilinear, thresholded there, and these numbers were measured from the masks that run kept",,,0.874126,,,0.904034,,,134.000000,132680,151252,0,0,
train_198_d,main,train,expert,2017,graded,"probabilities to native, bilinear, thresholded there, and these numbers were measured from the masks that run kept",,,0.788792,,,0.880502,,,85.000000,79122,106664,0,0,
train_199_d,main,train,expert,2022,graded,"probabilities to native, bilinear, thresholded there, and these numbers were measured from the masks that run kept",,,0.741353,,,0.854108,,,104.000000,73823,123414,0,0,
train_19_a,main,train,expert,2017,graded,"probabilities to native, bilinear, thresholded there, and these numbers were measured from the masks that run kept",,,0.843972,,,0.880789,,,142.000000,119903,156990,0,0,
train_1_a,main,train,expert,2015,graded,"probabilities to native, bilinear, thresholded there, and these numbers were measured from the masks that run kept",,,0.858762,,,0.892317,,,120.000000,97650,129929,0,0,
train_200_d,main,train,expert,2016,graded,"probabilities to native, bilinear, thresholded there, and these numbers were measured from the masks that run kept",,,0.819063,,,0.859549,,,165.000000,130166,151911,0,0,
train_201_d,main,train,expert,2015,graded,"probabilities to native, bilinear, thresholded there, and these numbers were measured from the masks that run kept",,,0.683908,,,0.701141,,,90.000000,42078,70469,0,0,
train_202_d,main,train,expert,2013,graded,"probabilities to native, bilinear, thresholded there, and these numbers were measured from the masks that run kept",,,0.740182,,,0.810427,,,169.000000,74292,105429,0,0,
train_203_d,main,train,expert,2019,graded,"probabilities to native, bilinear, thresholded there, and these numbers were measured from the masks that run kept",,,0.861553,,,0.891732,,,177.000000,129971,170027,0,0,
train_204_d,main,train,expert,2016,graded,"probabilities to native, bilinear, thresholded there, and these numbers were measured from the masks that run kept",,,0.817293,,,0.854423,,,142.000000,101717,129776,0,0,
train_205_d,main,train,expert,2019,graded,"probabilities to native, bilinear, thresholded there, and these numbers were measured from the masks that run kept",,,0.839668,,,0.882689,,,177.000000,116918,144211,0,0,
train_206_d,main,train,expert,2014,graded,"probabilities to native, bilinear, thresholded there, and these numbers were measured from the masks that run kept",,,0.796762,,,0.824112,,,153.000000,96050,137185,0,0,
train_207_d,main,train,expert,2014,graded,"probabilities to native, bilinear, thresholded there, and these numbers were measured from the masks that run kept",,,0.856440,,,0.871161,,,179.000000,116988,162487,0,0,
train_208_d,main,train,expert,2016,graded,"probabilities to native, bilinear, thresholded there, and these numbers were measured from the masks that run kept",,,0.789469,,,0.855702,,,104.000000,78789,86207,0,0,
train_209_d,main,train,expert,2014,graded,"probabilities to native, bilinear, thresholded there, and these numbers were measured from the masks that run kept",,,0.722144,,,0.774380,,,167.000000,45039,109734,0,0,
train_20_a,main,train,expert,2016,graded,"probabilities to native, bilinear, thresholded there, and these numbers were measured from the masks that run kept",,,0.862567,,,0.848204,,,204.000000,113187,144218,0,0,
train_210_d,main,train,expert,2016,graded,"probabilities to native, bilinear, thresholded there, and these numbers were measured from the masks that run kept",,,0.558004,,,0.722423,,,111.000000,32960,27526,0,0,
train_211_d,main,train,expert,2016,graded,"probabilities to native, bilinear, thresholded there, and these numbers were measured from the masks that run kept",,,0.809850,,,0.850485,,,125.000000,74540,112124,0,0,
train_212_d,main,train,expert,2017,graded,"probabilities to native, bilinear, thresholded there, and these numbers were measured from the masks that run kept",,,0.750239,,,0.765630,,,198.000000,124524,162478,0,0,
train_213_d,main,train,expert,2012,graded,"probabilities to native, bilinear, thresholded there, and these numbers were measured from the masks that run kept",,,0.777873,,,0.868367,,,135.000000,103440,151398,0,0,
train_214_d,main,train,expert,2014,graded,"probabilities to native, bilinear, thresholded there, and these numbers were measured from the masks that run kept",,,0.696255,,,0.679394,,,168.000000,92845,117299,0,0,
train_215_d,main,train,expert,2018,graded,"probabilities to native, bilinear, thresholded there, and these numbers were measured from the masks that run kept",,,0.691253,,,0.704245,,,173.000000,73651,94792,0,0,
train_216_d,main,train,expert,2015,graded,"probabilities to native, bilinear, thresholded there, and these numbers were measured from the masks that run kept",,,0.788297,,,0.841965,,,133.000000,103739,142764,0,0,
train_217_d,main,train,expert,2015,graded,"probabilities to native, bilinear, thresholded there, and these numbers were measured from the masks that run kept",,,0.736176,,,0.771686,,,200.000000,107205,134115,0,0,
train_218_d,main,train,expert,2016,graded,"probabilities to native, bilinear, thresholded there, and these numbers were measured from the masks that run kept",,,0.744182,,,0.776701,,,200.000000,125724,144491,0,0,
train_219_d,main,train,expert,2014,graded,"probabilities to native, bilinear, thresholded there, and these numbers were measured from the masks that run kept",,,0.458914,,,0.521777,,,118.000000,45268,26978,0,0,
train_21_a,main,train,expert,2012,graded,"probabilities to native, bilinear, thresholded there, and these numbers were measured from the masks that run kept",,,0.846345,,,0.864720,,,121.000000,106092,146647,0,0,
train_220_d,main,train,expert,2016,graded,"probabilities to native, bilinear, thresholded there, and these numbers were measured from the masks that run kept",,,0.880676,,,0.922024,,,140.000000,125219,169397,0,0,
train_221_d,main,train,expert,2017,graded,"probabilities to native, bilinear, thresholded there, and these numbers were measured from the masks that run kept",,,0.856021,,,0.904944,,,113.000000,96072,161483,0,0,
train_222_d,main,train,expert,2014,graded,"probabilities to native, bilinear, thresholded there, and these numbers were measured from the masks that run kept",,,0.438603,,,0.503036,,,118.000000,30745,47994,0,0,
train_223_d,main,train,expert,2014,graded,"probabilities to native, bilinear, thresholded there, and these numbers were measured from the masks that run kept",,,0.793938,,,0.888914,,,130.000000,67608,96677,0,0,
train_224_d,main,train,expert,2016,graded,"probabilities to native, bilinear, thresholded there, and these numbers were measured from the masks that run kept",,,0.793761,,,0.836762,,,135.000000,67304,128890,0,0,
train_225_d,main,train,expert,2016,graded,"probabilities to native, bilinear, thresholded there, and these numbers were measured from the masks that run kept",,,0.819001,,,0.858737,,,147.000000,66988,101803,0,0,
train_226_d,main,train,expert,2016,graded,"probabilities to native, bilinear, thresholded there, and these numbers were measured from the masks that run kept",,,0.864521,,,0.910571,,,134.000000,111230,158412,0,0,
train_227_d,main,train,expert,2017,graded,"probabilities to native, bilinear, thresholded there, and these numbers were measured from the masks that run kept",,,0.893481,,,0.910480,,,177.000000,128406,173687,0,0,
train_228_d,main,train,expert,2015,graded,"probabilities to native, bilinear, thresholded there, and these numbers were measured from the masks that run kept",,,0.827729,,,0.904734,,,102.000000,76609,131681,0,0,
train_229_d,main,train,expert,2020,graded,"probabilities to native, bilinear, thresholded there, and these numbers were measured from the masks that run kept",,,0.881420,,,0.916556,,,188.000000,117045,179875,0,0,
train_22_a,main,train,expert,2018,graded,"probabilities to native, bilinear, thresholded there, and these numbers were measured from the masks that run kept",,,0.834315,,,0.877404,,,130.000000,108878,139318,0,0,
train_230_d,main,train,expert,2013,graded,"probabilities to native, bilinear, thresholded there, and these numbers were measured from the masks that run kept",,,0.852239,,,0.920687,,,132.000000,99399,148439,0,0,
train_231_d,main,train,expert,2016,graded,"probabilities to native, bilinear, thresholded there, and these numbers were measured from the masks that run kept",,,0.358290,,,0.419548,,,167.000000,14205,18586,0,0,
train_232_d,main,train,expert,2017,graded,"probabilities to native, bilinear, thresholded there, and these numbers were measured from the masks that run kept",,,0.832247,,,0.864750,,,180.000000,102339,154677,0,0,
train_233_d,main,train,expert,2014,graded,"probabilities to native, bilinear, thresholded there, and these numbers were measured from the masks that run kept",,,0.784516,,,0.799105,,,161.000000,60721,106756,0,0,
train_234_d,main,train,expert,2016,graded,"probabilities to native, bilinear, thresholded there, and these numbers were measured from the masks that run kept",,,0.724869,,,0.820306,,,76.000000,47004,87198,0,0,
train_235_d,main,train,expert,2017,graded,"probabilities to native, bilinear, thresholded there, and these numbers were measured from the masks that run kept",,,0.775941,,,0.802604,,,166.000000,86184,112055,0,0,
train_236_d,main,train,expert,2019,graded,"probabilities to native, bilinear, thresholded there, and these numbers were measured from the masks that run kept",,,0.834201,,,0.890927,,,185.000000,128923,166002,0,0,
train_237_d,main,train,expert,2021,graded,"probabilities to native, bilinear, thresholded there, and these numbers were measured from the masks that run kept",,,0.655520,,,0.691826,,,112.000000,50219,83655,0,0,
train_238_d,main,train,expert,2013,graded,"probabilities to native, bilinear, thresholded there, and these numbers were measured from the masks that run kept",,,0.739433,,,0.786043,,,186.000000,60582,112074,0,0,
train_239_d,main,train,expert,2014,graded,"probabilities to native, bilinear, thresholded there, and these numbers were measured from the masks that run kept",,,0.806232,,,0.829846,,,148.000000,69851,143638,0,0,
train_23_a,main,train,expert,2015,graded,"probabilities to native, bilinear, thresholded there, and these numbers were measured from the masks that run kept",,,0.842573,,,0.887927,,,145.000000,104274,135660,0,0,
train_240_d,main,train,expert,2016,graded,"probabilities to native, bilinear, thresholded there, and these numbers were measured from the masks that run kept",,,0.786184,,,0.837912,,,143.000000,85880,131478,0,0,
train_241_d,main,train,expert,2015,graded,"probabilities to native, bilinear, thresholded there, and these numbers were measured from the masks that run kept",,,0.709976,,,0.734495,,,104.000000,35024,86855,0,0,
train_242_d,main,train,expert,2016,graded,"probabilities to native, bilinear, thresholded there, and these numbers were measured from the masks that run kept",,,0.717600,,,0.756939,,,96.000000,44145,66449,0,0,
train_243_d,main,train,expert,2017,graded,"probabilities to native, bilinear, thresholded there, and these numbers were measured from the masks that run kept",,,0.800967,,,0.860438,,,143.000000,78599,117212,0,0,
train_244_d,main,train,expert,2017,graded,"probabilities to native, bilinear, thresholded there, and these numbers were measured from the masks that run kept",,,0.858774,,,0.859744,,,185.000000,132187,167506,0,0,
train_245_d,main,train,expert,2017,graded,"probabilities to native, bilinear, thresholded there, and these numbers were measured from the masks that run kept",,,0.795392,,,0.868516,,,87.000000,67991,117469,0,0,
train_246_d,main,train,expert,2017,graded,"probabilities to native, bilinear, thresholded there, and these numbers were measured from the masks that run kept",,,0.851980,,,0.889046,,,162.000000,95785,168846,0,0,
train_247_d,main,train,expert,2015,graded,"probabilities to native, bilinear, thresholded there, and these numbers were measured from the masks that run kept",,,0.664977,,,0.658008,,,131.000000,43615,57838,0,0,
train_248_d,main,train,expert,2016,graded,"probabilities to native, bilinear, thresholded there, and these numbers were measured from the masks that run kept",,,0.851355,,,0.896899,,,153.000000,93851,122440,0,0,
train_249_d,main,train,expert,2016,graded,"probabilities to native, bilinear, thresholded there, and these numbers were measured from the masks that run kept",,,0.721160,,,0.756000,,,206.000000,85115,108923,0,0,
train_24_a,main,train,expert,2019,graded,"probabilities to native, bilinear, thresholded there, and these numbers were measured from the masks that run kept",,,0.850678,,,0.827873,,,196.000000,121580,169862,0,0,
train_250_d,main,train,expert,2017,graded,"probabilities to native, bilinear, thresholded there, and these numbers were measured from the masks that run kept",,,0.674982,,,0.749209,,,144.000000,51150,82278,0,0,
train_251_d,main,train,expert,2015,graded,"probabilities to native, bilinear, thresholded there, and these numbers were measured from the masks that run kept",,,0.693268,,,0.718336,,,169.000000,68337,126507,0,0,
train_252_d,main,train,expert,2016,graded,"probabilities to native, bilinear, thresholded there, and these numbers were measured from the masks that run kept",,,0.710855,,,0.761350,,,123.000000,47243,96667,0,0,
train_253_d,main,train,expert,2017,graded,"probabilities to native, bilinear, thresholded there, and these numbers were measured from the masks that run kept",,,0.667393,,,0.688061,,,219.000000,43618,80678,0,0,
train_254_d,main,train,expert,2012,graded,"probabilities to native, bilinear, thresholded there, and these numbers were measured from the masks that run kept",,,0.874745,,,0.898030,,,165.000000,123584,171932,0,0,
train_255_d,main,train,expert,2019,graded,"probabilities to native, bilinear, thresholded there, and these numbers were measured from the masks that run kept",,,0.804526,,,0.865306,,,137.000000,77980,140376,0,0,
train_256_d,main,train,expert,2019,graded,"probabilities to native, bilinear, thresholded there, and these numbers were measured from the masks that run kept",,,0.496868,,,0.579230,,,97.000000,21868,53710,0,0,
train_257_d,main,train,expert,2018,graded,"probabilities to native, bilinear, thresholded there, and these numbers were measured from the masks that run kept",,,0.882032,,,0.927909,,,121.000000,109642,150658,0,0,
train_258_d,main,train,expert,2018,graded,"probabilities to native, bilinear, thresholded there, and these numbers were measured from the masks that run kept",,,0.760049,,,0.796648,,,212.000000,63602,132110,0,0,
train_259_d,main,train,expert,2014,graded,"probabilities to native, bilinear, thresholded there, and these numbers were measured from the masks that run kept",,,0.820141,,,0.901079,,,118.000000,85635,132004,0,0,
train_25_a,main,train,expert,2020,graded,"probabilities to native, bilinear, thresholded there, and these numbers were measured from the masks that run kept",,,0.897535,,,0.882945,,,277.000000,141348,170756,0,0,
train_260_d,main,train,expert,2019,graded,"probabilities to native, bilinear, thresholded there, and these numbers were measured from the masks that run kept",,,0.768950,,,0.833051,,,175.000000,53511,123931,0,0,
train_261_d,main,train,expert,2014,graded,"probabilities to native, bilinear, thresholded there, and these numbers were measured from the masks that run kept",,,0.808888,,,0.867517,,,138.000000,79912,123450,0,0,
train_262_d,main,train,expert,2018,graded,"probabilities to native, bilinear, thresholded there, and these numbers were measured from the masks that run kept",,,0.863059,,,0.903534,,,136.000000,109094,143918,0,0,
train_263_d,main,train,expert,2016,graded,"probabilities to native, bilinear, thresholded there, and these numbers were measured from the masks that run kept",,,0.879258,,,0.915006,,,134.000000,127475,182194,0,0,
train_264_d,main,train,expert,2018,graded,"probabilities to native, bilinear, thresholded there, and these numbers were measured from the masks that run kept",,,0.903264,,,0.922437,,,151.000000,134517,177979,0,0,
train_265_d,main,train,expert,2015,graded,"probabilities to native, bilinear, thresholded there, and these numbers were measured from the masks that run kept",,,0.837660,,,0.869061,,,170.000000,103970,167003,0,0,
train_266_d,main,train,expert,2015,graded,"probabilities to native, bilinear, thresholded there, and these numbers were measured from the masks that run kept",,,0.630932,,,0.673871,,,213.000000,46358,88141,0,0,
train_267_d,main,train,expert,2019,graded,"probabilities to native, bilinear, thresholded there, and these numbers were measured from the masks that run kept",,,0.644499,,,0.765606,,,132.000000,61350,54377,0,0,
train_268_d,main,train,expert,2011,graded,"probabilities to native, bilinear, thresholded there, and these numbers were measured from the masks that run kept",,,0.853293,,,0.886580,,,145.000000,103114,138544,0,0,
train_269_d,main,train,expert,2017,graded,"probabilities to native, bilinear, thresholded there, and these numbers were measured from the masks that run kept",,,0.710313,,,0.813204,,,88.000000,60085,109142,0,0,
train_26_a,main,train,expert,2015,graded,"probabilities to native, bilinear, thresholded there, and these numbers were measured from the masks that run kept",,,0.865953,,,0.873844,,,179.000000,119211,140400,0,0,
train_270_d,main,train,expert,2016,graded,"probabilities to native, bilinear, thresholded there, and these numbers were measured from the masks that run kept",,,0.504059,,,0.567299,,,99.000000,20341,40701,0,0,
train_271_d,main,train,expert,2017,graded,"probabilities to native, bilinear, thresholded there, and these numbers were measured from the masks that run kept",,,0.850171,,,0.909399,,,141.000000,109792,148247,0,0,
train_272_d,main,train,expert,2014,graded,"probabilities to native, bilinear, thresholded there, and these numbers were measured from the masks that run kept",,,0.773851,,,0.775574,,,124.000000,51885,99120,0,0,
train_273_d,main,train,expert,2019,graded,"probabilities to native, bilinear, thresholded there, and these numbers were measured from the masks that run kept",,,0.884080,,,0.918648,,,157.000000,131259,172672,0,0,
train_274_d,main,train,expert,2015,graded,"probabilities to native, bilinear, thresholded there, and these numbers were measured from the masks that run kept",,,0.850624,,,0.884467,,,125.000000,83707,156060,0,0,
train_275_d,main,train,expert,2014,graded,"probabilities to native, bilinear, thresholded there, and these numbers were measured from the masks that run kept",,,0.707487,,,0.795433,,,130.000000,57693,91399,0,0,
train_276_d,main,train,expert,2017,graded,"probabilities to native, bilinear, thresholded there, and these numbers were measured from the masks that run kept",,,0.888915,,,0.921591,,,109.000000,125776,165699,0,0,
train_277_d,main,train,expert,2013,graded,"probabilities to native, bilinear, thresholded there, and these numbers were measured from the masks that run kept",,,0.509949,,,0.560781,,,383.000000,42354,46239,0,0,
train_278_d,main,train,expert,2015,graded,"probabilities to native, bilinear, thresholded there, and these numbers were measured from the masks that run kept",,,0.690430,,,0.766717,,,109.000000,43892,74160,0,0,
train_279_d,main,train,expert,2017,graded,"probabilities to native, bilinear, thresholded there, and these numbers were measured from the masks that run kept",,,0.872953,,,0.898976,,,121.000000,124050,141399,0,0,
train_27_a,main,train,expert,2019,graded,"probabilities to native, bilinear, thresholded there, and these numbers were measured from the masks that run kept",,,0.736155,,,0.803544,,,134.000000,64447,89178,0,0,
train_280_d,main,train,expert,2012,graded,"probabilities to native, bilinear, thresholded there, and these numbers were measured from the masks that run kept",,,0.771541,,,0.814532,,,139.000000,63569,106294,0,0,
train_281_d,main,train,expert,2015,graded,"probabilities to native, bilinear, thresholded there, and these numbers were measured from the masks that run kept",,,0.782696,,,0.842884,,,88.000000,57078,84111,0,0,
train_282_d,main,train,expert,2014,graded,"probabilities to native, bilinear, thresholded there, and these numbers were measured from the masks that run kept",,,0.775292,,,0.840561,,,166.000000,72954,132760,0,0,
train_283_d,main,train,expert,2013,graded,"probabilities to native, bilinear, thresholded there, and these numbers were measured from the masks that run kept",,,0.800152,,,0.854960,,,80.000000,46384,101004,0,0,
train_284_d,main,train,expert,2013,graded,"probabilities to native, bilinear, thresholded there, and these numbers were measured from the masks that run kept",,,0.662875,,,0.752900,,,92.000000,40843,80864,0,0,
train_285_d,main,train,expert,2017,graded,"probabilities to native, bilinear, thresholded there, and these numbers were measured from the masks that run kept",,,0.775520,,,0.851675,,,80.000000,37835,62795,0,0,
train_286_d,main,train,expert,2014,graded,"probabilities to native, bilinear, thresholded there, and these numbers were measured from the masks that run kept",,,0.814665,,,0.836925,,,179.000000,96064,164289,0,0,
train_287_d,main,train,expert,2015,graded,"probabilities to native, bilinear, thresholded there, and these numbers were measured from the masks that run kept",,,0.711771,,,0.813379,,,78.000000,21892,72592,0,0,
train_288_d,main,train,expert,2018,graded,"probabilities to native, bilinear, thresholded there, and these numbers were measured from the masks that run kept",,,0.889871,,,0.907580,,,145.000000,132478,174104,0,0,
train_289_d,main,train,expert,2018,graded,"probabilities to native, bilinear, thresholded there, and these numbers were measured from the masks that run kept",,,0.713000,,,0.760014,,,212.000000,115958,97861,0,0,
train_28_a,main,train,expert,2017,graded,"probabilities to native, bilinear, thresholded there, and these numbers were measured from the masks that run kept",,,0.886289,,,0.861085,,,157.000000,148472,161561,0,0,
train_290_d,main,train,expert,2017,graded,"probabilities to native, bilinear, thresholded there, and these numbers were measured from the masks that run kept",,,0.776181,,,0.846921,,,150.000000,68386,119307,0,0,
train_291_d,main,train,expert,2016,graded,"probabilities to native, bilinear, thresholded there, and these numbers were measured from the masks that run kept",,,0.860533,,,0.891715,,,162.000000,122790,164149,0,0,
train_292_d,main,train,expert,2016,graded,"probabilities to native, bilinear, thresholded there, and these numbers were measured from the masks that run kept",,,0.856650,,,0.889583,,,167.000000,126209,162040,0,0,
train_293_d,main,train,expert,2018,graded,"probabilities to native, bilinear, thresholded there, and these numbers were measured from the masks that run kept",,,0.833863,,,0.870917,,,167.000000,103323,157657,0,0,
train_294_d,main,train,expert,2019,graded,"probabilities to native, bilinear, thresholded there, and these numbers were measured from the masks that run kept",,,0.830122,,,0.904123,,,101.000000,94506,142575,0,0,
train_295_d,main,train,expert,2018,graded,"probabilities to native, bilinear, thresholded there, and these numbers were measured from the masks that run kept",,,0.877884,,,0.909061,,,160.000000,128434,163382,0,0,
train_296_d,main,train,expert,2018,graded,"probabilities to native, bilinear, thresholded there, and these numbers were measured from the masks that run kept",,,0.774754,,,0.821336,,,161.000000,82725,104102,0,0,
train_297_d,main,train,expert,2019,graded,"probabilities to native, bilinear, thresholded there, and these numbers were measured from the masks that run kept",,,0.700236,,,0.808615,,,93.000000,39617,55829,0,0,
train_298_d,main,train,expert,2018,graded,"probabilities to native, bilinear, thresholded there, and these numbers were measured from the masks that run kept",,,0.721565,,,0.871848,,,97.000000,56509,105133,0,0,
train_299_d,main,train,expert,2014,graded,"probabilities to native, bilinear, thresholded there, and these numbers were measured from the masks that run kept",,,0.563158,,,0.630386,,,111.000000,64910,56282,0,0,
train_29_a,main,train,expert,2021,graded,"probabilities to native, bilinear, thresholded there, and these numbers were measured from the masks that run kept",,,0.560157,,,0.681099,,,120.000000,36435,35313,0,0,
train_2_a,main,train,expert,2013,graded,"probabilities to native, bilinear, thresholded there, and these numbers were measured from the masks that run kept",,,0.875299,,,0.917706,,,147.000000,125166,181367,0,0,
train_300_d,main,train,expert,2013,graded,"probabilities to native, bilinear, thresholded there, and these numbers were measured from the masks that run kept",,,0.786767,,,0.856012,,,132.000000,68344,134331,0,0,
train_301_g,main,train,expert,2015,graded,"probabilities to native, bilinear, thresholded there, and these numbers were measured from the masks that run kept",,,0.768852,,,0.820217,,,126.000000,55311,92369,0,0,
train_302_g,main,train,expert,2018,graded,"probabilities to native, bilinear, thresholded there, and these numbers were measured from the masks that run kept",,,0.761537,,,0.795654,,,115.000000,43841,93064,0,0,
train_303_g,main,train,expert,2016,graded,"probabilities to native, bilinear, thresholded there, and these numbers were measured from the masks that run kept",,,0.769014,,,0.829092,,,111.000000,57930,111243,0,0,
train_304_g,main,train,expert,2017,graded,"probabilities to native, bilinear, thresholded there, and these numbers were measured from the masks that run kept",,,0.789415,,,0.830737,,,176.000000,75960,122457,0,0,
train_305_g,main,train,expert,2014,graded,"probabilities to native, bilinear, thresholded there, and these numbers were measured from the masks that run kept",,,0.850710,,,0.873957,,,173.000000,129853,151628,0,0,
train_306_g,main,train,expert,2016,graded,"probabilities to native, bilinear, thresholded there, and these numbers were measured from the masks that run kept",,,0.818105,,,0.855685,,,159.000000,80346,120857,0,0,
train_307_g,main,train,expert,2013,graded,"probabilities to native, bilinear, thresholded there, and these numbers were measured from the masks that run kept",,,0.790190,,,0.830101,,,134.000000,68443,114961,0,0,
train_308_g,main,train,expert,2014,graded,"probabilities to native, bilinear, thresholded there, and these numbers were measured from the masks that run kept",,,0.811418,,,0.854384,,,104.000000,85727,110134,0,0,
train_309_g,main,train,expert,2013,graded,"probabilities to native, bilinear, thresholded there, and these numbers were measured from the masks that run kept",,,0.777662,,,0.848316,,,122.000000,72341,95321,0,0,
train_30_a,main,train,expert,2018,graded,"probabilities to native, bilinear, thresholded there, and these numbers were measured from the masks that run kept",,,0.891623,,,0.904882,,,165.000000,137652,163731,0,0,
train_310_g,main,train,expert,2019,graded,"probabilities to native, bilinear, thresholded there, and these numbers were measured from the masks that run kept",,,0.766159,,,0.801444,,,131.000000,52453,100466,0,0,
train_311_g,main,train,expert,2016,graded,"probabilities to native, bilinear, thresholded there, and these numbers were measured from the masks that run kept",,,0.842133,,,0.879490,,,154.000000,125200,156509,0,0,
train_312_g,main,train,expert,2013,graded,"probabilities to native, bilinear, thresholded there, and these numbers were measured from the masks that run kept",,,0.885264,,,0.909571,,,125.000000,125644,167731,0,0,
train_313_g,main,train,expert,2017,graded,"probabilities to native, bilinear, thresholded there, and these numbers were measured from the masks that run kept",,,0.853305,,,0.889096,,,181.000000,128378,155850,0,0,
train_314_g,main,train,expert,2015,graded,"probabilities to native, bilinear, thresholded there, and these numbers were measured from the masks that run kept",,,0.840416,,,0.843750,,,124.000000,114660,163454,0,0,
train_315_g,main,train,expert,2014,graded,"probabilities to native, bilinear, thresholded there, and these numbers were measured from the masks that run kept",,,0.865475,,,0.854719,,,141.000000,125576,170178,0,0,
train_316_g,main,train,expert,2013,graded,"probabilities to native, bilinear, thresholded there, and these numbers were measured from the masks that run kept",,,0.262653,,,0.325015,,,34.000000,2868,4882,0,0,
train_317_g,main,train,expert,2015,graded,"probabilities to native, bilinear, thresholded there, and these numbers were measured from the masks that run kept",,,0.856870,,,0.861061,,,143.000000,114858,147931,0,0,
train_318_g,main,train,expert,2015,graded,"probabilities to native, bilinear, thresholded there, and these numbers were measured from the masks that run kept",,,0.855845,,,0.899072,,,128.000000,101397,135020,0,0,
train_319_g,main,train,expert,2016,graded,"probabilities to native, bilinear, thresholded there, and these numbers were measured from the masks that run kept",,,0.646566,,,0.699305,,,90.000000,21518,49369,0,0,
train_31_a,main,train,expert,2019,graded,"probabilities to native, bilinear, thresholded there, and these numbers were measured from the masks that run kept",,,0.865272,,,0.876463,,,122.000000,115910,136757,0,0,
train_320_g,main,train,expert,2012,graded,"probabilities to native, bilinear, thresholded there, and these numbers were measured from the masks that run kept",,,0.813194,,,0.810377,,,164.000000,105589,144435,0,0,
train_321_g,main,train,expert,2013,graded,"probabilities to native, bilinear, thresholded there, and these numbers were measured from the masks that run kept",,,0.681672,,,0.717150,,,129.000000,43001,107082,0,0,
train_322_g,main,train,expert,2014,graded,"probabilities to native, bilinear, thresholded there, and these numbers were measured from the masks that run kept",,,0.769950,,,0.755633,,,199.000000,55295,129124,0,0,
train_323_g,main,train,expert,2023,graded,"probabilities to native, bilinear, thresholded there, and these numbers were measured from the masks that run kept",,,0.628924,,,0.639949,,,171.000000,21603,64910,0,0,
train_324_g,main,train,expert,2015,graded,"probabilities to native, bilinear, thresholded there, and these numbers were measured from the masks that run kept",,,0.702079,,,0.748986,,,141.000000,40775,92387,0,0,
train_325_g,main,train,expert,2017,graded,"probabilities to native, bilinear, thresholded there, and these numbers were measured from the masks that run kept",,,0.682114,,,0.697670,,,84.000000,12366,58326,0,0,
train_326_g,main,train,expert,2017,graded,"probabilities to native, bilinear, thresholded there, and these numbers were measured from the masks that run kept",,,0.655692,,,0.627484,,,151.000000,18064,62814,0,0,
train_327_g,main,train,expert,2014,graded,"probabilities to native, bilinear, thresholded there, and these numbers were measured from the masks that run kept",,,0.852206,,,0.873247,,,173.000000,116910,176868,0,0,
train_328_g,main,train,expert,2016,graded,"probabilities to native, bilinear, thresholded there, and these numbers were measured from the masks that run kept",,,0.803191,,,0.857231,,,126.000000,77371,133213,0,0,
train_329_g,main,train,expert,2014,graded,"probabilities to native, bilinear, thresholded there, and these numbers were measured from the masks that run kept",,,0.880038,,,0.893619,,,134.000000,107323,166236,0,0,
train_32_a,main,train,expert,2016,graded,"probabilities to native, bilinear, thresholded there, and these numbers were measured from the masks that run kept",,,0.874135,,,0.899199,,,145.000000,128693,162232,0,0,
train_330_g,main,train,expert,2014,graded,"probabilities to native, bilinear, thresholded there, and these numbers were measured from the masks that run kept",,,0.774588,,,0.789654,,,149.000000,43530,109913,0,0,
train_331_g,main,train,expert,2017,graded,"probabilities to native, bilinear, thresholded there, and these numbers were measured from the masks that run kept",,,0.477758,,,0.481991,,,117.000000,11673,25364,0,0,
train_332_g,main,train,expert,2013,graded,"probabilities to native, bilinear, thresholded there, and these numbers were measured from the masks that run kept",,,0.842175,,,0.905981,,,115.000000,81170,139907,0,0,
train_333_g,main,train,expert,2016,graded,"probabilities to native, bilinear, thresholded there, and these numbers were measured from the masks that run kept",,,0.800660,,,0.855578,,,129.000000,61579,99889,0,0,
train_334_g,main,train,expert,2019,graded,"probabilities to native, bilinear, thresholded there, and these numbers were measured from the masks that run kept",,,0.698933,,,0.747777,,,138.000000,70638,93633,0,0,
train_335_g,main,train,expert,2017,graded,"probabilities to native, bilinear, thresholded there, and these numbers were measured from the masks that run kept",,,0.769803,,,0.832137,,,159.000000,80506,100875,0,0,
train_336_g,main,train,expert,2014,graded,"probabilities to native, bilinear, thresholded there, and these numbers were measured from the masks that run kept",,,0.828110,,,0.858225,,,114.000000,98197,137309,0,0,
train_337_g,main,train,expert,2013,graded,"probabilities to native, bilinear, thresholded there, and these numbers were measured from the masks that run kept",,,0.772513,,,0.777619,,,166.000000,93387,127251,0,0,
train_338_g,main,train,expert,2020,graded,"probabilities to native, bilinear, thresholded there, and these numbers were measured from the masks that run kept",,,0.773365,,,0.786509,,,155.000000,102891,135124,0,0,
train_339_g,main,train,expert,2017,graded,"probabilities to native, bilinear, thresholded there, and these numbers were measured from the masks that run kept",,,0.811752,,,0.830234,,,157.000000,92104,129309,0,0,
train_33_a,main,train,expert,2017,graded,"probabilities to native, bilinear, thresholded there, and these numbers were measured from the masks that run kept",,,0.864255,,,0.905727,,,133.000000,117961,139900,0,0,
train_340_g,main,train,expert,2017,graded,"probabilities to native, bilinear, thresholded there, and these numbers were measured from the masks that run kept",,,0.822954,,,0.837811,,,148.000000,98235,130127,0,0,
train_341_g,main,train,expert,2015,graded,"probabilities to native, bilinear, thresholded there, and these numbers were measured from the masks that run kept",,,0.296106,,,0.301205,,,114.000000,6022,27047,0,0,
train_342_g,main,train,expert,2010,graded,"probabilities to native, bilinear, thresholded there, and these numbers were measured from the masks that run kept",,,0.834528,,,0.831149,,,178.000000,122616,160282,0,0,
train_343_g,main,train,expert,2010,graded,"probabilities to native, bilinear, thresholded there, and these numbers were measured from the masks that run kept",,,0.843625,,,0.827364,,,116.000000,116239,163204,0,0,
train_344_g,main,train,expert,2016,graded,"probabilities to native, bilinear, thresholded there, and these numbers were measured from the masks that run kept",,,0.859896,,,0.858157,,,163.000000,136238,182030,0,0,
train_345_g,main,train,expert,2017,graded,"probabilities to native, bilinear, thresholded there, and these numbers were measured from the masks that run kept",,,0.875018,,,0.848541,,,183.000000,148944,187635,0,0,
train_346_g,main,train,expert,2014,graded,"probabilities to native, bilinear, thresholded there, and these numbers were measured from the masks that run kept",,,0.832349,,,0.840036,,,174.000000,90522,148125,0,0,
train_347_g,main,train,expert,2018,graded,"probabilities to native, bilinear, thresholded there, and these numbers were measured from the masks that run kept",,,0.892299,,,0.926295,,,131.000000,138571,154928,0,0,
train_348_g,main,train,expert,2014,graded,"probabilities to native, bilinear, thresholded there, and these numbers were measured from the masks that run kept",,,0.865047,,,0.894871,,,131.000000,118185,148865,0,0,
train_349_g,main,train,expert,2020,graded,"probabilities to native, bilinear, thresholded there, and these numbers were measured from the masks that run kept",,,0.778801,,,0.845485,,,117.000000,53005,106715,0,0,
train_34_a,main,train,expert,2016,graded,"probabilities to native, bilinear, thresholded there, and these numbers were measured from the masks that run kept",,,0.854909,,,0.878586,,,113.000000,98983,130062,0,0,
train_350_g,main,train,expert,2017,graded,"probabilities to native, bilinear, thresholded there, and these numbers were measured from the masks that run kept",,,0.811378,,,0.861254,,,107.000000,59690,106330,0,0,
train_351_g,main,train,expert,2014,graded,"probabilities to native, bilinear, thresholded there, and these numbers were measured from the masks that run kept",,,0.885227,,,0.919122,,,90.000000,106548,156190,0,0,
train_352_g,main,train,expert,2018,graded,"probabilities to native, bilinear, thresholded there, and these numbers were measured from the masks that run kept",,,0.806283,,,0.847559,,,125.000000,86668,120748,0,0,
train_353_g,main,train,expert,2016,graded,"probabilities to native, bilinear, thresholded there, and these numbers were measured from the masks that run kept",,,0.763549,,,0.762654,,,148.000000,54440,88725,0,0,
train_354_g,main,train,expert,2017,graded,"probabilities to native, bilinear, thresholded there, and these numbers were measured from the masks that run kept",,,0.810971,,,0.859204,,,162.000000,65596,101200,0,0,
train_355_g,main,train,expert,2013,graded,"probabilities to native, bilinear, thresholded there, and these numbers were measured from the masks that run kept",,,0.801604,,,0.867622,,,121.000000,60765,110274,0,0,
train_356_g,main,train,expert,2014,graded,"probabilities to native, bilinear, thresholded there, and these numbers were measured from the masks that run kept",,,0.883357,,,0.908628,,,157.000000,119914,169795,0,0,
train_357_g,main,train,expert,2016,graded,"probabilities to native, bilinear, thresholded there, and these numbers were measured from the masks that run kept",,,0.889433,,,0.930642,,,153.000000,113620,172316,0,0,
train_358_g,main,train,expert,2017,graded,"probabilities to native, bilinear, thresholded there, and these numbers were measured from the masks that run kept",,,0.916228,,,0.942334,,,147.000000,153727,204279,0,0,
train_359_g,main,train,expert,2016,graded,"probabilities to native, bilinear, thresholded there, and these numbers were measured from the masks that run kept",,,0.910964,,,0.931357,,,166.000000,154303,189056,0,0,
train_35_a,main,train,expert,2018,graded,"probabilities to native, bilinear, thresholded there, and these numbers were measured from the masks that run kept",,,0.842517,,,0.882018,,,154.000000,112534,151334,0,0,
train_360_g,main,train,expert,2016,graded,"probabilities to native, bilinear, thresholded there, and these numbers were measured from the masks that run kept",,,0.461128,,,0.499471,,,131.000000,14385,34782,0,0,
train_361_g,main,train,expert,2016,graded,"probabilities to native, bilinear, thresholded there, and these numbers were measured from the masks that run kept",,,0.268424,,,0.282155,,,144.000000,11437,13129,0,0,
train_362_g,main,train,expert,2022,graded,"probabilities to native, bilinear, thresholded there, and these numbers were measured from the masks that run kept",,,0.762309,,,0.790511,,,134.000000,63980,99826,0,0,
train_363_g,main,train,expert,2016,graded,"probabilities to native, bilinear, thresholded there, and these numbers were measured from the masks that run kept",,,0.571679,,,0.551944,,,140.000000,27290,62562,0,0,
train_364_g,main,train,expert,2015,graded,"probabilities to native, bilinear, thresholded there, and these numbers were measured from the masks that run kept",,,0.718425,,,0.762365,,,129.000000,45249,84937,0,0,
train_365_g,main,train,expert,2016,graded,"probabilities to native, bilinear, thresholded there, and these numbers were measured from the masks that run kept",,,0.752955,,,0.821979,,,93.000000,66608,108207,0,0,
train_366_g,main,train,expert,2016,graded,"probabilities to native, bilinear, thresholded there, and these numbers were measured from the masks that run kept",,,0.738180,,,0.788049,,,71.000000,48325,90861,0,0,
train_367_g,main,train,expert,2013,graded,"probabilities to native, bilinear, thresholded there, and these numbers were measured from the masks that run kept",,,0.858139,,,0.869227,,,141.000000,114919,135476,0,0,
train_368_g,main,train,expert,2015,graded,"probabilities to native, bilinear, thresholded there, and these numbers were measured from the masks that run kept",,,0.855773,,,0.878214,,,100.000000,95991,126593,0,0,
train_369_g,main,train,expert,2013,graded,"probabilities to native, bilinear, thresholded there, and these numbers were measured from the masks that run kept",,,0.805473,,,0.817081,,,182.000000,85557,129397,0,0,
train_36_a,main,train,expert,2018,graded,"probabilities to native, bilinear, thresholded there, and these numbers were measured from the masks that run kept",,,0.834355,,,0.869187,,,206.000000,110916,171172,0,0,
train_370_g,main,train,expert,2018,graded,"probabilities to native, bilinear, thresholded there, and these numbers were measured from the masks that run kept",,,0.831592,,,0.855742,,,138.000000,87749,133241,0,0,
train_371_g,main,train,expert,2012,graded,"probabilities to native, bilinear, thresholded there, and these numbers were measured from the masks that run kept",,,0.758281,,,0.790660,,,106.000000,43476,83552,0,0,
train_372_g,main,train,expert,2014,graded,"probabilities to native, bilinear, thresholded there, and these numbers were measured from the masks that run kept",,,0.789467,,,0.811109,,,148.000000,62197,105743,0,0,
train_373_g,main,train,expert,2015,graded,"probabilities to native, bilinear, thresholded there, and these numbers were measured from the masks that run kept",,,0.384529,,,0.453447,,,214.000000,11083,22238,0,0,
train_374_g,main,train,expert,2014,graded,"probabilities to native, bilinear, thresholded there, and these numbers were measured from the masks that run kept",,,0.791070,,,0.847638,,,153.000000,81967,122863,0,0,
train_375_g,main,train,expert,2012,graded,"probabilities to native, bilinear, thresholded there, and these numbers were measured from the masks that run kept",,,0.715293,,,0.765785,,,157.000000,60483,58673,0,0,
train_376_g,main,train,expert,2014,graded,"probabilities to native, bilinear, thresholded there, and these numbers were measured from the masks that run kept",,,0.859723,,,0.893040,,,193.000000,122879,145650,0,0,
train_377_g,main,train,expert,2014,graded,"probabilities to native, bilinear, thresholded there, and these numbers were measured from the masks that run kept",,,0.860342,,,0.903737,,,165.000000,128449,151098,0,0,
train_378_g,main,train,expert,2016,graded,"probabilities to native, bilinear, thresholded there, and these numbers were measured from the masks that run kept",,,0.858096,,,0.898739,,,155.000000,120563,152672,0,0,
train_379_g,main,train,expert,2018,graded,"probabilities to native, bilinear, thresholded there, and these numbers were measured from the masks that run kept",,,0.734272,,,0.785283,,,128.000000,36416,84692,0,0,
train_37_a,main,train,expert,2017,graded,"probabilities to native, bilinear, thresholded there, and these numbers were measured from the masks that run kept",,,0.888961,,,0.908285,,,153.000000,132879,186237,0,0,
train_380_g,main,train,expert,2014,graded,"probabilities to native, bilinear, thresholded there, and these numbers were measured from the masks that run kept",,,0.671048,,,0.605399,,,123.000000,20064,48994,0,0,
train_381_g,main,train,expert,2019,graded,"probabilities to native, bilinear, thresholded there, and these numbers were measured from the masks that run kept",,,0.751092,,,0.754196,,,93.000000,27502,63632,0,0,
train_382_g,main,train,expert,2015,graded,"probabilities to native, bilinear, thresholded there, and these numbers were measured from the masks that run kept",,,0.767399,,,0.772128,,,152.000000,36646,64547,0,0,
train_383_g,main,train,expert,2014,graded,"probabilities to native, bilinear, thresholded there, and these numbers were measured from the masks that run kept",,,0.884928,,,0.917434,,,158.000000,135038,153732,0,0,
train_384_g,main,train,expert,2016,graded,"probabilities to native, bilinear, thresholded there, and these numbers were measured from the masks that run kept",,,0.687030,,,0.728388,,,154.000000,28526,61117,0,0,
train_385_g,main,train,expert,2021,graded,"probabilities to native, bilinear, thresholded there, and these numbers were measured from the masks that run kept",,,0.683228,,,0.695614,,,117.000000,40504,91176,0,0,
train_386_g,main,train,expert,2017,graded,"probabilities to native, bilinear, thresholded there, and these numbers were measured from the masks that run kept",,,0.800029,,,0.830953,,,168.000000,78667,123310,0,0,
train_387_g,main,train,expert,2015,graded,"probabilities to native, bilinear, thresholded there, and these numbers were measured from the masks that run kept",,,0.835100,,,0.866415,,,110.000000,68603,103282,0,0,
train_388_g,main,train,expert,2015,graded,"probabilities to native, bilinear, thresholded there, and these numbers were measured from the masks that run kept",,,0.824967,,,0.871526,,,136.000000,72445,91381,0,0,
train_389_g,main,train,expert,2017,graded,"probabilities to native, bilinear, thresholded there, and these numbers were measured from the masks that run kept",,,0.839972,,,0.893902,,,144.000000,121412,171992,0,0,
train_38_a,main,train,expert,2016,graded,"probabilities to native, bilinear, thresholded there, and these numbers were measured from the masks that run kept",,,0.768599,,,0.852652,,,100.000000,83235,125218,0,0,
train_390_g,main,train,expert,2017,graded,"probabilities to native, bilinear, thresholded there, and these numbers were measured from the masks that run kept",,,0.847558,,,0.888981,,,198.000000,116188,150071,0,0,
train_391_g,main,train,expert,2013,graded,"probabilities to native, bilinear, thresholded there, and these numbers were measured from the masks that run kept",,,0.852413,,,0.887026,,,131.000000,131922,152043,0,0,
train_392_g,main,train,expert,2014,graded,"probabilities to native, bilinear, thresholded there, and these numbers were measured from the masks that run kept",,,0.862247,,,0.891956,,,155.000000,131533,163802,0,0,
train_393_g,main,train,expert,2015,graded,"probabilities to native, bilinear, thresholded there, and these numbers were measured from the masks that run kept",,,0.794397,,,0.858993,,,88.000000,57640,83943,0,0,
train_394_g,main,train,expert,2013,graded,"probabilities to native, bilinear, thresholded there, and these numbers were measured from the masks that run kept",,,0.747101,,,0.822542,,,122.000000,47901,90859,0,0,
train_395_g,main,train,expert,2014,graded,"probabilities to native, bilinear, thresholded there, and these numbers were measured from the masks that run kept",,,0.805980,,,0.841822,,,141.000000,74575,124519,0,0,
train_396_g,main,train,expert,2015,graded,"probabilities to native, bilinear, thresholded there, and these numbers were measured from the masks that run kept",,,0.834300,,,0.848351,,,171.000000,113012,141820,0,0,
train_397_g,main,train,expert,2016,graded,"probabilities to native, bilinear, thresholded there, and these numbers were measured from the masks that run kept",,,0.858008,,,0.894218,,,138.000000,120248,143481,0,0,
train_398_g,main,train,expert,2014,graded,"probabilities to native, bilinear, thresholded there, and these numbers were measured from the masks that run kept",,,0.821994,,,0.834817,,,178.000000,98175,132367,0,0,
train_399_g,main,train,expert,2017,graded,"probabilities to native, bilinear, thresholded there, and these numbers were measured from the masks that run kept",,,0.653071,,,0.698853,,,142.000000,47130,69490,0,0,
train_39_a,main,train,expert,2019,graded,"probabilities to native, bilinear, thresholded there, and these numbers were measured from the masks that run kept",,,0.795305,,,0.817410,,,136.000000,102303,131529,0,0,
train_3_a,main,train,expert,2015,graded,"probabilities to native, bilinear, thresholded there, and these numbers were measured from the masks that run kept",,,0.882663,,,0.892555,,,161.000000,119762,162899,0,0,
train_400_g,main,train,expert,2023,graded,"probabilities to native, bilinear, thresholded there, and these numbers were measured from the masks that run kept",,,0.662118,,,0.679844,,,108.000000,36942,71502,0,0,
train_401_g,main,train,expert,2017,graded,"probabilities to native, bilinear, thresholded there, and these numbers were measured from the masks that run kept",,,0.731087,,,0.783300,,,55.000000,6321,42484,0,0,
train_402_g,main,train,expert,2017,graded,"probabilities to native, bilinear, thresholded there, and these numbers were measured from the masks that run kept",,,0.840156,,,0.869232,,,135.000000,149511,170587,0,0,
train_403_g,main,train,expert,2018,graded,"probabilities to native, bilinear, thresholded there, and these numbers were measured from the masks that run kept",,,0.871027,,,0.891240,,,187.000000,162755,191071,0,0,
train_404_g,main,train,expert,2023,graded,"probabilities to native, bilinear, thresholded there, and these numbers were measured from the masks that run kept",,,0.749814,,,0.745866,,,58.000000,2790,28160,0,0,
train_405_g,main,train,expert,2012,graded,"probabilities to native, bilinear, thresholded there, and these numbers were measured from the masks that run kept",,,0.735533,,,0.792922,,,135.000000,70734,106811,0,0,
train_406_g,main,train,expert,2015,graded,"probabilities to native, bilinear, thresholded there, and these numbers were measured from the masks that run kept",,,0.764897,,,0.793341,,,157.000000,79253,115175,0,0,
train_407_g,main,train,expert,2018,graded,"probabilities to native, bilinear, thresholded there, and these numbers were measured from the masks that run kept",,,0.796984,,,0.850095,,,118.000000,55722,89343,0,0,
train_408_g,main,train,expert,2018,graded,"probabilities to native, bilinear, thresholded there, and these numbers were measured from the masks that run kept",,,0.852649,,,0.903438,,,133.000000,112566,153987,0,0,
train_409_g,main,train,expert,2014,graded,"probabilities to native, bilinear, thresholded there, and these numbers were measured from the masks that run kept",,,0.840540,,,0.880763,,,192.000000,112092,141900,0,0,
train_40_a,main,train,expert,2019,graded,"probabilities to native, bilinear, thresholded there, and these numbers were measured from the masks that run kept",,,0.814456,,,0.860906,,,109.000000,87233,122651,0,0,
train_410_g,main,train,expert,2014,graded,"probabilities to native, bilinear, thresholded there, and these numbers were measured from the masks that run kept",,,0.734852,,,0.756681,,,193.000000,62011,109811,0,0,
train_411_g,main,train,expert,2017,graded,"probabilities to native, bilinear, thresholded there, and these numbers were measured from the masks that run kept",,,0.822866,,,0.865996,,,177.000000,102007,140648,0,0,
train_412_g,main,train,expert,2016,graded,"probabilities to native, bilinear, thresholded there, and these numbers were measured from the masks that run kept",,,0.866328,,,0.888439,,,184.000000,140048,161190,0,0,
train_413_g,main,train,expert,2017,graded,"probabilities to native, bilinear, thresholded there, and these numbers were measured from the masks that run kept",,,0.853360,,,0.882585,,,150.000000,125083,144734,0,0,
train_414_g,main,train,expert,2018,graded,"probabilities to native, bilinear, thresholded there, and these numbers were measured from the masks that run kept",,,0.790359,,,0.832732,,,153.000000,88885,144437,0,0,
train_415_g,main,train,expert,2019,graded,"probabilities to native, bilinear, thresholded there, and these numbers were measured from the masks that run kept",,,0.775651,,,0.831551,,,131.000000,95297,119622,0,0,
train_416_g,main,train,expert,2016,graded,"probabilities to native, bilinear, thresholded there, and these numbers were measured from the masks that run kept",,,0.580974,,,0.566175,,,142.000000,23149,72435,0,0,
train_417_g,main,train,expert,2014,graded,"probabilities to native, bilinear, thresholded there, and these numbers were measured from the masks that run kept",,,0.841635,,,0.860806,,,185.000000,125604,156226,0,0,
train_418_g,main,train,expert,2013,graded,"probabilities to native, bilinear, thresholded there, and these numbers were measured from the masks that run kept",,,0.848773,,,0.850724,,,182.000000,129043,170933,0,0,
train_419_g,main,train,expert,2018,graded,"probabilities to native, bilinear, thresholded there, and these numbers were measured from the masks that run kept",,,0.855620,,,0.892466,,,155.000000,135639,162187,0,0,
train_41_a,main,train,expert,2017,graded,"probabilities to native, bilinear, thresholded there, and these numbers were measured from the masks that run kept",,,0.742222,,,0.803611,,,219.000000,68366,78998,0,0,
train_420_g,main,train,expert,2015,graded,"probabilities to native, bilinear, thresholded there, and these numbers were measured from the masks that run kept",,,0.816966,,,0.861515,,,181.000000,108012,136648,0,0,
train_421_g,main,train,expert,2016,graded,"probabilities to native, bilinear, thresholded there, and these numbers were measured from the masks that run kept",,,0.850646,,,0.884043,,,186.000000,133659,153027,0,0,
train_422_g,main,train,expert,2014,graded,"probabilities to native, bilinear, thresholded there, and these numbers were measured from the masks that run kept",,,0.882953,,,0.917181,,,154.000000,132918,175568,0,0,
train_423_g,main,train,expert,2017,graded,"probabilities to native, bilinear, thresholded there, and these numbers were measured from the masks that run kept",,,0.877869,,,0.906132,,,148.000000,115989,181228,0,0,
train_424_g,main,train,expert,2013,graded,"probabilities to native, bilinear, thresholded there, and these numbers were measured from the masks that run kept",,,0.863250,,,0.880951,,,173.000000,143952,175987,0,0,
train_425_g,main,train,expert,2015,graded,"probabilities to native, bilinear, thresholded there, and these numbers were measured from the masks that run kept",,,0.830333,,,0.862121,,,137.000000,91315,107479,0,0,
train_426_g,main,train,expert,2015,graded,"probabilities to native, bilinear, thresholded there, and these numbers were measured from the masks that run kept",,,0.863713,,,0.875633,,,103.000000,114735,135376,0,0,
train_427_g,main,train,expert,2012,graded,"probabilities to native, bilinear, thresholded there, and these numbers were measured from the masks that run kept",,,0.766625,,,0.827133,,,126.000000,68242,92813,0,0,
train_428_g,main,train,expert,2012,graded,"probabilities to native, bilinear, thresholded there, and these numbers were measured from the masks that run kept",,,0.812075,,,0.871216,,,146.000000,92728,131716,0,0,
train_429_g,main,train,expert,2014,graded,"probabilities to native, bilinear, thresholded there, and these numbers were measured from the masks that run kept",,,0.839434,,,0.862118,,,145.000000,99758,127915,0,0,
train_42_a,main,train,expert,2021,graded,"probabilities to native, bilinear, thresholded there, and these numbers were measured from the masks that run kept",,,0.883570,,,0.939744,,,122.000000,130164,169601,0,0,
train_430_g,main,train,expert,2013,graded,"probabilities to native, bilinear, thresholded there, and these numbers were measured from the masks that run kept",,,0.842539,,,0.890349,,,110.000000,101189,121953,0,0,
train_431_g,main,train,expert,2014,graded,"probabilities to native, bilinear, thresholded there, and these numbers were measured from the masks that run kept",,,0.854772,,,0.894177,,,142.000000,97553,138271,0,0,
train_432_g,main,train,expert,2019,graded,"probabilities to native, bilinear, thresholded there, and these numbers were measured from the masks that run kept",,,0.853536,,,0.906829,,,125.000000,92233,134528,0,0,
train_433_g,main,train,expert,2016,graded,"probabilities to native, bilinear, thresholded there, and these numbers were measured from the masks that run kept",,,0.843013,,,0.872378,,,165.000000,108900,146883,0,0,
train_434_g,main,train,expert,2012,graded,"probabilities to native, bilinear, thresholded there, and these numbers were measured from the masks that run kept",,,0.714144,,,0.759815,,,205.000000,58017,104612,0,0,
train_435_g,main,train,expert,2017,graded,"probabilities to native, bilinear, thresholded there, and these numbers were measured from the masks that run kept",,,0.862513,,,0.896374,,,174.000000,138654,176449,0,0,
train_436_g,main,train,expert,2015,graded,"probabilities to native, bilinear, thresholded there, and these numbers were measured from the masks that run kept",,,0.867627,,,0.906271,,,159.000000,113548,144899,0,0,
train_437_g,main,train,expert,2016,graded,"probabilities to native, bilinear, thresholded there, and these numbers were measured from the masks that run kept",,,0.861211,,,0.918280,,,127.000000,111854,139366,0,0,
train_438_g,main,train,expert,2012,graded,"probabilities to native, bilinear, thresholded there, and these numbers were measured from the masks that run kept",,,0.771074,,,0.815800,,,120.000000,73174,106205,0,0,
train_439_g,main,train,expert,2012,graded,"probabilities to native, bilinear, thresholded there, and these numbers were measured from the masks that run kept",,,0.786851,,,0.835391,,,115.000000,78840,105739,0,0,
train_43_a,main,train,expert,2017,graded,"probabilities to native, bilinear, thresholded there, and these numbers were measured from the masks that run kept",,,0.862559,,,0.894855,,,138.000000,107289,153425,0,0,
train_440_g,main,train,expert,2014,graded,"probabilities to native, bilinear, thresholded there, and these numbers were measured from the masks that run kept",,,0.827280,,,0.872420,,,133.000000,89953,123205,0,0,
train_441_g,main,train,expert,2014,graded,"probabilities to native, bilinear, thresholded there, and these numbers were measured from the masks that run kept",,,0.864534,,,0.899704,,,160.000000,106713,147342,0,0,
train_442_g,main,train,expert,2018,graded,"probabilities to native, bilinear, thresholded there, and these numbers were measured from the masks that run kept",,,0.746853,,,0.802116,,,95.000000,46039,90932,0,0,
train_443_g,main,train,expert,2016,graded,"probabilities to native, bilinear, thresholded there, and these numbers were measured from the masks that run kept",,,0.627228,,,0.718996,,,91.000000,9104,50939,0,0,
train_444_g,main,train,expert,2012,graded,"probabilities to native, bilinear, thresholded there, and these numbers were measured from the masks that run kept",,,0.874587,,,0.920481,,,126.000000,116100,154714,0,0,
train_445_g,main,train,expert,2014,graded,"probabilities to native, bilinear, thresholded there, and these numbers were measured from the masks that run kept",,,0.842762,,,0.880485,,,147.000000,102790,138207,0,0,
train_446_g,main,train,expert,2013,graded,"probabilities to native, bilinear, thresholded there, and these numbers were measured from the masks that run kept",,,0.844905,,,0.890348,,,139.000000,99958,141390,0,0,
train_449_g,main,train,expert,2014,graded,"probabilities to native, bilinear, thresholded there, and these numbers were measured from the masks that run kept",,,0.822461,,,0.868944,,,119.000000,81873,112832,0,0,
train_44_a,main,train,expert,2021,graded,"probabilities to native, bilinear, thresholded there, and these numbers were measured from the masks that run kept",,,0.746545,,,0.832453,,,109.000000,59121,95004,0,0,
train_450_g,main,train,expert,2015,graded,"probabilities to native, bilinear, thresholded there, and these numbers were measured from the masks that run kept",,,0.828411,,,0.883831,,,106.000000,77457,117751,0,0,
train_451_n,main,train,expert,2018,graded,"probabilities to native, bilinear, thresholded there, and these numbers were measured from the masks that run kept",,,0.829792,,,0.865873,,,150.000000,107914,143774,0,0,
train_452_n,main,train,expert,2016,graded,"probabilities to native, bilinear, thresholded there, and these numbers were measured from the masks that run kept",,,0.804567,,,0.853868,,,164.000000,104165,131660,0,0,
train_453_n,main,train,expert,2011,graded,"probabilities to native, bilinear, thresholded there, and these numbers were measured from the masks that run kept",,,0.807430,,,0.831531,,,183.000000,108018,163084,0,0,
train_454_n,main,train,expert,2012,graded,"probabilities to native, bilinear, thresholded there, and these numbers were measured from the masks that run kept",,,0.781802,,,0.817903,,,166.000000,101799,156248,0,0,
train_455_n,main,train,expert,2043,graded,"probabilities to native, bilinear, thresholded there, and these numbers were measured from the masks that run kept",,,0.871808,,,0.900834,,,135.000000,137847,166865,0,0,
train_456_n,main,train,expert,2013,graded,"probabilities to native, bilinear, thresholded there, and these numbers were measured from the masks that run kept",,,0.836475,,,0.886923,,,130.000000,112657,147869,0,0,
train_457_n,main,train,expert,2012,graded,"probabilities to native, bilinear, thresholded there, and these numbers were measured from the masks that run kept",,,0.853660,,,0.846031,,,216.000000,134273,165884,0,0,
train_458_n,main,train,expert,2019,graded,"probabilities to native, bilinear, thresholded there, and these numbers were measured from the masks that run kept",,,0.822269,,,0.849241,,,201.000000,121199,174772,0,0,
train_459_n,main,train,expert,2046,graded,"probabilities to native, bilinear, thresholded there, and these numbers were measured from the masks that run kept",,,0.768945,,,0.843928,,,126.000000,82395,119828,0,0,
train_45_a,main,train,expert,2018,graded,"probabilities to native, bilinear, thresholded there, and these numbers were measured from the masks that run kept",,,0.859241,,,0.884174,,,183.000000,139683,183256,0,0,
train_460_n,main,train,expert,2044,graded,"probabilities to native, bilinear, thresholded there, and these numbers were measured from the masks that run kept",,,0.822855,,,0.869335,,,138.000000,89184,151863,0,0,
train_461_n,main,train,expert,2044,graded,"probabilities to native, bilinear, thresholded there, and these numbers were measured from the masks that run kept",,,0.808155,,,0.849656,,,135.000000,104854,132884,0,0,
train_462_n,main,train,expert,2044,graded,"probabilities to native, bilinear, thresholded there, and these numbers were measured from the masks that run kept",,,0.889453,,,0.921129,,,140.000000,145338,183132,0,0,
train_463_n,main,train,expert,2043,graded,"probabilities to native, bilinear, thresholded there, and these numbers were measured from the masks that run kept",,,0.844125,,,0.884452,,,119.000000,95935,156108,0,0,
train_464_n,main,train,expert,2041,graded,"probabilities to native, bilinear, thresholded there, and these numbers were measured from the masks that run kept",,,0.848990,,,0.888957,,,115.000000,107020,158560,0,0,
train_465_n,main,train,expert,2043,graded,"probabilities to native, bilinear, thresholded there, and these numbers were measured from the masks that run kept",,,0.878293,,,0.910225,,,115.000000,129534,172704,0,0,
train_466_n,main,train,expert,2043,graded,"probabilities to native, bilinear, thresholded there, and these numbers were measured from the masks that run kept",,,0.897572,,,0.916897,,,154.000000,140959,181099,0,0,
train_467_n,main,train,expert,2043,graded,"probabilities to native, bilinear, thresholded there, and these numbers were measured from the masks that run kept",,,0.831001,,,0.886625,,,162.000000,110105,163254,0,0,
train_468_n,main,train,expert,2044,graded,"probabilities to native, bilinear, thresholded there, and these numbers were measured from the masks that run kept",,,0.814780,,,0.866171,,,163.000000,104752,143267,0,0,
train_469_n,main,train,expert,2050,graded,"probabilities to native, bilinear, thresholded there, and these numbers were measured from the masks that run kept",,,0.859086,,,0.891332,,,138.000000,113229,168149,0,0,
train_46_a,main,train,expert,2020,graded,"probabilities to native, bilinear, thresholded there, and these numbers were measured from the masks that run kept",,,0.872608,,,0.899344,,,186.000000,159153,190210,0,0,
train_470_n,main,train,expert,2042,graded,"probabilities to native, bilinear, thresholded there, and these numbers were measured from the masks that run kept",,,0.867487,,,0.909315,,,127.000000,113719,165679,0,0,
train_471_n,main,train,expert,2044,graded,"probabilities to native, bilinear, thresholded there, and these numbers were measured from the masks that run kept",,,0.846210,,,0.887597,,,141.000000,125441,148500,0,0,
train_472_n,main,train,expert,2047,graded,"probabilities to native, bilinear, thresholded there, and these numbers were measured from the masks that run kept",,,0.874664,,,0.917137,,,169.000000,143263,174205,0,0,
train_473_n,main,train,expert,2046,graded,"probabilities to native, bilinear, thresholded there, and these numbers were measured from the masks that run kept",,,0.833130,,,0.881415,,,127.000000,95679,145990,0,0,
train_474_n,main,train,expert,2048,graded,"probabilities to native, bilinear, thresholded there, and these numbers were measured from the masks that run kept",,,0.832295,,,0.901224,,,139.000000,101529,140947,0,0,
train_475_n,main,train,expert,2043,graded,"probabilities to native, bilinear, thresholded there, and these numbers were measured from the masks that run kept",,,0.854313,,,0.899920,,,101.000000,110499,161011,0,0,
train_476_n,main,train,expert,2046,graded,"probabilities to native, bilinear, thresholded there, and these numbers were measured from the masks that run kept",,,0.909460,,,0.933623,,,154.000000,158623,210171,0,0,
train_477_n,main,train,expert,2043,graded,"probabilities to native, bilinear, thresholded there, and these numbers were measured from the masks that run kept",,,0.866510,,,0.888521,,,155.000000,118460,179068,0,0,
train_478_n,main,train,expert,2042,graded,"probabilities to native, bilinear, thresholded there, and these numbers were measured from the masks that run kept",,,0.849214,,,0.906355,,,131.000000,112074,161186,0,0,
train_479_n,main,train,expert,2042,graded,"probabilities to native, bilinear, thresholded there, and these numbers were measured from the masks that run kept",,,0.826213,,,0.868108,,,140.000000,111643,150959,0,0,
train_47_a,main,train,expert,2016,graded,"probabilities to native, bilinear, thresholded there, and these numbers were measured from the masks that run kept",,,0.867592,,,0.883016,,,163.000000,127599,156073,0,0,
train_480_n,main,train,expert,2041,graded,"probabilities to native, bilinear, thresholded there, and these numbers were measured from the masks that run kept",,,0.852372,,,0.885588,,,147.000000,135668,168966,0,0,
train_481_n,main,train,expert,2046,graded,"probabilities to native, bilinear, thresholded there, and these numbers were measured from the masks that run kept",,,0.834295,,,0.877524,,,145.000000,128557,156876,0,0,
train_482_n,main,train,expert,2047,graded,"probabilities to native, bilinear, thresholded there, and these numbers were measured from the masks that run kept",,,0.879317,,,0.914934,,,138.000000,130539,166297,0,0,
train_483_n,main,train,expert,2047,graded,"probabilities to native, bilinear, thresholded there, and these numbers were measured from the masks that run kept",,,0.850525,,,0.879644,,,191.000000,139140,169639,0,0,
train_484_n,main,train,expert,2046,graded,"probabilities to native, bilinear, thresholded there, and these numbers were measured from the masks that run kept",,,0.856172,,,0.881037,,,157.000000,123491,170798,0,0,
train_485_n,main,train,expert,2043,graded,"probabilities to native, bilinear, thresholded there, and these numbers were measured from the masks that run kept",,,0.873472,,,0.925509,,,136.000000,142749,168759,0,0,
train_486_n,main,train,expert,2048,graded,"probabilities to native, bilinear, thresholded there, and these numbers were measured from the masks that run kept",,,0.848445,,,0.879352,,,176.000000,142107,181361,0,0,
train_487_n,main,train,expert,2043,graded,"probabilities to native, bilinear, thresholded there, and these numbers were measured from the masks that run kept",,,0.850050,,,0.902480,,,118.000000,113922,153157,0,0,
train_488_n,main,train,expert,2046,graded,"probabilities to native, bilinear, thresholded there, and these numbers were measured from the masks that run kept",,,0.892434,,,0.926228,,,146.000000,137064,183686,0,0,
train_489_n,main,train,expert,2045,graded,"probabilities to native, bilinear, thresholded there, and these numbers were measured from the masks that run kept",,,0.885929,,,0.905660,,,176.000000,144652,182776,0,0,
train_48_a,main,train,expert,2016,graded,"probabilities to native, bilinear, thresholded there, and these numbers were measured from the masks that run kept",,,0.842929,,,0.839779,,,174.000000,126531,150295,0,0,
train_490_n,main,train,expert,2045,graded,"probabilities to native, bilinear, thresholded there, and these numbers were measured from the masks that run kept",,,0.882776,,,0.913827,,,173.000000,143209,186219,0,0,
train_491_n,main,train,expert,2044,graded,"probabilities to native, bilinear, thresholded there, and these numbers were measured from the masks that run kept",,,0.860484,,,0.879148,,,207.000000,132918,188141,0,0,
train_492_n,main,train,expert,2044,graded,"probabilities to native, bilinear, thresholded there, and these numbers were measured from the masks that run kept",,,0.824929,,,0.872956,,,121.000000,118514,141844,0,0,
train_493_n,main,train,expert,2042,graded,"probabilities to native, bilinear, thresholded there, and these numbers were measured from the masks that run kept",,,0.812782,,,0.869204,,,138.000000,102603,147367,0,0,
train_494_n,main,train,expert,2045,graded,"probabilities to native, bilinear, thresholded there, and these numbers were measured from the masks that run kept",,,0.828063,,,0.862683,,,143.000000,107760,149537,0,0,
train_495_n,main,train,expert,2046,graded,"probabilities to native, bilinear, thresholded there, and these numbers were measured from the masks that run kept",,,0.884209,,,0.898032,,,172.000000,140093,185254,0,0,
train_496_n,main,train,expert,2044,graded,"probabilities to native, bilinear, thresholded there, and these numbers were measured from the masks that run kept",,,0.894753,,,0.924246,,,200.000000,152622,188242,0,0,
train_497_n,main,train,expert,2046,graded,"probabilities to native, bilinear, thresholded there, and these numbers were measured from the masks that run kept",,,0.805052,,,0.884841,,,118.000000,97017,137141,0,0,
train_498_n,main,train,expert,2043,graded,"probabilities to native, bilinear, thresholded there, and these numbers were measured from the masks that run kept",,,0.874732,,,0.889620,,,153.000000,128380,179716,0,0,
train_499_n,main,train,expert,2045,graded,"probabilities to native, bilinear, thresholded there, and these numbers were measured from the masks that run kept",,,0.883224,,,0.909910,,,218.000000,153799,185288,0,0,
train_49_a,main,train,expert,2014,graded,"probabilities to native, bilinear, thresholded there, and these numbers were measured from the masks that run kept",,,0.859741,,,0.859972,,,181.000000,123589,149267,0,0,
train_4_a,main,train,expert,2015,graded,"probabilities to native, bilinear, thresholded there, and these numbers were measured from the masks that run kept",,,0.868820,,,0.895181,,,116.000000,155661,170801,0,0,
train_500_n,main,train,expert,2044,graded,"probabilities to native, bilinear, thresholded there, and these numbers were measured from the masks that run kept",,,0.878177,,,0.910482,,,153.000000,124939,167972,0,0,
train_501_n,main,train,expert,2042,graded,"probabilities to native, bilinear, thresholded there, and these numbers were measured from the masks that run kept",,,0.877844,,,0.916412,,,134.000000,121444,186020,0,0,
train_502_n,main,train,expert,2045,graded,"probabilities to native, bilinear, thresholded there, and these numbers were measured from the masks that run kept",,,0.792783,,,0.870694,,,149.000000,105891,140721,0,0,
train_503_n,main,train,expert,2043,graded,"probabilities to native, bilinear, thresholded there, and these numbers were measured from the masks that run kept",,,0.891725,,,0.924120,,,167.000000,145557,193707,0,0,
train_504_n,main,train,expert,2044,graded,"probabilities to native, bilinear, thresholded there, and these numbers were measured from the masks that run kept",,,0.877252,,,0.913783,,,167.000000,133644,184002,0,0,
train_505_n,main,train,expert,2045,graded,"probabilities to native, bilinear, thresholded there, and these numbers were measured from the masks that run kept",,,0.887256,,,0.900709,,,198.000000,142443,185677,0,0,
train_506_n,main,train,expert,2044,graded,"probabilities to native, bilinear, thresholded there, and these numbers were measured from the masks that run kept",,,0.897817,,,0.925723,,,151.000000,141711,177126,0,0,
train_507_n,main,train,expert,2043,graded,"probabilities to native, bilinear, thresholded there, and these numbers were measured from the masks that run kept",,,0.881403,,,0.901208,,,155.000000,136610,175855,0,0,
train_508_n,main,train,expert,2041,graded,"probabilities to native, bilinear, thresholded there, and these numbers were measured from the masks that run kept",,,0.881313,,,0.918365,,,157.000000,138986,181499,0,0,
train_509_n,main,train,expert,2042,graded,"probabilities to native, bilinear, thresholded there, and these numbers were measured from the masks that run kept",,,0.867138,,,0.902302,,,153.000000,117715,159727,0,0,
train_50_a,main,train,expert,2016,graded,"probabilities to native, bilinear, thresholded there, and these numbers were measured from the masks that run kept",,,0.774891,,,0.790964,,,162.000000,82817,121836,0,0,
train_510_n,main,train,expert,2042,graded,"probabilities to native, bilinear, thresholded there, and these numbers were measured from the masks that run kept",,,0.823615,,,0.885887,,,166.000000,106726,157902,0,0,
train_511_n,main,train,expert,2045,graded,"probabilities to native, bilinear, thresholded there, and these numbers were measured from the masks that run kept",,,0.867258,,,0.915355,,,131.000000,130184,154446,0,0,
train_512_n,main,train,expert,2043,graded,"probabilities to native, bilinear, thresholded there, and these numbers were measured from the masks that run kept",,,0.870032,,,0.901309,,,130.000000,155832,158351,0,0,
train_513_n,main,train,expert,2044,graded,"probabilities to native, bilinear, thresholded there, and these numbers were measured from the masks that run kept",,,0.890675,,,0.934318,,,125.000000,153885,170788,0,0,
train_514_n,main,train,expert,2043,graded,"probabilities to native, bilinear, thresholded there, and these numbers were measured from the masks that run kept",,,0.889321,,,0.908428,,,156.000000,145785,181512,0,0,
train_515_n,main,train,expert,2045,graded,"probabilities to native, bilinear, thresholded there, and these numbers were measured from the masks that run kept",,,0.863481,,,0.913250,,,156.000000,136701,170533,0,0,
train_516_n,main,train,expert,2043,graded,"probabilities to native, bilinear, thresholded there, and these numbers were measured from the masks that run kept",,,0.864652,,,0.912297,,,154.000000,136860,179083,0,0,
train_517_n,main,train,expert,2045,graded,"probabilities to native, bilinear, thresholded there, and these numbers were measured from the masks that run kept",,,0.860887,,,0.902217,,,155.000000,142468,152630,0,0,
train_518_n,main,train,expert,2040,graded,"probabilities to native, bilinear, thresholded there, and these numbers were measured from the masks that run kept",,,0.817734,,,0.862119,,,189.000000,113903,142868,0,0,
train_519_n,main,train,expert,2043,graded,"probabilities to native, bilinear, thresholded there, and these numbers were measured from the masks that run kept",,,0.828238,,,0.888594,,,146.000000,126554,138765,0,0,
train_51_a,main,train,expert,2016,graded,"probabilities to native, bilinear, thresholded there, and these numbers were measured from the masks that run kept",,,0.773614,,,0.788381,,,132.000000,63297,123551,0,0,
train_520_n,main,train,expert,2044,graded,"probabilities to native, bilinear, thresholded there, and these numbers were measured from the masks that run kept",,,0.873070,,,0.920323,,,181.000000,155320,166955,0,0,
train_521_n,main,train,expert,2048,graded,"probabilities to native, bilinear, thresholded there, and these numbers were measured from the masks that run kept",,,0.868347,,,0.904558,,,132.000000,126267,178257,0,0,
train_522_n,main,train,expert,2045,graded,"probabilities to native, bilinear, thresholded there, and these numbers were measured from the masks that run kept",,,0.844094,,,0.907847,,,151.000000,120645,150958,0,0,
train_523_n,main,train,expert,2042,graded,"probabilities to native, bilinear, thresholded there, and these numbers were measured from the masks that run kept",,,0.871151,,,0.911461,,,121.000000,124632,147985,0,0,
train_524_n,main,train,expert,2042,graded,"probabilities to native, bilinear, thresholded there, and these numbers were measured from the masks that run kept",,,0.870500,,,0.909486,,,119.000000,120909,146327,0,0,
train_525_n,main,train,expert,2042,graded,"probabilities to native, bilinear, thresholded there, and these numbers were measured from the masks that run kept",,,0.799802,,,0.871612,,,123.000000,94609,125075,0,0,
train_526_n,main,train,expert,2043,graded,"probabilities to native, bilinear, thresholded there, and these numbers were measured from the masks that run kept",,,0.858430,,,0.911395,,,155.000000,109197,158484,0,0,
train_527_n,main,train,expert,2042,graded,"probabilities to native, bilinear, thresholded there, and these numbers were measured from the masks that run kept",,,0.883885,,,0.908948,,,103.000000,140088,161754,0,0,
train_528_n,main,train,expert,2043,graded,"probabilities to native, bilinear, thresholded there, and these numbers were measured from the masks that run kept",,,0.862275,,,0.907242,,,174.000000,131636,170689,0,0,
train_529_n,main,train,expert,2042,graded,"probabilities to native, bilinear, thresholded there, and these numbers were measured from the masks that run kept",,,0.826389,,,0.887253,,,121.000000,123960,137599,0,0,
train_52_a,main,train,expert,2014,graded,"probabilities to native, bilinear, thresholded there, and these numbers were measured from the masks that run kept",,,0.849188,,,0.848070,,,203.000000,148668,178154,0,0,
train_530_n,main,train,expert,2044,graded,"probabilities to native, bilinear, thresholded there, and these numbers were measured from the masks that run kept",,,0.845241,,,0.896909,,,132.000000,121372,142346,0,0,
train_531_n,main,train,expert,2042,graded,"probabilities to native, bilinear, thresholded there, and these numbers were measured from the masks that run kept",,,0.842697,,,0.897797,,,134.000000,126766,152396,0,0,
train_532_n,main,train,expert,2045,graded,"probabilities to native, bilinear, thresholded there, and these numbers were measured from the masks that run kept",,,0.885950,,,0.930986,,,175.000000,144239,182352,0,0,
train_533_n,main,train,expert,2044,graded,"probabilities to native, bilinear, thresholded there, and these numbers were measured from the masks that run kept",,,0.852699,,,0.911736,,,110.000000,112849,165913,0,0,
train_534_n,main,train,expert,2044,graded,"probabilities to native, bilinear, thresholded there, and these numbers were measured from the masks that run kept",,,0.811841,,,0.843410,,,123.000000,100968,148067,0,0,
train_535_n,main,train,expert,2041,graded,"probabilities to native, bilinear, thresholded there, and these numbers were measured from the masks that run kept",,,0.840397,,,0.892973,,,117.000000,106048,151499,0,0,
train_536_n,main,train,expert,2042,graded,"probabilities to native, bilinear, thresholded there, and these numbers were measured from the masks that run kept",,,0.836781,,,0.885329,,,159.000000,109688,156258,0,0,
train_537_n,main,train,expert,2043,graded,"probabilities to native, bilinear, thresholded there, and these numbers were measured from the masks that run kept",,,0.823426,,,0.868726,,,131.000000,100000,153740,0,0,
train_538_n,main,train,expert,2044,graded,"probabilities to native, bilinear, thresholded there, and these numbers were measured from the masks that run kept",,,0.889238,,,0.918866,,,175.000000,134929,182466,0,0,
train_539_n,main,train,expert,2044,graded,"probabilities to native, bilinear, thresholded there, and these numbers were measured from the masks that run kept",,,0.885475,,,0.917808,,,206.000000,130543,162763,0,0,
train_53_a,main,train,expert,2018,graded,"probabilities to native, bilinear, thresholded there, and these numbers were measured from the masks that run kept",,,0.829208,,,0.826758,,,156.000000,108533,139294,0,0,
train_540_n,main,train,expert,2045,graded,"probabilities to native, bilinear, thresholded there, and these numbers were measured from the masks that run kept",,,0.863500,,,0.909085,,,168.000000,124038,178170,0,0,
train_541_n,main,train,expert,2042,graded,"probabilities to native, bilinear, thresholded there, and these numbers were measured from the masks that run kept",,,0.865290,,,0.911181,,,121.000000,122505,166170,0,0,
train_542_n,main,train,expert,2044,graded,"probabilities to native, bilinear, thresholded there, and these numbers were measured from the masks that run kept",,,0.845002,,,0.888409,,,163.000000,133690,155784,0,0,
train_543_n,main,train,expert,2044,graded,"probabilities to native, bilinear, thresholded there, and these numbers were measured from the masks that run kept",,,0.876613,,,0.927979,,,143.000000,146842,169120,0,0,
train_544_n,main,train,expert,2043,graded,"probabilities to native, bilinear, thresholded there, and these numbers were measured from the masks that run kept",,,0.898046,,,0.926543,,,148.000000,150248,185788,0,0,
train_545_n,main,train,expert,2045,graded,"probabilities to native, bilinear, thresholded there, and these numbers were measured from the masks that run kept",,,0.880529,,,0.898509,,,150.000000,136094,173107,0,0,
train_546_n,main,train,expert,2043,graded,"probabilities to native, bilinear, thresholded there, and these numbers were measured from the masks that run kept",,,0.785997,,,0.857815,,,154.000000,93317,139102,0,0,
train_547_n,main,train,expert,2045,graded,"probabilities to native, bilinear, thresholded there, and these numbers were measured from the masks that run kept",,,0.868239,,,0.922331,,,186.000000,125531,164358,0,0,
train_548_n,main,train,expert,2047,graded,"probabilities to native, bilinear, thresholded there, and these numbers were measured from the masks that run kept",,,0.871711,,,0.901088,,,202.000000,124647,165525,0,0,
train_549_n,main,train,expert,2045,graded,"probabilities to native, bilinear, thresholded there, and these numbers were measured from the masks that run kept",,,0.885495,,,0.919677,,,163.000000,143036,178210,0,0,
train_54_a,main,train,expert,2016,graded,"probabilities to native, bilinear, thresholded there, and these numbers were measured from the masks that run kept",,,0.834691,,,0.841044,,,171.000000,112265,142604,0,0,
train_550_n,main,train,expert,2045,graded,"probabilities to native, bilinear, thresholded there, and these numbers were measured from the masks that run kept",,,0.881811,,,0.910863,,,155.000000,130086,173487,0,0,
train_551_n,main,train,expert,2047,graded,"probabilities to native, bilinear, thresholded there, and these numbers were measured from the masks that run kept",,,0.879392,,,0.917502,,,150.000000,149721,163876,0,0,
train_552_n,main,train,expert,2046,graded,"probabilities to native, bilinear, thresholded there, and these numbers were measured from the masks that run kept",,,0.870859,,,0.915654,,,148.000000,129120,167105,0,0,
train_553_n,main,train,expert,2045,graded,"probabilities to native, bilinear, thresholded there, and these numbers were measured from the masks that run kept",,,0.869333,,,0.910323,,,160.000000,124846,173366,0,0,
train_554_n,main,train,expert,2046,graded,"probabilities to native, bilinear, thresholded there, and these numbers were measured from the masks that run kept",,,0.859362,,,0.902765,,,193.000000,119940,165131,0,0,
train_555_n,main,train,expert,2044,graded,"probabilities to native, bilinear, thresholded there, and these numbers were measured from the masks that run kept",,,0.857338,,,0.906706,,,161.000000,132102,171861,0,0,
train_556_n,main,train,expert,2048,graded,"probabilities to native, bilinear, thresholded there, and these numbers were measured from the masks that run kept",,,0.849589,,,0.907160,,,166.000000,132833,159762,0,0,
train_557_n,main,train,expert,2044,graded,"probabilities to native, bilinear, thresholded there, and these numbers were measured from the masks that run kept",,,0.901074,,,0.926748,,,171.000000,169674,200792,0,0,
train_558_n,main,train,expert,2046,graded,"probabilities to native, bilinear, thresholded there, and these numbers were measured from the masks that run kept",,,0.897547,,,0.920083,,,150.000000,160062,197165,0,0,
train_559_n,main,train,expert,2048,graded,"probabilities to native, bilinear, thresholded there, and these numbers were measured from the masks that run kept",,,0.898806,,,0.932263,,,141.000000,142434,194958,0,0,
train_55_a,main,train,expert,2015,graded,"probabilities to native, bilinear, thresholded there, and these numbers were measured from the masks that run kept",,,0.808374,,,0.851489,,,130.000000,105255,135555,0,0,
train_560_n,main,train,expert,2046,graded,"probabilities to native, bilinear, thresholded there, and these numbers were measured from the masks that run kept",,,0.875659,,,0.923545,,,114.000000,120248,154604,0,0,
train_561_n,main,train,expert,2048,graded,"probabilities to native, bilinear, thresholded there, and these numbers were measured from the masks that run kept",,,0.877816,,,0.912559,,,114.000000,134751,156581,0,0,
train_562_n,main,train,expert,2046,graded,"probabilities to native, bilinear, thresholded there, and these numbers were measured from the masks that run kept",,,0.864757,,,0.901272,,,128.000000,130017,155975,0,0,
train_563_n,main,train,expert,2048,graded,"probabilities to native, bilinear, thresholded there, and these numbers were measured from the masks that run kept",,,0.895735,,,0.929767,,,163.000000,135593,181673,0,0,
train_564_n,main,train,expert,2044,graded,"probabilities to native, bilinear, thresholded there, and these numbers were measured from the masks that run kept",,,0.890435,,,0.921880,,,187.000000,145102,174966,0,0,
train_565_n,main,train,expert,2044,graded,"probabilities to native, bilinear, thresholded there, and these numbers were measured from the masks that run kept",,,0.844228,,,0.887371,,,169.000000,110256,158711,0,0,
train_566_n,main,train,expert,2046,graded,"probabilities to native, bilinear, thresholded there, and these numbers were measured from the masks that run kept",,,0.865185,,,0.904751,,,131.000000,116777,166282,0,0,
train_567_n,main,train,expert,2047,graded,"probabilities to native, bilinear, thresholded there, and these numbers were measured from the masks that run kept",,,0.873021,,,0.905015,,,188.000000,135338,175847,0,0,
train_568_n,main,train,expert,2043,graded,"probabilities to native, bilinear, thresholded there, and these numbers were measured from the masks that run kept",,,0.885532,,,0.910922,,,159.000000,139533,175859,0,0,
train_569_n,main,train,expert,2048,graded,"probabilities to native, bilinear, thresholded there, and these numbers were measured from the masks that run kept",,,0.882070,,,0.919484,,,137.000000,140895,183665,0,0,
train_56_a,main,train,expert,2015,graded,"probabilities to native, bilinear, thresholded there, and these numbers were measured from the masks that run kept",,,0.732165,,,0.722316,,,181.000000,73798,96678,0,0,
train_570_n,main,train,expert,2047,graded,"probabilities to native, bilinear, thresholded there, and these numbers were measured from the masks that run kept",,,0.879401,,,0.929427,,,166.000000,152275,177206,0,0,
train_571_n,main,train,expert,2048,graded,"probabilities to native, bilinear, thresholded there, and these numbers were measured from the masks that run kept",,,0.882851,,,0.921427,,,132.000000,138148,167038,0,0,
train_572_n,main,train,expert,2046,graded,"probabilities to native, bilinear, thresholded there, and these numbers were measured from the masks that run kept",,,0.869340,,,0.919608,,,148.000000,132740,146699,0,0,
train_573_n,main,train,expert,2047,graded,"probabilities to native, bilinear, thresholded there, and these numbers were measured from the masks that run kept",,,0.885112,,,0.916624,,,152.000000,146885,174534,0,0,
train_574_n,main,train,expert,2046,graded,"probabilities to native, bilinear, thresholded there, and these numbers were measured from the masks that run kept",,,0.891997,,,0.917813,,,170.000000,147152,188146,0,0,
train_575_n,main,train,expert,2048,graded,"probabilities to native, bilinear, thresholded there, and these numbers were measured from the masks that run kept",,,0.854988,,,0.899903,,,146.000000,108719,162435,0,0,
train_576_n,main,train,expert,2046,graded,"probabilities to native, bilinear, thresholded there, and these numbers were measured from the masks that run kept",,,0.859040,,,0.914455,,,162.000000,120681,176210,0,0,
train_577_n,main,train,expert,2049,graded,"probabilities to native, bilinear, thresholded there, and these numbers were measured from the masks that run kept",,,0.864143,,,0.911196,,,203.000000,137789,155987,0,0,
train_578_n,main,train,expert,2047,graded,"probabilities to native, bilinear, thresholded there, and these numbers were measured from the masks that run kept",,,0.879352,,,0.924776,,,199.000000,138237,172031,0,0,
train_579_n,main,train,expert,2044,graded,"probabilities to native, bilinear, thresholded there, and these numbers were measured from the masks that run kept",,,0.862532,,,0.898348,,,153.000000,124490,167614,0,0,
train_57_a,main,train,expert,2017,graded,"probabilities to native, bilinear, thresholded there, and these numbers were measured from the masks that run kept",,,0.801575,,,0.809911,,,134.000000,74060,108307,0,0,
train_580_n,main,train,expert,2043,graded,"probabilities to native, bilinear, thresholded there, and these numbers were measured from the masks that run kept",,,0.863250,,,0.931520,,,142.000000,128467,163980,0,0,
train_581_n,main,train,expert,2039,graded,"probabilities to native, bilinear, thresholded there, and these numbers were measured from the masks that run kept",,,0.853867,,,0.901772,,,199.000000,143863,169081,0,0,
train_582_n,main,train,expert,2044,graded,"probabilities to native, bilinear, thresholded there, and these numbers were measured from the masks that run kept",,,0.909863,,,0.914802,,,232.000000,153018,192086,0,0,
train_583_n,main,train,expert,2041,graded,"probabilities to native, bilinear, thresholded there, and these numbers were measured from the masks that run kept",,,0.874899,,,0.918761,,,171.000000,113170,175154,0,0,
train_584_n,main,train,expert,2043,graded,"probabilities to native, bilinear, thresholded there, and these numbers were measured from the masks that run kept",,,0.894070,,,0.932953,,,185.000000,130189,168521,0,0,
train_585_n,main,train,expert,2043,graded,"probabilities to native, bilinear, thresholded there, and these numbers were measured from the masks that run kept",,,0.860841,,,0.928602,,,166.000000,134691,154267,0,0,
train_586_n,main,train,expert,2045,graded,"probabilities to native, bilinear, thresholded there, and these numbers were measured from the masks that run kept",,,0.869700,,,0.940186,,,119.000000,128887,159233,0,0,
train_587_n,main,train,expert,2044,graded,"probabilities to native, bilinear, thresholded there, and these numbers were measured from the masks that run kept",,,0.823260,,,0.903749,,,131.000000,101816,128678,0,0,
train_588_n,main,train,expert,2044,graded,"probabilities to native, bilinear, thresholded there, and these numbers were measured from the masks that run kept",,,0.833631,,,0.905369,,,163.000000,99856,141805,0,0,
train_589_n,main,train,expert,2045,graded,"probabilities to native, bilinear, thresholded there, and these numbers were measured from the masks that run kept",,,0.865086,,,0.927639,,,170.000000,135684,153489,0,0,
train_58_a,main,train,expert,2017,graded,"probabilities to native, bilinear, thresholded there, and these numbers were measured from the masks that run kept",,,0.801935,,,0.865317,,,103.000000,110599,126176,0,0,
train_590_n,main,train,expert,2044,graded,"probabilities to native, bilinear, thresholded there, and these numbers were measured from the masks that run kept",,,0.867185,,,0.909047,,,181.000000,131055,178799,0,0,
train_591_n,main,train,expert,2046,graded,"probabilities to native, bilinear, thresholded there, and these numbers were measured from the masks that run kept",,,0.848207,,,0.895340,,,239.000000,129972,157080,0,0,
train_592_n,main,train,expert,2045,graded,"probabilities to native, bilinear, thresholded there, and these numbers were measured from the masks that run kept",,,0.885058,,,0.921111,,,208.000000,141460,177377,0,0,
train_593_n,main,train,expert,2045,graded,"probabilities to native, bilinear, thresholded there, and these numbers were measured from the masks that run kept",,,0.858617,,,0.929979,,,160.000000,121646,157256,0,0,
train_594_n,main,train,expert,2043,graded,"probabilities to native, bilinear, thresholded there, and these numbers were measured from the masks that run kept",,,0.839382,,,0.919496,,,162.000000,117176,133128,0,0,
train_595_n,main,train,expert,2045,graded,"probabilities to native, bilinear, thresholded there, and these numbers were measured from the masks that run kept",,,0.803980,,,0.902032,,,158.000000,97588,144177,0,0,
train_596_n,main,train,expert,2044,graded,"probabilities to native, bilinear, thresholded there, and these numbers were measured from the masks that run kept",,,0.861717,,,0.923094,,,170.000000,129831,142339,0,0,
train_597_n,main,train,expert,2046,graded,"probabilities to native, bilinear, thresholded there, and these numbers were measured from the masks that run kept",,,0.881082,,,0.929013,,,154.000000,132868,153477,0,0,
train_598_n,main,train,expert,2046,graded,"probabilities to native, bilinear, thresholded there, and these numbers were measured from the masks that run kept",,,0.852651,,,0.910607,,,141.000000,106440,146437,0,0,
train_599_n,main,train,expert,2043,graded,"probabilities to native, bilinear, thresholded there, and these numbers were measured from the masks that run kept",,,0.902900,,,0.925840,,,165.000000,157295,184485,0,0,
train_59_a,main,train,expert,2022,graded,"probabilities to native, bilinear, thresholded there, and these numbers were measured from the masks that run kept",,,0.687889,,,0.766354,,,106.000000,36846,74294,0,0,
train_5_a,main,train,expert,2016,graded,"probabilities to native, bilinear, thresholded there, and these numbers were measured from the masks that run kept",,,0.860551,,,0.878570,,,139.000000,117100,164019,0,0,
train_600_n,main,train,expert,2044,graded,"probabilities to native, bilinear, thresholded there, and these numbers were measured from the masks that run kept",,,0.869248,,,0.938459,,,160.000000,146907,170039,0,0,
train_60_a,main,train,expert,2014,graded,"probabilities to native, bilinear, thresholded there, and these numbers were measured from the masks that run kept",,,0.872618,,,0.888749,,,176.000000,100121,158880,0,0,
train_61_a,main,train,expert,2015,graded,"probabilities to native, bilinear, thresholded there, and these numbers were measured from the masks that run kept",,,0.852205,,,0.893921,,,169.000000,115866,122280,0,0,
train_62_a,main,train,expert,2020,graded,"probabilities to native, bilinear, thresholded there, and these numbers were measured from the masks that run kept",,,0.806820,,,0.868364,,,132.000000,74013,125463,0,0,
train_63_a,main,train,expert,2018,graded,"probabilities to native, bilinear, thresholded there, and these numbers were measured from the masks that run kept",,,0.833628,,,0.883219,,,122.000000,87044,120012,0,0,
train_64_a,main,train,expert,2017,graded,"probabilities to native, bilinear, thresholded there, and these numbers were measured from the masks that run kept",,,0.880532,,,0.912810,,,128.000000,112541,152628,0,0,
train_65_a,main,train,expert,2014,graded,"probabilities to native, bilinear, thresholded there, and these numbers were measured from the masks that run kept",,,0.875142,,,0.927015,,,127.000000,88419,116525,0,0,
train_66_a,main,train,expert,2017,graded,"probabilities to native, bilinear, thresholded there, and these numbers were measured from the masks that run kept",,,0.773412,,,0.878201,,,97.000000,87645,128630,0,0,
train_67_a,main,train,expert,2015,graded,"probabilities to native, bilinear, thresholded there, and these numbers were measured from the masks that run kept",,,0.758807,,,0.842193,,,120.000000,82149,101932,0,0,
train_68_a,main,train,expert,2014,graded,"probabilities to native, bilinear, thresholded there, and these numbers were measured from the masks that run kept",,,0.769914,,,0.831948,,,189.000000,79185,100785,0,0,
train_69_a,main,train,expert,2020,graded,"probabilities to native, bilinear, thresholded there, and these numbers were measured from the masks that run kept",,,0.863792,,,0.885740,,,154.000000,122714,173630,0,0,
train_6_a,main,train,expert,2015,graded,"probabilities to native, bilinear, thresholded there, and these numbers were measured from the masks that run kept",,,0.886782,,,0.913187,,,161.000000,122080,165552,0,0,
train_70_a,main,train,expert,2015,graded,"probabilities to native, bilinear, thresholded there, and these numbers were measured from the masks that run kept",,,0.710970,,,0.752904,,,181.000000,59767,86907,0,0,
train_71_a,main,train,expert,2012,graded,"probabilities to native, bilinear, thresholded there, and these numbers were measured from the masks that run kept",,,0.870959,,,0.902105,,,139.000000,123783,158686,0,0,
train_72_a,main,train,expert,2018,graded,"probabilities to native, bilinear, thresholded there, and these numbers were measured from the masks that run kept",,,0.900631,,,0.908728,,,141.000000,112263,155771,0,0,
train_73_a,main,train,expert,2015,graded,"probabilities to native, bilinear, thresholded there, and these numbers were measured from the masks that run kept",,,0.895370,,,0.908554,,,180.000000,142488,171711,0,0,
train_74_a,main,train,expert,2014,graded,"probabilities to native, bilinear, thresholded there, and these numbers were measured from the masks that run kept",,,0.836345,,,0.880928,,,171.000000,117431,143968,0,0,
train_75_a,main,train,expert,2017,graded,"probabilities to native, bilinear, thresholded there, and these numbers were measured from the masks that run kept",,,0.862972,,,0.893740,,,153.000000,106725,138117,0,0,
train_76_a,main,train,expert,2013,graded,"probabilities to native, bilinear, thresholded there, and these numbers were measured from the masks that run kept",,,0.709767,,,0.779496,,,183.000000,68064,105959,0,0,
train_77_a,main,train,expert,2019,graded,"probabilities to native, bilinear, thresholded there, and these numbers were measured from the masks that run kept",,,0.823451,,,0.867738,,,188.000000,105641,138429,0,0,
train_78_a,main,train,expert,2017,graded,"probabilities to native, bilinear, thresholded there, and these numbers were measured from the masks that run kept",,,0.839321,,,0.886051,,,142.000000,97228,138768,0,0,
train_79_a,main,train,expert,2020,graded,"probabilities to native, bilinear, thresholded there, and these numbers were measured from the masks that run kept",,,0.830009,,,0.879501,,,147.000000,96112,131308,0,0,
train_7_a,main,train,expert,2017,graded,"probabilities to native, bilinear, thresholded there, and these numbers were measured from the masks that run kept",,,0.830539,,,0.849438,,,115.000000,97424,144730,0,0,
train_80_a,main,train,expert,2016,graded,"probabilities to native, bilinear, thresholded there, and these numbers were measured from the masks that run kept",,,0.817609,,,0.885291,,,111.000000,85633,122279,0,0,
train_81_a,main,train,expert,2016,graded,"probabilities to native, bilinear, thresholded there, and these numbers were measured from the masks that run kept",,,0.881591,,,0.913997,,,131.000000,127280,163385,0,0,
train_82_a,main,train,expert,2017,graded,"probabilities to native, bilinear, thresholded there, and these numbers were measured from the masks that run kept",,,0.747447,,,0.841776,,,107.000000,66723,77890,0,0,
train_83_a,main,train,expert,2016,graded,"probabilities to native, bilinear, thresholded there, and these numbers were measured from the masks that run kept",,,0.710902,,,0.833475,,,134.000000,59446,68383,0,0,
train_84_a,main,train,expert,2020,graded,"probabilities to native, bilinear, thresholded there, and these numbers were measured from the masks that run kept",,,0.699077,,,0.803649,,,106.000000,53943,62993,0,0,
train_85_a,main,train,expert,2016,graded,"probabilities to native, bilinear, thresholded there, and these numbers were measured from the masks that run kept",,,0.762536,,,0.839492,,,110.000000,69307,86752,0,0,
train_86_a,main,train,expert,2014,graded,"probabilities to native, bilinear, thresholded there, and these numbers were measured from the masks that run kept",,,0.874331,,,0.912766,,,123.000000,116875,153472,0,0,
train_87_a,main,train,expert,2017,graded,"probabilities to native, bilinear, thresholded there, and these numbers were measured from the masks that run kept",,,0.887553,,,0.893763,,,159.000000,111698,174145,0,0,
train_88_a,main,train,expert,2014,graded,"probabilities to native, bilinear, thresholded there, and these numbers were measured from the masks that run kept",,,0.852243,,,0.891945,,,130.000000,108358,141659,0,0,
train_89_a,main,train,expert,2018,graded,"probabilities to native, bilinear, thresholded there, and these numbers were measured from the masks that run kept",,,0.795374,,,0.874076,,,133.000000,74721,87075,0,0,
train_8_a,main,train,expert,2016,graded,"probabilities to native, bilinear, thresholded there, and these numbers were measured from the masks that run kept",,,0.812453,,,0.820324,,,116.000000,92328,129869,0,0,
train_90_a,main,train,expert,2018,graded,"probabilities to native, bilinear, thresholded there, and these numbers were measured from the masks that run kept",,,0.866944,,,0.907368,,,118.000000,107103,156088,0,0,
train_91_a,main,train,expert,2014,graded,"probabilities to native, bilinear, thresholded there, and these numbers were measured from the masks that run kept",,,0.667252,,,0.784881,,,139.000000,58996,103185,0,0,
train_92_a,main,train,expert,2015,graded,"probabilities to native, bilinear, thresholded there, and these numbers were measured from the masks that run kept",,,0.810621,,,0.897069,,,129.000000,104954,151030,0,0,
train_93_a,main,train,expert,2013,graded,"probabilities to native, bilinear, thresholded there, and these numbers were measured from the masks that run kept",,,0.742889,,,0.808998,,,113.000000,56714,64984,0,0,
train_94_a,main,train,expert,2016,graded,"probabilities to native, bilinear, thresholded there, and these numbers were measured from the masks that run kept",,,0.818924,,,0.862293,,,94.000000,76352,107695,0,0,
train_95_a,main,train,expert,2013,graded,"probabilities to native, bilinear, thresholded there, and these numbers were measured from the masks that run kept",,,0.845594,,,0.895383,,,134.000000,92952,124564,0,0,
train_96_a,main,train,expert,2012,graded,"probabilities to native, bilinear, thresholded there, and these numbers were measured from the masks that run kept",,,0.738947,,,0.780664,,,118.000000,34466,71756,0,0,
train_97_a,main,train,expert,2018,graded,"probabilities to native, bilinear, thresholded there, and these numbers were measured from the masks that run kept",,,0.838898,,,0.870143,,,136.000000,108533,139294,0,0,
train_98_a,main,train,expert,2015,graded,"probabilities to native, bilinear, thresholded there, and these numbers were measured from the masks that run kept",,,0.821939,,,0.864547,,,131.000000,91770,117152,0,0,
train_99_a,main,train,expert,2010,graded,"probabilities to native, bilinear, thresholded there, and these numbers were measured from the masks that run kept",,,0.721204,,,0.744722,,,137.000000,45635,72484,0,0,
train_9_a,main,train,expert,2017,graded,"probabilities to native, bilinear, thresholded there, and these numbers were measured from the masks that run kept",,,0.852653,,,0.901980,,,117.000000,93461,137198,0,0,
