key,subset,split,reader,native_side,outcome,resampling,artery_dice,vein_dice,vessels_dice,artery_cldice,vein_cldice,vessels_cldice,artery_betti,vein_betti,vessels_betti,said_artery_px,said_vein_px,truth_artery_px,truth_vein_px,note
enrich_enrich012enrich01220210728_001,enrich,unspecified,expert,2200,graded,"probabilities to native, bilinear, thresholded there, and these numbers were measured from the masks that run kept",0.795732,0.834224,0.831586,0.747934,0.800565,0.794517,100.000000,105.000000,255.000000,132363,169169,174072,208631,
enrich_enrich012enrich01220210728_002,enrich,unspecified,expert,2200,graded,"probabilities to native, bilinear, thresholded there, and these numbers were measured from the masks that run kept",0.836144,0.835742,0.851972,0.800323,0.781871,0.815511,90.000000,97.000000,221.000000,139496,161766,164246,201760,
enrich_enrich016enrich01620210803_003,enrich,unspecified,expert,2200,graded,"probabilities to native, bilinear, thresholded there, and these numbers were measured from the masks that run kept",0.840791,0.854271,0.863431,0.819611,0.794075,0.820869,70.000000,51.000000,161.000000,142610,151013,171104,178358,
enrich_enrich016enrich01620210803_005,enrich,unspecified,expert,2201,graded,"probabilities to native, bilinear, thresholded there, and these numbers were measured from the masks that run kept",0.846081,0.842278,0.857791,0.817677,0.780203,0.814076,49.000000,90.000000,183.000000,138655,150444,166304,176745,
enrich_enrich023enrich02320210812_001,enrich,unspecified,expert,2200,graded,"probabilities to native, bilinear, thresholded there, and these numbers were measured from the masks that run kept",0.804634,0.850101,0.844037,0.729097,0.827317,0.801815,104.000000,117.000000,267.000000,133765,146530,173647,172204,
enrich_enrich023enrich02320210812_002,enrich,unspecified,expert,2200,graded,"probabilities to native, bilinear, thresholded there, and these numbers were measured from the masks that run kept",0.817563,0.818993,0.850655,0.801861,0.762753,0.844456,63.000000,56.000000,153.000000,116183,127421,149054,146464,
enrich_enrich027enrich02720210818_001,enrich,unspecified,expert,2199,graded,"probabilities to native, bilinear, thresholded there, and these numbers were measured from the masks that run kept",0.867893,0.878282,0.888067,0.848137,0.835015,0.863769,77.000000,56.000000,160.000000,183432,211340,214797,243491,
enrich_enrich030enrich03020210821_001,enrich,unspecified,expert,2200,graded,"probabilities to native, bilinear, thresholded there, and these numbers were measured from the masks that run kept",0.849854,0.856753,0.873093,0.824183,0.840282,0.859783,97.000000,82.000000,221.000000,190403,200828,220816,225409,
enrich_enrich030enrich03020210821_002,enrich,unspecified,expert,2199,graded,"probabilities to native, bilinear, thresholded there, and these numbers were measured from the masks that run kept",0.855718,0.851812,0.868890,0.824766,0.816530,0.836421,97.000000,65.000000,199.000000,180724,178306,214995,214593,
enrich_enrich031enrich03120210824_001,enrich,unspecified,expert,2200,graded,"probabilities to native, bilinear, thresholded there, and these numbers were measured from the masks that run kept",0.860468,0.852062,0.871876,0.830001,0.797237,0.834356,62.000000,71.000000,184.000000,180823,191504,210106,227921,
enrich_enrich031enrich03120210824_002,enrich,unspecified,expert,2200,graded,"probabilities to native, bilinear, thresholded there, and these numbers were measured from the masks that run kept",0.841375,0.860110,0.866932,0.835444,0.840956,0.857685,88.000000,86.000000,211.000000,170195,215869,203921,245716,
enrich_enrich032enrich03220210824_001,enrich,unspecified,expert,2200,graded,"probabilities to native, bilinear, thresholded there, and these numbers were measured from the masks that run kept",0.861748,0.873400,0.876391,0.883993,0.867983,0.886387,104.000000,110.000000,253.000000,172310,180451,186781,198729,
enrich_enrich032enrich03220210824_002,enrich,unspecified,expert,2200,graded,"probabilities to native, bilinear, thresholded there, and these numbers were measured from the masks that run kept",0.863390,0.871484,0.880428,0.848678,0.835263,0.865451,82.000000,99.000000,223.000000,170779,178155,199932,202655,
enrich_enrich033enrich03320210825_001,enrich,unspecified,expert,2200,graded,"probabilities to native, bilinear, thresholded there, and these numbers were measured from the masks that run kept",0.800712,0.830291,0.834884,0.770620,0.797844,0.813620,106.000000,67.000000,243.000000,153874,158616,189318,191331,
enrich_enrich033enrich03320210825_007,enrich,unspecified,expert,2200,graded,"probabilities to native, bilinear, thresholded there, and these numbers were measured from the masks that run kept",0.832408,0.837589,0.861580,0.821278,0.813266,0.858297,113.000000,78.000000,250.000000,171090,185930,198409,213982,
enrich_enrich034enrich03420210825_001,enrich,unspecified,expert,2200,graded,"probabilities to native, bilinear, thresholded there, and these numbers were measured from the masks that run kept",0.826169,0.853387,0.864198,0.779833,0.810379,0.833048,95.000000,87.000000,265.000000,189587,196714,222491,226911,
enrich_enrich034enrich03420210825_003,enrich,unspecified,expert,2200,graded,"probabilities to native, bilinear, thresholded there, and these numbers were measured from the masks that run kept",0.854118,0.852786,0.867205,0.870961,0.819470,0.866227,62.000000,59.000000,170.000000,167085,175976,193556,202412,
enrich_enrich035enrich03520210826_001,enrich,unspecified,expert,2199,graded,"probabilities to native, bilinear, thresholded there, and these numbers were measured from the masks that run kept",0.842520,0.875586,0.871840,0.800449,0.824846,0.831520,74.000000,67.000000,197.000000,194318,198526,235775,228507,
enrich_enrich035enrich03520210826_002,enrich,unspecified,expert,2200,graded,"probabilities to native, bilinear, thresholded there, and these numbers were measured from the masks that run kept",0.828890,0.855118,0.863556,0.770690,0.806436,0.820368,71.000000,77.000000,197.000000,188264,210206,227714,243645,
enrich_enrich039enrich03920210901_001,enrich,unspecified,expert,2200,graded,"probabilities to native, bilinear, thresholded there, and these numbers were measured from the masks that run kept",0.836818,0.806711,0.852199,0.802321,0.757227,0.832323,83.000000,96.000000,231.000000,167181,150763,193705,177020,
enrich_enrich039enrich03920210901_002,enrich,unspecified,expert,2200,graded,"probabilities to native, bilinear, thresholded there, and these numbers were measured from the masks that run kept",0.844720,0.809470,0.858206,0.828771,0.733655,0.834092,97.000000,96.000000,244.000000,168969,149450,188745,174799,
enrich_enrich044enrich04420210907_003,enrich,unspecified,expert,2200,graded,"probabilities to native, bilinear, thresholded there, and these numbers were measured from the masks that run kept",0.857728,0.870594,0.875738,0.825862,0.833676,0.842143,66.000000,57.000000,171.000000,165049,185848,191001,209852,
enrich_enrich110enrich11020220808_001,enrich,unspecified,expert,2200,graded,"probabilities to native, bilinear, thresholded there, and these numbers were measured from the masks that run kept",0.822040,0.842717,0.847949,0.818181,0.810471,0.833475,44.000000,51.000000,123.000000,137309,145187,177785,180538,
enrich_enrich113enrich11320220826_001,enrich,unspecified,expert,2200,graded,"probabilities to native, bilinear, thresholded there, and these numbers were measured from the masks that run kept",0.826033,0.838156,0.851858,0.782425,0.795376,0.818907,69.000000,67.000000,184.000000,146041,154362,174980,186763,
enrich_enrich113enrich11320220826_002,enrich,unspecified,expert,2200,graded,"probabilities to native, bilinear, thresholded there, and these numbers were measured from the masks that run kept",0.846508,0.838581,0.852734,0.807937,0.765028,0.801689,60.000000,85.000000,186.000000,135941,149499,163515,186576,
enrich_enrich125enrich12520221114_001,enrich,unspecified,expert,2200,graded,"probabilities to native, bilinear, thresholded there, and these numbers were measured from the masks that run kept",0.845236,0.833870,0.859891,0.817508,0.773524,0.826581,72.000000,88.000000,210.000000,171616,174439,206941,209676,
enrich_enrich129enrich12920221118_002,enrich,unspecified,expert,2198,graded,"probabilities to native, bilinear, thresholded there, and these numbers were measured from the masks that run kept",0.821282,0.865677,0.865461,0.821858,0.787180,0.837429,54.000000,62.000000,148.000000,141532,152477,171917,179067,
enrich_enrich133enrich13320230118_001,enrich,unspecified,expert,2200,graded,"probabilities to native, bilinear, thresholded there, and these numbers were measured from the masks that run kept",0.804350,0.828274,0.835680,0.775592,0.792450,0.808056,135.000000,96.000000,271.000000,144683,155290,181021,193375,
enrich_enrich133enrich13320230118_002,enrich,unspecified,expert,2200,graded,"probabilities to native, bilinear, thresholded there, and these numbers were measured from the masks that run kept",0.825929,0.878585,0.860988,0.849696,0.892593,0.877971,62.000000,50.000000,141.000000,134939,132629,162072,152557,
enrich_enrich135enrich13520230201_002,enrich,unspecified,expert,2200,graded,"probabilities to native, bilinear, thresholded there, and these numbers were measured from the masks that run kept",0.869297,0.842462,0.868373,0.865668,0.784947,0.844185,67.000000,69.000000,175.000000,129259,134418,143306,152002,
enrich_enrich136enrich13620230210_002,enrich,unspecified,expert,2200,graded,"probabilities to native, bilinear, thresholded there, and these numbers were measured from the masks that run kept",0.852938,0.862516,0.872567,0.863571,0.836632,0.866648,65.000000,54.000000,143.000000,119294,131057,132947,144117,
enrich_enrich137enrich13720230216_002,enrich,unspecified,expert,2200,graded,"probabilities to native, bilinear, thresholded there, and these numbers were measured from the masks that run kept",0.841763,0.863751,0.863867,0.826721,0.848509,0.850140,54.000000,49.000000,130.000000,140708,129446,178408,154460,
enrich_enrich138enrich13820230217_002,enrich,unspecified,expert,2200,graded,"probabilities to native, bilinear, thresholded there, and these numbers were measured from the masks that run kept",0.771255,0.812402,0.822819,0.718560,0.710487,0.755423,105.000000,93.000000,245.000000,109618,137950,148123,165816,
enrich_enrich139enrich13920230217_002,enrich,unspecified,expert,2198,graded,"probabilities to native, bilinear, thresholded there, and these numbers were measured from the masks that run kept",0.856179,0.856806,0.869374,0.850025,0.804390,0.840239,65.000000,80.000000,178.000000,122115,147657,141671,168118,
enrich_enrich140enrich14020230222_001,enrich,unspecified,expert,2200,graded,"probabilities to native, bilinear, thresholded there, and these numbers were measured from the masks that run kept",0.789676,0.816870,0.848384,0.767900,0.773767,0.841841,93.000000,103.000000,263.000000,148084,193317,184954,233052,
enrich_enrich141enrich14120230223_005,enrich,unspecified,expert,2200,graded,"probabilities to native, bilinear, thresholded there, and these numbers were measured from the masks that run kept",0.823809,0.831318,0.849239,0.838999,0.809663,0.844422,76.000000,76.000000,183.000000,125375,161585,143629,179904,
enrich_enrich143enrich14320230302_003,enrich,unspecified,expert,2200,graded,"probabilities to native, bilinear, thresholded there, and these numbers were measured from the masks that run kept",0.858103,0.835716,0.859663,0.852179,0.765649,0.826644,82.000000,62.000000,191.000000,138293,139734,149768,166205,
enrich_enrich144enrich14420230315_004,enrich,unspecified,expert,2200,graded,"probabilities to native, bilinear, thresholded there, and these numbers were measured from the masks that run kept",0.872177,0.878524,0.889038,0.855501,0.849242,0.869756,53.000000,61.000000,138.000000,138427,166823,159469,188532,
enrich_enrich147enrich14720230420_004,enrich,unspecified,expert,2199,graded,"probabilities to native, bilinear, thresholded there, and these numbers were measured from the masks that run kept",0.786108,0.815365,0.822314,0.751383,0.720347,0.772469,72.000000,80.000000,202.000000,120192,120207,154274,147960,
enrich_enrich150enrich15020230511_002,enrich,unspecified,expert,2201,graded,"probabilities to native, bilinear, thresholded there, and these numbers were measured from the masks that run kept",0.825523,0.840287,0.854911,0.783202,0.799838,0.817648,95.000000,129.000000,292.000000,189664,201738,217593,233742,
enrich_enrich151enrich15120230526_003,enrich,unspecified,expert,2200,graded,"probabilities to native, bilinear, thresholded there, and these numbers were measured from the masks that run kept",0.855722,0.870179,0.880937,0.849379,0.844140,0.871704,60.000000,91.000000,187.000000,153756,156323,178324,172669,
enrich_enrich153enrich15320230602_005,enrich,unspecified,expert,2201,graded,"probabilities to native, bilinear, thresholded there, and these numbers were measured from the masks that run kept",0.845570,0.875897,0.891232,0.841710,0.858657,0.895950,46.000000,47.000000,115.000000,131809,135972,160640,152135,
enrich_enrich154enrich15420230607_005,enrich,unspecified,expert,2200,graded,"probabilities to native, bilinear, thresholded there, and these numbers were measured from the masks that run kept",0.838602,0.875628,0.879057,0.838931,0.847099,0.869036,68.000000,83.000000,190.000000,135499,159735,150515,180318,
enrich_enrich155enrich15520230621_004,enrich,unspecified,expert,2199,graded,"probabilities to native, bilinear, thresholded there, and these numbers were measured from the masks that run kept",0.825818,0.824019,0.857202,0.826260,0.787449,0.851710,75.000000,75.000000,205.000000,163343,151947,196424,184725,
enrich_enrich157enrich15720230623_005,enrich,unspecified,expert,2198,graded,"probabilities to native, bilinear, thresholded there, and these numbers were measured from the masks that run kept",0.844616,0.832501,0.851007,0.834375,0.802248,0.833692,61.000000,82.000000,194.000000,132833,173153,159854,203697,
enrich_enrich5enrich520210720_001,enrich,unspecified,expert,2200,graded,"probabilities to native, bilinear, thresholded there, and these numbers were measured from the masks that run kept",0.799341,0.835414,0.847776,0.767001,0.809893,0.823911,109.000000,99.000000,265.000000,177682,204603,204633,241753,
enrich_enrich5enrich520210720_002,enrich,unspecified,expert,2200,graded,"probabilities to native, bilinear, thresholded there, and these numbers were measured from the masks that run kept",0.813056,0.821340,0.842599,0.779883,0.731351,0.794232,264.000000,105.000000,423.000000,161613,185446,200881,227557,
enrich_enrich6enrich620210720_001,enrich,unspecified,expert,2198,graded,"probabilities to native, bilinear, thresholded there, and these numbers were measured from the masks that run kept",0.862486,0.853466,0.866758,0.874911,0.845177,0.863279,77.000000,76.000000,192.000000,150023,172568,173449,195025,
enrich_enrich7enrich720210720_001,enrich,unspecified,expert,2200,graded,"probabilities to native, bilinear, thresholded there, and these numbers were measured from the masks that run kept",0.811748,0.838929,0.847419,0.762421,0.767826,0.798581,109.000000,93.000000,254.000000,169308,170200,213488,205255,
enrich_enrich7enrich720210720_003,enrich,unspecified,expert,2201,graded,"probabilities to native, bilinear, thresholded there, and these numbers were measured from the masks that run kept",0.820118,0.822557,0.840217,0.778139,0.734273,0.786724,103.000000,130.000000,282.000000,170719,163419,215184,198015,
enrich_les047enrich04620210908_002,enrich,unspecified,expert,2200,graded,"probabilities to native, bilinear, thresholded there, and these numbers were measured from the masks that run kept",0.840258,0.872980,0.870712,0.832345,0.840673,0.849587,125.000000,119.000000,298.000000,159727,185358,194864,207973,
enrich_les285enrich13120230111_002,enrich,unspecified,expert,2200,graded,"probabilities to native, bilinear, thresholded there, and these numbers were measured from the masks that run kept",0.819607,0.850919,0.848481,0.793752,0.832378,0.825018,64.000000,46.000000,134.000000,103790,136376,132755,168612,
enrich_les285enrich13120230111_005,enrich,unspecified,expert,2200,graded,"probabilities to native, bilinear, thresholded there, and these numbers were measured from the masks that run kept",0.802522,0.865522,0.853303,0.771336,0.835645,0.825213,88.000000,68.000000,197.000000,113185,167281,140296,195180,
enrich_les313enrich08320220103_001,enrich,unspecified,expert,2200,graded,"probabilities to native, bilinear, thresholded there, and these numbers were measured from the masks that run kept",0.822716,0.853470,0.858536,0.810385,0.834485,0.848621,48.000000,40.000000,114.000000,130313,156293,153401,187998,
enrich_les326enrich08120220103_002,enrich,unspecified,expert,2200,graded,"probabilities to native, bilinear, thresholded there, and these numbers were measured from the masks that run kept",0.857582,0.847353,0.863013,0.855854,0.809100,0.845328,39.000000,42.000000,108.000000,116451,118650,130779,132688,
enrich_les329enrich08420220110_002,enrich,unspecified,expert,2200,graded,"probabilities to native, bilinear, thresholded there, and these numbers were measured from the masks that run kept",0.819015,0.840054,0.845841,0.805446,0.776109,0.815739,57.000000,79.000000,166.000000,112900,132894,133662,161937,
enrich_les345enrich07720211220_001,enrich,unspecified,expert,2200,graded,"probabilities to native, bilinear, thresholded there, and these numbers were measured from the masks that run kept",0.825545,0.864590,0.865439,0.851224,0.852662,0.873176,85.000000,34.000000,145.000000,107449,132973,117755,144821,
enrich_les347enrich08020211223_001,enrich,unspecified,expert,2200,graded,"probabilities to native, bilinear, thresholded there, and these numbers were measured from the masks that run kept",0.845927,0.841621,0.862749,0.817610,0.780900,0.826723,50.000000,65.000000,144.000000,115831,122855,134167,146095,
enrich_les353enrich09420220222_001,enrich,unspecified,expert,2200,graded,"probabilities to native, bilinear, thresholded there, and these numbers were measured from the masks that run kept",0.840134,0.841604,0.869660,0.821529,0.784577,0.845015,54.000000,38.000000,115.000000,91378,116710,98625,147079,
enrich_les359enrich06920211104_002,enrich,unspecified,expert,2200,graded,"probabilities to native, bilinear, thresholded there, and these numbers were measured from the masks that run kept",0.719442,0.841664,0.805171,0.707509,0.797697,0.778306,134.000000,50.000000,215.000000,97275,122002,100723,135450,
enrich_les372enrich07420211129_002,enrich,unspecified,expert,2200,graded,"probabilities to native, bilinear, thresholded there, and these numbers were measured from the masks that run kept",0.854612,0.851192,0.886605,0.893626,0.806394,0.912848,58.000000,54.000000,134.000000,112663,115328,116758,139860,
enrich_les378enrich07520211129_002,enrich,unspecified,expert,2199,graded,"probabilities to native, bilinear, thresholded there, and these numbers were measured from the masks that run kept",0.781242,0.840697,0.848103,0.802732,0.821004,0.866790,55.000000,73.000000,142.000000,103355,110585,111462,118344,
enrich_les380enrich07920211221_002,enrich,unspecified,expert,2200,graded,"probabilities to native, bilinear, thresholded there, and these numbers were measured from the masks that run kept",0.840169,0.875480,0.891567,0.848118,0.851869,0.909480,46.000000,46.000000,103.000000,99939,128084,103194,144249,
enrich_les393enrich05820211005_002,enrich,unspecified,expert,2201,graded,"probabilities to native, bilinear, thresholded there, and these numbers were measured from the masks that run kept",0.785393,0.853547,0.842944,0.792129,0.778655,0.820796,98.000000,45.000000,175.000000,126835,139918,115459,158383,
enrich_les39enrich12720221116_001,enrich,unspecified,expert,2201,graded,"probabilities to native, bilinear, thresholded there, and these numbers were measured from the masks that run kept",0.824492,0.848117,0.845851,0.806157,0.819222,0.819138,108.000000,87.000000,246.000000,147444,153677,186444,183885,
enrich_les39enrich12720221116_002,enrich,unspecified,expert,2199,graded,"probabilities to native, bilinear, thresholded there, and these numbers were measured from the masks that run kept",0.823582,0.823642,0.844413,0.816383,0.786675,0.833795,72.000000,59.000000,167.000000,124065,132127,160696,159502,
enrich_les409enrich06420211025_003,enrich,unspecified,expert,2199,graded,"probabilities to native, bilinear, thresholded there, and these numbers were measured from the masks that run kept",0.838217,0.854251,0.859228,0.806088,0.801559,0.821879,36.000000,49.000000,113.000000,123865,134037,150057,158912,
enrich_les414enrich04220210907_002,enrich,unspecified,expert,2200,graded,"probabilities to native, bilinear, thresholded there, and these numbers were measured from the masks that run kept",0.847221,0.838912,0.861507,0.820125,0.747412,0.820698,62.000000,141.000000,237.000000,126936,125975,143586,139619,
enrich_les418enrich05220210927_001,enrich,unspecified,expert,2198,graded,"probabilities to native, bilinear, thresholded there, and these numbers were measured from the masks that run kept",0.835049,0.850218,0.863120,0.801301,0.777395,0.829056,73.000000,69.000000,201.000000,160197,156916,198139,184507,
enrich_les454enrich05420210928_002,enrich,unspecified,expert,2199,graded,"probabilities to native, bilinear, thresholded there, and these numbers were measured from the masks that run kept",0.771794,0.837604,0.839759,0.773161,0.786203,0.835259,49.000000,27.000000,108.000000,108161,123135,143585,150875,
enrich_les457enrich04920210920_003,enrich,unspecified,expert,2201,graded,"probabilities to native, bilinear, thresholded there, and these numbers were measured from the masks that run kept",0.823382,0.842851,0.858694,0.806064,0.795222,0.834512,52.000000,76.000000,162.000000,118364,145186,132669,173468,
enrich_les460enrich06820211104_002,enrich,unspecified,expert,2200,graded,"probabilities to native, bilinear, thresholded there, and these numbers were measured from the masks that run kept",0.843101,0.842149,0.850821,0.847809,0.818094,0.841944,32.000000,67.000000,120.000000,102380,119133,124556,135525,
enrich_les467enrich06520211025_002,enrich,unspecified,expert,2200,graded,"probabilities to native, bilinear, thresholded there, and these numbers were measured from the masks that run kept",0.879432,0.880800,0.890665,0.894882,0.834082,0.871666,31.000000,26.000000,86.000000,119467,125277,126635,140504,
enrich_les468enrich03620210830_004,enrich,unspecified,expert,2199,graded,"probabilities to native, bilinear, thresholded there, and these numbers were measured from the masks that run kept",0.813750,0.862868,0.867389,0.846998,0.849461,0.892902,31.000000,27.000000,74.000000,114492,133941,138136,149027,
enrich_les486enrich00220210719_001,enrich,unspecified,expert,2201,graded,"probabilities to native, bilinear, thresholded there, and these numbers were measured from the masks that run kept",0.836193,0.842581,0.857207,0.833694,0.813607,0.850716,84.000000,39.000000,146.000000,111797,104340,130463,120284,
enrich_les486enrich00220210719_003,enrich,unspecified,expert,2199,graded,"probabilities to native, bilinear, thresholded there, and these numbers were measured from the masks that run kept",0.812959,0.814453,0.830663,0.834403,0.769529,0.831268,39.000000,52.000000,115.000000,98944,91345,119751,109865,
enrich_les487enrich11720220921_001,enrich,unspecified,expert,2200,graded,"probabilities to native, bilinear, thresholded there, and these numbers were measured from the masks that run kept",0.841610,0.869840,0.866849,0.882122,0.807442,0.861410,47.000000,54.000000,119.000000,99069,113585,99807,125259,
enrich_les488enrich02420210816_002,enrich,unspecified,expert,2200,graded,"probabilities to native, bilinear, thresholded there, and these numbers were measured from the masks that run kept",0.833421,0.853532,0.865697,0.842056,0.844151,0.876722,83.000000,77.000000,201.000000,148767,159167,164489,174381,
enrich_les489enrich00320210719_002,enrich,unspecified,expert,2199,graded,"probabilities to native, bilinear, thresholded there, and these numbers were measured from the masks that run kept",0.733827,0.814135,0.799701,0.711155,0.735134,0.753677,80.000000,49.000000,172.000000,108844,122473,123881,149413,
enrich_les505enrich01020210726_002,enrich,unspecified,expert,2201,graded,"probabilities to native, bilinear, thresholded there, and these numbers were measured from the masks that run kept",0.823848,0.844352,0.849171,0.775561,0.801253,0.802484,66.000000,57.000000,155.000000,128648,142492,163707,165877,
enrich_les506enrich00820210726_003,enrich,unspecified,expert,2200,graded,"probabilities to native, bilinear, thresholded there, and these numbers were measured from the masks that run kept",0.813080,0.817041,0.837650,0.806450,0.776437,0.822066,61.000000,57.000000,153.000000,119474,139674,145366,159978,
enrich_les510enrich04720210913_003,enrich,unspecified,expert,2200,graded,"probabilities to native, bilinear, thresholded there, and these numbers were measured from the masks that run kept",0.837537,0.814283,0.841839,0.826820,0.768947,0.818401,40.000000,45.000000,113.000000,126132,161193,152306,179826,
enrich_les512enrich01720210804_001,enrich,unspecified,expert,2200,graded,"probabilities to native, bilinear, thresholded there, and these numbers were measured from the masks that run kept",0.784969,0.835424,0.841162,0.779266,0.827963,0.844444,107.000000,79.000000,222.000000,131046,144225,136246,163676,
enrich_les512enrich01720210804_002,enrich,unspecified,expert,2199,graded,"probabilities to native, bilinear, thresholded there, and these numbers were measured from the masks that run kept",0.811691,0.837482,0.847205,0.817020,0.799185,0.838169,80.000000,99.000000,215.000000,114846,122167,130124,142326,
enrich_les514enrich01520210802_003,enrich,unspecified,expert,2200,graded,"probabilities to native, bilinear, thresholded there, and these numbers were measured from the masks that run kept",0.826649,0.855659,0.864553,0.818737,0.812298,0.844928,44.000000,48.000000,131.000000,118694,154897,128313,172147,
enrich_les522enrich05020210921_002,enrich,unspecified,expert,2200,graded,"probabilities to native, bilinear, thresholded there, and these numbers were measured from the masks that run kept",0.840732,0.876141,0.877718,0.838811,0.831060,0.855061,66.000000,40.000000,139.000000,125553,160241,134618,169900,
enrich_les524enrich01320210802_002,enrich,unspecified,expert,2199,graded,"probabilities to native, bilinear, thresholded there, and these numbers were measured from the masks that run kept",0.858653,0.870765,0.876335,0.843692,0.821842,0.848362,48.000000,63.000000,153.000000,141034,154975,160450,177064,
enrich_les525enrich03720210830_002,enrich,unspecified,expert,2200,graded,"probabilities to native, bilinear, thresholded there, and these numbers were measured from the masks that run kept",0.836773,0.846926,0.852660,0.824691,0.778498,0.815752,74.000000,87.000000,211.000000,133402,148553,156084,176878,
enrich_les531enrich02820210817_002,enrich,unspecified,expert,2200,graded,"probabilities to native, bilinear, thresholded there, and these numbers were measured from the masks that run kept",0.833979,0.826343,0.836295,0.810911,0.796713,0.808456,69.000000,111.000000,222.000000,111229,138570,129264,163099,
enrich_les537enrich01120210727_002,enrich,unspecified,expert,2200,graded,"probabilities to native, bilinear, thresholded there, and these numbers were measured from the masks that run kept",0.821453,0.841973,0.845199,0.790106,0.741505,0.789281,66.000000,78.000000,184.000000,118104,124933,149456,153931,
enrich_les556enrich08620220117_002,enrich,unspecified,expert,2200,graded,"probabilities to native, bilinear, thresholded there, and these numbers were measured from the masks that run kept",0.855533,0.857616,0.878719,0.871210,0.848000,0.890582,77.000000,95.000000,210.000000,166000,187988,199550,223807,
enrich_les556enrich08620220117_003,enrich,unspecified,expert,2199,graded,"probabilities to native, bilinear, thresholded there, and these numbers were measured from the masks that run kept",0.838304,0.856603,0.865896,0.814514,0.818399,0.838825,70.000000,71.000000,205.000000,161865,168857,203277,201296,
enrich_les562enrich04320210907_001,enrich,unspecified,expert,2200,graded,"probabilities to native, bilinear, thresholded there, and these numbers were measured from the masks that run kept",0.816425,0.846676,0.862929,0.860743,0.810265,0.879993,50.000000,55.000000,131.000000,126139,138638,133559,155432,
enrich_les567enrich02120210809_004,enrich,unspecified,expert,2198,graded,"probabilities to native, bilinear, thresholded there, and these numbers were measured from the masks that run kept",0.814128,0.837411,0.847665,0.834309,0.815060,0.853197,82.000000,58.000000,170.000000,104959,123690,111948,136254,
enrich_les577enrich11820220921_002,enrich,unspecified,expert,2200,graded,"probabilities to native, bilinear, thresholded there, and these numbers were measured from the masks that run kept",0.854151,0.849753,0.863735,0.858183,0.789585,0.841715,52.000000,63.000000,164.000000,129195,151271,144169,176382,
enrich_les577enrich11820220921_003,enrich,unspecified,expert,2199,graded,"probabilities to native, bilinear, thresholded there, and these numbers were measured from the masks that run kept",0.846190,0.849674,0.862973,0.833747,0.806717,0.842281,80.000000,96.000000,219.000000,141598,169059,160535,195516,
enrich_les586enrich08920220125_001,enrich,unspecified,expert,2198,graded,"probabilities to native, bilinear, thresholded there, and these numbers were measured from the masks that run kept",0.830180,0.861653,0.865460,0.783466,0.824238,0.828747,90.000000,65.000000,205.000000,146269,190939,177297,222977,
enrich_les586enrich08920220125_002,enrich,unspecified,expert,2200,graded,"probabilities to native, bilinear, thresholded there, and these numbers were measured from the masks that run kept",0.823450,0.862799,0.866076,0.773531,0.821756,0.834783,82.000000,114.000000,230.000000,143903,172982,176568,202074,
enrich_les595enrich09620220310_004,enrich,unspecified,expert,2199,graded,"probabilities to native, bilinear, thresholded there, and these numbers were measured from the masks that run kept",0.853178,0.869083,0.872944,0.852483,0.814109,0.846854,70.000000,40.000000,138.000000,134732,125127,164753,143257,
enrich_les607enrich11920221003_003,enrich,unspecified,expert,2200,graded,"probabilities to native, bilinear, thresholded there, and these numbers were measured from the masks that run kept",0.846080,0.859597,0.862248,0.811369,0.790926,0.810290,72.000000,80.000000,184.000000,133647,158443,158791,182333,
enrich_les616enrich09520220310_002,enrich,unspecified,expert,2200,graded,"probabilities to native, bilinear, thresholded there, and these numbers were measured from the masks that run kept",0.839404,0.842108,0.855350,0.851025,0.798120,0.841134,39.000000,50.000000,110.000000,114508,116765,141002,146992,
enrich_les617enrich11520220902_001,enrich,unspecified,expert,2198,graded,"probabilities to native, bilinear, thresholded there, and these numbers were measured from the masks that run kept",0.779073,0.809985,0.814068,0.776765,0.763198,0.795935,71.000000,105.000000,216.000000,116742,145676,129769,163483,
enrich_les617enrich11520220902_002,enrich,unspecified,expert,2200,graded,"probabilities to native, bilinear, thresholded there, and these numbers were measured from the masks that run kept",0.762384,0.839678,0.817200,0.773910,0.776868,0.792321,71.000000,51.000000,150.000000,112359,122219,121135,131071,
enrich_les625enrich9820220328_002,enrich,unspecified,expert,2200,graded,"probabilities to native, bilinear, thresholded there, and these numbers were measured from the masks that run kept",0.837049,0.837332,0.851810,0.838642,0.772465,0.830388,49.000000,61.000000,149.000000,126687,129097,153127,152292,
enrich_les644enrich09720220321_001,enrich,unspecified,expert,2199,graded,"probabilities to native, bilinear, thresholded there, and these numbers were measured from the masks that run kept",0.846527,0.817575,0.844908,0.825382,0.766869,0.813754,84.000000,61.000000,179.000000,113285,124913,133051,152921,
enrich_les661enrich11420220831_002,enrich,unspecified,expert,2199,graded,"probabilities to native, bilinear, thresholded there, and these numbers were measured from the masks that run kept",0.827254,0.795851,0.830290,0.801525,0.715409,0.784652,57.000000,68.000000,190.000000,123446,122744,152687,164664,
enrich_les664enrich10420220509_002,enrich,unspecified,expert,2199,graded,"probabilities to native, bilinear, thresholded there, and these numbers were measured from the masks that run kept",0.845573,0.870334,0.874926,0.822781,0.862051,0.866576,73.000000,67.000000,185.000000,148292,168045,186307,194354,
enrich_les683enrich11220220822_002,enrich,unspecified,expert,2200,graded,"probabilities to native, bilinear, thresholded there, and these numbers were measured from the masks that run kept",0.816700,0.816787,0.851087,0.789980,0.779945,0.829795,94.000000,86.000000,228.000000,145121,163526,168578,196568,
enrich_les687enrich10520220516_001,enrich,unspecified,expert,2201,graded,"probabilities to native, bilinear, thresholded there, and these numbers were measured from the masks that run kept",0.809874,0.846581,0.846901,0.799586,0.832041,0.839858,93.000000,76.000000,209.000000,126341,163072,153658,196889,
enrich_les687enrich10520220516_002,enrich,unspecified,expert,2200,graded,"probabilities to native, bilinear, thresholded there, and these numbers were measured from the masks that run kept",0.843404,0.861081,0.870617,0.846477,0.852116,0.871084,42.000000,60.000000,133.000000,124611,142553,148397,165829,
enrich_les700enrich10120220502_001,enrich,unspecified,expert,2199,graded,"probabilities to native, bilinear, thresholded there, and these numbers were measured from the masks that run kept",0.760398,0.801037,0.815338,0.730875,0.735835,0.785153,85.000000,78.000000,189.000000,111442,111586,132341,127127,
fives_100_d,fives,unspecified,expert,1418,graded,"probabilities to native, bilinear, thresholded there, and these numbers were measured from the masks that run kept",0.749893,0.816936,0.852591,0.753331,0.807534,0.858140,34.000000,60.000000,108.000000,47223,68894,53050,83304,
fives_105_g,fives,unspecified,expert,1418,graded,"probabilities to native, bilinear, thresholded there, and these numbers were measured from the masks that run kept",0.786936,0.852620,0.845557,0.760925,0.827262,0.823545,65.000000,72.000000,166.000000,56498,75383,75101,85005,
fives_106_g,fives,unspecified,expert,1417,graded,"probabilities to native, bilinear, thresholded there, and these numbers were measured from the masks that run kept",0.818969,0.837229,0.867784,0.750481,0.762815,0.820051,60.000000,76.000000,169.000000,68180,87157,83755,97385,
fives_107_g,fives,unspecified,expert,1417,graded,"probabilities to native, bilinear, thresholded there, and these numbers were measured from the masks that run kept",0.823982,0.837867,0.849505,0.809858,0.796083,0.828800,81.000000,98.000000,222.000000,68223,88476,81824,100320,
fives_109_g,fives,unspecified,expert,1418,graded,"probabilities to native, bilinear, thresholded there, and these numbers were measured from the masks that run kept",0.849111,0.856473,0.879655,0.836730,0.864283,0.890407,51.000000,64.000000,149.000000,62150,80964,69715,81180,
fives_110_g,fives,unspecified,expert,1417,graded,"probabilities to native, bilinear, thresholded there, and these numbers were measured from the masks that run kept",0.814373,0.857720,0.858006,0.816724,0.875319,0.866586,59.000000,46.000000,147.000000,56721,73678,64204,76308,
fives_112_g,fives,unspecified,expert,1417,graded,"probabilities to native, bilinear, thresholded there, and these numbers were measured from the masks that run kept",0.706470,0.773073,0.787175,0.695546,0.759942,0.796249,45.000000,42.000000,105.000000,43913,63815,63197,70713,
fives_115_g,fives,unspecified,expert,1418,graded,"probabilities to native, bilinear, thresholded there, and these numbers were measured from the masks that run kept",0.759459,0.834320,0.819288,0.756359,0.828260,0.812521,49.000000,55.000000,129.000000,46419,75630,60623,83774,
fives_116_g,fives,unspecified,expert,1419,graded,"probabilities to native, bilinear, thresholded there, and these numbers were measured from the masks that run kept",0.614721,0.776555,0.733414,0.684338,0.778463,0.771610,55.000000,37.000000,104.000000,29621,51322,54121,73277,
fives_117_g,fives,unspecified,expert,1418,graded,"probabilities to native, bilinear, thresholded there, and these numbers were measured from the masks that run kept",0.733064,0.818306,0.813225,0.718131,0.778422,0.791368,43.000000,68.000000,139.000000,43011,61944,60538,73003,
fives_118_g,fives,unspecified,expert,1421,graded,"probabilities to native, bilinear, thresholded there, and these numbers were measured from the masks that run kept",0.863947,0.889039,0.892318,0.870111,0.902985,0.908062,85.000000,68.000000,173.000000,69246,84193,78652,86569,
fives_120_g,fives,unspecified,expert,1417,graded,"probabilities to native, bilinear, thresholded there, and these numbers were measured from the masks that run kept",0.796259,0.868775,0.847919,0.763151,0.858192,0.822747,52.000000,52.000000,127.000000,59890,70126,76533,78016,
fives_124_g,fives,unspecified,expert,1418,graded,"probabilities to native, bilinear, thresholded there, and these numbers were measured from the masks that run kept",0.674311,0.836279,0.806505,0.668407,0.838370,0.821047,42.000000,39.000000,103.000000,34756,54232,51409,64030,
fives_125_g,fives,unspecified,expert,1417,graded,"probabilities to native, bilinear, thresholded there, and these numbers were measured from the masks that run kept",0.807757,0.875400,0.862981,0.780452,0.826883,0.822991,41.000000,47.000000,104.000000,51078,84193,65826,95823,
fives_126_g,fives,unspecified,expert,1421,graded,"probabilities to native, bilinear, thresholded there, and these numbers were measured from the masks that run kept",0.646068,0.794163,0.795982,0.699447,0.788758,0.839449,30.000000,32.000000,69.000000,35356,46811,52935,62980,
fives_128_g,fives,unspecified,expert,1418,graded,"probabilities to native, bilinear, thresholded there, and these numbers were measured from the masks that run kept",0.793733,0.864607,0.852555,0.811983,0.877760,0.874305,38.000000,54.000000,112.000000,41216,60327,56240,67338,
fives_12_a,fives,unspecified,expert,1422,graded,"probabilities to native, bilinear, thresholded there, and these numbers were measured from the masks that run kept",0.848283,0.874967,0.876599,0.854389,0.864490,0.872289,41.000000,53.000000,116.000000,56969,74708,67902,83330,
fives_131_g,fives,unspecified,expert,1420,graded,"probabilities to native, bilinear, thresholded there, and these numbers were measured from the masks that run kept",0.785482,0.813180,0.855794,0.742140,0.763910,0.846415,71.000000,82.000000,182.000000,62144,76398,75206,79629,
fives_132_g,fives,unspecified,expert,1418,graded,"probabilities to native, bilinear, thresholded there, and these numbers were measured from the masks that run kept",0.708833,0.822236,0.805774,0.706410,0.812848,0.800878,60.000000,71.000000,147.000000,36336,58760,48124,66479,
fives_134_g,fives,unspecified,expert,1419,graded,"probabilities to native, bilinear, thresholded there, and these numbers were measured from the masks that run kept",0.757942,0.837656,0.817823,0.743112,0.795539,0.790424,59.000000,63.000000,160.000000,51616,66119,72536,81013,
fives_139_g,fives,unspecified,expert,1421,graded,"probabilities to native, bilinear, thresholded there, and these numbers were measured from the masks that run kept",0.824139,0.866246,0.865157,0.796596,0.830524,0.836296,56.000000,94.000000,200.000000,66546,99202,79842,107790,
fives_13_a,fives,unspecified,expert,1422,graded,"probabilities to native, bilinear, thresholded there, and these numbers were measured from the masks that run kept",0.827931,0.842598,0.867811,0.806825,0.814400,0.857720,50.000000,64.000000,149.000000,57029,77136,66805,87735,
fives_140_g,fives,unspecified,expert,1417,graded,"probabilities to native, bilinear, thresholded there, and these numbers were measured from the masks that run kept",0.631397,0.761017,0.752571,0.620950,0.740102,0.753882,65.000000,56.000000,136.000000,25898,41943,44153,54365,
fives_141_g,fives,unspecified,expert,1418,graded,"probabilities to native, bilinear, thresholded there, and these numbers were measured from the masks that run kept",0.743969,0.822358,0.822958,0.747273,0.805644,0.825946,57.000000,87.000000,179.000000,47164,67781,68564,75220,
fives_14_a,fives,unspecified,expert,1421,graded,"probabilities to native, bilinear, thresholded there, and these numbers were measured from the masks that run kept",0.828760,0.855998,0.883840,0.827512,0.840542,0.892575,56.000000,76.000000,151.000000,55329,76699,65449,84757,
fives_151_n,fives,unspecified,expert,1419,graded,"probabilities to native, bilinear, thresholded there, and these numbers were measured from the masks that run kept",0.720682,0.758469,0.785628,0.626223,0.690004,0.730483,54.000000,76.000000,148.000000,55717,75806,72148,92897,
fives_156_n,fives,unspecified,expert,1421,graded,"probabilities to native, bilinear, thresholded there, and these numbers were measured from the masks that run kept",0.775249,0.751859,0.793197,0.773352,0.697070,0.777308,27.000000,76.000000,113.000000,34083,46668,48466,60517,
fives_157_n,fives,unspecified,expert,1416,graded,"probabilities to native, bilinear, thresholded there, and these numbers were measured from the masks that run kept",0.680330,0.775774,0.788565,0.626546,0.763162,0.781538,71.000000,103.000000,203.000000,50417,71039,79179,85553,
fives_15_a,fives,unspecified,expert,1419,graded,"probabilities to native, bilinear, thresholded there, and these numbers were measured from the masks that run kept",0.818860,0.867406,0.871690,0.801689,0.850830,0.868543,52.000000,85.000000,156.000000,52845,75520,66052,81018,
fives_160_n,fives,unspecified,expert,1418,graded,"probabilities to native, bilinear, thresholded there, and these numbers were measured from the masks that run kept",0.817133,0.829232,0.851869,0.807778,0.813795,0.839301,76.000000,74.000000,176.000000,65481,74363,79455,88677,
fives_161_n,fives,unspecified,expert,1418,graded,"probabilities to native, bilinear, thresholded there, and these numbers were measured from the masks that run kept",0.804302,0.817056,0.841928,0.795194,0.783221,0.825126,40.000000,65.000000,138.000000,53124,71720,64680,82639,
fives_162_n,fives,unspecified,expert,1419,graded,"probabilities to native, bilinear, thresholded there, and these numbers were measured from the masks that run kept",0.754703,0.835817,0.811541,0.746310,0.816520,0.793906,55.000000,68.000000,158.000000,55377,71700,73320,83109,
fives_163_n,fives,unspecified,expert,1418,graded,"probabilities to native, bilinear, thresholded there, and these numbers were measured from the masks that run kept",0.756393,0.801053,0.803204,0.752227,0.753710,0.782736,41.000000,76.000000,140.000000,42030,58411,57413,74147,
fives_164_n,fives,unspecified,expert,1417,graded,"probabilities to native, bilinear, thresholded there, and these numbers were measured from the masks that run kept",0.609623,0.764790,0.754690,0.575778,0.740261,0.736968,55.000000,66.000000,148.000000,36559,60962,63739,69887,
fives_165_n,fives,unspecified,expert,1418,graded,"probabilities to native, bilinear, thresholded there, and these numbers were measured from the masks that run kept",0.681988,0.668469,0.742891,0.642814,0.663489,0.743144,79.000000,116.000000,226.000000,51451,76581,79648,103529,
fives_166_n,fives,unspecified,expert,1418,graded,"probabilities to native, bilinear, thresholded there, and these numbers were measured from the masks that run kept",0.683954,0.739744,0.736404,0.662242,0.704854,0.715340,69.000000,98.000000,201.000000,51215,66356,84835,89725,
fives_167_n,fives,unspecified,expert,1418,graded,"probabilities to native, bilinear, thresholded there, and these numbers were measured from the masks that run kept",0.672091,0.688879,0.733807,0.636761,0.634878,0.717956,40.000000,101.000000,165.000000,44721,60673,69466,77061,
fives_168_n,fives,unspecified,expert,1419,graded,"probabilities to native, bilinear, thresholded there, and these numbers were measured from the masks that run kept",0.616389,0.648049,0.691943,0.585659,0.639116,0.688601,77.000000,79.000000,173.000000,39376,58346,67073,73931,
fives_169_n,fives,unspecified,expert,1417,graded,"probabilities to native, bilinear, thresholded there, and these numbers were measured from the masks that run kept",0.758851,0.836554,0.817708,0.783182,0.828646,0.827002,49.000000,46.000000,124.000000,57277,68106,81214,82825,
fives_16_a,fives,unspecified,expert,1422,graded,"probabilities to native, bilinear, thresholded there, and these numbers were measured from the masks that run kept",0.758113,0.822799,0.855162,0.766848,0.806462,0.876356,44.000000,52.000000,108.000000,55663,74004,69110,76509,
fives_170_n,fives,unspecified,expert,1417,graded,"probabilities to native, bilinear, thresholded there, and these numbers were measured from the masks that run kept",0.751021,0.804093,0.816231,0.749306,0.794621,0.823669,61.000000,71.000000,159.000000,55209,67499,74505,82327,
fives_172_n,fives,unspecified,expert,1419,graded,"probabilities to native, bilinear, thresholded there, and these numbers were measured from the masks that run kept",0.799221,0.801621,0.867303,0.772671,0.785110,0.875623,70.000000,81.000000,170.000000,70275,81863,84313,85181,
fives_176_n,fives,unspecified,expert,1420,graded,"probabilities to native, bilinear, thresholded there, and these numbers were measured from the masks that run kept",0.745772,0.649275,0.753569,0.672967,0.627713,0.742270,46.000000,133.000000,212.000000,58677,72957,80993,95748,
fives_17_a,fives,unspecified,expert,1419,graded,"probabilities to native, bilinear, thresholded there, and these numbers were measured from the masks that run kept",0.837666,0.865044,0.872599,0.844048,0.859024,0.878166,35.000000,77.000000,146.000000,53169,73737,64453,86241,
fives_1_a,fives,unspecified,expert,1419,graded,"probabilities to native, bilinear, thresholded there, and these numbers were measured from the masks that run kept",0.813219,0.831370,0.863973,0.786074,0.791468,0.848348,79.000000,66.000000,191.000000,74732,87607,86698,103504,
fives_22_a,fives,unspecified,expert,1424,graded,"probabilities to native, bilinear, thresholded there, and these numbers were measured from the masks that run kept",0.866217,0.865777,0.885063,0.871615,0.861146,0.889172,51.000000,68.000000,143.000000,64415,77810,73906,83668,
fives_23_a,fives,unspecified,expert,1424,graded,"probabilities to native, bilinear, thresholded there, and these numbers were measured from the masks that run kept",0.861262,0.861590,0.884582,0.854410,0.853245,0.883816,53.000000,84.000000,159.000000,63712,77211,73568,84056,
fives_25_a,fives,unspecified,expert,1421,graded,"probabilities to native, bilinear, thresholded there, and these numbers were measured from the masks that run kept",0.784340,0.840880,0.839662,0.804701,0.842499,0.855797,52.000000,55.000000,126.000000,41659,55192,60052,65660,
fives_26_a,fives,unspecified,expert,1422,graded,"probabilities to native, bilinear, thresholded there, and these numbers were measured from the masks that run kept",0.869736,0.879748,0.890909,0.852585,0.858110,0.875063,52.000000,94.000000,168.000000,62109,76667,72318,85518,
fives_28_a,fives,unspecified,expert,1421,graded,"probabilities to native, bilinear, thresholded there, and these numbers were measured from the masks that run kept",0.718556,0.820686,0.823757,0.682958,0.789883,0.819780,34.000000,50.000000,104.000000,47619,65145,67690,78218,
fives_2_a,fives,unspecified,expert,1418,graded,"probabilities to native, bilinear, thresholded there, and these numbers were measured from the masks that run kept",0.837239,0.856722,0.867593,0.828434,0.842603,0.864281,72.000000,70.000000,187.000000,66158,84102,77163,91222,
fives_30_a,fives,unspecified,expert,1419,graded,"probabilities to native, bilinear, thresholded there, and these numbers were measured from the masks that run kept",0.829042,0.805007,0.833388,0.816841,0.793814,0.827751,60.000000,78.000000,153.000000,46069,60250,55950,79304,
fives_33_a,fives,unspecified,expert,1420,graded,"probabilities to native, bilinear, thresholded there, and these numbers were measured from the masks that run kept",0.793314,0.821527,0.853998,0.789613,0.797101,0.846734,115.000000,128.000000,307.000000,80970,102426,96478,123782,
fives_34_a,fives,unspecified,expert,1421,graded,"probabilities to native, bilinear, thresholded there, and these numbers were measured from the masks that run kept",0.692955,0.806289,0.811313,0.760117,0.809689,0.840359,42.000000,35.000000,91.000000,41031,63436,47500,79483,
fives_35_a,fives,unspecified,expert,1419,graded,"probabilities to native, bilinear, thresholded there, and these numbers were measured from the masks that run kept",0.868809,0.872542,0.886762,0.853195,0.854783,0.876728,76.000000,73.000000,175.000000,67859,80624,77837,91425,
fives_36_a,fives,unspecified,expert,1420,graded,"probabilities to native, bilinear, thresholded there, and these numbers were measured from the masks that run kept",0.805693,0.868115,0.867735,0.749670,0.824137,0.844171,56.000000,107.000000,195.000000,63828,75937,84834,84392,
fives_39_a,fives,unspecified,expert,1422,graded,"probabilities to native, bilinear, thresholded there, and these numbers were measured from the masks that run kept",0.768484,0.809126,0.818796,0.751875,0.747740,0.786515,55.000000,51.000000,137.000000,43362,63754,59188,79576,
fives_3_a,fives,unspecified,expert,1418,graded,"probabilities to native, bilinear, thresholded there, and these numbers were measured from the masks that run kept",0.812722,0.859638,0.869615,0.789351,0.842838,0.858283,102.000000,103.000000,261.000000,84016,102899,105195,118350,
fives_58_d,fives,unspecified,expert,1421,graded,"probabilities to native, bilinear, thresholded there, and these numbers were measured from the masks that run kept",0.786855,0.846628,0.851706,0.791664,0.843381,0.860478,74.000000,66.000000,164.000000,46913,70850,58705,85450,
fives_59_d,fives,unspecified,expert,1420,graded,"probabilities to native, bilinear, thresholded there, and these numbers were measured from the masks that run kept",0.769399,0.827606,0.849392,0.775202,0.813219,0.850589,65.000000,54.000000,152.000000,52022,72135,67110,89466,
fives_67_d,fives,unspecified,expert,1417,graded,"probabilities to native, bilinear, thresholded there, and these numbers were measured from the masks that run kept",0.531795,0.681133,0.665357,0.482695,0.622175,0.648681,62.000000,53.000000,130.000000,24058,37479,47887,58655,
fives_68_d,fives,unspecified,expert,1418,graded,"probabilities to native, bilinear, thresholded there, and these numbers were measured from the masks that run kept",0.827652,0.879319,0.873000,0.847063,0.892702,0.887176,53.000000,51.000000,121.000000,46931,71487,59145,78984,
fives_69_d,fives,unspecified,expert,1421,graded,"probabilities to native, bilinear, thresholded there, and these numbers were measured from the masks that run kept",0.852089,0.865393,0.877274,0.855794,0.848066,0.868527,35.000000,59.000000,128.000000,64357,74014,77870,82070,
fives_70_d,fives,unspecified,expert,1419,graded,"probabilities to native, bilinear, thresholded there, and these numbers were measured from the masks that run kept",0.853477,0.903099,0.895143,0.825552,0.891239,0.886407,30.000000,47.000000,95.000000,55505,71549,64674,78098,
fives_72_d,fives,unspecified,expert,1418,graded,"probabilities to native, bilinear, thresholded there, and these numbers were measured from the masks that run kept",0.798860,0.840267,0.838855,0.744685,0.801243,0.802077,61.000000,72.000000,166.000000,50254,63588,66217,77034,
fives_73_d,fives,unspecified,expert,1422,graded,"probabilities to native, bilinear, thresholded there, and these numbers were measured from the masks that run kept",0.792339,0.841148,0.850415,0.773146,0.825678,0.840148,37.000000,55.000000,106.000000,45448,68209,62319,74672,
fives_77_d,fives,unspecified,expert,1419,graded,"probabilities to native, bilinear, thresholded there, and these numbers were measured from the masks that run kept",0.750879,0.868016,0.850389,0.732775,0.864864,0.846111,70.000000,54.000000,141.000000,48237,77931,60417,87778,
fives_79_d,fives,unspecified,expert,1420,graded,"probabilities to native, bilinear, thresholded there, and these numbers were measured from the masks that run kept",0.757275,0.845733,0.841943,0.802926,0.810944,0.846598,28.000000,73.000000,111.000000,47720,77230,57877,92443,
fives_80_d,fives,unspecified,expert,1419,graded,"probabilities to native, bilinear, thresholded there, and these numbers were measured from the masks that run kept",0.736431,0.830431,0.833361,0.699327,0.804286,0.802576,41.000000,49.000000,106.000000,34131,65113,46273,86088,
fives_81_d,fives,unspecified,expert,1420,graded,"probabilities to native, bilinear, thresholded there, and these numbers were measured from the masks that run kept",0.797167,0.851309,0.845059,0.787294,0.835231,0.836680,63.000000,55.000000,140.000000,48251,63701,65833,74068,
fives_84_d,fives,unspecified,expert,1421,graded,"probabilities to native, bilinear, thresholded there, and these numbers were measured from the masks that run kept",0.788420,0.807461,0.819474,0.801305,0.804191,0.827362,58.000000,39.000000,112.000000,45718,72784,57047,89287,
fives_86_d,fives,unspecified,expert,1419,graded,"probabilities to native, bilinear, thresholded there, and these numbers were measured from the masks that run kept",0.736698,0.863622,0.858798,0.700757,0.808097,0.832084,51.000000,67.000000,134.000000,39639,74852,46589,88041,
fives_87_d,fives,unspecified,expert,1420,graded,"probabilities to native, bilinear, thresholded there, and these numbers were measured from the masks that run kept",0.776303,0.813932,0.836239,0.753730,0.737238,0.812648,41.000000,49.000000,112.000000,47449,68468,66728,78387,
fives_89_d,fives,unspecified,expert,1421,graded,"probabilities to native, bilinear, thresholded there, and these numbers were measured from the masks that run kept",0.851350,0.855947,0.876920,0.837447,0.834046,0.862616,65.000000,69.000000,146.000000,54641,73172,62096,78279,
fives_92_d,fives,unspecified,expert,1420,graded,"probabilities to native, bilinear, thresholded there, and these numbers were measured from the masks that run kept",0.631072,0.760427,0.761842,0.601673,0.682716,0.704381,43.000000,94.000000,157.000000,48388,62675,64344,78493,
grape_grape102_os_1,grape,unspecified,expert,1420,graded,"probabilities to native, bilinear, thresholded there, and these numbers were measured from the masks that run kept",0.761213,0.859066,0.840637,0.772366,0.858199,0.850432,44.000000,33.000000,88.000000,42784,52941,58796,62787,
grape_grape105_od_2,grape,unspecified,expert,1420,graded,"probabilities to native, bilinear, thresholded there, and these numbers were measured from the masks that run kept",0.764463,0.811548,0.829686,0.717905,0.764336,0.795023,59.000000,71.000000,168.000000,54121,69103,70764,85658,
grape_grape106_os_3,grape,unspecified,expert,1409,graded,"probabilities to native, bilinear, thresholded there, and these numbers were measured from the masks that run kept",0.786855,0.838098,0.840262,0.751338,0.798759,0.819658,86.000000,96.000000,228.000000,56959,63257,78545,75092,
grape_grape107_os_1,grape,unspecified,expert,1420,graded,"probabilities to native, bilinear, thresholded there, and these numbers were measured from the masks that run kept",0.833108,0.846870,0.861153,0.815101,0.844695,0.862014,74.000000,72.000000,172.000000,58473,77291,66356,85192,
grape_grape108_od_3,grape,unspecified,expert,1422,graded,"probabilities to native, bilinear, thresholded there, and these numbers were measured from the masks that run kept",0.787334,0.814483,0.828949,0.728649,0.768214,0.794664,102.000000,109.000000,245.000000,67791,74729,88440,87973,
grape_grape10_od_2,grape,unspecified,expert,1419,graded,"probabilities to native, bilinear, thresholded there, and these numbers were measured from the masks that run kept",0.725875,0.785392,0.788699,0.694346,0.747331,0.778516,37.000000,38.000000,89.000000,28504,44881,41092,61555,
grape_grape111_od_6,grape,unspecified,expert,1409,graded,"probabilities to native, bilinear, thresholded there, and these numbers were measured from the masks that run kept",0.745711,0.829243,0.833080,0.694604,0.788779,0.812065,102.000000,168.000000,300.000000,64283,78889,92153,91517,
grape_grape112_od_1,grape,unspecified,expert,1418,graded,"probabilities to native, bilinear, thresholded there, and these numbers were measured from the masks that run kept",0.830671,0.873887,0.864702,0.811865,0.858385,0.847187,74.000000,44.000000,148.000000,56207,76314,69371,84478,
grape_grape113_os_4,grape,unspecified,expert,1419,graded,"probabilities to native, bilinear, thresholded there, and these numbers were measured from the masks that run kept",0.867737,0.879888,0.884447,0.859193,0.856230,0.870198,51.000000,46.000000,122.000000,59917,77537,70671,85911,
grape_grape114_os_1,grape,unspecified,expert,1421,graded,"probabilities to native, bilinear, thresholded there, and these numbers were measured from the masks that run kept",0.804862,0.846012,0.863854,0.766526,0.809842,0.841715,79.000000,90.000000,200.000000,58865,87421,71448,95295,
grape_grape116_os_1,grape,unspecified,expert,1421,graded,"probabilities to native, bilinear, thresholded there, and these numbers were measured from the masks that run kept",0.737680,0.816723,0.818246,0.697735,0.789438,0.805225,81.000000,53.000000,158.000000,44301,64450,52901,70788,
grape_grape120_od_1,grape,unspecified,expert,1422,graded,"probabilities to native, bilinear, thresholded there, and these numbers were measured from the masks that run kept",0.760195,0.846277,0.827631,0.760595,0.841907,0.831426,59.000000,52.000000,147.000000,49396,66467,65222,76212,
grape_grape121_os_1,grape,unspecified,expert,1420,graded,"probabilities to native, bilinear, thresholded there, and these numbers were measured from the masks that run kept",0.776708,0.818493,0.812458,0.815019,0.764319,0.810298,49.000000,40.000000,114.000000,48893,56867,71026,75811,
grape_grape122_os_6,grape,unspecified,expert,1408,graded,"probabilities to native, bilinear, thresholded there, and these numbers were measured from the masks that run kept",0.734245,0.814881,0.799288,0.703217,0.799381,0.785319,84.000000,101.000000,215.000000,49184,63408,72729,82147,
grape_grape123_os_5,grape,unspecified,expert,1408,graded,"probabilities to native, bilinear, thresholded there, and these numbers were measured from the masks that run kept",0.801470,0.841482,0.842725,0.776002,0.829625,0.829034,70.000000,106.000000,211.000000,58223,72765,78114,88674,
grape_grape126_os_1,grape,unspecified,expert,1419,graded,"probabilities to native, bilinear, thresholded there, and these numbers were measured from the masks that run kept",0.835729,0.856019,0.870484,0.819252,0.830542,0.858944,59.000000,56.000000,147.000000,67418,86098,82724,100830,
grape_grape127_os_5,grape,unspecified,expert,1418,graded,"probabilities to native, bilinear, thresholded there, and these numbers were measured from the masks that run kept",0.639049,0.803768,0.751598,0.635516,0.769300,0.730072,111.000000,68.000000,199.000000,35453,61516,62167,77014,
grape_grape128_od_3,grape,unspecified,expert,1410,graded,"probabilities to native, bilinear, thresholded there, and these numbers were measured from the masks that run kept",0.818848,0.822255,0.830370,0.815340,0.802766,0.823978,45.000000,75.000000,141.000000,39126,54352,50197,69753,
grape_grape12_os_4,grape,unspecified,expert,1418,graded,"probabilities to native, bilinear, thresholded there, and these numbers were measured from the masks that run kept",0.808541,0.877450,0.864900,0.810237,0.863507,0.862579,68.000000,82.000000,170.000000,53447,83180,65372,93792,
grape_grape131_od_4,grape,unspecified,expert,1409,graded,"probabilities to native, bilinear, thresholded there, and these numbers were measured from the masks that run kept",0.790651,0.852926,0.841329,0.792199,0.843230,0.842230,107.000000,83.000000,231.000000,58198,77358,77265,89742,
grape_grape132_od_1,grape,unspecified,expert,1417,graded,"probabilities to native, bilinear, thresholded there, and these numbers were measured from the masks that run kept",0.789288,0.810645,0.823555,0.799324,0.815921,0.831470,72.000000,66.000000,170.000000,45842,59209,56739,72306,
grape_grape134_od_5,grape,unspecified,expert,1408,graded,"probabilities to native, bilinear, thresholded there, and these numbers were measured from the masks that run kept",0.812069,0.827785,0.848321,0.805363,0.790814,0.837438,94.000000,86.000000,224.000000,64696,75027,78383,88095,
grape_grape136_os_3,grape,unspecified,expert,1409,graded,"probabilities to native, bilinear, thresholded there, and these numbers were measured from the masks that run kept",0.821834,0.860695,0.858512,0.798818,0.835709,0.841573,83.000000,69.000000,186.000000,63824,75916,79346,90266,
grape_grape138_od_4,grape,unspecified,expert,1408,graded,"probabilities to native, bilinear, thresholded there, and these numbers were measured from the masks that run kept",0.811073,0.833010,0.847760,0.756709,0.770715,0.815400,55.000000,86.000000,173.000000,54987,62089,71406,73542,
grape_grape139_od_1,grape,unspecified,expert,1420,graded,"probabilities to native, bilinear, thresholded there, and these numbers were measured from the masks that run kept",0.855585,0.873208,0.892396,0.861063,0.866095,0.903607,70.000000,52.000000,153.000000,67008,78861,74238,85519,
grape_grape140_od_1,grape,unspecified,expert,1420,graded,"probabilities to native, bilinear, thresholded there, and these numbers were measured from the masks that run kept",0.742994,0.819674,0.815328,0.714386,0.769436,0.775630,61.000000,64.000000,151.000000,40957,61932,56745,75347,
grape_grape141_od_4,grape,unspecified,expert,1418,graded,"probabilities to native, bilinear, thresholded there, and these numbers were measured from the masks that run kept",0.774949,0.843118,0.837293,0.707974,0.790445,0.781650,88.000000,85.000000,225.000000,62861,80104,84741,93319,
grape_grape143_od_3,grape,unspecified,expert,1419,graded,"probabilities to native, bilinear, thresholded there, and these numbers were measured from the masks that run kept",0.797108,0.842605,0.848966,0.759585,0.827532,0.834090,69.000000,70.000000,177.000000,61317,70428,78541,82277,
grape_grape144_os_1,grape,unspecified,expert,1418,graded,"probabilities to native, bilinear, thresholded there, and these numbers were measured from the masks that run kept",0.803788,0.826811,0.837072,0.773930,0.796142,0.817508,99.000000,86.000000,230.000000,53910,72187,68886,88164,
grape_grape17_os_1,grape,unspecified,expert,1418,graded,"probabilities to native, bilinear, thresholded there, and these numbers were measured from the masks that run kept",0.813467,0.837363,0.857046,0.789035,0.819015,0.844307,65.000000,96.000000,191.000000,66627,81728,84526,92211,
grape_grape18_od_3,grape,unspecified,expert,1409,graded,"probabilities to native, bilinear, thresholded there, and these numbers were measured from the masks that run kept",0.777780,0.846794,0.840117,0.758790,0.844116,0.848202,64.000000,68.000000,165.000000,47391,59898,60079,67349,
grape_grape20_od_1,grape,unspecified,expert,1419,graded,"probabilities to native, bilinear, thresholded there, and these numbers were measured from the masks that run kept",0.803325,0.852451,0.850201,0.771085,0.838730,0.836140,43.000000,53.000000,132.000000,56458,76337,70096,84965,
grape_grape23_od_2,grape,unspecified,expert,1421,graded,"probabilities to native, bilinear, thresholded there, and these numbers were measured from the masks that run kept",0.806744,0.846278,0.848660,0.823957,0.823488,0.851721,75.000000,69.000000,186.000000,49062,65952,61558,79421,
grape_grape24_od_1,grape,unspecified,expert,1421,graded,"probabilities to native, bilinear, thresholded there, and these numbers were measured from the masks that run kept",0.777751,0.796283,0.831365,0.730365,0.768438,0.824461,83.000000,112.000000,238.000000,70359,88309,88175,99069,
grape_grape25_os_1,grape,unspecified,expert,1419,graded,"probabilities to native, bilinear, thresholded there, and these numbers were measured from the masks that run kept",0.846521,0.862516,0.870555,0.838180,0.849421,0.865876,94.000000,109.000000,239.000000,66070,86219,80119,99570,
grape_grape27_od_2,grape,unspecified,expert,1419,graded,"probabilities to native, bilinear, thresholded there, and these numbers were measured from the masks that run kept",0.865924,0.895779,0.899972,0.877387,0.906966,0.909727,69.000000,67.000000,180.000000,60084,82813,68768,89629,
grape_grape30_od_3,grape,unspecified,expert,1409,graded,"probabilities to native, bilinear, thresholded there, and these numbers were measured from the masks that run kept",0.757410,0.801332,0.818975,0.755839,0.774043,0.832112,53.000000,53.000000,126.000000,41265,57778,56278,73144,
grape_grape31_os_3,grape,unspecified,expert,1409,graded,"probabilities to native, bilinear, thresholded there, and these numbers were measured from the masks that run kept",0.811618,0.863641,0.858851,0.784313,0.837774,0.836417,72.000000,99.000000,212.000000,56489,84966,71899,99701,
grape_grape32_od_1,grape,unspecified,expert,1417,graded,"probabilities to native, bilinear, thresholded there, and these numbers were measured from the masks that run kept",0.650070,0.789479,0.750945,0.707953,0.773895,0.776476,35.000000,39.000000,89.000000,28253,42491,52969,60995,
grape_grape34_os_2,grape,unspecified,expert,1419,graded,"probabilities to native, bilinear, thresholded there, and these numbers were measured from the masks that run kept",0.781988,0.803037,0.815394,0.789718,0.806704,0.832736,73.000000,79.000000,180.000000,53468,67249,72268,77758,
grape_grape35_od_1,grape,unspecified,expert,1419,graded,"probabilities to native, bilinear, thresholded there, and these numbers were measured from the masks that run kept",0.823610,0.857959,0.861937,0.826868,0.854738,0.866447,61.000000,66.000000,161.000000,64411,78891,79310,89434,
grape_grape36_os_3,grape,unspecified,expert,1408,graded,"probabilities to native, bilinear, thresholded there, and these numbers were measured from the masks that run kept",0.837019,0.881907,0.871263,0.814216,0.879374,0.860868,71.000000,73.000000,166.000000,54379,59819,70464,66768,
grape_grape37_od_4,grape,unspecified,expert,1409,graded,"probabilities to native, bilinear, thresholded there, and these numbers were measured from the masks that run kept",0.761588,0.807783,0.808427,0.758189,0.800792,0.810409,90.000000,105.000000,239.000000,53459,64146,76262,83760,
grape_grape38_od_3,grape,unspecified,expert,1419,graded,"probabilities to native, bilinear, thresholded there, and these numbers were measured from the masks that run kept",0.781041,0.789567,0.813151,0.779330,0.755424,0.799459,68.000000,76.000000,181.000000,49812,59883,67301,79905,
grape_grape39_od_3,grape,unspecified,expert,1418,graded,"probabilities to native, bilinear, thresholded there, and these numbers were measured from the masks that run kept",0.812930,0.841751,0.846344,0.794878,0.838444,0.838396,84.000000,101.000000,252.000000,65144,84349,78027,98831,
grape_grape40_od_1,grape,unspecified,expert,1421,graded,"probabilities to native, bilinear, thresholded there, and these numbers were measured from the masks that run kept",0.808935,0.892989,0.870651,0.792076,0.900283,0.870187,56.000000,70.000000,155.000000,48043,73729,63291,81321,
grape_grape42_od_1,grape,unspecified,expert,1419,graded,"probabilities to native, bilinear, thresholded there, and these numbers were measured from the masks that run kept",0.852164,0.877132,0.884245,0.867945,0.861009,0.887681,30.000000,50.000000,106.000000,55122,63301,67561,71860,
grape_grape43_od_3,grape,unspecified,expert,1419,graded,"probabilities to native, bilinear, thresholded there, and these numbers were measured from the masks that run kept",0.748693,0.845599,0.831751,0.773250,0.830694,0.834589,67.000000,48.000000,145.000000,45072,65585,64730,77944,
grape_grape44_os_1,grape,unspecified,expert,1420,graded,"probabilities to native, bilinear, thresholded there, and these numbers were measured from the masks that run kept",0.805111,0.838245,0.860625,0.769452,0.793895,0.851865,54.000000,61.000000,142.000000,56454,74569,70721,86625,
grape_grape45_od_2,grape,unspecified,expert,1418,graded,"probabilities to native, bilinear, thresholded there, and these numbers were measured from the masks that run kept",0.766083,0.834079,0.838074,0.771374,0.796744,0.836382,46.000000,58.000000,122.000000,42928,59060,61092,65945,
grape_grape46_od_4,grape,unspecified,expert,1420,graded,"probabilities to native, bilinear, thresholded there, and these numbers were measured from the masks that run kept",0.831217,0.866255,0.875595,0.831396,0.847432,0.868734,47.000000,55.000000,144.000000,61224,85396,67847,96031,
grape_grape48_od_1,grape,unspecified,expert,1418,graded,"probabilities to native, bilinear, thresholded there, and these numbers were measured from the masks that run kept",0.701003,0.797873,0.796567,0.709839,0.745993,0.795334,58.000000,69.000000,155.000000,42927,52467,63820,59220,
grape_grape49_os_1,grape,unspecified,expert,1423,graded,"probabilities to native, bilinear, thresholded there, and these numbers were measured from the masks that run kept",0.782215,0.846323,0.834637,0.738928,0.821688,0.806196,60.000000,127.000000,220.000000,56394,74367,80328,87505,
grape_grape4_os_3,grape,unspecified,expert,1408,graded,"probabilities to native, bilinear, thresholded there, and these numbers were measured from the masks that run kept",0.784980,0.822833,0.826998,0.761768,0.794319,0.813859,73.000000,81.000000,180.000000,45371,52722,64028,68994,
grape_grape51_od_4,grape,unspecified,expert,1409,graded,"probabilities to native, bilinear, thresholded there, and these numbers were measured from the masks that run kept",0.771919,0.796559,0.804137,0.763556,0.765115,0.797490,78.000000,85.000000,186.000000,40351,50112,54418,65784,
grape_grape53_os_2,grape,unspecified,expert,1420,graded,"probabilities to native, bilinear, thresholded there, and these numbers were measured from the masks that run kept",0.814368,0.861281,0.856684,0.838267,0.850703,0.866761,53.000000,56.000000,129.000000,46818,65783,59139,73203,
grape_grape55_od_1,grape,unspecified,expert,1420,graded,"probabilities to native, bilinear, thresholded there, and these numbers were measured from the masks that run kept",0.668155,0.844281,0.792219,0.685928,0.845004,0.810643,40.000000,35.000000,91.000000,35999,53076,58509,64212,
grape_grape58_od_2,grape,unspecified,expert,1420,graded,"probabilities to native, bilinear, thresholded there, and these numbers were measured from the masks that run kept",0.779259,0.849933,0.837738,0.743113,0.805991,0.800221,72.000000,65.000000,177.000000,49486,65865,68018,80090,
grape_grape5_os_6,grape,unspecified,expert,1409,graded,"probabilities to native, bilinear, thresholded there, and these numbers were measured from the masks that run kept",0.798262,0.842235,0.837483,0.770871,0.792271,0.810093,76.000000,65.000000,161.000000,45153,58545,60920,71148,
grape_grape60_os_1,grape,unspecified,expert,1420,graded,"probabilities to native, bilinear, thresholded there, and these numbers were measured from the masks that run kept",0.771770,0.854428,0.844449,0.759264,0.821817,0.828346,26.000000,32.000000,74.000000,55122,75081,72828,91098,
grape_grape61_os_3,grape,unspecified,expert,1420,graded,"probabilities to native, bilinear, thresholded there, and these numbers were measured from the masks that run kept",0.781383,0.828081,0.835469,0.719491,0.785590,0.802787,100.000000,98.000000,244.000000,68071,81106,97607,96326,
grape_grape63_od_1,grape,unspecified,expert,1418,graded,"probabilities to native, bilinear, thresholded there, and these numbers were measured from the masks that run kept",0.771730,0.852218,0.847077,0.777540,0.846126,0.839710,45.000000,36.000000,108.000000,48111,64874,60401,71800,
grape_grape67_os_3,grape,unspecified,expert,1421,graded,"probabilities to native, bilinear, thresholded there, and these numbers were measured from the masks that run kept",0.782668,0.818410,0.816552,0.764194,0.780891,0.791548,63.000000,90.000000,193.000000,53848,71125,75673,90943,
grape_grape68_os_1,grape,unspecified,expert,1421,graded,"probabilities to native, bilinear, thresholded there, and these numbers were measured from the masks that run kept",0.826926,0.852364,0.868902,0.794340,0.835586,0.859217,75.000000,95.000000,217.000000,65515,82755,80752,99287,
grape_grape6_od_2,grape,unspecified,expert,1420,graded,"probabilities to native, bilinear, thresholded there, and these numbers were measured from the masks that run kept",0.661114,0.835966,0.800773,0.658308,0.815599,0.788831,78.000000,41.000000,150.000000,41307,69450,56431,81470,
grape_grape70_od_1,grape,unspecified,expert,1421,graded,"probabilities to native, bilinear, thresholded there, and these numbers were measured from the masks that run kept",0.556430,0.781443,0.740694,0.598917,0.779046,0.745526,112.000000,53.000000,193.000000,28182,59201,45937,74938,
grape_grape71_os_1,grape,unspecified,expert,1422,graded,"probabilities to native, bilinear, thresholded there, and these numbers were measured from the masks that run kept",0.822931,0.865394,0.860815,0.826872,0.836764,0.854673,40.000000,57.000000,122.000000,52718,72507,66089,78014,
grape_grape73_os_4,grape,unspecified,expert,1409,graded,"probabilities to native, bilinear, thresholded there, and these numbers were measured from the masks that run kept",0.760592,0.804886,0.808065,0.753534,0.821436,0.819089,72.000000,64.000000,158.000000,42374,52876,57940,66721,
grape_grape74_os_1,grape,unspecified,expert,1419,graded,"probabilities to native, bilinear, thresholded there, and these numbers were measured from the masks that run kept",0.791274,0.838130,0.845155,0.742172,0.802224,0.816199,87.000000,56.000000,164.000000,47224,65470,60592,72258,
grape_grape75_od_3,grape,unspecified,expert,1417,graded,"probabilities to native, bilinear, thresholded there, and these numbers were measured from the masks that run kept",0.804325,0.790781,0.822820,0.795538,0.758703,0.814087,58.000000,89.000000,174.000000,57637,66641,76851,83484,
grape_grape76_os_1,grape,unspecified,expert,1421,graded,"probabilities to native, bilinear, thresholded there, and these numbers were measured from the masks that run kept",0.837238,0.858066,0.877976,0.812397,0.836474,0.866488,58.000000,59.000000,150.000000,66862,74605,80568,78586,
grape_grape77_os_3,grape,unspecified,expert,1420,graded,"probabilities to native, bilinear, thresholded there, and these numbers were measured from the masks that run kept",0.832922,0.876339,0.874009,0.837275,0.857862,0.870969,86.000000,88.000000,200.000000,65758,77688,80383,87020,
grape_grape7_os_1,grape,unspecified,expert,1421,graded,"probabilities to native, bilinear, thresholded there, and these numbers were measured from the masks that run kept",0.834941,0.873058,0.872128,0.829613,0.873915,0.867997,55.000000,75.000000,170.000000,60691,83830,70995,93526,
grape_grape81_os_1,grape,unspecified,expert,1421,graded,"probabilities to native, bilinear, thresholded there, and these numbers were measured from the masks that run kept",0.821717,0.819002,0.861104,0.843760,0.793029,0.849271,36.000000,55.000000,106.000000,51029,61740,58875,73339,
grape_grape82_os_4,grape,unspecified,expert,1419,graded,"probabilities to native, bilinear, thresholded there, and these numbers were measured from the masks that run kept",0.814587,0.853403,0.861528,0.805632,0.839542,0.855710,79.000000,100.000000,209.000000,58039,71332,77097,80172,
grape_grape83_os_2,grape,unspecified,expert,1420,graded,"probabilities to native, bilinear, thresholded there, and these numbers were measured from the masks that run kept",0.846571,0.857398,0.862782,0.840055,0.833488,0.844157,57.000000,83.000000,169.000000,58023,68325,72076,80579,
grape_grape84_os_1,grape,unspecified,expert,1421,graded,"probabilities to native, bilinear, thresholded there, and these numbers were measured from the masks that run kept",0.825267,0.838446,0.848550,0.797669,0.804585,0.823935,51.000000,88.000000,171.000000,48520,64783,61614,80376,
grape_grape86_os_1,grape,unspecified,expert,1421,graded,"probabilities to native, bilinear, thresholded there, and these numbers were measured from the masks that run kept",0.775647,0.866794,0.849702,0.764337,0.847370,0.845170,51.000000,79.000000,159.000000,44340,73759,61226,83201,
grape_grape87_od_1,grape,unspecified,expert,1425,graded,"probabilities to native, bilinear, thresholded there, and these numbers were measured from the masks that run kept",0.779247,0.854160,0.862172,0.725998,0.830881,0.851914,65.000000,62.000000,152.000000,50219,70649,66717,72357,
grape_grape8_od_1,grape,unspecified,expert,1422,graded,"probabilities to native, bilinear, thresholded there, and these numbers were measured from the masks that run kept",0.830202,0.866721,0.864966,0.840256,0.857123,0.867470,52.000000,59.000000,144.000000,61383,73235,69708,81163,
grape_grape90_od_1,grape,unspecified,expert,1420,graded,"probabilities to native, bilinear, thresholded there, and these numbers were measured from the masks that run kept",0.767236,0.840863,0.846339,0.761303,0.796373,0.840681,77.000000,61.000000,168.000000,51518,72489,63938,84602,
grape_grape91_od_1,grape,unspecified,expert,1419,graded,"probabilities to native, bilinear, thresholded there, and these numbers were measured from the masks that run kept",0.830797,0.870852,0.873698,0.808498,0.864056,0.860547,52.000000,56.000000,131.000000,57644,78579,71148,87293,
grape_grape92_od_1,grape,unspecified,expert,1419,graded,"probabilities to native, bilinear, thresholded there, and these numbers were measured from the masks that run kept",0.825812,0.836199,0.848472,0.807008,0.805556,0.832834,68.000000,60.000000,146.000000,54584,67455,70275,79498,
grape_grape94_od_3,grape,unspecified,expert,1420,graded,"probabilities to native, bilinear, thresholded there, and these numbers were measured from the masks that run kept",0.759908,0.848224,0.844649,0.742509,0.803614,0.824246,70.000000,85.000000,184.000000,53863,71991,72176,83864,
grape_grape95_os_8,grape,unspecified,expert,1419,graded,"probabilities to native, bilinear, thresholded there, and these numbers were measured from the masks that run kept",0.791342,0.823737,0.821450,0.790670,0.776543,0.793095,63.000000,48.000000,160.000000,47205,68391,59884,84568,
grape_grape98_os_1,grape,unspecified,expert,1421,graded,"probabilities to native, bilinear, thresholded there, and these numbers were measured from the masks that run kept",0.819703,0.874990,0.879602,0.800622,0.869534,0.883088,60.000000,68.000000,164.000000,57712,72111,66250,80645,
magreb_fimage10prime,magreb,unspecified,expert,1448,graded,"probabilities to native, bilinear, thresholded there, and these numbers were measured from the masks that run kept",0.828622,0.860348,0.875724,0.804946,0.845215,0.875400,65.000000,69.000000,157.000000,58570,76171,70350,84127,
magreb_fimage11prime,magreb,unspecified,expert,1453,graded,"probabilities to native, bilinear, thresholded there, and these numbers were measured from the masks that run kept",0.793134,0.764946,0.812039,0.831436,0.777652,0.842706,44.000000,70.000000,135.000000,40388,57344,51889,57004,
magreb_fimage12prime,magreb,unspecified,expert,1445,graded,"probabilities to native, bilinear, thresholded there, and these numbers were measured from the masks that run kept",0.780428,0.831503,0.849969,0.803960,0.814646,0.857827,47.000000,65.000000,140.000000,60002,80398,67774,96133,
magreb_fimage13prime,magreb,unspecified,expert,1450,graded,"probabilities to native, bilinear, thresholded there, and these numbers were measured from the masks that run kept",0.835035,0.830664,0.852097,0.822166,0.818037,0.845565,84.000000,113.000000,233.000000,57305,66813,69722,77864,
magreb_fimage14prime,magreb,unspecified,expert,1456,graded,"probabilities to native, bilinear, thresholded there, and these numbers were measured from the masks that run kept",0.811785,0.826432,0.841678,0.811375,0.824096,0.845128,97.000000,86.000000,227.000000,61005,82846,74457,95516,
magreb_fimage16prime,magreb,unspecified,expert,1453,graded,"probabilities to native, bilinear, thresholded there, and these numbers were measured from the masks that run kept",0.820512,0.817813,0.832494,0.816805,0.813334,0.830573,95.000000,90.000000,227.000000,56654,68613,69533,82984,
magreb_fimage17prime,magreb,unspecified,expert,1453,graded,"probabilities to native, bilinear, thresholded there, and these numbers were measured from the masks that run kept",0.775191,0.817877,0.860992,0.754260,0.783860,0.870058,82.000000,79.000000,204.000000,59414,75770,68539,80009,
magreb_fimage18prime,magreb,unspecified,expert,1450,graded,"probabilities to native, bilinear, thresholded there, and these numbers were measured from the masks that run kept",0.851853,0.849829,0.874374,0.862219,0.831271,0.881171,59.000000,82.000000,158.000000,67327,78213,71387,84262,
magreb_fimage1prime,magreb,unspecified,expert,1453,graded,"probabilities to native, bilinear, thresholded there, and these numbers were measured from the masks that run kept",0.848178,0.853929,0.869978,0.849846,0.882154,0.890419,83.000000,75.000000,181.000000,54147,63070,61666,68339,
magreb_fimage22prime,magreb,unspecified,expert,1453,graded,"probabilities to native, bilinear, thresholded there, and these numbers were measured from the masks that run kept",0.816952,0.850273,0.858139,0.799299,0.819154,0.834068,39.000000,57.000000,116.000000,57406,74409,72795,84119,
magreb_fimage24prime,magreb,unspecified,expert,1452,graded,"probabilities to native, bilinear, thresholded there, and these numbers were measured from the masks that run kept",0.825350,0.806625,0.848093,0.833710,0.797141,0.858578,80.000000,110.000000,224.000000,65819,69313,77313,82004,
magreb_fimage26prime,magreb,unspecified,expert,1411,graded,"probabilities to native, bilinear, thresholded there, and these numbers were measured from the masks that run kept",0.779908,0.782690,0.837152,0.760424,0.725803,0.823765,42.000000,56.000000,113.000000,59156,68938,78155,84704,
magreb_fimage27prime,magreb,unspecified,expert,1447,graded,"probabilities to native, bilinear, thresholded there, and these numbers were measured from the masks that run kept",0.791696,0.848587,0.840407,0.797876,0.863857,0.852656,118.000000,85.000000,247.000000,52063,69788,66149,75543,
magreb_fimage28prime,magreb,unspecified,expert,1457,graded,"probabilities to native, bilinear, thresholded there, and these numbers were measured from the masks that run kept",0.647379,0.773872,0.768809,0.671601,0.743327,0.763674,83.000000,91.000000,204.000000,45212,75485,59036,94905,
magreb_fimage29prime,magreb,unspecified,expert,1446,graded,"probabilities to native, bilinear, thresholded there, and these numbers were measured from the masks that run kept",0.856520,0.876086,0.884571,0.876304,0.898773,0.908319,61.000000,65.000000,143.000000,73403,82700,80618,80099,
magreb_fimage2prime,magreb,unspecified,expert,1448,graded,"probabilities to native, bilinear, thresholded there, and these numbers were measured from the masks that run kept",0.767666,0.816419,0.818899,0.744485,0.825664,0.821249,105.000000,103.000000,253.000000,49509,65766,68261,74314,
magreb_fimage30prime,magreb,unspecified,expert,1449,graded,"probabilities to native, bilinear, thresholded there, and these numbers were measured from the masks that run kept",0.757983,0.835728,0.841406,0.734466,0.816226,0.835707,87.000000,62.000000,171.000000,41466,67766,50040,83587,
magreb_fimage33prime,magreb,unspecified,expert,1452,graded,"probabilities to native, bilinear, thresholded there, and these numbers were measured from the masks that run kept",0.813084,0.831708,0.850802,0.798945,0.834076,0.858017,110.000000,119.000000,266.000000,54133,68879,61609,76184,
magreb_fimage34prime,magreb,unspecified,expert,1450,graded,"probabilities to native, bilinear, thresholded there, and these numbers were measured from the masks that run kept",0.844879,0.880252,0.882205,0.801984,0.855008,0.859974,54.000000,70.000000,141.000000,57301,70035,69226,77809,
magreb_fimage36prime,magreb,unspecified,expert,1452,graded,"probabilities to native, bilinear, thresholded there, and these numbers were measured from the masks that run kept",0.861018,0.854964,0.882299,0.846554,0.828655,0.861710,61.000000,77.000000,169.000000,74321,76367,87664,89116,
magreb_fimage37prime,magreb,unspecified,expert,1446,graded,"probabilities to native, bilinear, thresholded there, and these numbers were measured from the masks that run kept",0.757155,0.824922,0.860471,0.737681,0.782685,0.855366,44.000000,57.000000,108.000000,54003,75749,55956,85716,
magreb_fimage40prime,magreb,unspecified,expert,1450,graded,"probabilities to native, bilinear, thresholded there, and these numbers were measured from the masks that run kept",0.866088,0.852377,0.879466,0.888654,0.842122,0.895248,71.000000,62.000000,151.000000,67789,78836,70615,84045,
magreb_fimage41prime,magreb,unspecified,expert,1451,graded,"probabilities to native, bilinear, thresholded there, and these numbers were measured from the masks that run kept",0.849882,0.847462,0.863863,0.846409,0.833071,0.849691,41.000000,80.000000,155.000000,68069,76349,77676,89315,
magreb_fimage43prime,magreb,unspecified,expert,1453,graded,"probabilities to native, bilinear, thresholded there, and these numbers were measured from the masks that run kept",0.825416,0.839739,0.861278,0.831739,0.810325,0.847438,38.000000,57.000000,116.000000,57406,74409,70905,84519,
magreb_fimage44prime,magreb,unspecified,expert,1453,graded,"probabilities to native, bilinear, thresholded there, and these numbers were measured from the masks that run kept",0.835845,0.845305,0.855393,0.806108,0.802868,0.824982,61.000000,68.000000,147.000000,56412,66581,63883,74923,
magreb_fimage46prime,magreb,unspecified,expert,1452,graded,"probabilities to native, bilinear, thresholded there, and these numbers were measured from the masks that run kept",0.820701,0.837386,0.844432,0.810634,0.852014,0.855213,85.000000,90.000000,215.000000,61517,73080,77932,83001,
magreb_fimage47prime,magreb,unspecified,expert,1449,graded,"probabilities to native, bilinear, thresholded there, and these numbers were measured from the masks that run kept",0.786536,0.785221,0.859161,0.800283,0.768206,0.868256,42.000000,50.000000,159.000000,65805,76239,86455,92465,
magreb_fimage5prime,magreb,unspecified,expert,1452,graded,"probabilities to native, bilinear, thresholded there, and these numbers were measured from the masks that run kept",0.762081,0.788369,0.802377,0.745571,0.770521,0.806499,94.000000,78.000000,205.000000,55587,69185,69153,75194,
magreb_fimage6prime,magreb,unspecified,expert,1454,graded,"probabilities to native, bilinear, thresholded there, and these numbers were measured from the masks that run kept",0.851963,0.867336,0.881696,0.839863,0.882790,0.893373,79.000000,74.000000,176.000000,67758,79823,74234,84238,
magreb_fimage7prime,magreb,unspecified,expert,1454,graded,"probabilities to native, bilinear, thresholded there, and these numbers were measured from the masks that run kept",0.811662,0.870571,0.856428,0.817688,0.883182,0.865824,64.000000,64.000000,157.000000,59252,80528,64844,83562,
magreb_fimage9prime,magreb,unspecified,expert,1450,graded,"probabilities to native, bilinear, thresholded there, and these numbers were measured from the masks that run kept",0.751886,0.802159,0.813748,0.772964,0.773010,0.810332,55.000000,56.000000,137.000000,32202,54862,33824,64628,
magreb_mimage10prime,magreb,unspecified,expert,1425,graded,"probabilities to native, bilinear, thresholded there, and these numbers were measured from the masks that run kept",0.842687,0.831114,0.855725,0.836474,0.780874,0.835591,67.000000,60.000000,160.000000,52238,65833,63461,79348,
magreb_mimage11prime,magreb,unspecified,expert,1453,graded,"probabilities to native, bilinear, thresholded there, and these numbers were measured from the masks that run kept",0.837146,0.889530,0.888814,0.826677,0.859507,0.871475,50.000000,56.000000,130.000000,60711,76321,74379,82808,
magreb_mimage12prime,magreb,unspecified,expert,1430,graded,"probabilities to native, bilinear, thresholded there, and these numbers were measured from the masks that run kept",0.859520,0.847605,0.882614,0.861678,0.793441,0.874998,43.000000,91.000000,157.000000,63276,62372,76004,72915,
magreb_mimage13prime,magreb,unspecified,expert,1424,graded,"probabilities to native, bilinear, thresholded there, and these numbers were measured from the masks that run kept",0.803742,0.851140,0.840090,0.791451,0.866500,0.841915,72.000000,102.000000,213.000000,52264,75355,66814,84292,
magreb_mimage14prime,magreb,unspecified,expert,1428,graded,"probabilities to native, bilinear, thresholded there, and these numbers were measured from the masks that run kept",0.814610,0.850281,0.857889,0.867990,0.858787,0.895423,44.000000,41.000000,108.000000,49006,59960,58265,69496,
magreb_mimage15prime,magreb,unspecified,expert,1417,graded,"probabilities to native, bilinear, thresholded there, and these numbers were measured from the masks that run kept",0.765017,0.779925,0.815531,0.769558,0.800666,0.839075,92.000000,93.000000,209.000000,46195,67338,51042,71083,
magreb_mimage16prime,magreb,unspecified,expert,1427,graded,"probabilities to native, bilinear, thresholded there, and these numbers were measured from the masks that run kept",0.742129,0.795509,0.831604,0.721339,0.760053,0.825008,100.000000,127.000000,256.000000,48159,58608,55327,71882,
magreb_mimage17prime,magreb,unspecified,expert,1424,graded,"probabilities to native, bilinear, thresholded there, and these numbers were measured from the masks that run kept",0.762454,0.757187,0.783351,0.775489,0.781587,0.811846,89.000000,90.000000,210.000000,47535,50768,60065,68122,
magreb_mimage18prime,magreb,unspecified,expert,1425,graded,"probabilities to native, bilinear, thresholded there, and these numbers were measured from the masks that run kept",0.805865,0.840480,0.839840,0.800979,0.864692,0.853657,92.000000,135.000000,262.000000,50347,60831,58428,61599,
magreb_mimage19prime,magreb,unspecified,expert,1425,graded,"probabilities to native, bilinear, thresholded there, and these numbers were measured from the masks that run kept",0.683873,0.649539,0.774571,0.694363,0.648517,0.789538,68.000000,96.000000,184.000000,55053,62501,51616,74433,
magreb_mimage20prime,magreb,unspecified,expert,1447,graded,"probabilities to native, bilinear, thresholded there, and these numbers were measured from the masks that run kept",0.826233,0.830722,0.839737,0.844584,0.861069,0.868465,81.000000,121.000000,234.000000,57155,69594,66551,71293,
magreb_mimage21prime,magreb,unspecified,expert,1445,graded,"probabilities to native, bilinear, thresholded there, and these numbers were measured from the masks that run kept",0.796431,0.814720,0.824805,0.828988,0.860941,0.863620,88.000000,91.000000,218.000000,52652,69790,61103,76621,
magreb_mimage22prime,magreb,unspecified,expert,1423,graded,"probabilities to native, bilinear, thresholded there, and these numbers were measured from the masks that run kept",0.809707,0.858670,0.856130,0.828198,0.874616,0.872797,74.000000,76.000000,194.000000,63691,84125,76451,90487,
magreb_mimage23prime,magreb,unspecified,expert,1456,graded,"probabilities to native, bilinear, thresholded there, and these numbers were measured from the masks that run kept",0.845174,0.862804,0.875547,0.835962,0.819048,0.852966,84.000000,99.000000,224.000000,80718,97376,97191,108453,
magreb_mimage24prime,magreb,unspecified,expert,1424,graded,"probabilities to native, bilinear, thresholded there, and these numbers were measured from the masks that run kept",0.852915,0.883427,0.884384,0.852435,0.892243,0.888740,71.000000,104.000000,210.000000,89574,96301,104246,100279,
magreb_mimage25prime,magreb,unspecified,expert,1429,graded,"probabilities to native, bilinear, thresholded there, and these numbers were measured from the masks that run kept",0.839312,0.852246,0.871300,0.829489,0.854535,0.877621,74.000000,99.000000,212.000000,60670,74625,72532,87293,
magreb_mimage26prime,magreb,unspecified,expert,1423,graded,"probabilities to native, bilinear, thresholded there, and these numbers were measured from the masks that run kept",0.829201,0.859319,0.862477,0.834488,0.868051,0.872715,103.000000,119.000000,266.000000,61027,82896,72569,88144,
magreb_mimage29prime,magreb,unspecified,expert,1424,graded,"probabilities to native, bilinear, thresholded there, and these numbers were measured from the masks that run kept",0.704926,0.743691,0.788102,0.685658,0.728220,0.788615,71.000000,102.000000,221.000000,59364,67519,73430,84181,
magreb_mimage2prime,magreb,unspecified,expert,1445,graded,"probabilities to native, bilinear, thresholded there, and these numbers were measured from the masks that run kept",0.724613,0.753663,0.776447,0.725114,0.746099,0.785271,84.000000,100.000000,207.000000,41940,63145,52055,71374,
magreb_mimage30prime,magreb,unspecified,expert,1439,graded,"probabilities to native, bilinear, thresholded there, and these numbers were measured from the masks that run kept",0.681203,0.782641,0.779254,0.669839,0.761765,0.779552,48.000000,50.000000,125.000000,25096,53207,29616,61405,
magreb_mimage31prime,magreb,unspecified,expert,1445,graded,"probabilities to native, bilinear, thresholded there, and these numbers were measured from the masks that run kept",0.731285,0.761736,0.783158,0.721330,0.757738,0.788314,91.000000,69.000000,179.000000,41938,63163,51038,68594,
magreb_mimage32prime,magreb,unspecified,expert,1425,graded,"probabilities to native, bilinear, thresholded there, and these numbers were measured from the masks that run kept",0.729338,0.730548,0.786016,0.702969,0.716902,0.791031,104.000000,82.000000,212.000000,53600,58555,65497,73179,
magreb_mimage33prime,magreb,unspecified,expert,1426,graded,"probabilities to native, bilinear, thresholded there, and these numbers were measured from the masks that run kept",0.764200,0.707527,0.805711,0.760626,0.686976,0.836938,46.000000,39.000000,96.000000,45891,46899,46556,59138,
magreb_mimage35prime,magreb,unspecified,expert,1427,graded,"probabilities to native, bilinear, thresholded there, and these numbers were measured from the masks that run kept",0.820286,0.848758,0.847164,0.848950,0.796574,0.833861,22.000000,58.000000,107.000000,48250,56562,58225,67537,
magreb_mimage37prime,magreb,unspecified,expert,1432,graded,"probabilities to native, bilinear, thresholded there, and these numbers were measured from the masks that run kept",0.752931,0.806046,0.804013,0.779937,0.796224,0.811627,28.000000,46.000000,91.000000,37072,50552,53603,64635,
magreb_mimage38prime,magreb,unspecified,expert,1424,graded,"probabilities to native, bilinear, thresholded there, and these numbers were measured from the masks that run kept",0.813474,0.859913,0.869777,0.842087,0.854144,0.896282,44.000000,71.000000,132.000000,52720,61150,64867,66756,
magreb_mimage39prime,magreb,unspecified,expert,1420,graded,"probabilities to native, bilinear, thresholded there, and these numbers were measured from the masks that run kept",0.856057,0.882420,0.887623,0.881574,0.896228,0.903608,69.000000,77.000000,193.000000,46550,64221,55518,74314,
magreb_mimage3prime,magreb,unspecified,expert,1425,graded,"probabilities to native, bilinear, thresholded there, and these numbers were measured from the masks that run kept",0.841560,0.861335,0.870537,0.844949,0.836626,0.863854,63.000000,80.000000,173.000000,64723,72150,78953,85078,
magreb_mimage41prime,magreb,unspecified,expert,1426,graded,"probabilities to native, bilinear, thresholded there, and these numbers were measured from the masks that run kept",0.818332,0.863342,0.868344,0.797833,0.852794,0.864339,68.000000,132.000000,238.000000,53722,71778,68793,84239,
magreb_mimage42prime,magreb,unspecified,expert,1425,graded,"probabilities to native, bilinear, thresholded there, and these numbers were measured from the masks that run kept",0.822378,0.834116,0.842307,0.840508,0.838489,0.856240,100.000000,106.000000,251.000000,50600,68891,61582,80026,
magreb_mimage43prime,magreb,unspecified,expert,1449,graded,"probabilities to native, bilinear, thresholded there, and these numbers were measured from the masks that run kept",0.741532,0.789468,0.788229,0.750202,0.779338,0.788425,64.000000,49.000000,134.000000,47574,72826,51502,72634,
magreb_mimage44prime,magreb,unspecified,expert,1448,graded,"probabilities to native, bilinear, thresholded there, and these numbers were measured from the masks that run kept",0.768881,0.815629,0.814708,0.793488,0.812064,0.831199,61.000000,98.000000,190.000000,44168,64874,55140,74812,
magreb_mimage46prime,magreb,unspecified,expert,1452,graded,"probabilities to native, bilinear, thresholded there, and these numbers were measured from the masks that run kept",0.720439,0.739932,0.797249,0.703026,0.749741,0.816421,78.000000,93.000000,185.000000,58104,67904,64674,70179,
magreb_mimage4prime,magreb,unspecified,expert,1456,graded,"probabilities to native, bilinear, thresholded there, and these numbers were measured from the masks that run kept",0.828944,0.833778,0.866886,0.814462,0.817716,0.850772,76.000000,61.000000,157.000000,65854,75202,81852,81600,
magreb_mimage6prime,magreb,unspecified,expert,1449,graded,"probabilities to native, bilinear, thresholded there, and these numbers were measured from the masks that run kept",0.863948,0.835638,0.865484,0.884545,0.848815,0.892541,56.000000,115.000000,197.000000,49806,66488,54272,75303,
magreb_mimage8prime,magreb,unspecified,expert,1445,graded,"probabilities to native, bilinear, thresholded there, and these numbers were measured from the masks that run kept",0.823633,0.812274,0.856445,0.821597,0.799498,0.860104,45.000000,42.000000,100.000000,61962,71898,67059,82636,
magreb_mimage9prime,magreb,unspecified,expert,1428,graded,"probabilities to native, bilinear, thresholded there, and these numbers were measured from the masks that run kept",0.840870,0.845199,0.882529,0.862388,0.857230,0.905564,34.000000,45.000000,90.000000,56755,67218,61482,79583,
mbrset_1000_3,mbrset,unspecified,expert,1445,graded,"probabilities to native, bilinear, thresholded there, and these numbers were measured from the masks that run kept",0.804050,0.834638,0.868718,0.794091,0.836716,0.882679,76.000000,81.000000,180.000000,62623,83180,76045,91993,
mbrset_1005_1,mbrset,unspecified,expert,1445,graded,"probabilities to native, bilinear, thresholded there, and these numbers were measured from the masks that run kept",0.704501,0.756630,0.834523,0.717549,0.745579,0.855184,67.000000,93.000000,187.000000,65274,74508,82652,81140,
mbrset_1009_3,mbrset,unspecified,expert,1445,graded,"probabilities to native, bilinear, thresholded there, and these numbers were measured from the masks that run kept",0.694537,0.724145,0.831799,0.697313,0.733146,0.843355,76.000000,95.000000,202.000000,73349,76499,73376,106550,
mbrset_100_3,mbrset,unspecified,expert,1449,graded,"probabilities to native, bilinear, thresholded there, and these numbers were measured from the masks that run kept",0.694294,0.723819,0.776337,0.749968,0.659976,0.791515,53.000000,88.000000,168.000000,47297,67965,65805,79956,
mbrset_1011_3,mbrset,unspecified,expert,1445,graded,"probabilities to native, bilinear, thresholded there, and these numbers were measured from the masks that run kept",0.812633,0.818806,0.858366,0.810521,0.800880,0.865247,51.000000,115.000000,179.000000,59286,59828,67935,59751,
mbrset_1015_3,mbrset,unspecified,expert,1443,graded,"probabilities to native, bilinear, thresholded there, and these numbers were measured from the masks that run kept",0.794261,0.809308,0.842824,0.795954,0.774622,0.856301,65.000000,114.000000,207.000000,61108,80526,77592,88490,
mbrset_1016_1,mbrset,unspecified,expert,1443,graded,"probabilities to native, bilinear, thresholded there, and these numbers were measured from the masks that run kept",0.754279,0.806003,0.842809,0.759622,0.787011,0.872345,80.000000,86.000000,186.000000,51157,56692,72593,66310,
mbrset_1017_3,mbrset,unspecified,expert,1445,graded,"probabilities to native, bilinear, thresholded there, and these numbers were measured from the masks that run kept",0.658111,0.758026,0.798845,0.672538,0.767208,0.822279,96.000000,93.000000,216.000000,61888,73496,78602,82831,
mbrset_1018_1,mbrset,unspecified,expert,1446,graded,"probabilities to native, bilinear, thresholded there, and these numbers were measured from the masks that run kept",0.751715,0.779383,0.845513,0.717218,0.760752,0.860308,57.000000,54.000000,123.000000,47338,54741,45966,69406,
mbrset_1019_3,mbrset,unspecified,expert,1442,graded,"probabilities to native, bilinear, thresholded there, and these numbers were measured from the masks that run kept",0.836423,0.783227,0.837082,0.829654,0.772761,0.848203,84.000000,80.000000,182.000000,67795,79425,79408,79308,
mbrset_1020_3,mbrset,unspecified,expert,1445,graded,"probabilities to native, bilinear, thresholded there, and these numbers were measured from the masks that run kept",0.746188,0.795275,0.860266,0.735007,0.763725,0.868347,62.000000,81.000000,154.000000,50508,72259,66811,79686,
mbrset_1025_1,mbrset,unspecified,expert,1444,graded,"probabilities to native, bilinear, thresholded there, and these numbers were measured from the masks that run kept",0.756182,0.747852,0.804536,0.717625,0.702194,0.784516,68.000000,90.000000,169.000000,47049,63494,57849,75964,
mbrset_1027_3,mbrset,unspecified,expert,1445,graded,"probabilities to native, bilinear, thresholded there, and these numbers were measured from the masks that run kept",0.747867,0.766044,0.842310,0.731635,0.770722,0.847202,73.000000,112.000000,202.000000,54757,59920,53190,80380,
mbrset_1029_3,mbrset,unspecified,expert,1445,graded,"probabilities to native, bilinear, thresholded there, and these numbers were measured from the masks that run kept",0.627491,0.705487,0.758864,0.656043,0.690733,0.783464,69.000000,87.000000,184.000000,36710,53336,50998,78641,
mbrset_1031_1,mbrset,unspecified,expert,1445,graded,"probabilities to native, bilinear, thresholded there, and these numbers were measured from the masks that run kept",0.803746,0.855671,0.881416,0.801152,0.878540,0.904940,46.000000,55.000000,127.000000,61673,81988,78212,88227,
mbrset_1053_1,mbrset,unspecified,expert,1443,graded,"probabilities to native, bilinear, thresholded there, and these numbers were measured from the masks that run kept",0.737845,0.794004,0.842575,0.758822,0.762004,0.850465,67.000000,60.000000,146.000000,54722,69308,53195,94389,
mbrset_1060_1,mbrset,unspecified,expert,1445,graded,"probabilities to native, bilinear, thresholded there, and these numbers were measured from the masks that run kept",0.755595,0.786162,0.833726,0.793638,0.757963,0.861615,79.000000,73.000000,161.000000,51278,60574,57746,59671,
mbrset_1098_1,mbrset,unspecified,expert,1447,graded,"probabilities to native, bilinear, thresholded there, and these numbers were measured from the masks that run kept",0.645964,0.665094,0.763024,0.634298,0.632578,0.770660,71.000000,90.000000,163.000000,45757,49613,42220,56766,
mbrset_10_3,mbrset,unspecified,expert,1445,graded,"probabilities to native, bilinear, thresholded there, and these numbers were measured from the masks that run kept",0.728017,0.774565,0.815070,0.738802,0.784457,0.833161,68.000000,83.000000,162.000000,57401,70312,70129,76542,
mbrset_110_1,mbrset,unspecified,expert,1438,graded,"probabilities to native, bilinear, thresholded there, and these numbers were measured from the masks that run kept",0.734029,0.739981,0.819334,0.737624,0.714765,0.831278,61.000000,93.000000,185.000000,53675,62107,58901,80640,
mbrset_215_3,mbrset,unspecified,expert,1445,graded,"probabilities to native, bilinear, thresholded there, and these numbers were measured from the masks that run kept",0.745758,0.774258,0.808951,0.725508,0.753202,0.800369,62.000000,142.000000,220.000000,45626,52488,56863,68934,
mbrset_227_1,mbrset,unspecified,expert,1446,graded,"probabilities to native, bilinear, thresholded there, and these numbers were measured from the masks that run kept",0.662811,0.764999,0.811727,0.637906,0.727901,0.798494,82.000000,71.000000,159.000000,40957,56279,45330,61763,
mbrset_257_1,mbrset,unspecified,expert,1443,graded,"probabilities to native, bilinear, thresholded there, and these numbers were measured from the masks that run kept",0.760745,0.833701,0.839394,0.713620,0.849740,0.833043,46.000000,83.000000,149.000000,54649,69031,66101,77338,
mbrset_258_3,mbrset,unspecified,expert,1446,graded,"probabilities to native, bilinear, thresholded there, and these numbers were measured from the masks that run kept",0.835012,0.830832,0.871424,0.833437,0.817027,0.881850,67.000000,126.000000,223.000000,84488,85023,98034,91588,
mbrset_280_3,mbrset,unspecified,expert,1441,graded,"probabilities to native, bilinear, thresholded there, and these numbers were measured from the masks that run kept",0.774229,0.810296,0.855522,0.757929,0.779118,0.859253,72.000000,92.000000,201.000000,65858,78974,70262,95999,
mbrset_285_3,mbrset,unspecified,expert,1446,graded,"probabilities to native, bilinear, thresholded there, and these numbers were measured from the masks that run kept",0.793002,0.807350,0.847988,0.834704,0.815929,0.864591,49.000000,62.000000,135.000000,48793,57143,60952,70145,
mbrset_4_1,mbrset,unspecified,expert,1446,graded,"probabilities to native, bilinear, thresholded there, and these numbers were measured from the masks that run kept",0.713784,0.790119,0.816835,0.684645,0.777765,0.816744,47.000000,85.000000,144.000000,52382,84226,47581,83174,
messidor_messidor20051019_38557_0100_pp,messidor,unspecified,expert,1383,graded,"probabilities to native, bilinear, thresholded there, and these numbers were measured from the masks that run kept",0.834139,0.825470,0.843856,0.822134,0.835841,0.845974,74.000000,101.000000,215.000000,56846,83027,65678,93367,
messidor_messidor20051020_43808_0100_pp,messidor,unspecified,expert,1383,graded,"probabilities to native, bilinear, thresholded there, and these numbers were measured from the masks that run kept",0.843913,0.861226,0.871136,0.839223,0.848899,0.862946,70.000000,86.000000,187.000000,64469,86474,79278,103720,
messidor_messidor20051020_43832_0100_pp,messidor,unspecified,expert,1383,graded,"probabilities to native, bilinear, thresholded there, and these numbers were measured from the masks that run kept",0.834465,0.875950,0.874307,0.809479,0.874391,0.867057,83.000000,79.000000,211.000000,61312,86649,79770,101453,
messidor_messidor20051020_43882_0100_pp,messidor,unspecified,expert,1387,graded,"probabilities to native, bilinear, thresholded there, and these numbers were measured from the masks that run kept",0.814043,0.838762,0.850801,0.794082,0.811344,0.841660,114.000000,105.000000,273.000000,69635,80864,87165,94504,
messidor_messidor20051020_43906_0100_pp,messidor,unspecified,expert,1386,graded,"probabilities to native, bilinear, thresholded there, and these numbers were measured from the masks that run kept",0.847183,0.841554,0.865243,0.854067,0.835679,0.872393,107.000000,101.000000,245.000000,67423,76202,76867,84629,
messidor_messidor20051020_44261_0100_pp,messidor,unspecified,expert,1384,graded,"probabilities to native, bilinear, thresholded there, and these numbers were measured from the masks that run kept",0.826541,0.846685,0.854649,0.805184,0.821461,0.837404,76.000000,91.000000,206.000000,67875,73770,86963,90239,
messidor_messidor20051020_44284_0100_pp,messidor,unspecified,expert,1385,graded,"probabilities to native, bilinear, thresholded there, and these numbers were measured from the masks that run kept",0.837508,0.835390,0.856120,0.825011,0.803645,0.840154,79.000000,109.000000,236.000000,74419,75788,91805,90034,
messidor_messidor20051020_44338_0100_pp,messidor,unspecified,expert,1384,graded,"probabilities to native, bilinear, thresholded there, and these numbers were measured from the masks that run kept",0.814804,0.839227,0.850548,0.774400,0.796642,0.818768,61.000000,99.000000,191.000000,64576,82888,83300,107144,
messidor_messidor20051020_44400_0100_pp,messidor,unspecified,expert,1383,graded,"probabilities to native, bilinear, thresholded there, and these numbers were measured from the masks that run kept",0.833521,0.856096,0.865800,0.824811,0.837063,0.863747,110.000000,106.000000,246.000000,60365,77900,71027,88906,
messidor_messidor20051020_44636_0100_pp,messidor,unspecified,expert,1384,graded,"probabilities to native, bilinear, thresholded there, and these numbers were measured from the masks that run kept",0.857455,0.863103,0.879351,0.858323,0.856068,0.882958,63.000000,95.000000,190.000000,66941,73994,79728,83716,
messidor_messidor20051020_44714_0100_pp,messidor,unspecified,expert,1382,graded,"probabilities to native, bilinear, thresholded there, and these numbers were measured from the masks that run kept",0.824513,0.827288,0.853041,0.792796,0.796937,0.834190,117.000000,107.000000,279.000000,73526,82852,92885,102005,
messidor_messidor20051020_44762_0100_pp,messidor,unspecified,expert,1383,graded,"probabilities to native, bilinear, thresholded there, and these numbers were measured from the masks that run kept",0.847090,0.856950,0.864789,0.838766,0.837243,0.849295,87.000000,83.000000,222.000000,66237,84942,77488,96924,
messidor_messidor20051020_44782_0100_pp,messidor,unspecified,expert,1383,graded,"probabilities to native, bilinear, thresholded there, and these numbers were measured from the masks that run kept",0.867873,0.869788,0.881452,0.864333,0.870084,0.882670,93.000000,65.000000,199.000000,66769,81311,75231,90317,
messidor_messidor20051020_44901_0100_pp,messidor,unspecified,expert,1382,graded,"probabilities to native, bilinear, thresholded there, and these numbers were measured from the masks that run kept",0.853905,0.863110,0.878896,0.845923,0.857904,0.879817,89.000000,62.000000,182.000000,58277,76482,66950,82156,
messidor_messidor20051020_44923_0100_pp,messidor,unspecified,expert,1383,graded,"probabilities to native, bilinear, thresholded there, and these numbers were measured from the masks that run kept",0.844642,0.854647,0.863730,0.825246,0.847080,0.851298,80.000000,76.000000,204.000000,61423,77022,72693,87708,
messidor_messidor20051020_44982_0100_pp,messidor,unspecified,expert,1384,graded,"probabilities to native, bilinear, thresholded there, and these numbers were measured from the masks that run kept",0.841883,0.871265,0.876923,0.838714,0.853684,0.877948,114.000000,94.000000,243.000000,67922,72397,82707,79481,
messidor_messidor20051020_45004_0100_pp,messidor,unspecified,expert,1385,graded,"probabilities to native, bilinear, thresholded there, and these numbers were measured from the masks that run kept",0.836325,0.846994,0.859294,0.836717,0.811266,0.850726,82.000000,90.000000,202.000000,67504,71425,83765,86562,
messidor_messidor20051020_45050_0100_pp,messidor,unspecified,expert,1385,graded,"probabilities to native, bilinear, thresholded there, and these numbers were measured from the masks that run kept",0.766527,0.838176,0.833587,0.751762,0.776814,0.807554,116.000000,93.000000,252.000000,48891,71444,57404,84120,
messidor_messidor20051020_45068_0100_pp,messidor,unspecified,expert,1385,graded,"probabilities to native, bilinear, thresholded there, and these numbers were measured from the masks that run kept",0.799366,0.832354,0.843502,0.795772,0.782978,0.826331,98.000000,113.000000,244.000000,43658,66505,50404,81992,
messidor_messidor20051020_45137_0100_pp,messidor,unspecified,expert,1384,graded,"probabilities to native, bilinear, thresholded there, and these numbers were measured from the masks that run kept",0.838262,0.851998,0.860618,0.817257,0.812801,0.831822,94.000000,131.000000,279.000000,68160,91010,86553,108704,
messidor_messidor20051020_52801_0100_pp,messidor,unspecified,expert,1383,graded,"probabilities to native, bilinear, thresholded there, and these numbers were measured from the masks that run kept",0.822618,0.854657,0.854897,0.785178,0.839079,0.827360,92.000000,83.000000,217.000000,57409,89065,71144,101931,
messidor_messidor20051020_53062_0100_pp,messidor,unspecified,expert,1382,graded,"probabilities to native, bilinear, thresholded there, and these numbers were measured from the masks that run kept",0.861965,0.895002,0.893502,0.848073,0.874903,0.881156,99.000000,104.000000,246.000000,73062,89877,86789,101269,
messidor_messidor20051020_53178_0100_pp,messidor,unspecified,expert,1382,graded,"probabilities to native, bilinear, thresholded there, and these numbers were measured from the masks that run kept",0.846035,0.847507,0.870462,0.820347,0.822310,0.858656,115.000000,103.000000,272.000000,68334,81108,84357,101366,
messidor_messidor20051020_56592_0100_pp,messidor,unspecified,expert,1384,graded,"probabilities to native, bilinear, thresholded there, and these numbers were measured from the masks that run kept",0.818133,0.842642,0.857055,0.802505,0.831651,0.856848,115.000000,94.000000,254.000000,65648,69128,84599,84503,
messidor_messidor20051020_56791_0100_pp,messidor,unspecified,expert,1384,graded,"probabilities to native, bilinear, thresholded there, and these numbers were measured from the masks that run kept",0.821817,0.861966,0.869210,0.775064,0.843194,0.850596,99.000000,81.000000,222.000000,63473,85710,78858,97404,
messidor_messidor20051020_57157_0100_pp,messidor,unspecified,expert,1384,graded,"probabilities to native, bilinear, thresholded there, and these numbers were measured from the masks that run kept",0.824018,0.839196,0.858645,0.792839,0.807879,0.841995,87.000000,95.000000,217.000000,65770,82520,81268,98315,
messidor_messidor20051020_57566_0100_pp,messidor,unspecified,expert,1383,graded,"probabilities to native, bilinear, thresholded there, and these numbers were measured from the masks that run kept",0.868536,0.875469,0.886042,0.879015,0.870601,0.887396,102.000000,123.000000,260.000000,73928,90052,83993,100342,
messidor_messidor20051020_57622_0100_pp,messidor,unspecified,expert,1382,graded,"probabilities to native, bilinear, thresholded there, and these numbers were measured from the masks that run kept",0.813745,0.872296,0.863758,0.770382,0.825262,0.821846,119.000000,84.000000,255.000000,64558,99402,84238,116589,
messidor_messidor20051020_57761_0100_pp,messidor,unspecified,expert,1386,graded,"probabilities to native, bilinear, thresholded there, and these numbers were measured from the masks that run kept",0.828523,0.844413,0.856653,0.833192,0.851535,0.862798,66.000000,58.000000,164.000000,60392,76334,77125,94978,
messidor_messidor20051020_58065_0100_pp,messidor,unspecified,expert,1383,graded,"probabilities to native, bilinear, thresholded there, and these numbers were measured from the masks that run kept",0.819219,0.824948,0.851472,0.796102,0.814900,0.846780,74.000000,70.000000,175.000000,59433,63199,72246,70533,
messidor_messidor20051020_61757_0100_pp,messidor,unspecified,expert,1384,graded,"probabilities to native, bilinear, thresholded there, and these numbers were measured from the masks that run kept",0.833023,0.868757,0.869143,0.801837,0.847771,0.844207,104.000000,73.000000,218.000000,60415,88909,73747,104853,
messidor_messidor20051020_61804_0100_pp,messidor,unspecified,expert,1381,graded,"probabilities to native, bilinear, thresholded there, and these numbers were measured from the masks that run kept",0.787347,0.842097,0.852043,0.742725,0.806223,0.827433,111.000000,89.000000,245.000000,59144,86071,74802,105135,
messidor_messidor20051020_62014_0100_pp,messidor,unspecified,expert,1381,graded,"probabilities to native, bilinear, thresholded there, and these numbers were measured from the masks that run kept",0.835987,0.859957,0.871900,0.828545,0.841209,0.860131,44.000000,68.000000,142.000000,50367,62482,64496,71534,
messidor_messidor20051020_62337_0100_pp,messidor,unspecified,expert,1383,graded,"probabilities to native, bilinear, thresholded there, and these numbers were measured from the masks that run kept",0.840306,0.854108,0.867093,0.836728,0.823729,0.854602,88.000000,88.000000,217.000000,56919,68170,68502,83977,
messidor_messidor20051020_62461_0100_pp,messidor,unspecified,expert,1388,graded,"probabilities to native, bilinear, thresholded there, and these numbers were measured from the masks that run kept",0.828239,0.834861,0.852223,0.828698,0.822125,0.856228,97.000000,88.000000,226.000000,60666,66606,78335,80585,
messidor_messidor20051020_62510_0100_pp,messidor,unspecified,expert,1389,graded,"probabilities to native, bilinear, thresholded there, and these numbers were measured from the masks that run kept",0.843904,0.841649,0.858883,0.859147,0.832640,0.864191,102.000000,76.000000,220.000000,61855,63569,79033,79367,
messidor_messidor20051020_62577_0100_pp,messidor,unspecified,expert,1384,graded,"probabilities to native, bilinear, thresholded there, and these numbers were measured from the masks that run kept",0.815486,0.857248,0.855740,0.785788,0.833749,0.832024,131.000000,115.000000,307.000000,66969,89550,86439,105698,
messidor_messidor20051020_62615_0100_pp,messidor,unspecified,expert,1384,graded,"probabilities to native, bilinear, thresholded there, and these numbers were measured from the masks that run kept",0.847587,0.868878,0.875137,0.835236,0.839445,0.859392,111.000000,101.000000,257.000000,71107,91048,86071,105318,
messidor_messidor20051020_62878_0100_pp,messidor,unspecified,expert,1384,graded,"probabilities to native, bilinear, thresholded there, and these numbers were measured from the masks that run kept",0.843429,0.865603,0.871711,0.829516,0.836622,0.854592,65.000000,83.000000,178.000000,59544,74817,73003,86853,
messidor_messidor20051020_63045_0100_pp,messidor,unspecified,expert,1383,graded,"probabilities to native, bilinear, thresholded there, and these numbers were measured from the masks that run kept",0.880584,0.882451,0.891650,0.860628,0.852776,0.869504,57.000000,76.000000,160.000000,58934,72341,70094,82582,
messidor_messidor20051020_63337_0100_pp,messidor,unspecified,expert,1384,graded,"probabilities to native, bilinear, thresholded there, and these numbers were measured from the masks that run kept",0.857253,0.840461,0.865704,0.862650,0.818384,0.861593,55.000000,90.000000,190.000000,70469,69494,84512,82249,
messidor_messidor20051020_63711_0100_pp,messidor,unspecified,expert,1383,graded,"probabilities to native, bilinear, thresholded there, and these numbers were measured from the masks that run kept",0.840183,0.837592,0.859896,0.823463,0.809651,0.841063,118.000000,122.000000,271.000000,67998,77341,84533,97644,
messidor_messidor20051020_63829_0100_pp,messidor,unspecified,expert,1383,graded,"probabilities to native, bilinear, thresholded there, and these numbers were measured from the masks that run kept",0.832021,0.863920,0.866943,0.823536,0.858031,0.861610,80.000000,114.000000,238.000000,66376,81244,83202,97467,
messidor_messidor20051020_63936_0100_pp,messidor,unspecified,expert,1382,graded,"probabilities to native, bilinear, thresholded there, and these numbers were measured from the masks that run kept",0.870517,0.890106,0.894377,0.853153,0.877389,0.882097,88.000000,75.000000,197.000000,70269,83028,83697,93724,
messidor_messidor20051020_64007_0100_pp,messidor,unspecified,expert,1384,graded,"probabilities to native, bilinear, thresholded there, and these numbers were measured from the masks that run kept",0.821785,0.847652,0.867898,0.791642,0.820907,0.850438,114.000000,92.000000,241.000000,62395,84890,70888,98211,
messidor_messidor20051020_64388_0100_pp,messidor,unspecified,expert,1385,graded,"probabilities to native, bilinear, thresholded there, and these numbers were measured from the masks that run kept",0.861889,0.863530,0.876975,0.874558,0.872991,0.891743,99.000000,100.000000,225.000000,63434,73681,72862,82580,
messidor_messidor20051020_64518_0100_pp,messidor,unspecified,expert,1386,graded,"probabilities to native, bilinear, thresholded there, and these numbers were measured from the masks that run kept",0.835912,0.844467,0.856542,0.822078,0.838544,0.847925,90.000000,89.000000,223.000000,58555,74672,72710,93325,
messidor_messidor20051020_64570_0100_pp,messidor,unspecified,expert,1386,graded,"probabilities to native, bilinear, thresholded there, and these numbers were measured from the masks that run kept",0.832688,0.844855,0.855004,0.847226,0.836117,0.854610,92.000000,105.000000,237.000000,60614,72159,76549,89599,
messidor_messidor20051020_64653_0100_pp,messidor,unspecified,expert,1384,graded,"probabilities to native, bilinear, thresholded there, and these numbers were measured from the masks that run kept",0.797581,0.835104,0.842595,0.763028,0.780531,0.806698,86.000000,91.000000,231.000000,60511,83408,80543,106894,
messidor_messidor20051020_64703_0100_pp,messidor,unspecified,expert,1385,graded,"probabilities to native, bilinear, thresholded there, and these numbers were measured from the masks that run kept",0.822593,0.865717,0.862336,0.784931,0.836506,0.835915,91.000000,92.000000,221.000000,61215,85226,76846,103219,
messidor_messidor20051020_64836_0100_pp,messidor,unspecified,expert,1382,graded,"probabilities to native, bilinear, thresholded there, and these numbers were measured from the masks that run kept",0.825661,0.867497,0.862267,0.839527,0.854401,0.857665,49.000000,46.000000,130.000000,56041,75889,71968,90786,
messidor_messidor20051020_64945_0100_pp,messidor,unspecified,expert,1384,graded,"probabilities to native, bilinear, thresholded there, and these numbers were measured from the masks that run kept",0.827484,0.843866,0.849282,0.789852,0.814107,0.819043,105.000000,92.000000,240.000000,63807,80901,80684,102192,
messidor_messidor20051021_36380_0100_pp,messidor,unspecified,expert,1384,graded,"probabilities to native, bilinear, thresholded there, and these numbers were measured from the masks that run kept",0.786475,0.872005,0.850056,0.790512,0.882828,0.854963,105.000000,85.000000,237.000000,49575,75189,59644,82372,
messidor_messidor20051021_36476_0100_pp,messidor,unspecified,expert,1383,graded,"probabilities to native, bilinear, thresholded there, and these numbers were measured from the masks that run kept",0.801903,0.850122,0.845574,0.783451,0.832371,0.830179,91.000000,115.000000,232.000000,51947,78223,63658,90748,
messidor_messidor20051021_39222_0100_pp,messidor,unspecified,expert,1385,graded,"probabilities to native, bilinear, thresholded there, and these numbers were measured from the masks that run kept",0.841553,0.863890,0.877530,0.835403,0.838145,0.873911,71.000000,66.000000,163.000000,64350,76823,79843,92356,
messidor_messidor20051021_39314_0100_pp,messidor,unspecified,expert,1387,graded,"probabilities to native, bilinear, thresholded there, and these numbers were measured from the masks that run kept",0.878334,0.874837,0.897706,0.886035,0.861663,0.905079,96.000000,112.000000,237.000000,65519,79989,73558,92994,
messidor_messidor20051021_39661_0100_pp,messidor,unspecified,expert,1384,graded,"probabilities to native, bilinear, thresholded there, and these numbers were measured from the masks that run kept",0.845643,0.868224,0.878012,0.840625,0.862208,0.883117,114.000000,119.000000,264.000000,83793,85875,107666,97292,
messidor_messidor20051021_39719_0100_pp,messidor,unspecified,expert,1383,graded,"probabilities to native, bilinear, thresholded there, and these numbers were measured from the masks that run kept",0.844621,0.858898,0.869217,0.814398,0.826536,0.843638,116.000000,97.000000,259.000000,83857,88537,108331,106322,
messidor_messidor20051021_39845_0100_pp,messidor,unspecified,expert,1382,graded,"probabilities to native, bilinear, thresholded there, and these numbers were measured from the masks that run kept",0.800209,0.815825,0.833376,0.789828,0.777160,0.818793,169.000000,132.000000,370.000000,66165,71912,88917,94251,
messidor_messidor20051021_40018_0100_pp,messidor,unspecified,expert,1382,graded,"probabilities to native, bilinear, thresholded there, and these numbers were measured from the masks that run kept",0.862604,0.844748,0.866641,0.851022,0.810570,0.850243,85.000000,86.000000,214.000000,66496,71249,80000,87937,
messidor_messidor20051021_40074_0100_pp,messidor,unspecified,expert,1383,graded,"probabilities to native, bilinear, thresholded there, and these numbers were measured from the masks that run kept",0.843541,0.880990,0.872103,0.828459,0.869501,0.859220,69.000000,89.000000,197.000000,66308,72603,84108,83065,
messidor_messidor20051021_40248_0100_pp,messidor,unspecified,expert,1384,graded,"probabilities to native, bilinear, thresholded there, and these numbers were measured from the masks that run kept",0.823097,0.831137,0.846153,0.810928,0.827267,0.840526,79.000000,84.000000,199.000000,59471,66448,72946,80209,
messidor_messidor20051021_40377_0100_pp,messidor,unspecified,expert,1385,graded,"probabilities to native, bilinear, thresholded there, and these numbers were measured from the masks that run kept",0.809362,0.844601,0.852808,0.753451,0.802359,0.809482,106.000000,89.000000,238.000000,63009,78481,81102,90671,
messidor_messidor20051021_40450_0100_pp,messidor,unspecified,expert,1384,graded,"probabilities to native, bilinear, thresholded there, and these numbers were measured from the masks that run kept",0.852219,0.865188,0.875494,0.822916,0.836591,0.853729,67.000000,91.000000,192.000000,63727,77942,75878,91783,
messidor_messidor20051021_51418_0100_pp,messidor,unspecified,expert,1384,graded,"probabilities to native, bilinear, thresholded there, and these numbers were measured from the masks that run kept",0.811874,0.849667,0.854016,0.804198,0.833573,0.843729,86.000000,62.000000,172.000000,65213,80646,83443,103153,
messidor_messidor20051021_51561_0100_pp,messidor,unspecified,expert,1384,graded,"probabilities to native, bilinear, thresholded there, and these numbers were measured from the masks that run kept",0.855216,0.864602,0.882049,0.862541,0.849185,0.889594,122.000000,107.000000,267.000000,65611,75039,78638,86478,
papila_ret002od,papila,unspecified,expert,1448,graded,"probabilities to native, bilinear, thresholded there, and these numbers were measured from the masks that run kept",0.815433,0.836532,0.861570,0.839774,0.862516,0.889342,47.000000,39.000000,105.000000,66658,76269,87633,94156,
papila_ret004os,papila,unspecified,expert,1448,graded,"probabilities to native, bilinear, thresholded there, and these numbers were measured from the masks that run kept",0.867828,0.858225,0.876841,0.920217,0.838786,0.900287,31.000000,36.000000,82.000000,69385,71600,86821,87801,
papila_ret006od,papila,unspecified,expert,1448,graded,"probabilities to native, bilinear, thresholded there, and these numbers were measured from the masks that run kept",0.771275,0.878808,0.848758,0.827358,0.889636,0.888101,18.000000,41.000000,67.000000,39457,53553,58980,61191,
papila_ret007os,papila,unspecified,expert,1448,graded,"probabilities to native, bilinear, thresholded there, and these numbers were measured from the masks that run kept",0.819483,0.833917,0.869008,0.801020,0.826514,0.854265,71.000000,74.000000,172.000000,86510,84068,114380,105927,
papila_ret008od,papila,unspecified,expert,1448,graded,"probabilities to native, bilinear, thresholded there, and these numbers were measured from the masks that run kept",0.845196,0.898217,0.885379,0.912522,0.898378,0.923786,37.000000,29.000000,81.000000,60169,70647,78665,80007,
papila_ret015os,papila,unspecified,expert,1449,graded,"probabilities to native, bilinear, thresholded there, and these numbers were measured from the masks that run kept",0.701350,0.791613,0.784857,0.739457,0.825444,0.829023,29.000000,29.000000,73.000000,49422,68523,79997,92720,
papila_ret016os,papila,unspecified,expert,1447,graded,"probabilities to native, bilinear, thresholded there, and these numbers were measured from the masks that run kept",0.719886,0.778288,0.790924,0.739654,0.818876,0.855611,42.000000,24.000000,68.000000,39283,57106,58877,83698,
papila_ret018os,papila,unspecified,expert,1449,graded,"probabilities to native, bilinear, thresholded there, and these numbers were measured from the masks that run kept",0.867706,0.864448,0.899485,0.880047,0.864949,0.920288,38.000000,47.000000,98.000000,71829,81990,83083,95226,
papila_ret019os,papila,unspecified,expert,1448,graded,"probabilities to native, bilinear, thresholded there, and these numbers were measured from the masks that run kept",0.719206,0.801432,0.794219,0.801428,0.829243,0.853216,34.000000,27.000000,67.000000,43769,58324,72537,81618,
papila_ret020od,papila,unspecified,expert,1448,graded,"probabilities to native, bilinear, thresholded there, and these numbers were measured from the masks that run kept",0.783981,0.809443,0.813616,0.847924,0.805644,0.841325,25.000000,34.000000,65.000000,37915,44620,56322,59244,
papila_ret021os,papila,unspecified,expert,1448,graded,"probabilities to native, bilinear, thresholded there, and these numbers were measured from the masks that run kept",0.810362,0.862550,0.858375,0.827331,0.851456,0.869550,57.000000,46.000000,114.000000,67234,66864,92075,80513,
papila_ret023od,papila,unspecified,expert,1449,graded,"probabilities to native, bilinear, thresholded there, and these numbers were measured from the masks that run kept",0.807266,0.800702,0.840963,0.830666,0.806486,0.879604,38.000000,28.000000,74.000000,49691,50467,59584,66945,
papila_ret026od,papila,unspecified,expert,1448,graded,"probabilities to native, bilinear, thresholded there, and these numbers were measured from the masks that run kept",0.844432,0.865842,0.877845,0.851117,0.890573,0.891778,45.000000,31.000000,87.000000,58683,72964,70592,89091,
papila_ret038od,papila,unspecified,expert,1448,graded,"probabilities to native, bilinear, thresholded there, and these numbers were measured from the masks that run kept",0.827624,0.846105,0.879950,0.786039,0.784032,0.847322,41.000000,64.000000,143.000000,78215,84134,98747,99595,
papila_ret041od,papila,unspecified,expert,1448,graded,"probabilities to native, bilinear, thresholded there, and these numbers were measured from the masks that run kept",0.768584,0.753155,0.809809,0.748621,0.756068,0.817525,30.000000,64.000000,110.000000,47974,60517,70985,78060,
papila_ret044os,papila,unspecified,expert,1448,graded,"probabilities to native, bilinear, thresholded there, and these numbers were measured from the masks that run kept",0.794932,0.866584,0.857498,0.876168,0.862301,0.903684,21.000000,16.000000,48.000000,45524,58106,63796,70154,
papila_ret047od,papila,unspecified,expert,1448,graded,"probabilities to native, bilinear, thresholded there, and these numbers were measured from the masks that run kept",0.813883,0.849009,0.853197,0.868595,0.808949,0.879832,31.000000,34.000000,70.000000,46928,46356,64255,55544,
papila_ret048od,papila,unspecified,expert,1449,graded,"probabilities to native, bilinear, thresholded there, and these numbers were measured from the masks that run kept",0.766671,0.824903,0.838625,0.806019,0.856256,0.891828,46.000000,60.000000,118.000000,44436,63622,58946,74833,
papila_ret050od,papila,unspecified,expert,1448,graded,"probabilities to native, bilinear, thresholded there, and these numbers were measured from the masks that run kept",0.756614,0.777560,0.804967,0.780677,0.794541,0.844997,55.000000,131.000000,200.000000,57267,68111,85839,92692,
papila_ret053os,papila,unspecified,expert,1449,graded,"probabilities to native, bilinear, thresholded there, and these numbers were measured from the masks that run kept",0.783143,0.793976,0.807415,0.835059,0.770319,0.825601,30.000000,32.000000,71.000000,41019,43567,56008,58960,
papila_ret056os,papila,unspecified,expert,1448,graded,"probabilities to native, bilinear, thresholded there, and these numbers were measured from the masks that run kept",0.657354,0.762452,0.742305,0.724349,0.881730,0.848323,28.000000,18.000000,57.000000,28893,41938,54508,65552,
papila_ret057od,papila,unspecified,expert,1449,graded,"probabilities to native, bilinear, thresholded there, and these numbers were measured from the masks that run kept",0.750426,0.747793,0.760774,0.904639,0.855258,0.889987,28.000000,31.000000,69.000000,55909,57510,88974,93227,
papila_ret062od,papila,unspecified,expert,1448,graded,"probabilities to native, bilinear, thresholded there, and these numbers were measured from the masks that run kept",0.860957,0.862282,0.883004,0.896682,0.845622,0.899964,27.000000,53.000000,99.000000,68793,67561,87101,81548,
papila_ret064os,papila,unspecified,expert,1448,graded,"probabilities to native, bilinear, thresholded there, and these numbers were measured from the masks that run kept",0.810594,0.824632,0.847542,0.872101,0.830339,0.902711,21.000000,38.000000,65.000000,56707,63278,78273,79981,
papila_ret067os,papila,unspecified,expert,1448,graded,"probabilities to native, bilinear, thresholded there, and these numbers were measured from the masks that run kept",0.886099,0.861324,0.894000,0.910226,0.847172,0.903473,45.000000,43.000000,101.000000,81764,84382,92835,105463,
papila_ret073os,papila,unspecified,expert,1449,graded,"probabilities to native, bilinear, thresholded there, and these numbers were measured from the masks that run kept",0.818447,0.848961,0.860797,0.836146,0.815951,0.872478,40.000000,41.000000,91.000000,54068,49535,69009,62032,
papila_ret074od,papila,unspecified,expert,1448,graded,"probabilities to native, bilinear, thresholded there, and these numbers were measured from the masks that run kept",0.813532,0.839085,0.846904,0.859063,0.847838,0.880972,50.000000,37.000000,106.000000,44493,53483,55685,63840,
papila_ret077os,papila,unspecified,expert,1448,graded,"probabilities to native, bilinear, thresholded there, and these numbers were measured from the masks that run kept",0.782339,0.867269,0.843426,0.818568,0.846229,0.850405,46.000000,36.000000,95.000000,49398,60790,73518,77008,
papila_ret079od,papila,unspecified,expert,1448,graded,"probabilities to native, bilinear, thresholded there, and these numbers were measured from the masks that run kept",0.811178,0.834274,0.854200,0.805199,0.786840,0.840945,47.000000,49.000000,124.000000,68556,73934,94232,93107,
papila_ret081od,papila,unspecified,expert,1448,graded,"probabilities to native, bilinear, thresholded there, and these numbers were measured from the masks that run kept",0.768515,0.823551,0.855389,0.753548,0.777783,0.849014,30.000000,60.000000,113.000000,65991,76775,84252,94374,
papila_ret084os,papila,unspecified,expert,1448,graded,"probabilities to native, bilinear, thresholded there, and these numbers were measured from the masks that run kept",0.726215,0.759297,0.807118,0.740485,0.725895,0.844392,25.000000,35.000000,62.000000,40085,44610,54997,65850,
papila_ret088od,papila,unspecified,expert,1448,graded,"probabilities to native, bilinear, thresholded there, and these numbers were measured from the masks that run kept",0.720632,0.814560,0.790424,0.800659,0.823165,0.835416,30.000000,40.000000,81.000000,37894,46420,63764,58940,
papila_ret089od,papila,unspecified,expert,1448,graded,"probabilities to native, bilinear, thresholded there, and these numbers were measured from the masks that run kept",0.764822,0.792530,0.806586,0.833658,0.781762,0.838234,37.000000,39.000000,83.000000,41690,48201,59204,65531,
papila_ret090od,papila,unspecified,expert,1448,graded,"probabilities to native, bilinear, thresholded there, and these numbers were measured from the masks that run kept",0.756632,0.815890,0.798406,0.821747,0.833965,0.836763,31.000000,50.000000,96.000000,39251,44838,63018,62049,
papila_ret091os,papila,unspecified,expert,1448,graded,"probabilities to native, bilinear, thresholded there, and these numbers were measured from the masks that run kept",0.807993,0.848192,0.853443,0.847201,0.762534,0.836451,20.000000,52.000000,81.000000,46378,60048,60118,74016,
papila_ret092os,papila,unspecified,expert,1448,graded,"probabilities to native, bilinear, thresholded there, and these numbers were measured from the masks that run kept",0.823994,0.913035,0.882820,0.902358,0.943535,0.926892,17.000000,22.000000,50.000000,46580,62326,59945,66979,
papila_ret096od,papila,unspecified,expert,1448,graded,"probabilities to native, bilinear, thresholded there, and these numbers were measured from the masks that run kept",0.789422,0.851655,0.837728,0.827007,0.834706,0.854171,26.000000,23.000000,58.000000,47051,55233,66546,69463,
papila_ret101od,papila,unspecified,expert,1448,graded,"probabilities to native, bilinear, thresholded there, and these numbers were measured from the masks that run kept",0.869566,0.873411,0.888023,0.921877,0.828628,0.888658,21.000000,45.000000,75.000000,69949,77800,81998,89276,
papila_ret102od,papila,unspecified,expert,1448,graded,"probabilities to native, bilinear, thresholded there, and these numbers were measured from the masks that run kept",0.808913,0.865142,0.864656,0.784910,0.853517,0.850556,41.000000,38.000000,116.000000,59455,75402,79717,91789,
papila_ret104os,papila,unspecified,expert,1448,graded,"probabilities to native, bilinear, thresholded there, and these numbers were measured from the masks that run kept",0.773367,0.824111,0.839700,0.790139,0.783486,0.851220,49.000000,67.000000,129.000000,67780,64029,100280,76071,
papila_ret105os,papila,unspecified,expert,1448,graded,"probabilities to native, bilinear, thresholded there, and these numbers were measured from the masks that run kept",0.708491,0.784702,0.763188,0.792409,0.844875,0.828802,25.000000,19.000000,52.000000,34707,52367,60199,76176,
papila_ret113os,papila,unspecified,expert,1448,graded,"probabilities to native, bilinear, thresholded there, and these numbers were measured from the masks that run kept",0.780786,0.840871,0.843981,0.818112,0.875568,0.892246,34.000000,61.000000,106.000000,49100,61293,67380,76105,
papila_ret114os,papila,unspecified,expert,1448,graded,"probabilities to native, bilinear, thresholded there, and these numbers were measured from the masks that run kept",0.658322,0.760557,0.771414,0.657614,0.732568,0.787897,44.000000,35.000000,88.000000,45360,60521,70009,90450,
papila_ret120od,papila,unspecified,expert,1448,graded,"probabilities to native, bilinear, thresholded there, and these numbers were measured from the masks that run kept",0.839579,0.847728,0.873459,0.828976,0.818240,0.879552,35.000000,47.000000,91.000000,63800,71140,81773,87333,
papila_ret133od,papila,unspecified,expert,1448,graded,"probabilities to native, bilinear, thresholded there, and these numbers were measured from the masks that run kept",0.756913,0.751944,0.782179,0.795558,0.721095,0.792970,49.000000,47.000000,113.000000,51269,48456,79470,70513,
papila_ret140os,papila,unspecified,expert,1448,graded,"probabilities to native, bilinear, thresholded there, and these numbers were measured from the masks that run kept",0.825056,0.838959,0.869136,0.798201,0.804197,0.867296,36.000000,65.000000,114.000000,65252,69304,87031,79695,
papila_ret146od,papila,unspecified,expert,1448,graded,"probabilities to native, bilinear, thresholded there, and these numbers were measured from the masks that run kept",0.772690,0.845120,0.820787,0.813575,0.844534,0.840371,30.000000,41.000000,84.000000,67316,63991,103464,80708,
papila_ret155os,papila,unspecified,expert,1448,graded,"probabilities to native, bilinear, thresholded there, and these numbers were measured from the masks that run kept",0.840591,0.891976,0.887000,0.851063,0.858679,0.879090,47.000000,38.000000,103.000000,66452,82439,82222,95929,
papila_ret168os,papila,unspecified,expert,1447,graded,"probabilities to native, bilinear, thresholded there, and these numbers were measured from the masks that run kept",0.592208,0.648929,0.650047,0.722770,0.755979,0.754843,103.000000,28.000000,143.000000,33493,44451,75445,88935,
papila_ret171os,papila,unspecified,expert,1447,graded,"probabilities to native, bilinear, thresholded there, and these numbers were measured from the masks that run kept",0.742830,0.796159,0.804727,0.817434,0.733298,0.832106,34.000000,50.000000,101.000000,45688,44287,66098,58705,
papila_ret172od,papila,unspecified,expert,1448,graded,"probabilities to native, bilinear, thresholded there, and these numbers were measured from the masks that run kept",0.760757,0.818779,0.810302,0.803768,0.805712,0.820926,32.000000,49.000000,107.000000,55245,64271,84479,85154,
papila_ret174os,papila,unspecified,expert,1448,graded,"probabilities to native, bilinear, thresholded there, and these numbers were measured from the masks that run kept",0.806272,0.836434,0.846875,0.851272,0.855854,0.887333,39.000000,29.000000,80.000000,59923,66608,84847,83998,
papila_ret177os,papila,unspecified,expert,1449,graded,"probabilities to native, bilinear, thresholded there, and these numbers were measured from the masks that run kept",0.816816,0.809622,0.848567,0.824877,0.760222,0.853582,15.000000,26.000000,50.000000,61535,60980,85683,75501,
papila_ret178os,papila,unspecified,expert,1449,graded,"probabilities to native, bilinear, thresholded there, and these numbers were measured from the masks that run kept",0.814196,0.866041,0.867828,0.857089,0.868755,0.896597,32.000000,39.000000,83.000000,62485,66448,82657,78201,
papila_ret180od,papila,unspecified,expert,1448,graded,"probabilities to native, bilinear, thresholded there, and these numbers were measured from the masks that run kept",0.833087,0.868536,0.889077,0.833019,0.837488,0.892707,37.000000,66.000000,129.000000,79164,76104,99228,88679,
papila_ret181os,papila,unspecified,expert,1448,graded,"probabilities to native, bilinear, thresholded there, and these numbers were measured from the masks that run kept",0.862611,0.876153,0.891993,0.879971,0.888136,0.913615,55.000000,28.000000,103.000000,73265,70394,88189,84273,
papila_ret184od,papila,unspecified,expert,1448,graded,"probabilities to native, bilinear, thresholded there, and these numbers were measured from the masks that run kept",0.767557,0.840754,0.830042,0.821330,0.836573,0.852122,24.000000,36.000000,84.000000,48217,65494,69885,83332,
papila_ret193os,papila,unspecified,expert,1448,graded,"probabilities to native, bilinear, thresholded there, and these numbers were measured from the masks that run kept",0.740229,0.839594,0.819125,0.759791,0.856340,0.843329,16.000000,38.000000,61.000000,53327,65435,84271,81810,
papila_ret203od,papila,unspecified,expert,1449,graded,"probabilities to native, bilinear, thresholded there, and these numbers were measured from the masks that run kept",0.812248,0.788261,0.838908,0.836916,0.818083,0.878236,59.000000,45.000000,115.000000,64866,62361,77396,87460,
papila_ret204os,papila,unspecified,expert,1449,graded,"probabilities to native, bilinear, thresholded there, and these numbers were measured from the masks that run kept",0.739425,0.757952,0.772611,0.825723,0.855695,0.880537,24.000000,38.000000,68.000000,64251,64884,105059,96018,
papila_ret208od,papila,unspecified,expert,1449,graded,"probabilities to native, bilinear, thresholded there, and these numbers were measured from the masks that run kept",0.818419,0.853962,0.860064,0.834389,0.847458,0.863219,38.000000,50.000000,103.000000,63401,78606,87898,101566,
papila_ret225od,papila,unspecified,expert,1448,graded,"probabilities to native, bilinear, thresholded there, and these numbers were measured from the masks that run kept",0.801937,0.833744,0.834685,0.824347,0.821723,0.842290,15.000000,34.000000,75.000000,53037,65488,73367,82068,
papila_ret228os,papila,unspecified,expert,1449,graded,"probabilities to native, bilinear, thresholded there, and these numbers were measured from the masks that run kept",0.814280,0.838360,0.865345,0.848065,0.848495,0.894974,58.000000,61.000000,134.000000,75149,73241,98526,88940,
papila_ret229od,papila,unspecified,expert,1448,graded,"probabilities to native, bilinear, thresholded there, and these numbers were measured from the masks that run kept",0.642929,0.820084,0.760382,0.672941,0.883557,0.819590,38.000000,19.000000,63.000000,27724,43252,54170,57962,
papila_ret232os,papila,unspecified,expert,1449,graded,"probabilities to native, bilinear, thresholded there, and these numbers were measured from the masks that run kept",0.727803,0.792717,0.817146,0.765166,0.791696,0.846453,34.000000,39.000000,84.000000,54439,70091,76099,102924,
papila_ret233os,papila,unspecified,expert,1449,graded,"probabilities to native, bilinear, thresholded there, and these numbers were measured from the masks that run kept",0.743893,0.782441,0.819232,0.735904,0.730475,0.835762,54.000000,32.000000,85.000000,47559,62540,68662,79311,
papila_ret235os,papila,unspecified,expert,1448,graded,"probabilities to native, bilinear, thresholded there, and these numbers were measured from the masks that run kept",0.805119,0.849405,0.855891,0.820389,0.815321,0.855130,61.000000,47.000000,127.000000,70577,77104,98121,97039,
papila_ret241od,papila,unspecified,expert,1448,graded,"probabilities to native, bilinear, thresholded there, and these numbers were measured from the masks that run kept",0.849148,0.852707,0.867609,0.872271,0.877361,0.891102,44.000000,44.000000,102.000000,70380,78626,90480,100099,
papila_ret246od,papila,unspecified,expert,1448,graded,"probabilities to native, bilinear, thresholded there, and these numbers were measured from the masks that run kept",0.598537,0.743079,0.700138,0.695137,0.792806,0.771212,23.000000,28.000000,60.000000,33100,43865,71779,71902,
papila_ret248od,papila,unspecified,expert,1449,graded,"probabilities to native, bilinear, thresholded there, and these numbers were measured from the masks that run kept",0.780409,0.832551,0.833809,0.765889,0.821297,0.836314,34.000000,57.000000,105.000000,44748,51908,65917,64008,
papila_ret258od,papila,unspecified,expert,1448,graded,"probabilities to native, bilinear, thresholded there, and these numbers were measured from the masks that run kept",0.813327,0.820129,0.855007,0.805931,0.788015,0.858514,42.000000,55.000000,136.000000,71321,84859,93186,113822,
papila_ret260os,papila,unspecified,expert,1449,graded,"probabilities to native, bilinear, thresholded there, and these numbers were measured from the masks that run kept",0.874330,0.870474,0.892288,0.899197,0.900028,0.920620,32.000000,31.000000,80.000000,86544,79298,107456,96420,
papila_ret266od,papila,unspecified,expert,1448,graded,"probabilities to native, bilinear, thresholded there, and these numbers were measured from the masks that run kept",0.795527,0.845251,0.852216,0.803905,0.849987,0.864192,40.000000,33.000000,91.000000,55549,79205,73578,100635,
papila_ret269od,papila,unspecified,expert,1448,graded,"probabilities to native, bilinear, thresholded there, and these numbers were measured from the masks that run kept",0.808440,0.858002,0.876332,0.807745,0.826349,0.893564,52.000000,49.000000,113.000000,65590,72608,82510,88021,
papila_ret271os,papila,unspecified,expert,1447,graded,"probabilities to native, bilinear, thresholded there, and these numbers were measured from the masks that run kept",0.743819,0.774784,0.820120,0.744915,0.748359,0.826071,48.000000,61.000000,138.000000,60520,68019,84967,92929,
papila_ret273os,papila,unspecified,expert,1449,graded,"probabilities to native, bilinear, thresholded there, and these numbers were measured from the masks that run kept",0.841520,0.864154,0.887965,0.841881,0.851764,0.904238,44.000000,57.000000,112.000000,68707,75856,82555,91304,
papila_ret276od,papila,unspecified,expert,1448,graded,"probabilities to native, bilinear, thresholded there, and these numbers were measured from the masks that run kept",0.871443,0.862670,0.883475,0.890714,0.835922,0.881197,52.000000,81.000000,161.000000,72342,70178,87875,81734,
papila_ret277od,papila,unspecified,expert,1449,graded,"probabilities to native, bilinear, thresholded there, and these numbers were measured from the masks that run kept",0.850419,0.889387,0.881500,0.895994,0.886102,0.906601,20.000000,39.000000,75.000000,50473,56441,62523,65299,
trend_11_l,trend,unspecified,expert,2177,graded,"probabilities to native, bilinear, thresholded there, and these numbers were measured from the masks that run kept",0.659958,0.758049,0.760927,0.637674,0.716470,0.742567,55.000000,49.000000,119.000000,96002,118403,137531,128940,
trend_15_l,trend,unspecified,expert,2177,graded,"probabilities to native, bilinear, thresholded there, and these numbers were measured from the masks that run kept",0.644764,0.708699,0.733785,0.627492,0.670178,0.720512,87.000000,68.000000,187.000000,117117,128970,159651,172007,
trend_16_r,trend,unspecified,expert,2177,graded,"probabilities to native, bilinear, thresholded there, and these numbers were measured from the masks that run kept",0.777146,0.805574,0.813984,0.803986,0.787098,0.825604,82.000000,66.000000,169.000000,116720,118018,147964,143994,
trend_17_l,trend,unspecified,expert,2177,graded,"probabilities to native, bilinear, thresholded there, and these numbers were measured from the masks that run kept",0.760207,0.779360,0.800425,0.768507,0.745727,0.798199,52.000000,82.000000,153.000000,131993,148628,171085,162702,
trend_17_r,trend,unspecified,expert,2177,graded,"probabilities to native, bilinear, thresholded there, and these numbers were measured from the masks that run kept",0.781617,0.787343,0.809762,0.791144,0.781690,0.815974,129.000000,98.000000,255.000000,134253,127404,173926,163430,
trend_1_l,trend,unspecified,expert,2177,graded,"probabilities to native, bilinear, thresholded there, and these numbers were measured from the masks that run kept",0.622279,0.638934,0.681811,0.536646,0.566505,0.607537,93.000000,87.000000,233.000000,121931,124582,153688,161726,
trend_20_l,trend,unspecified,expert,2177,graded,"probabilities to native, bilinear, thresholded there, and these numbers were measured from the masks that run kept",0.630880,0.716719,0.715176,0.623580,0.699794,0.704872,78.000000,77.000000,177.000000,76510,99518,90926,127726,
trend_22_r,trend,unspecified,expert,2177,graded,"probabilities to native, bilinear, thresholded there, and these numbers were measured from the masks that run kept",0.747145,0.816540,0.825527,0.756598,0.758689,0.821938,67.000000,47.000000,144.000000,113869,132161,128499,165419,
trend_23_r,trend,unspecified,expert,2177,graded,"probabilities to native, bilinear, thresholded there, and these numbers were measured from the masks that run kept",0.721197,0.806941,0.788051,0.710998,0.773251,0.769570,55.000000,40.000000,125.000000,95440,119858,128241,150841,
trend_24_l,trend,unspecified,expert,2177,graded,"probabilities to native, bilinear, thresholded there, and these numbers were measured from the masks that run kept",0.691360,0.707784,0.733211,0.678825,0.689049,0.733661,47.000000,47.000000,107.000000,93503,109191,116674,144118,
trend_24_r,trend,unspecified,expert,2177,graded,"probabilities to native, bilinear, thresholded there, and these numbers were measured from the masks that run kept",0.699771,0.697038,0.742115,0.778429,0.679492,0.771332,49.000000,29.000000,95.000000,102608,114425,123972,142112,
trend_25_r,trend,unspecified,expert,2177,graded,"probabilities to native, bilinear, thresholded there, and these numbers were measured from the masks that run kept",0.691723,0.659937,0.733961,0.663346,0.625614,0.735780,101.000000,94.000000,220.000000,132549,125039,141124,163119,
trend_26_l,trend,unspecified,expert,2177,graded,"probabilities to native, bilinear, thresholded there, and these numbers were measured from the masks that run kept",0.709418,0.772135,0.786885,0.678212,0.732531,0.761879,65.000000,84.000000,182.000000,116282,137687,168515,180475,
trend_26_r,trend,unspecified,expert,2177,graded,"probabilities to native, bilinear, thresholded there, and these numbers were measured from the masks that run kept",0.670121,0.764674,0.733077,0.615215,0.706655,0.677597,78.000000,67.000000,205.000000,108117,126743,142026,147889,
trend_28_r,trend,unspecified,expert,2177,graded,"probabilities to native, bilinear, thresholded there, and these numbers were measured from the masks that run kept",0.715596,0.732947,0.746288,0.690257,0.661602,0.705953,96.000000,66.000000,221.000000,134337,146253,182149,221168,
trend_2_r,trend,unspecified,expert,2177,graded,"probabilities to native, bilinear, thresholded there, and these numbers were measured from the masks that run kept",0.652076,0.694638,0.709732,0.635719,0.626927,0.683177,84.000000,150.000000,273.000000,113798,109206,133075,145790,
trend_30_r,trend,unspecified,expert,2177,graded,"probabilities to native, bilinear, thresholded there, and these numbers were measured from the masks that run kept",0.597928,0.685465,0.705759,0.645673,0.666065,0.715411,84.000000,89.000000,216.000000,140428,164119,127283,177894,
trend_31_r,trend,unspecified,expert,2177,graded,"probabilities to native, bilinear, thresholded there, and these numbers were measured from the masks that run kept",0.565504,0.682395,0.660751,0.610910,0.694087,0.700291,79.000000,51.000000,168.000000,129464,151116,114177,160047,
trend_32_r,trend,unspecified,expert,2177,graded,"probabilities to native, bilinear, thresholded there, and these numbers were measured from the masks that run kept",0.630897,0.627424,0.674261,0.586949,0.601542,0.657586,116.000000,108.000000,274.000000,114547,123443,135256,142167,
trend_33_l,trend,unspecified,expert,2177,graded,"probabilities to native, bilinear, thresholded there, and these numbers were measured from the masks that run kept",0.751927,0.787268,0.796872,0.710856,0.772826,0.780088,85.000000,78.000000,217.000000,121396,153158,166818,207055,
trend_33_r,trend,unspecified,expert,2177,graded,"probabilities to native, bilinear, thresholded there, and these numbers were measured from the masks that run kept",0.685820,0.783061,0.770247,0.692106,0.744718,0.771022,104.000000,86.000000,235.000000,136080,162815,146624,192787,
trend_35_l,trend,unspecified,expert,2177,graded,"probabilities to native, bilinear, thresholded there, and these numbers were measured from the masks that run kept",0.739895,0.752281,0.776274,0.671024,0.683258,0.728079,66.000000,130.000000,236.000000,132818,129955,192358,164592,
trend_37_l,trend,unspecified,expert,2177,graded,"probabilities to native, bilinear, thresholded there, and these numbers were measured from the masks that run kept",0.756017,0.765202,0.800550,0.738341,0.692195,0.788691,78.000000,74.000000,187.000000,119338,132539,146553,167732,
trend_38_l,trend,unspecified,expert,2177,graded,"probabilities to native, bilinear, thresholded there, and these numbers were measured from the masks that run kept",0.692013,0.736219,0.743886,0.693665,0.683151,0.724559,64.000000,96.000000,200.000000,115188,131448,154388,194716,
trend_38_r,trend,unspecified,expert,2177,graded,"probabilities to native, bilinear, thresholded there, and these numbers were measured from the masks that run kept",0.732238,0.797324,0.790875,0.714337,0.758656,0.773342,85.000000,76.000000,203.000000,137720,144011,178333,178859,
trend_39_l,trend,unspecified,expert,2177,graded,"probabilities to native, bilinear, thresholded there, and these numbers were measured from the masks that run kept",0.772500,0.754259,0.798410,0.744555,0.726204,0.794704,103.000000,111.000000,247.000000,135372,168018,166668,182201,
trend_39_r,trend,unspecified,expert,2177,graded,"probabilities to native, bilinear, thresholded there, and these numbers were measured from the masks that run kept",0.804033,0.790170,0.827157,0.790050,0.750809,0.810271,115.000000,102.000000,252.000000,154698,157323,187604,183171,
trend_3_r,trend,unspecified,expert,2177,graded,"probabilities to native, bilinear, thresholded there, and these numbers were measured from the masks that run kept",0.729658,0.787185,0.810620,0.742470,0.781245,0.827067,72.000000,84.000000,186.000000,131034,154686,125519,174647,
trend_40_l,trend,unspecified,expert,2177,graded,"probabilities to native, bilinear, thresholded there, and these numbers were measured from the masks that run kept",0.658216,0.665638,0.707938,0.663633,0.662573,0.713757,50.000000,83.000000,153.000000,103807,109094,116774,120307,
trend_40_r,trend,unspecified,expert,2177,graded,"probabilities to native, bilinear, thresholded there, and these numbers were measured from the masks that run kept",0.687802,0.651453,0.725670,0.672278,0.549723,0.685137,55.000000,97.000000,177.000000,129879,104577,150158,139367,
trend_42_l,trend,unspecified,expert,2177,graded,"probabilities to native, bilinear, thresholded there, and these numbers were measured from the masks that run kept",0.724937,0.754142,0.795469,0.745558,0.685901,0.781018,78.000000,70.000000,173.000000,131520,129505,143108,156778,
trend_42_r,trend,unspecified,expert,2177,graded,"probabilities to native, bilinear, thresholded there, and these numbers were measured from the masks that run kept",0.752876,0.749852,0.795454,0.758000,0.704341,0.794594,54.000000,59.000000,135.000000,116811,127318,145721,167204,
trend_45_l,trend,unspecified,expert,2177,graded,"probabilities to native, bilinear, thresholded there, and these numbers were measured from the masks that run kept",0.579092,0.566362,0.651698,0.544531,0.555793,0.631085,88.000000,73.000000,204.000000,130074,131297,156426,150138,
trend_46_l,trend,unspecified,expert,2177,graded,"probabilities to native, bilinear, thresholded there, and these numbers were measured from the masks that run kept",0.649237,0.659420,0.773378,0.582536,0.627269,0.756173,73.000000,70.000000,170.000000,107703,129068,117358,149686,
trend_46_r,trend,unspecified,expert,2177,graded,"probabilities to native, bilinear, thresholded there, and these numbers were measured from the masks that run kept",0.725277,0.717663,0.769922,0.670978,0.633304,0.727777,89.000000,91.000000,196.000000,116492,124470,132952,164529,
trend_4_l,trend,unspecified,expert,2177,graded,"probabilities to native, bilinear, thresholded there, and these numbers were measured from the masks that run kept",0.668986,0.711471,0.726793,0.626470,0.642872,0.686066,52.000000,54.000000,134.000000,79783,93637,97602,121953,
trend_4_r,trend,unspecified,expert,2177,graded,"probabilities to native, bilinear, thresholded there, and these numbers were measured from the masks that run kept",0.692368,0.697281,0.731142,0.691359,0.718094,0.750758,100.000000,76.000000,186.000000,80976,113758,100208,122299,
trend_5_l,trend,unspecified,expert,2177,graded,"probabilities to native, bilinear, thresholded there, and these numbers were measured from the masks that run kept",0.700122,0.722830,0.761081,0.650314,0.641922,0.729432,87.000000,84.000000,196.000000,105388,121603,113531,177015,
trend_6_r,trend,unspecified,expert,2177,graded,"probabilities to native, bilinear, thresholded there, and these numbers were measured from the masks that run kept",0.712684,0.738980,0.756015,0.730890,0.738426,0.777740,87.000000,60.000000,163.000000,125333,161228,163154,196641,
trend_7_l,trend,unspecified,expert,2177,graded,"probabilities to native, bilinear, thresholded there, and these numbers were measured from the masks that run kept",0.665744,0.748260,0.754560,0.642082,0.712699,0.730564,100.000000,105.000000,256.000000,119595,149690,160900,182708,
trend_9_r,trend,unspecified,expert,2177,graded,"probabilities to native, bilinear, thresholded there, and these numbers were measured from the masks that run kept",0.697286,0.705611,0.778539,0.719320,0.643650,0.784355,77.000000,50.000000,160.000000,113576,122863,131847,179193,
trend_n10c_r,trend,unspecified,expert,2172,graded,"probabilities to native, bilinear, thresholded there, and these numbers were measured from the masks that run kept",0.753467,0.794271,0.808088,0.749279,0.749986,0.791901,77.000000,67.000000,182.000000,121856,127680,168482,141422,
trend_n11c_l,trend,unspecified,expert,2175,graded,"probabilities to native, bilinear, thresholded there, and these numbers were measured from the masks that run kept",0.772210,0.802621,0.830481,0.748754,0.751008,0.815329,47.000000,79.000000,159.000000,131127,163316,167152,177009,
trend_n11c_r,trend,unspecified,expert,2173,graded,"probabilities to native, bilinear, thresholded there, and these numbers were measured from the masks that run kept",0.809955,0.841475,0.844155,0.811087,0.850253,0.855687,71.000000,60.000000,153.000000,149805,157492,179139,179837,
trend_n3c_r,trend,unspecified,expert,2173,graded,"probabilities to native, bilinear, thresholded there, and these numbers were measured from the masks that run kept",0.668065,0.757358,0.746934,0.691715,0.690810,0.739607,102.000000,103.000000,227.000000,91134,102297,112460,134360,
trend_n4c_l,trend,unspecified,expert,2171,graded,"probabilities to native, bilinear, thresholded there, and these numbers were measured from the masks that run kept",0.657967,0.694661,0.789675,0.625973,0.652701,0.792561,85.000000,63.000000,176.000000,121685,120956,130811,157295,
trend_n5c_r,trend,unspecified,expert,2175,graded,"probabilities to native, bilinear, thresholded there, and these numbers were measured from the masks that run kept",0.733931,0.710424,0.760793,0.711769,0.647955,0.718561,63.000000,48.000000,152.000000,135555,152566,148153,191983,
trend_n9c_r,trend,unspecified,expert,2173,graded,"probabilities to native, bilinear, thresholded there, and these numbers were measured from the masks that run kept",0.625545,0.681770,0.721438,0.547923,0.610501,0.667903,59.000000,71.000000,159.000000,91218,111773,113589,148127,
