key,subset,split,reader,native_side,outcome,resampling,artery_dice,artery_cldice,vein_dice,vein_cldice,vessels_dice,vessels_cldice,said_artery_px,said_vein_px,truth_artery_px,truth_vein_px,note
enrich_enrich012enrich01220210728_001,enrich,unspecified,expert,2200,graded,"probabilities to native, bilinear, then thresholded",0.859828,0.808698,0.896136,0.861002,0.891351,0.857049,150044,185260,174072,208631,
enrich_enrich012enrich01220210728_002,enrich,unspecified,expert,2200,graded,"probabilities to native, bilinear, then thresholded",0.895276,0.856721,0.902485,0.859212,0.906182,0.872416,149072,179629,164246,201760,
enrich_enrich016enrich01620210803_003,enrich,unspecified,expert,2200,graded,"probabilities to native, bilinear, then thresholded",0.908366,0.871672,0.900263,0.829258,0.910425,0.858849,156385,156542,171104,178358,
enrich_enrich016enrich01620210803_005,enrich,unspecified,expert,2201,graded,"probabilities to native, bilinear, then thresholded",0.891065,0.840155,0.884041,0.810926,0.899474,0.847552,153576,155837,166304,176745,
enrich_enrich023enrich02320210812_001,enrich,unspecified,expert,2200,graded,"probabilities to native, bilinear, then thresholded",0.876435,0.817897,0.900963,0.868539,0.902147,0.870437,151121,159914,173647,172204,
enrich_enrich023enrich02320210812_002,enrich,unspecified,expert,2200,graded,"probabilities to native, bilinear, then thresholded",0.915819,0.915025,0.894333,0.869071,0.924314,0.929616,141619,146391,149054,146464,
enrich_enrich027enrich02720210818_001,enrich,unspecified,expert,2199,graded,"probabilities to native, bilinear, then thresholded",0.924898,0.898599,0.927555,0.885846,0.933723,0.908745,202194,229061,214797,243491,
enrich_enrich030enrich03020210821_001,enrich,unspecified,expert,2200,graded,"probabilities to native, bilinear, then thresholded",0.899506,0.858811,0.899361,0.873129,0.923779,0.911878,206941,213209,220816,225409,
enrich_enrich030enrich03020210821_002,enrich,unspecified,expert,2199,graded,"probabilities to native, bilinear, then thresholded",0.899962,0.864832,0.894791,0.863955,0.914695,0.889784,202587,188967,214995,214593,
enrich_enrich031enrich03120210824_001,enrich,unspecified,expert,2200,graded,"probabilities to native, bilinear, then thresholded",0.904652,0.858201,0.893350,0.829136,0.910450,0.869068,195935,200903,210106,227921,
enrich_enrich031enrich03120210824_002,enrich,unspecified,expert,2200,graded,"probabilities to native, bilinear, then thresholded",0.906024,0.897821,0.917879,0.912973,0.921893,0.922334,191777,237716,203921,245716,
enrich_enrich032enrich03220210824_001,enrich,unspecified,expert,2200,graded,"probabilities to native, bilinear, then thresholded",0.913965,0.930671,0.917025,0.923724,0.927479,0.949133,187124,192244,186781,198729,
enrich_enrich032enrich03220210824_002,enrich,unspecified,expert,2200,graded,"probabilities to native, bilinear, then thresholded",0.925938,0.915323,0.919350,0.901514,0.929313,0.921225,189040,191395,199932,202655,
enrich_enrich033enrich03320210825_001,enrich,unspecified,expert,2200,graded,"probabilities to native, bilinear, then thresholded",0.867843,0.840360,0.895810,0.857335,0.896907,0.875799,174750,173599,189318,191331,
enrich_enrich033enrich03320210825_007,enrich,unspecified,expert,2200,graded,"probabilities to native, bilinear, then thresholded",0.898003,0.880185,0.907846,0.888585,0.921790,0.921969,187142,203657,198409,213982,
enrich_enrich034enrich03420210825_001,enrich,unspecified,expert,2200,graded,"probabilities to native, bilinear, then thresholded",0.888138,0.848599,0.909157,0.885125,0.914542,0.895783,204510,213178,222491,226911,
enrich_enrich034enrich03420210825_003,enrich,unspecified,expert,2200,graded,"probabilities to native, bilinear, then thresholded",0.914868,0.930144,0.910846,0.898773,0.924740,0.934262,194443,196707,193556,202412,
enrich_enrich035enrich03520210826_001,enrich,unspecified,expert,2199,graded,"probabilities to native, bilinear, then thresholded",0.906628,0.869263,0.917248,0.867205,0.922235,0.890472,216468,212665,235775,228507,
enrich_enrich035enrich03520210826_002,enrich,unspecified,expert,2200,graded,"probabilities to native, bilinear, then thresholded",0.899973,0.848727,0.919371,0.889992,0.919791,0.887074,206099,225319,227714,243645,
enrich_enrich039enrich03920210901_001,enrich,unspecified,expert,2200,graded,"probabilities to native, bilinear, then thresholded",0.902433,0.875374,0.879007,0.839589,0.909747,0.891047,187254,159446,193705,177020,
enrich_enrich039enrich03920210901_002,enrich,unspecified,expert,2200,graded,"probabilities to native, bilinear, then thresholded",0.899434,0.879837,0.878194,0.822634,0.912673,0.903657,187189,163108,188745,174799,
enrich_enrich044enrich04420210907_003,enrich,unspecified,expert,2200,graded,"probabilities to native, bilinear, then thresholded",0.920475,0.885556,0.929379,0.898763,0.929546,0.903495,175725,196243,191001,209852,
enrich_enrich110enrich11020220808_001,enrich,unspecified,expert,2200,graded,"probabilities to native, bilinear, then thresholded",0.893037,0.862366,0.895693,0.843010,0.909517,0.877539,161408,163303,177785,180538,
enrich_enrich113enrich11320220826_001,enrich,unspecified,expert,2200,graded,"probabilities to native, bilinear, then thresholded",0.881318,0.836500,0.896841,0.851393,0.904282,0.874748,158550,168214,174980,186763,
enrich_enrich113enrich11320220826_002,enrich,unspecified,expert,2200,graded,"probabilities to native, bilinear, then thresholded",0.899934,0.862268,0.899071,0.833212,0.905657,0.862583,150097,165792,163515,186576,
enrich_enrich125enrich12520221114_001,enrich,unspecified,expert,2200,graded,"probabilities to native, bilinear, then thresholded",0.896647,0.858373,0.887394,0.831158,0.911918,0.886169,195777,186315,206941,209676,
enrich_enrich129enrich12920221118_002,enrich,unspecified,expert,2198,graded,"probabilities to native, bilinear, then thresholded",0.897578,0.881594,0.912957,0.845774,0.913628,0.881784,159468,165337,171917,179067,
enrich_enrich133enrich13320230118_001,enrich,unspecified,expert,2200,graded,"probabilities to native, bilinear, then thresholded",0.887230,0.846623,0.883056,0.839840,0.905976,0.882503,163113,179163,181021,193375,
enrich_enrich133enrich13320230118_002,enrich,unspecified,expert,2200,graded,"probabilities to native, bilinear, then thresholded",0.917567,0.921199,0.937695,0.924234,0.938407,0.949273,162120,151689,162072,152557,
enrich_enrich135enrich13520230201_002,enrich,unspecified,expert,2200,graded,"probabilities to native, bilinear, then thresholded",0.923268,0.912966,0.903879,0.856745,0.919357,0.895796,135380,137789,143306,152002,
enrich_enrich136enrich13620230210_002,enrich,unspecified,expert,2200,graded,"probabilities to native, bilinear, then thresholded",0.925154,0.923880,0.927699,0.910521,0.933586,0.931089,127427,136267,132947,144117,
enrich_enrich137enrich13720230216_002,enrich,unspecified,expert,2200,graded,"probabilities to native, bilinear, then thresholded",0.910258,0.882559,0.925296,0.901757,0.920433,0.894983,160474,144947,178408,154460,
enrich_enrich138enrich13820230217_002,enrich,unspecified,expert,2200,graded,"probabilities to native, bilinear, then thresholded",0.861082,0.815251,0.874176,0.794907,0.880034,0.823924,126146,146080,148123,165816,
enrich_enrich139enrich13920230217_002,enrich,unspecified,expert,2198,graded,"probabilities to native, bilinear, then thresholded",0.916110,0.905816,0.911994,0.861513,0.919223,0.892211,132868,153279,141671,168118,
enrich_enrich140enrich14020230222_001,enrich,unspecified,expert,2200,graded,"probabilities to native, bilinear, then thresholded",0.881695,0.861606,0.891437,0.861364,0.915046,0.911270,172773,215294,184954,233052,
enrich_enrich141enrich14120230223_005,enrich,unspecified,expert,2200,graded,"probabilities to native, bilinear, then thresholded",0.885683,0.874413,0.895414,0.868904,0.909175,0.905943,139635,164855,143629,179904,
enrich_enrich143enrich14320230302_003,enrich,unspecified,expert,2200,graded,"probabilities to native, bilinear, then thresholded",0.905834,0.884855,0.903946,0.837306,0.910941,0.874219,139499,147836,149768,166205,
enrich_enrich144enrich14420230315_004,enrich,unspecified,expert,2200,graded,"probabilities to native, bilinear, then thresholded",0.920532,0.894808,0.924320,0.893888,0.927840,0.905148,149989,175381,159469,188532,
enrich_enrich147enrich14720230420_004,enrich,unspecified,expert,2199,graded,"probabilities to native, bilinear, then thresholded",0.861267,0.814671,0.878634,0.814316,0.882687,0.837727,133653,132828,154274,147960,
enrich_enrich150enrich15020230511_002,enrich,unspecified,expert,2201,graded,"probabilities to native, bilinear, then thresholded",0.888329,0.854131,0.908019,0.880621,0.911241,0.888600,204458,219310,217593,233742,
enrich_enrich151enrich15120230526_003,enrich,unspecified,expert,2200,graded,"probabilities to native, bilinear, then thresholded",0.916254,0.892095,0.919870,0.879936,0.927909,0.905891,164548,163048,178324,172669,
enrich_enrich153enrich15320230602_005,enrich,unspecified,expert,2201,graded,"probabilities to native, bilinear, then thresholded",0.933232,0.920176,0.950239,0.950548,0.946424,0.943070,152491,151538,160640,152135,
enrich_enrich154enrich15420230607_005,enrich,unspecified,expert,2200,graded,"probabilities to native, bilinear, then thresholded",0.909284,0.902260,0.929553,0.903194,0.928764,0.917316,143525,168243,150515,180318,
enrich_enrich155enrich15520230621_004,enrich,unspecified,expert,2199,graded,"probabilities to native, bilinear, then thresholded",0.889969,0.870936,0.884889,0.835314,0.907170,0.887906,178279,168551,196424,184725,
enrich_enrich157enrich15720230623_005,enrich,unspecified,expert,2198,graded,"probabilities to native, bilinear, then thresholded",0.909106,0.892705,0.876421,0.849139,0.895712,0.874778,146535,191063,159854,203697,
enrich_enrich5enrich520210720_001,enrich,unspecified,expert,2200,graded,"probabilities to native, bilinear, then thresholded",0.872563,0.834756,0.905624,0.881546,0.910902,0.891280,189037,220428,204633,241753,
enrich_enrich5enrich520210720_002,enrich,unspecified,expert,2200,graded,"probabilities to native, bilinear, then thresholded",0.878360,0.832904,0.877619,0.790646,0.900033,0.854491,179075,205417,200881,227557,
enrich_enrich6enrich620210720_001,enrich,unspecified,expert,2198,graded,"probabilities to native, bilinear, then thresholded",0.914961,0.918542,0.903813,0.892686,0.913461,0.911124,163833,176574,173449,195025,
enrich_enrich7enrich720210720_001,enrich,unspecified,expert,2200,graded,"probabilities to native, bilinear, then thresholded",0.876531,0.829532,0.888657,0.822598,0.902075,0.865282,194030,182969,213488,205255,
enrich_enrich7enrich720210720_003,enrich,unspecified,expert,2201,graded,"probabilities to native, bilinear, then thresholded",0.894528,0.853700,0.890795,0.823576,0.903273,0.860544,192953,177342,215184,198015,
enrich_les047enrich04620210908_002,enrich,unspecified,expert,2200,graded,"probabilities to native, bilinear, then thresholded",0.911758,0.890816,0.918717,0.878156,0.925702,0.909270,182508,197904,194864,207973,
enrich_les285enrich13120230111_002,enrich,unspecified,expert,2200,graded,"probabilities to native, bilinear, then thresholded",0.879897,0.831116,0.899412,0.868208,0.895421,0.856507,116149,146454,132755,168612,
enrich_les285enrich13120230111_005,enrich,unspecified,expert,2200,graded,"probabilities to native, bilinear, then thresholded",0.867547,0.823529,0.910368,0.873979,0.902520,0.870018,124409,179886,140296,195180,
enrich_les313enrich08320220103_001,enrich,unspecified,expert,2200,graded,"probabilities to native, bilinear, then thresholded",0.881437,0.848124,0.911280,0.865748,0.912507,0.891793,145656,178144,153401,187998,
enrich_les326enrich08120220103_002,enrich,unspecified,expert,2200,graded,"probabilities to native, bilinear, then thresholded",0.915581,0.897838,0.898902,0.841007,0.909830,0.875273,121048,118167,130779,132688,
enrich_les329enrich08420220110_002,enrich,unspecified,expert,2200,graded,"probabilities to native, bilinear, then thresholded",0.878381,0.846300,0.882531,0.812270,0.892256,0.852221,121389,149252,133662,161937,
enrich_les345enrich07720211220_001,enrich,unspecified,expert,2200,graded,"probabilities to native, bilinear, then thresholded",0.885625,0.906924,0.888393,0.877073,0.904413,0.915998,120488,142662,117755,144821,
enrich_les347enrich08020211223_001,enrich,unspecified,expert,2200,graded,"probabilities to native, bilinear, then thresholded",0.911239,0.884787,0.901283,0.844847,0.908687,0.869967,123965,132803,134167,146095,
enrich_les353enrich09420220222_001,enrich,unspecified,expert,2200,graded,"probabilities to native, bilinear, then thresholded",0.905990,0.863262,0.914864,0.865906,0.920710,0.887160,92748,139322,98625,147079,
enrich_les359enrich06920211104_002,enrich,unspecified,expert,2200,graded,"probabilities to native, bilinear, then thresholded",0.868729,0.849310,0.905416,0.866447,0.894768,0.862977,89532,124055,100723,135450,
enrich_les372enrich07420211129_002,enrich,unspecified,expert,2200,graded,"probabilities to native, bilinear, then thresholded",0.927068,0.959251,0.916822,0.895469,0.936006,0.955199,119216,130982,116758,139860,
enrich_les378enrich07520211129_002,enrich,unspecified,expert,2199,graded,"probabilities to native, bilinear, then thresholded",0.907165,0.927565,0.933988,0.939910,0.925345,0.939792,113388,114160,111462,118344,
enrich_les380enrich07920211221_002,enrich,unspecified,expert,2200,graded,"probabilities to native, bilinear, then thresholded",0.924656,0.936056,0.941127,0.931827,0.942440,0.954279,99701,142131,103194,144249,
enrich_les393enrich05820211005_002,enrich,unspecified,expert,2201,graded,"probabilities to native, bilinear, then thresholded",0.890273,0.896910,0.911035,0.878419,0.916446,0.911422,120381,150558,115459,158383,
enrich_les39enrich12720221116_001,enrich,unspecified,expert,2201,graded,"probabilities to native, bilinear, then thresholded",0.899394,0.880240,0.910714,0.888984,0.910572,0.895315,168464,171478,186444,183885,
enrich_les39enrich12720221116_002,enrich,unspecified,expert,2199,graded,"probabilities to native, bilinear, then thresholded",0.901592,0.899495,0.894997,0.859765,0.909759,0.902518,147796,147574,160696,159502,
enrich_les409enrich06420211025_003,enrich,unspecified,expert,2199,graded,"probabilities to native, bilinear, then thresholded",0.905896,0.869769,0.912556,0.868488,0.911699,0.873285,135192,145124,150057,158912,
enrich_les414enrich04220210907_002,enrich,unspecified,expert,2200,graded,"probabilities to native, bilinear, then thresholded",0.899506,0.857957,0.884304,0.807329,0.913431,0.881625,129475,135741,143586,139619,
enrich_les418enrich05220210927_001,enrich,unspecified,expert,2198,graded,"probabilities to native, bilinear, then thresholded",0.901706,0.868572,0.908237,0.856807,0.911868,0.874579,180867,167901,198139,184507,
enrich_les454enrich05420210928_002,enrich,unspecified,expert,2199,graded,"probabilities to native, bilinear, then thresholded",0.888690,0.860418,0.922749,0.878813,0.910828,0.877696,127056,140524,143585,150875,
enrich_les457enrich04920210920_003,enrich,unspecified,expert,2201,graded,"probabilities to native, bilinear, then thresholded",0.891240,0.865266,0.910282,0.868074,0.912736,0.885237,124669,157223,132669,173468,
enrich_les460enrich06820211104_002,enrich,unspecified,expert,2200,graded,"probabilities to native, bilinear, then thresholded",0.892093,0.883958,0.883554,0.855041,0.891923,0.874957,110590,122191,124556,135525,
enrich_les467enrich06520211025_002,enrich,unspecified,expert,2200,graded,"probabilities to native, bilinear, then thresholded",0.933405,0.937361,0.917779,0.857516,0.931004,0.904339,119914,131265,126635,140504,
enrich_les468enrich03620210830_004,enrich,unspecified,expert,2199,graded,"probabilities to native, bilinear, then thresholded",0.920495,0.919895,0.936493,0.928483,0.934791,0.935543,131823,147823,138136,149027,
enrich_les486enrich00220210719_001,enrich,unspecified,expert,2201,graded,"probabilities to native, bilinear, then thresholded",0.902848,0.892342,0.904167,0.876056,0.909738,0.894058,122379,111828,130463,120284,
enrich_les486enrich00220210719_003,enrich,unspecified,expert,2199,graded,"probabilities to native, bilinear, then thresholded",0.884690,0.885525,0.867397,0.822240,0.906350,0.910320,118658,100258,119751,109865,
enrich_les487enrich11720220921_001,enrich,unspecified,expert,2200,graded,"probabilities to native, bilinear, then thresholded",0.931821,0.953541,0.914446,0.856533,0.926586,0.915033,97321,116028,99807,125259,
enrich_les488enrich02420210816_002,enrich,unspecified,expert,2200,graded,"probabilities to native, bilinear, then thresholded",0.895638,0.902135,0.916511,0.916474,0.920973,0.934451,156230,167603,164489,174381,
enrich_les489enrich00320210719_002,enrich,unspecified,expert,2199,graded,"probabilities to native, bilinear, then thresholded",0.832464,0.799339,0.876589,0.810790,0.872817,0.833714,107264,133002,123881,149413,
enrich_les505enrich01020210726_002,enrich,unspecified,expert,2201,graded,"probabilities to native, bilinear, then thresholded",0.890480,0.850038,0.865353,0.849087,0.886400,0.862911,146263,169787,163707,165877,
enrich_les506enrich00820210726_003,enrich,unspecified,expert,2200,graded,"probabilities to native, bilinear, then thresholded",0.884255,0.862036,0.874975,0.835274,0.894017,0.869532,126135,144904,145366,159978,
enrich_les510enrich04720210913_003,enrich,unspecified,expert,2200,graded,"probabilities to native, bilinear, then thresholded",0.885493,0.869326,0.798181,0.793186,0.852685,0.852151,145623,207670,152306,179826,
enrich_les512enrich01720210804_001,enrich,unspecified,expert,2200,graded,"probabilities to native, bilinear, then thresholded",0.896178,0.887127,0.895890,0.886322,0.912490,0.917901,131810,152211,136246,163676,
enrich_les512enrich01720210804_002,enrich,unspecified,expert,2199,graded,"probabilities to native, bilinear, then thresholded",0.905555,0.907876,0.911524,0.898900,0.915216,0.915521,121567,131747,130124,142326,
enrich_les514enrich01520210802_003,enrich,unspecified,expert,2200,graded,"probabilities to native, bilinear, then thresholded",0.893146,0.880094,0.908835,0.870217,0.912864,0.886994,118182,158243,128313,172147,
enrich_les522enrich05020210921_002,enrich,unspecified,expert,2200,graded,"probabilities to native, bilinear, then thresholded",0.894983,0.875246,0.918713,0.871365,0.923309,0.898198,123217,161642,134618,169900,
enrich_les524enrich01320210802_002,enrich,unspecified,expert,2199,graded,"probabilities to native, bilinear, then thresholded",0.904590,0.886786,0.905577,0.856829,0.915242,0.889674,145735,166286,160450,177064,
enrich_les525enrich03720210830_002,enrich,unspecified,expert,2200,graded,"probabilities to native, bilinear, then thresholded",0.888990,0.863105,0.890366,0.823553,0.899683,0.864087,138295,159049,156084,176878,
enrich_les531enrich02820210817_002,enrich,unspecified,expert,2200,graded,"probabilities to native, bilinear, then thresholded",0.880327,0.845954,0.870687,0.831256,0.885949,0.853473,115970,139632,129264,163099,
enrich_les537enrich01120210727_002,enrich,unspecified,expert,2200,graded,"probabilities to native, bilinear, then thresholded",0.867713,0.823616,0.883205,0.790383,0.893206,0.844748,127767,138975,149456,153931,
enrich_les556enrich08620220117_002,enrich,unspecified,expert,2200,graded,"probabilities to native, bilinear, then thresholded",0.937742,0.944006,0.928555,0.908627,0.942790,0.945428,194200,215456,199550,223807,
enrich_les556enrich08620220117_003,enrich,unspecified,expert,2199,graded,"probabilities to native, bilinear, then thresholded",0.906116,0.867728,0.920194,0.871953,0.922990,0.887078,189962,188563,203277,201296,
enrich_les562enrich04320210907_001,enrich,unspecified,expert,2200,graded,"probabilities to native, bilinear, then thresholded",0.900130,0.928590,0.900650,0.874243,0.914201,0.920116,130954,148704,133559,155432,
enrich_les567enrich02120210809_004,enrich,unspecified,expert,2198,graded,"probabilities to native, bilinear, then thresholded",0.896781,0.918815,0.892327,0.870080,0.909086,0.916439,108137,128297,111948,136254,
enrich_les577enrich11820220921_002,enrich,unspecified,expert,2200,graded,"probabilities to native, bilinear, then thresholded",0.892985,0.880647,0.893915,0.852780,0.908752,0.896548,131567,166926,144169,176382,
enrich_les577enrich11820220921_003,enrich,unspecified,expert,2199,graded,"probabilities to native, bilinear, then thresholded",0.899702,0.876683,0.898424,0.860092,0.912698,0.896206,150048,177624,160535,195516,
enrich_les586enrich08920220125_001,enrich,unspecified,expert,2198,graded,"probabilities to native, bilinear, then thresholded",0.876321,0.818806,0.906389,0.861549,0.909716,0.873385,160367,206494,177297,222977,
enrich_les586enrich08920220125_002,enrich,unspecified,expert,2200,graded,"probabilities to native, bilinear, then thresholded",0.887083,0.836944,0.928166,0.903898,0.917309,0.886601,153347,195874,176568,202074,
enrich_les595enrich09620220310_004,enrich,unspecified,expert,2199,graded,"probabilities to native, bilinear, then thresholded",0.927259,0.920061,0.913085,0.854208,0.922422,0.893843,155481,129837,164753,143257,
enrich_les607enrich11920221003_003,enrich,unspecified,expert,2200,graded,"probabilities to native, bilinear, then thresholded",0.905552,0.871724,0.901970,0.835811,0.906354,0.859362,143555,163623,158791,182333,
enrich_les616enrich09520220310_002,enrich,unspecified,expert,2200,graded,"probabilities to native, bilinear, then thresholded",0.922606,0.905676,0.896371,0.851472,0.914228,0.888917,131164,138352,141002,146992,
enrich_les617enrich11520220902_001,enrich,unspecified,expert,2198,graded,"probabilities to native, bilinear, then thresholded",0.874847,0.865038,0.864638,0.806560,0.885816,0.863775,119445,141581,129769,163483,
enrich_les617enrich11520220902_002,enrich,unspecified,expert,2200,graded,"probabilities to native, bilinear, then thresholded",0.857408,0.824526,0.870175,0.787091,0.889732,0.856785,104417,125521,121135,131071,
enrich_les625enrich9820220328_002,enrich,unspecified,expert,2200,graded,"probabilities to native, bilinear, then thresholded",0.901682,0.889236,0.897609,0.846080,0.904279,0.877790,138690,135740,153127,152292,
enrich_les644enrich09720220321_001,enrich,unspecified,expert,2199,graded,"probabilities to native, bilinear, then thresholded",0.870556,0.841880,0.879381,0.829076,0.885081,0.853559,126976,135293,133051,152921,
enrich_les661enrich11420220831_002,enrich,unspecified,expert,2199,graded,"probabilities to native, bilinear, then thresholded",0.894641,0.863244,0.854526,0.758896,0.881170,0.823831,137711,136511,152687,164664,
enrich_les664enrich10420220509_002,enrich,unspecified,expert,2199,graded,"probabilities to native, bilinear, then thresholded",0.908101,0.885451,0.920030,0.908384,0.925321,0.918080,171204,187727,186307,194354,
enrich_les683enrich11220220822_002,enrich,unspecified,expert,2200,graded,"probabilities to native, bilinear, then thresholded",0.892289,0.867242,0.882658,0.849026,0.907186,0.886462,162364,173000,168578,196568,
enrich_les687enrich10520220516_001,enrich,unspecified,expert,2201,graded,"probabilities to native, bilinear, then thresholded",0.868575,0.862774,0.897083,0.877937,0.903014,0.898806,144458,177868,153658,196889,
enrich_les687enrich10520220516_002,enrich,unspecified,expert,2200,graded,"probabilities to native, bilinear, then thresholded",0.902371,0.887286,0.933411,0.923246,0.924027,0.914281,137503,157304,148397,165829,
enrich_les700enrich10120220502_001,enrich,unspecified,expert,2199,graded,"probabilities to native, bilinear, then thresholded",0.886391,0.862099,0.890964,0.850237,0.896770,0.867393,119381,112867,132341,127127,
fives_100_d,fives,unspecified,expert,1418,graded,"probabilities to native, bilinear, then thresholded",0.816984,0.793779,0.880474,0.847997,0.904342,0.893558,56656,74670,53050,83304,
fives_105_g,fives,unspecified,expert,1418,graded,"probabilities to native, bilinear, then thresholded",0.859127,0.808372,0.904196,0.857998,0.902786,0.870225,62960,77190,75101,85005,
fives_106_g,fives,unspecified,expert,1417,graded,"probabilities to native, bilinear, then thresholded",0.891604,0.812686,0.903371,0.832933,0.914678,0.856342,71841,87124,83755,97385,
fives_107_g,fives,unspecified,expert,1417,graded,"probabilities to native, bilinear, then thresholded",0.904950,0.859770,0.895460,0.833404,0.916094,0.878558,75935,86842,81824,100320,
fives_109_g,fives,unspecified,expert,1418,graded,"probabilities to native, bilinear, then thresholded",0.913713,0.866301,0.903776,0.876687,0.935194,0.923244,63191,79725,69715,81180,
fives_110_g,fives,unspecified,expert,1417,graded,"probabilities to native, bilinear, then thresholded",0.881455,0.850987,0.919520,0.900577,0.921196,0.901847,56392,70088,64204,76308,
fives_112_g,fives,unspecified,expert,1417,graded,"probabilities to native, bilinear, then thresholded",0.743411,0.672940,0.796547,0.730037,0.856897,0.832134,48472,62055,63197,70713,
fives_115_g,fives,unspecified,expert,1418,graded,"probabilities to native, bilinear, then thresholded",0.810983,0.760387,0.875750,0.828144,0.880095,0.847148,50642,74319,60623,83774,
fives_116_g,fives,unspecified,expert,1419,graded,"probabilities to native, bilinear, then thresholded",0.709384,0.728890,0.860423,0.855467,0.832371,0.841815,41438,67205,54121,73277,
fives_117_g,fives,unspecified,expert,1418,graded,"probabilities to native, bilinear, then thresholded",0.780240,0.727336,0.882420,0.821061,0.866349,0.825333,45678,64070,60538,73003,
fives_118_g,fives,unspecified,expert,1421,graded,"probabilities to native, bilinear, then thresholded",0.936400,0.919930,0.943734,0.926795,0.955528,0.955615,75374,81828,78652,86569,
fives_120_g,fives,unspecified,expert,1417,graded,"probabilities to native, bilinear, then thresholded",0.873703,0.825386,0.929720,0.899528,0.913034,0.876296,64801,70476,76533,78016,
fives_124_g,fives,unspecified,expert,1418,graded,"probabilities to native, bilinear, then thresholded",0.747004,0.722094,0.911513,0.891517,0.878186,0.871164,38288,63220,51409,64030,
fives_125_g,fives,unspecified,expert,1417,graded,"probabilities to native, bilinear, then thresholded",0.886282,0.828565,0.921735,0.859865,0.915449,0.859575,57514,87095,65826,95823,
fives_126_g,fives,unspecified,expert,1421,graded,"probabilities to native, bilinear, then thresholded",0.759510,0.761770,0.903266,0.870517,0.885541,0.881761,41173,58787,52935,62980,
fives_128_g,fives,unspecified,expert,1418,graded,"probabilities to native, bilinear, then thresholded",0.901495,0.894084,0.921983,0.902670,0.921887,0.911700,49085,60814,56240,67338,
fives_12_a,fives,unspecified,expert,1422,graded,"probabilities to native, bilinear, then thresholded",0.927184,0.894592,0.942491,0.907504,0.948722,0.929534,63649,78401,67902,83330,
fives_131_g,fives,unspecified,expert,1420,graded,"probabilities to native, bilinear, then thresholded",0.840275,0.780110,0.852856,0.776816,0.914545,0.891259,64465,79338,75206,79629,
fives_132_g,fives,unspecified,expert,1418,graded,"probabilities to native, bilinear, then thresholded",0.789164,0.748665,0.891332,0.854468,0.870239,0.842954,36406,57477,48124,66479,
fives_134_g,fives,unspecified,expert,1419,graded,"probabilities to native, bilinear, then thresholded",0.835466,0.805424,0.882908,0.815135,0.881189,0.842830,58768,69689,72536,81013,
fives_139_g,fives,unspecified,expert,1421,graded,"probabilities to native, bilinear, then thresholded",0.891406,0.836649,0.909247,0.841627,0.920492,0.871313,72331,95433,79842,107790,
fives_13_a,fives,unspecified,expert,1422,graded,"probabilities to native, bilinear, then thresholded",0.872252,0.815364,0.864211,0.799740,0.913432,0.885897,60399,77352,66805,87735,
fives_140_g,fives,unspecified,expert,1417,graded,"probabilities to native, bilinear, then thresholded",0.702587,0.646691,0.835010,0.777602,0.830852,0.805805,30252,45641,44153,54365,
fives_141_g,fives,unspecified,expert,1418,graded,"probabilities to native, bilinear, then thresholded",0.859446,0.836349,0.873740,0.829970,0.896282,0.879256,58618,66305,68564,75220,
fives_14_a,fives,unspecified,expert,1421,graded,"probabilities to native, bilinear, then thresholded",0.902038,0.871289,0.926114,0.896755,0.938018,0.924437,58528,80091,65449,84757,
fives_151_n,fives,unspecified,expert,1419,graded,"probabilities to native, bilinear, then thresholded",0.814789,0.717487,0.836238,0.744742,0.859798,0.784863,66764,82235,72148,92897,
fives_156_n,fives,unspecified,expert,1421,graded,"probabilities to native, bilinear, then thresholded",0.891382,0.866880,0.882609,0.839323,0.900311,0.867645,42900,53887,48466,60517,
fives_157_n,fives,unspecified,expert,1416,graded,"probabilities to native, bilinear, then thresholded",0.757442,0.679518,0.867224,0.818998,0.856842,0.828858,62247,78324,79179,85553,
fives_15_a,fives,unspecified,expert,1419,graded,"probabilities to native, bilinear, then thresholded",0.898465,0.867048,0.917441,0.896355,0.929246,0.916077,56851,77026,66052,81018,
fives_160_n,fives,unspecified,expert,1418,graded,"probabilities to native, bilinear, then thresholded",0.902076,0.864175,0.901599,0.857934,0.925939,0.901369,71397,80001,79455,88677,
fives_161_n,fives,unspecified,expert,1418,graded,"probabilities to native, bilinear, then thresholded",0.871698,0.816851,0.892023,0.845340,0.914938,0.884564,55139,79433,64680,82639,
fives_162_n,fives,unspecified,expert,1419,graded,"probabilities to native, bilinear, then thresholded",0.793168,0.762158,0.881273,0.843457,0.867471,0.836768,59474,78505,73320,83109,
fives_163_n,fives,unspecified,expert,1418,graded,"probabilities to native, bilinear, then thresholded",0.850016,0.835180,0.866698,0.801510,0.887520,0.857157,48025,63998,57413,74147,
fives_164_n,fives,unspecified,expert,1417,graded,"probabilities to native, bilinear, then thresholded",0.737543,0.672648,0.869581,0.823439,0.842371,0.802851,42408,63184,63739,69887,
fives_165_n,fives,unspecified,expert,1418,graded,"probabilities to native, bilinear, then thresholded",0.766078,0.688824,0.774083,0.720566,0.832197,0.792045,59907,90117,79648,103529,
fives_166_n,fives,unspecified,expert,1418,graded,"probabilities to native, bilinear, then thresholded",0.790884,0.729146,0.775568,0.714402,0.821828,0.782274,64264,67574,84835,89725,
fives_167_n,fives,unspecified,expert,1418,graded,"probabilities to native, bilinear, then thresholded",0.784053,0.747921,0.795526,0.753706,0.814314,0.790277,61270,77267,69466,77061,
fives_168_n,fives,unspecified,expert,1419,graded,"probabilities to native, bilinear, then thresholded",0.697626,0.662505,0.730660,0.705039,0.760654,0.750742,52828,66501,67073,73931,
fives_169_n,fives,unspecified,expert,1417,graded,"probabilities to native, bilinear, then thresholded",0.881417,0.864449,0.906075,0.885641,0.908198,0.892255,73201,73065,81214,82825,
fives_16_a,fives,unspecified,expert,1422,graded,"probabilities to native, bilinear, then thresholded",0.820025,0.801273,0.869549,0.814246,0.908108,0.908703,53879,73072,69110,76509,
fives_170_n,fives,unspecified,expert,1417,graded,"probabilities to native, bilinear, then thresholded",0.880660,0.840954,0.898608,0.856331,0.912786,0.889863,61711,76759,74505,82327,
fives_172_n,fives,unspecified,expert,1419,graded,"probabilities to native, bilinear, then thresholded",0.845998,0.786838,0.851515,0.808519,0.922780,0.914132,76912,81839,84313,85181,
fives_176_n,fives,unspecified,expert,1420,graded,"probabilities to native, bilinear, then thresholded",0.761681,0.674440,0.682933,0.644347,0.818775,0.797683,71005,76389,80993,95748,
fives_17_a,fives,unspecified,expert,1419,graded,"probabilities to native, bilinear, then thresholded",0.908800,0.884286,0.914743,0.878132,0.942487,0.938410,65109,75787,64453,86241,
fives_1_a,fives,unspecified,expert,1419,graded,"probabilities to native, bilinear, then thresholded",0.898646,0.861446,0.900622,0.840195,0.920129,0.885377,79452,91257,86698,103504,
fives_22_a,fives,unspecified,expert,1424,graded,"probabilities to native, bilinear, then thresholded",0.927950,0.904670,0.921374,0.905124,0.944114,0.935600,67384,79369,73906,83668,
fives_23_a,fives,unspecified,expert,1424,graded,"probabilities to native, bilinear, then thresholded",0.917776,0.886626,0.921854,0.903188,0.944736,0.938041,68702,78627,73568,84056,
fives_25_a,fives,unspecified,expert,1421,graded,"probabilities to native, bilinear, then thresholded",0.899066,0.882525,0.930618,0.919518,0.923493,0.912001,53270,59732,60052,65660,
fives_26_a,fives,unspecified,expert,1422,graded,"probabilities to native, bilinear, then thresholded",0.933569,0.890342,0.940276,0.913791,0.944812,0.917927,65540,81433,72318,85518,
fives_28_a,fives,unspecified,expert,1421,graded,"probabilities to native, bilinear, then thresholded",0.820074,0.777675,0.873017,0.816076,0.901013,0.884272,61913,70132,67690,78218,
fives_2_a,fives,unspecified,expert,1418,graded,"probabilities to native, bilinear, then thresholded",0.890349,0.848873,0.901631,0.861420,0.921708,0.898383,69438,84016,77163,91222,
fives_30_a,fives,unspecified,expert,1419,graded,"probabilities to native, bilinear, then thresholded",0.873139,0.819265,0.863430,0.824414,0.892006,0.864229,52933,66885,55950,79304,
fives_33_a,fives,unspecified,expert,1420,graded,"probabilities to native, bilinear, then thresholded",0.837862,0.809916,0.861393,0.809238,0.913603,0.897616,97967,102902,96478,123782,
fives_34_a,fives,unspecified,expert,1421,graded,"probabilities to native, bilinear, then thresholded",0.633526,0.661877,0.805148,0.764915,0.851400,0.832072,48474,55881,47500,79483,
fives_35_a,fives,unspecified,expert,1419,graded,"probabilities to native, bilinear, then thresholded",0.925462,0.890820,0.920553,0.884854,0.943191,0.927592,71308,85184,77837,91425,
fives_36_a,fives,unspecified,expert,1420,graded,"probabilities to native, bilinear, then thresholded",0.886038,0.826008,0.929474,0.889762,0.927751,0.900520,73105,79036,84834,84392,
fives_39_a,fives,unspecified,expert,1422,graded,"probabilities to native, bilinear, then thresholded",0.833869,0.794365,0.861813,0.780395,0.891432,0.842936,52206,64316,59188,79576,
fives_3_a,fives,unspecified,expert,1418,graded,"probabilities to native, bilinear, then thresholded",0.895619,0.866189,0.918315,0.884673,0.938037,0.922855,94783,114923,105195,118350,
fives_58_d,fives,unspecified,expert,1421,graded,"probabilities to native, bilinear, then thresholded",0.872734,0.854416,0.902964,0.895275,0.929166,0.923019,58286,74481,58705,85450,
fives_59_d,fives,unspecified,expert,1420,graded,"probabilities to native, bilinear, then thresholded",0.859165,0.810349,0.899001,0.858903,0.913082,0.883682,59371,77526,67110,89466,
fives_67_d,fives,unspecified,expert,1417,graded,"probabilities to native, bilinear, then thresholded",0.724925,0.667039,0.798450,0.699391,0.833857,0.803067,45135,46664,47887,58655,
fives_68_d,fives,unspecified,expert,1418,graded,"probabilities to native, bilinear, then thresholded",0.899729,0.866827,0.934601,0.914515,0.931501,0.914407,51226,74320,59145,78984,
fives_69_d,fives,unspecified,expert,1421,graded,"probabilities to native, bilinear, then thresholded",0.921550,0.889913,0.915274,0.873877,0.937948,0.914085,71550,75474,77870,82070,
fives_70_d,fives,unspecified,expert,1419,graded,"probabilities to native, bilinear, then thresholded",0.914884,0.875866,0.947517,0.919209,0.943452,0.920321,60437,73074,64674,78098,
fives_72_d,fives,unspecified,expert,1418,graded,"probabilities to native, bilinear, then thresholded",0.860251,0.787533,0.890531,0.841372,0.892014,0.842007,54120,66002,66217,77034,
fives_73_d,fives,unspecified,expert,1422,graded,"probabilities to native, bilinear, then thresholded",0.827068,0.754439,0.867017,0.810494,0.906292,0.883700,55427,69745,62319,74672,
fives_77_d,fives,unspecified,expert,1419,graded,"probabilities to native, bilinear, then thresholded",0.791329,0.741012,0.912616,0.868991,0.897176,0.870040,52416,77619,60417,87778,
fives_79_d,fives,unspecified,expert,1420,graded,"probabilities to native, bilinear, then thresholded",0.775110,0.752615,0.898935,0.856254,0.890173,0.864639,46774,78032,57877,92443,
fives_80_d,fives,unspecified,expert,1419,graded,"probabilities to native, bilinear, then thresholded",0.846674,0.769271,0.923944,0.882794,0.915056,0.866412,40027,77608,46273,86088,
fives_81_d,fives,unspecified,expert,1420,graded,"probabilities to native, bilinear, then thresholded",0.837182,0.799816,0.867078,0.821099,0.900076,0.868573,57163,63389,65833,74068,
fives_84_d,fives,unspecified,expert,1421,graded,"probabilities to native, bilinear, then thresholded",0.843266,0.814669,0.862071,0.830769,0.893811,0.880974,58684,75697,57047,89287,
fives_86_d,fives,unspecified,expert,1419,graded,"probabilities to native, bilinear, then thresholded",0.864928,0.794078,0.950251,0.918747,0.927652,0.888261,38403,82695,46589,88041,
fives_87_d,fives,unspecified,expert,1420,graded,"probabilities to native, bilinear, then thresholded",0.877773,0.820647,0.895041,0.816348,0.916899,0.874340,61574,75177,66728,78387,
fives_89_d,fives,unspecified,expert,1421,graded,"probabilities to native, bilinear, then thresholded",0.944988,0.912432,0.923329,0.888788,0.942214,0.917376,60314,69625,62096,78279,
fives_92_d,fives,unspecified,expert,1420,graded,"probabilities to native, bilinear, then thresholded",0.715370,0.677158,0.840262,0.759677,0.834643,0.793064,65586,66369,64344,78493,
grape_grape102_os_1,grape,unspecified,expert,1420,graded,"probabilities to native, bilinear, then thresholded",0.859204,0.823975,0.943631,0.925978,0.920450,0.898440,50000,61022,58796,62787,
grape_grape105_od_2,grape,unspecified,expert,1420,graded,"probabilities to native, bilinear, then thresholded",0.843630,0.776201,0.865391,0.803266,0.895194,0.847897,63034,72236,70764,85658,
grape_grape106_os_3,grape,unspecified,expert,1409,graded,"probabilities to native, bilinear, then thresholded",0.874031,0.825106,0.903170,0.853974,0.905987,0.872381,63418,68272,78545,75092,
grape_grape107_os_1,grape,unspecified,expert,1420,graded,"probabilities to native, bilinear, then thresholded",0.903515,0.868946,0.905303,0.878070,0.920887,0.902132,62348,79608,66356,85192,
grape_grape108_od_3,grape,unspecified,expert,1422,graded,"probabilities to native, bilinear, then thresholded",0.877236,0.825942,0.887689,0.837557,0.907003,0.876204,76054,78022,88440,87973,
grape_grape10_od_2,grape,unspecified,expert,1419,graded,"probabilities to native, bilinear, then thresholded",0.823405,0.774641,0.874348,0.832402,0.864918,0.829428,31747,50421,41092,61555,
grape_grape111_od_6,grape,unspecified,expert,1409,graded,"probabilities to native, bilinear, then thresholded",0.839858,0.809623,0.905019,0.872334,0.909134,0.886178,78452,81476,92153,91517,
grape_grape112_od_1,grape,unspecified,expert,1418,graded,"probabilities to native, bilinear, then thresholded",0.898487,0.848180,0.926932,0.884812,0.919413,0.876763,60908,76645,69371,84478,
grape_grape113_os_4,grape,unspecified,expert,1419,graded,"probabilities to native, bilinear, then thresholded",0.925261,0.884207,0.926993,0.886401,0.935751,0.904690,63998,78444,70671,85911,
grape_grape114_os_1,grape,unspecified,expert,1421,graded,"probabilities to native, bilinear, then thresholded",0.893560,0.844362,0.911862,0.867208,0.920376,0.887186,64366,85943,71448,95295,
grape_grape116_os_1,grape,unspecified,expert,1421,graded,"probabilities to native, bilinear, then thresholded",0.815657,0.744430,0.899931,0.849349,0.885602,0.840235,45790,61840,52901,70788,
grape_grape120_od_1,grape,unspecified,expert,1422,graded,"probabilities to native, bilinear, then thresholded",0.816325,0.780284,0.885298,0.859668,0.888597,0.871925,55578,69260,65222,76212,
grape_grape121_os_1,grape,unspecified,expert,1420,graded,"probabilities to native, bilinear, then thresholded",0.910217,0.898009,0.877757,0.802399,0.899667,0.860066,63320,63813,71026,75811,
grape_grape122_os_6,grape,unspecified,expert,1408,graded,"probabilities to native, bilinear, then thresholded",0.809757,0.753160,0.864486,0.827287,0.874413,0.853856,58256,69941,72729,82147,
grape_grape123_os_5,grape,unspecified,expert,1408,graded,"probabilities to native, bilinear, then thresholded",0.872536,0.826271,0.891677,0.860151,0.905074,0.875869,65942,77348,78114,88674,
grape_grape126_os_1,grape,unspecified,expert,1419,graded,"probabilities to native, bilinear, then thresholded",0.918090,0.884849,0.926157,0.885649,0.932049,0.900792,75644,92066,82724,100830,
grape_grape127_os_5,grape,unspecified,expert,1418,graded,"probabilities to native, bilinear, then thresholded",0.658321,0.620923,0.832183,0.771838,0.787829,0.742520,35205,59730,62167,77014,
grape_grape128_od_3,grape,unspecified,expert,1410,graded,"probabilities to native, bilinear, then thresholded",0.892601,0.855254,0.894453,0.854380,0.908458,0.882488,44692,60919,50197,69753,
grape_grape12_os_4,grape,unspecified,expert,1418,graded,"probabilities to native, bilinear, then thresholded",0.874178,0.860242,0.925826,0.901635,0.911955,0.892340,54210,85449,65372,93792,
grape_grape131_od_4,grape,unspecified,expert,1409,graded,"probabilities to native, bilinear, then thresholded",0.870152,0.839534,0.914053,0.882033,0.917816,0.905253,66595,79594,77265,89742,
grape_grape132_od_1,grape,unspecified,expert,1417,graded,"probabilities to native, bilinear, then thresholded",0.875390,0.853545,0.873620,0.860219,0.896410,0.884578,51583,61006,56739,72306,
grape_grape134_od_5,grape,unspecified,expert,1408,graded,"probabilities to native, bilinear, then thresholded",0.895081,0.872712,0.893143,0.851182,0.921161,0.904126,72638,79372,78383,88095,
grape_grape136_os_3,grape,unspecified,expert,1409,graded,"probabilities to native, bilinear, then thresholded",0.883079,0.845546,0.920362,0.889090,0.918079,0.895964,71773,83168,79346,90266,
grape_grape138_od_4,grape,unspecified,expert,1408,graded,"probabilities to native, bilinear, then thresholded",0.877764,0.807729,0.888344,0.833602,0.911247,0.868379,61215,64758,71406,73542,
grape_grape139_od_1,grape,unspecified,expert,1420,graded,"probabilities to native, bilinear, then thresholded",0.934357,0.929024,0.938580,0.924995,0.955658,0.959024,71428,83464,74238,85519,
grape_grape140_od_1,grape,unspecified,expert,1420,graded,"probabilities to native, bilinear, then thresholded",0.785638,0.692665,0.885369,0.813243,0.860158,0.789953,43856,63533,56745,75347,
grape_grape141_od_4,grape,unspecified,expert,1418,graded,"probabilities to native, bilinear, then thresholded",0.832604,0.748015,0.896514,0.822600,0.899149,0.837654,69755,85159,84741,93319,
grape_grape143_od_3,grape,unspecified,expert,1419,graded,"probabilities to native, bilinear, then thresholded",0.849712,0.802634,0.891361,0.848777,0.904643,0.873023,67026,71719,78541,82277,
grape_grape144_os_1,grape,unspecified,expert,1418,graded,"probabilities to native, bilinear, then thresholded",0.871256,0.826215,0.886438,0.848195,0.897292,0.868102,59811,75843,68886,88164,
grape_grape17_os_1,grape,unspecified,expert,1418,graded,"probabilities to native, bilinear, then thresholded",0.904695,0.867563,0.909546,0.875089,0.925320,0.903413,74332,84475,84526,92211,
grape_grape18_od_3,grape,unspecified,expert,1409,graded,"probabilities to native, bilinear, then thresholded",0.835513,0.796465,0.896213,0.863380,0.907993,0.897932,53626,59150,60079,67349,
grape_grape20_od_1,grape,unspecified,expert,1419,graded,"probabilities to native, bilinear, then thresholded",0.872761,0.809333,0.894761,0.851051,0.909461,0.875142,62804,76980,70096,84965,
grape_grape23_od_2,grape,unspecified,expert,1421,graded,"probabilities to native, bilinear, then thresholded",0.896743,0.875649,0.911267,0.882364,0.924104,0.912569,57020,73656,61558,79421,
grape_grape24_od_1,grape,unspecified,expert,1421,graded,"probabilities to native, bilinear, then thresholded",0.833802,0.775207,0.852770,0.803062,0.900400,0.878342,74101,95056,88175,99069,
grape_grape25_os_1,grape,unspecified,expert,1419,graded,"probabilities to native, bilinear, then thresholded",0.902109,0.881309,0.905868,0.874171,0.933409,0.924578,75288,90630,80119,99570,
grape_grape27_od_2,grape,unspecified,expert,1419,graded,"probabilities to native, bilinear, then thresholded",0.935728,0.924387,0.948034,0.940939,0.953000,0.948897,64649,85255,68768,89629,
grape_grape30_od_3,grape,unspecified,expert,1409,graded,"probabilities to native, bilinear, then thresholded",0.874343,0.843260,0.916456,0.886056,0.914647,0.898903,48189,67249,56278,73144,
grape_grape31_os_3,grape,unspecified,expert,1409,graded,"probabilities to native, bilinear, then thresholded",0.884031,0.839691,0.915169,0.866344,0.920377,0.886495,63094,90371,71899,99701,
grape_grape32_od_1,grape,unspecified,expert,1417,graded,"probabilities to native, bilinear, then thresholded",0.802148,0.820436,0.875587,0.860801,0.846207,0.847218,44422,57305,52969,60995,
grape_grape34_os_2,grape,unspecified,expert,1419,graded,"probabilities to native, bilinear, then thresholded",0.851144,0.824621,0.871682,0.845033,0.885677,0.869934,62043,66547,72268,77758,
grape_grape35_od_1,grape,unspecified,expert,1419,graded,"probabilities to native, bilinear, then thresholded",0.901256,0.870033,0.917000,0.893165,0.929127,0.916851,71586,82073,79310,89434,
grape_grape36_os_3,grape,unspecified,expert,1408,graded,"probabilities to native, bilinear, then thresholded",0.916267,0.878102,0.932574,0.912565,0.931933,0.908799,62733,62011,70464,66768,
grape_grape37_od_4,grape,unspecified,expert,1409,graded,"probabilities to native, bilinear, then thresholded",0.844539,0.814088,0.875471,0.840860,0.897778,0.885976,65259,71617,76262,83760,
grape_grape38_od_3,grape,unspecified,expert,1419,graded,"probabilities to native, bilinear, then thresholded",0.843201,0.817357,0.832054,0.794734,0.881768,0.851084,60678,60884,67301,79905,
grape_grape39_od_3,grape,unspecified,expert,1418,graded,"probabilities to native, bilinear, then thresholded",0.854955,0.798403,0.865983,0.832579,0.903130,0.878214,66301,89406,78027,98831,
grape_grape40_od_1,grape,unspecified,expert,1421,graded,"probabilities to native, bilinear, then thresholded",0.885114,0.854112,0.942447,0.934342,0.929559,0.913241,55514,77037,63291,81321,
grape_grape42_od_1,grape,unspecified,expert,1419,graded,"probabilities to native, bilinear, then thresholded",0.939702,0.927962,0.928770,0.895209,0.948531,0.935683,65877,67759,67561,71860,
grape_grape43_od_3,grape,unspecified,expert,1419,graded,"probabilities to native, bilinear, then thresholded",0.820449,0.803731,0.885741,0.842497,0.896676,0.881287,52028,70115,64730,77944,
grape_grape44_os_1,grape,unspecified,expert,1420,graded,"probabilities to native, bilinear, then thresholded",0.877572,0.825799,0.891143,0.840002,0.917328,0.897294,62811,82376,70721,86625,
grape_grape45_od_2,grape,unspecified,expert,1418,graded,"probabilities to native, bilinear, then thresholded",0.846865,0.815401,0.885515,0.834109,0.912244,0.898225,50385,65321,61092,65945,
grape_grape46_od_4,grape,unspecified,expert,1420,graded,"probabilities to native, bilinear, then thresholded",0.904371,0.870791,0.928051,0.887931,0.932119,0.904649,62292,89448,67847,96031,
grape_grape48_od_1,grape,unspecified,expert,1418,graded,"probabilities to native, bilinear, then thresholded",0.813476,0.789961,0.854105,0.813429,0.869575,0.841219,52058,53073,63820,59220,
grape_grape49_os_1,grape,unspecified,expert,1423,graded,"probabilities to native, bilinear, then thresholded",0.871891,0.809165,0.902162,0.852667,0.909802,0.873360,66204,78862,80328,87505,
grape_grape4_os_3,grape,unspecified,expert,1408,graded,"probabilities to native, bilinear, then thresholded",0.886694,0.847471,0.901768,0.856435,0.906154,0.876926,52691,61625,64028,68994,
grape_grape51_od_4,grape,unspecified,expert,1409,graded,"probabilities to native, bilinear, then thresholded",0.857370,0.837266,0.880881,0.850028,0.894488,0.885722,46178,59620,54418,65784,
grape_grape53_os_2,grape,unspecified,expert,1420,graded,"probabilities to native, bilinear, then thresholded",0.887754,0.872943,0.907150,0.877560,0.933655,0.925482,56010,70652,59139,73203,
grape_grape55_od_1,grape,unspecified,expert,1420,graded,"probabilities to native, bilinear, then thresholded",0.805287,0.783555,0.898648,0.879154,0.888150,0.878200,50585,55272,58509,64212,
grape_grape58_od_2,grape,unspecified,expert,1420,graded,"probabilities to native, bilinear, then thresholded",0.845658,0.783491,0.895732,0.841504,0.894737,0.841525,56167,70071,68018,80090,
grape_grape5_os_6,grape,unspecified,expert,1409,graded,"probabilities to native, bilinear, then thresholded",0.863157,0.812396,0.882796,0.815112,0.896042,0.856093,49067,62312,60920,71148,
grape_grape60_os_1,grape,unspecified,expert,1420,graded,"probabilities to native, bilinear, then thresholded",0.827473,0.748895,0.908215,0.852299,0.889606,0.838726,58357,80117,72828,91098,
grape_grape61_os_3,grape,unspecified,expert,1420,graded,"probabilities to native, bilinear, then thresholded",0.838843,0.778511,0.866638,0.815534,0.898412,0.858528,80102,85443,97607,96326,
grape_grape63_od_1,grape,unspecified,expert,1418,graded,"probabilities to native, bilinear, then thresholded",0.853665,0.800345,0.910648,0.866205,0.901691,0.867449,49122,64940,60401,71800,
grape_grape67_os_3,grape,unspecified,expert,1421,graded,"probabilities to native, bilinear, then thresholded",0.841096,0.799784,0.865720,0.803915,0.885774,0.846829,64758,74316,75673,90943,
grape_grape68_os_1,grape,unspecified,expert,1421,graded,"probabilities to native, bilinear, then thresholded",0.862123,0.811304,0.885181,0.849747,0.918148,0.897286,76105,83523,80752,99287,
grape_grape6_od_2,grape,unspecified,expert,1420,graded,"probabilities to native, bilinear, then thresholded",0.764768,0.733113,0.905642,0.858458,0.869163,0.831105,42990,70833,56431,81470,
grape_grape70_od_1,grape,unspecified,expert,1421,graded,"probabilities to native, bilinear, then thresholded",0.609363,0.633595,0.816997,0.804477,0.803314,0.796240,32417,59513,45937,74938,
grape_grape71_os_1,grape,unspecified,expert,1422,graded,"probabilities to native, bilinear, then thresholded",0.891547,0.865703,0.914495,0.869547,0.918760,0.892885,58463,73849,66089,78014,
grape_grape73_os_4,grape,unspecified,expert,1409,graded,"probabilities to native, bilinear, then thresholded",0.843957,0.810623,0.900446,0.876790,0.894907,0.875765,46416,60205,57940,66721,
grape_grape74_os_1,grape,unspecified,expert,1419,graded,"probabilities to native, bilinear, then thresholded",0.872280,0.803010,0.903529,0.854871,0.914317,0.870520,49735,68448,60592,72258,
grape_grape75_od_3,grape,unspecified,expert,1417,graded,"probabilities to native, bilinear, then thresholded",0.863824,0.831400,0.827765,0.770444,0.892787,0.861972,70165,64918,76851,83484,
grape_grape76_os_1,grape,unspecified,expert,1421,graded,"probabilities to native, bilinear, then thresholded",0.906547,0.867904,0.910880,0.871539,0.928622,0.907490,72675,74499,80568,78586,
grape_grape77_os_3,grape,unspecified,expert,1420,graded,"probabilities to native, bilinear, then thresholded",0.908173,0.887293,0.928500,0.904868,0.933432,0.919301,71795,81568,80383,87020,
grape_grape7_os_1,grape,unspecified,expert,1421,graded,"probabilities to native, bilinear, then thresholded",0.899320,0.876710,0.924247,0.906586,0.936071,0.921546,65984,83775,70995,93526,
grape_grape81_os_1,grape,unspecified,expert,1421,graded,"probabilities to native, bilinear, then thresholded",0.913079,0.886647,0.896706,0.848702,0.919935,0.883267,53273,62797,58875,73339,
grape_grape82_os_4,grape,unspecified,expert,1419,graded,"probabilities to native, bilinear, then thresholded",0.890770,0.851337,0.904083,0.871938,0.922224,0.904456,66188,73659,77097,80172,
grape_grape83_os_2,grape,unspecified,expert,1420,graded,"probabilities to native, bilinear, then thresholded",0.905978,0.874093,0.902408,0.863006,0.911425,0.876825,62424,69535,72076,80579,
grape_grape84_os_1,grape,unspecified,expert,1421,graded,"probabilities to native, bilinear, then thresholded",0.884657,0.841716,0.889283,0.835008,0.900790,0.861450,55740,66864,61614,80376,
grape_grape86_os_1,grape,unspecified,expert,1421,graded,"probabilities to native, bilinear, then thresholded",0.828406,0.789443,0.914020,0.876650,0.904319,0.878711,48201,75649,61226,83201,
grape_grape87_od_1,grape,unspecified,expert,1425,graded,"probabilities to native, bilinear, then thresholded",0.855226,0.789433,0.891766,0.855146,0.917244,0.885432,56565,67267,66717,72357,
grape_grape8_od_1,grape,unspecified,expert,1422,graded,"probabilities to native, bilinear, then thresholded",0.851727,0.832597,0.886091,0.864579,0.917208,0.903244,66716,68939,69708,81163,
grape_grape90_od_1,grape,unspecified,expert,1420,graded,"probabilities to native, bilinear, then thresholded",0.881953,0.848853,0.908278,0.856799,0.918974,0.892554,55184,76036,63938,84602,
grape_grape91_od_1,grape,unspecified,expert,1419,graded,"probabilities to native, bilinear, then thresholded",0.897541,0.833910,0.923494,0.885782,0.930318,0.898050,61969,81492,71148,87293,
grape_grape92_od_1,grape,unspecified,expert,1419,graded,"probabilities to native, bilinear, then thresholded",0.893090,0.855676,0.881321,0.828073,0.904677,0.874471,63454,68641,70275,79498,
grape_grape94_od_3,grape,unspecified,expert,1420,graded,"probabilities to native, bilinear, then thresholded",0.844414,0.800533,0.905162,0.850406,0.900032,0.864034,60278,73836,72176,83864,
grape_grape95_os_8,grape,unspecified,expert,1419,graded,"probabilities to native, bilinear, then thresholded",0.872314,0.855573,0.885496,0.822287,0.892201,0.851664,50927,69960,59884,84568,
grape_grape98_os_1,grape,unspecified,expert,1421,graded,"probabilities to native, bilinear, then thresholded",0.846595,0.795727,0.890815,0.853031,0.927750,0.915941,62768,73048,66250,80645,
magreb_fimage10prime,magreb,unspecified,expert,1448,graded,"probabilities to native, bilinear, then thresholded",0.873253,0.856676,0.885758,0.873496,0.923276,0.926649,63270,73880,70350,84127,
magreb_fimage11prime,magreb,unspecified,expert,1453,graded,"probabilities to native, bilinear, then thresholded",0.862310,0.863851,0.869230,0.846538,0.900019,0.895840,47363,48655,51889,57004,
magreb_fimage12prime,magreb,unspecified,expert,1445,graded,"probabilities to native, bilinear, then thresholded",0.852860,0.848306,0.907476,0.872594,0.906851,0.899471,57712,82609,67774,96133,
magreb_fimage13prime,magreb,unspecified,expert,1450,graded,"probabilities to native, bilinear, then thresholded",0.902557,0.874840,0.898956,0.858627,0.930105,0.915999,67271,67796,69722,77864,
magreb_fimage14prime,magreb,unspecified,expert,1456,graded,"probabilities to native, bilinear, then thresholded",0.861596,0.824132,0.882025,0.841769,0.906193,0.892280,65026,81937,74457,95516,
magreb_fimage16prime,magreb,unspecified,expert,1453,graded,"probabilities to native, bilinear, then thresholded",0.887522,0.870826,0.899630,0.878542,0.907218,0.893968,60661,70159,69533,82984,
magreb_fimage17prime,magreb,unspecified,expert,1453,graded,"probabilities to native, bilinear, then thresholded",0.819357,0.767686,0.857502,0.774475,0.916616,0.905945,69950,71860,68539,80009,
magreb_fimage18prime,magreb,unspecified,expert,1450,graded,"probabilities to native, bilinear, then thresholded",0.916264,0.891772,0.918582,0.876127,0.933371,0.917350,66689,76586,71387,84262,
magreb_fimage1prime,magreb,unspecified,expert,1453,graded,"probabilities to native, bilinear, then thresholded",0.892388,0.871381,0.912320,0.911501,0.930458,0.937900,56285,62010,61666,68339,
magreb_fimage22prime,magreb,unspecified,expert,1453,graded,"probabilities to native, bilinear, then thresholded",0.883190,0.831306,0.909990,0.856894,0.917160,0.870185,59009,78129,72795,84119,
magreb_fimage24prime,magreb,unspecified,expert,1452,graded,"probabilities to native, bilinear, then thresholded",0.873281,0.844123,0.883572,0.848520,0.914861,0.906786,69050,72082,77313,82004,
magreb_fimage26prime,magreb,unspecified,expert,1411,graded,"probabilities to native, bilinear, then thresholded",0.870264,0.815417,0.878626,0.802098,0.911321,0.873596,69637,73616,78155,84704,
magreb_fimage27prime,magreb,unspecified,expert,1447,graded,"probabilities to native, bilinear, then thresholded",0.844488,0.824388,0.893952,0.864194,0.914403,0.914458,57282,68957,66149,75543,
magreb_fimage28prime,magreb,unspecified,expert,1457,graded,"probabilities to native, bilinear, then thresholded",0.703510,0.697758,0.835881,0.782196,0.831662,0.811881,45406,79249,59036,94905,
magreb_fimage29prime,magreb,unspecified,expert,1446,graded,"probabilities to native, bilinear, then thresholded",0.890215,0.861993,0.930050,0.909613,0.943146,0.938427,72500,76185,80618,80099,
magreb_fimage2prime,magreb,unspecified,expert,1448,graded,"probabilities to native, bilinear, then thresholded",0.801918,0.748840,0.865067,0.834364,0.887794,0.876585,58091,62332,68261,74314,
magreb_fimage30prime,magreb,unspecified,expert,1449,graded,"probabilities to native, bilinear, then thresholded",0.748659,0.712671,0.831601,0.796320,0.899157,0.878951,54937,66331,50040,83587,
magreb_fimage33prime,magreb,unspecified,expert,1452,graded,"probabilities to native, bilinear, then thresholded",0.833713,0.785953,0.861889,0.819178,0.909116,0.901854,62189,65210,61609,76184,
magreb_fimage34prime,magreb,unspecified,expert,1450,graded,"probabilities to native, bilinear, then thresholded",0.920636,0.875104,0.920105,0.880889,0.934271,0.907962,61312,71537,69226,77809,
magreb_fimage36prime,magreb,unspecified,expert,1452,graded,"probabilities to native, bilinear, then thresholded",0.935659,0.903907,0.913263,0.868306,0.939362,0.910467,80301,78864,87664,89116,
magreb_fimage37prime,magreb,unspecified,expert,1446,graded,"probabilities to native, bilinear, then thresholded",0.851020,0.794667,0.898411,0.833238,0.926982,0.902100,57247,75424,55956,85716,
magreb_fimage40prime,magreb,unspecified,expert,1450,graded,"probabilities to native, bilinear, then thresholded",0.926443,0.905316,0.918296,0.881404,0.940366,0.930709,66803,76082,70615,84045,
magreb_fimage41prime,magreb,unspecified,expert,1451,graded,"probabilities to native, bilinear, then thresholded",0.910109,0.868044,0.913409,0.873545,0.922655,0.889277,67667,78785,77676,89315,
magreb_fimage43prime,magreb,unspecified,expert,1453,graded,"probabilities to native, bilinear, then thresholded",0.887033,0.861331,0.905108,0.850881,0.917795,0.880269,59009,78129,70905,84519,
magreb_fimage44prime,magreb,unspecified,expert,1453,graded,"probabilities to native, bilinear, then thresholded",0.888373,0.818344,0.900660,0.830582,0.914561,0.857563,58498,64246,63883,74923,
magreb_fimage46prime,magreb,unspecified,expert,1452,graded,"probabilities to native, bilinear, then thresholded",0.871163,0.834339,0.898169,0.880304,0.912222,0.904638,69044,71491,77932,83001,
magreb_fimage47prime,magreb,unspecified,expert,1449,graded,"probabilities to native, bilinear, then thresholded",0.901746,0.893330,0.888962,0.860147,0.937689,0.929881,79543,82917,86455,92465,
magreb_fimage5prime,magreb,unspecified,expert,1452,graded,"probabilities to native, bilinear, then thresholded",0.761190,0.699402,0.817619,0.762437,0.851355,0.820286,52228,61882,69153,75194,
magreb_fimage6prime,magreb,unspecified,expert,1454,graded,"probabilities to native, bilinear, then thresholded",0.884908,0.834376,0.917700,0.893474,0.936724,0.925588,70902,76200,74234,84238,
magreb_fimage7prime,magreb,unspecified,expert,1454,graded,"probabilities to native, bilinear, then thresholded",0.847524,0.818005,0.897463,0.879148,0.895093,0.878777,53916,72070,64844,83562,
magreb_fimage9prime,magreb,unspecified,expert,1450,graded,"probabilities to native, bilinear, then thresholded",0.785345,0.761935,0.863239,0.794440,0.859932,0.818956,29226,51004,33824,64628,
magreb_mimage10prime,magreb,unspecified,expert,1425,graded,"probabilities to native, bilinear, then thresholded",0.907268,0.880209,0.890352,0.822974,0.915662,0.881431,57921,65525,63461,79348,
magreb_mimage11prime,magreb,unspecified,expert,1453,graded,"probabilities to native, bilinear, then thresholded",0.919317,0.893932,0.939781,0.903806,0.947232,0.920351,67076,79217,74379,82808,
magreb_mimage12prime,magreb,unspecified,expert,1430,graded,"probabilities to native, bilinear, then thresholded",0.930737,0.917940,0.915017,0.874237,0.942898,0.927134,71000,64783,76004,72915,
magreb_mimage13prime,magreb,unspecified,expert,1424,graded,"probabilities to native, bilinear, then thresholded",0.839899,0.803754,0.898082,0.868232,0.898473,0.884281,57570,71990,66814,84292,
magreb_mimage14prime,magreb,unspecified,expert,1428,graded,"probabilities to native, bilinear, then thresholded",0.872184,0.885076,0.900196,0.881929,0.911953,0.921219,49898,58885,58265,69496,
magreb_mimage15prime,magreb,unspecified,expert,1417,graded,"probabilities to native, bilinear, then thresholded",0.813077,0.789973,0.848668,0.832790,0.891915,0.888413,51032,58678,51042,71083,
magreb_mimage16prime,magreb,unspecified,expert,1427,graded,"probabilities to native, bilinear, then thresholded",0.828112,0.793458,0.885497,0.853534,0.901825,0.893785,48857,61119,55327,71882,
magreb_mimage17prime,magreb,unspecified,expert,1424,graded,"probabilities to native, bilinear, then thresholded",0.784554,0.755722,0.743448,0.766477,0.803885,0.817975,46008,42764,60065,68122,
magreb_mimage18prime,magreb,unspecified,expert,1425,graded,"probabilities to native, bilinear, then thresholded",0.849566,0.797572,0.885559,0.864957,0.902572,0.877369,49453,52792,58428,61599,
magreb_mimage19prime,magreb,unspecified,expert,1425,graded,"probabilities to native, bilinear, then thresholded",0.720258,0.703388,0.717808,0.694702,0.846384,0.843882,63154,55298,51616,74433,
magreb_mimage20prime,magreb,unspecified,expert,1447,graded,"probabilities to native, bilinear, then thresholded",0.885536,0.850920,0.895256,0.873709,0.908580,0.894263,57252,62414,66551,71293,
magreb_mimage21prime,magreb,unspecified,expert,1445,graded,"probabilities to native, bilinear, then thresholded",0.818665,0.800553,0.844890,0.849786,0.881699,0.891090,50613,61745,61103,76621,
magreb_mimage22prime,magreb,unspecified,expert,1423,graded,"probabilities to native, bilinear, then thresholded",0.893174,0.892620,0.931773,0.929125,0.929279,0.928993,66164,82948,76451,90487,
magreb_mimage23prime,magreb,unspecified,expert,1456,graded,"probabilities to native, bilinear, then thresholded",0.875546,0.831031,0.887612,0.814034,0.920253,0.882900,84940,100956,97191,108453,
magreb_mimage24prime,magreb,unspecified,expert,1424,graded,"probabilities to native, bilinear, then thresholded",0.877887,0.843068,0.919071,0.877493,0.939734,0.921810,91483,96609,104246,100279,
magreb_mimage25prime,magreb,unspecified,expert,1429,graded,"probabilities to native, bilinear, then thresholded",0.903138,0.882469,0.921049,0.910525,0.935211,0.933083,65788,80166,72532,87293,
magreb_mimage26prime,magreb,unspecified,expert,1423,graded,"probabilities to native, bilinear, then thresholded",0.861349,0.837446,0.892561,0.877611,0.924871,0.916156,70272,78137,72569,88144,
magreb_mimage29prime,magreb,unspecified,expert,1424,graded,"probabilities to native, bilinear, then thresholded",0.718875,0.700158,0.700958,0.675597,0.872605,0.851783,80299,52803,73430,84181,
magreb_mimage2prime,magreb,unspecified,expert,1445,graded,"probabilities to native, bilinear, then thresholded",0.606140,0.585843,0.675103,0.655263,0.812569,0.796466,51888,40760,52055,71374,
magreb_mimage30prime,magreb,unspecified,expert,1439,graded,"probabilities to native, bilinear, then thresholded",0.554012,0.509811,0.770393,0.695613,0.820717,0.779145,28408,41314,29616,61405,
magreb_mimage31prime,magreb,unspecified,expert,1445,graded,"probabilities to native, bilinear, then thresholded",0.619698,0.589243,0.691047,0.667222,0.827739,0.801080,51896,40785,51038,68594,
magreb_mimage32prime,magreb,unspecified,expert,1425,graded,"probabilities to native, bilinear, then thresholded",0.817823,0.754324,0.808489,0.745704,0.861003,0.835592,58997,52537,65497,73179,
magreb_mimage33prime,magreb,unspecified,expert,1426,graded,"probabilities to native, bilinear, then thresholded",0.801589,0.743836,0.754108,0.668997,0.871666,0.862638,46579,42248,46556,59138,
magreb_mimage35prime,magreb,unspecified,expert,1427,graded,"probabilities to native, bilinear, then thresholded",0.887475,0.880240,0.896473,0.819898,0.899821,0.860957,47840,56605,58225,67537,
magreb_mimage37prime,magreb,unspecified,expert,1432,graded,"probabilities to native, bilinear, then thresholded",0.783123,0.758081,0.815962,0.781934,0.843468,0.830789,39399,50510,53603,64635,
magreb_mimage38prime,magreb,unspecified,expert,1424,graded,"probabilities to native, bilinear, then thresholded",0.909861,0.906576,0.922366,0.894559,0.936406,0.933887,56457,62594,64867,66756,
magreb_mimage39prime,magreb,unspecified,expert,1420,graded,"probabilities to native, bilinear, then thresholded",0.911878,0.905237,0.937672,0.927138,0.943220,0.945715,52854,68655,55518,74314,
magreb_mimage3prime,magreb,unspecified,expert,1425,graded,"probabilities to native, bilinear, then thresholded",0.917947,0.901118,0.915691,0.878907,0.923126,0.899175,68550,74028,78953,85078,
magreb_mimage41prime,magreb,unspecified,expert,1426,graded,"probabilities to native, bilinear, then thresholded",0.865246,0.830417,0.905664,0.881969,0.924775,0.912864,60747,77194,68793,84239,
magreb_mimage42prime,magreb,unspecified,expert,1425,graded,"probabilities to native, bilinear, then thresholded",0.878161,0.857482,0.876772,0.862047,0.906829,0.905731,56902,67084,61582,80026,
magreb_mimage43prime,magreb,unspecified,expert,1449,graded,"probabilities to native, bilinear, then thresholded",0.714474,0.656827,0.854279,0.782852,0.843378,0.792479,41148,59049,51502,72634,
magreb_mimage44prime,magreb,unspecified,expert,1448,graded,"probabilities to native, bilinear, then thresholded",0.602550,0.578108,0.687568,0.664336,0.791580,0.781310,48639,42247,55140,74812,
magreb_mimage46prime,magreb,unspecified,expert,1452,graded,"probabilities to native, bilinear, then thresholded",0.672516,0.635132,0.671262,0.613110,0.864752,0.847501,71745,50677,64674,70179,
magreb_mimage4prime,magreb,unspecified,expert,1456,graded,"probabilities to native, bilinear, then thresholded",0.855663,0.817695,0.846148,0.785894,0.914389,0.880306,78433,65398,81852,81600,
magreb_mimage6prime,magreb,unspecified,expert,1449,graded,"probabilities to native, bilinear, then thresholded",0.945162,0.940086,0.871327,0.856561,0.914511,0.912728,53263,62822,54272,75303,
magreb_mimage8prime,magreb,unspecified,expert,1445,graded,"probabilities to native, bilinear, then thresholded",0.883540,0.833348,0.841317,0.787937,0.885590,0.850289,60100,61236,67059,82636,
magreb_mimage9prime,magreb,unspecified,expert,1428,graded,"probabilities to native, bilinear, then thresholded",0.902033,0.903983,0.886865,0.893156,0.930569,0.938626,59804,66031,61482,79583,
mbrset_1000_3,mbrset,unspecified,expert,1445,graded,"probabilities to native, bilinear, then thresholded",0.654016,0.654929,0.628025,0.653341,0.900996,0.914852,94801,59431,76045,91993,
mbrset_1005_1,mbrset,unspecified,expert,1445,graded,"probabilities to native, bilinear, then thresholded",0.643165,0.669525,0.571577,0.604507,0.884238,0.905421,96798,47553,82652,81140,
mbrset_1009_3,mbrset,unspecified,expert,1445,graded,"probabilities to native, bilinear, then thresholded",0.525025,0.548916,0.556125,0.599351,0.865057,0.869196,99374,56309,73376,106550,
mbrset_100_3,mbrset,unspecified,expert,1449,graded,"probabilities to native, bilinear, then thresholded",0.740246,0.766610,0.775749,0.717779,0.858977,0.881201,67937,69381,65805,79956,
mbrset_1011_3,mbrset,unspecified,expert,1445,graded,"probabilities to native, bilinear, then thresholded",0.738366,0.757222,0.681620,0.685513,0.893959,0.904951,73285,42614,67935,59751,
mbrset_1015_3,mbrset,unspecified,expert,1443,graded,"probabilities to native, bilinear, then thresholded",0.791389,0.787582,0.836177,0.796166,0.887796,0.900927,65243,77470,77592,88490,
mbrset_1016_1,mbrset,unspecified,expert,1443,graded,"probabilities to native, bilinear, then thresholded",0.846270,0.869200,0.843057,0.864737,0.900858,0.935419,66001,67522,72593,66310,
mbrset_1017_3,mbrset,unspecified,expert,1445,graded,"probabilities to native, bilinear, then thresholded",0.541324,0.537756,0.581553,0.557051,0.822893,0.846788,80689,56011,78602,82831,
mbrset_1018_1,mbrset,unspecified,expert,1446,graded,"probabilities to native, bilinear, then thresholded",0.577175,0.578811,0.628265,0.603661,0.869836,0.867885,68138,40398,45966,69406,
mbrset_1019_3,mbrset,unspecified,expert,1442,graded,"probabilities to native, bilinear, then thresholded",0.778535,0.792353,0.765960,0.757063,0.867039,0.876359,82509,57532,79408,79308,
mbrset_1020_3,mbrset,unspecified,expert,1445,graded,"probabilities to native, bilinear, then thresholded",0.798924,0.790367,0.811679,0.769266,0.903461,0.890284,64000,67547,66811,79686,
mbrset_1025_1,mbrset,unspecified,expert,1444,graded,"probabilities to native, bilinear, then thresholded",0.535932,0.506541,0.573590,0.514069,0.809325,0.804815,70462,44861,57849,75964,
mbrset_1027_3,mbrset,unspecified,expert,1445,graded,"probabilities to native, bilinear, then thresholded",0.674503,0.695126,0.709065,0.746950,0.886373,0.893639,69232,53069,53190,80380,
mbrset_1029_3,mbrset,unspecified,expert,1445,graded,"probabilities to native, bilinear, then thresholded",0.530179,0.560708,0.710810,0.705534,0.829439,0.842787,56294,60904,50998,78641,
mbrset_1031_1,mbrset,unspecified,expert,1445,graded,"probabilities to native, bilinear, then thresholded",0.820493,0.788810,0.882169,0.876141,0.913872,0.916820,65972,84554,78212,88227,
mbrset_1053_1,mbrset,unspecified,expert,1443,graded,"probabilities to native, bilinear, then thresholded",0.749550,0.765073,0.833591,0.802424,0.888150,0.897928,58923,79394,53195,94389,
mbrset_1060_1,mbrset,unspecified,expert,1445,graded,"probabilities to native, bilinear, then thresholded",0.556326,0.617200,0.452128,0.454030,0.845278,0.871801,70330,34497,57746,59671,
mbrset_1098_1,mbrset,unspecified,expert,1447,graded,"probabilities to native, bilinear, then thresholded",0.400121,0.440241,0.235832,0.319280,0.819665,0.834297,73230,21247,42220,56766,
mbrset_10_3,mbrset,unspecified,expert,1445,graded,"probabilities to native, bilinear, then thresholded",0.582161,0.583571,0.593453,0.617084,0.854182,0.863522,80970,51940,70129,76542,
mbrset_110_1,mbrset,unspecified,expert,1438,graded,"probabilities to native, bilinear, then thresholded",0.681301,0.678165,0.749053,0.705501,0.889857,0.907261,61956,62952,58901,80640,
mbrset_215_3,mbrset,unspecified,expert,1445,graded,"probabilities to native, bilinear, then thresholded",0.601732,0.624819,0.440839,0.528914,0.847496,0.840250,81039,27532,56863,68934,
mbrset_227_1,mbrset,unspecified,expert,1446,graded,"probabilities to native, bilinear, then thresholded",0.402774,0.456584,0.243591,0.247552,0.829558,0.833496,76510,17690,45330,61763,
mbrset_257_1,mbrset,unspecified,expert,1443,graded,"probabilities to native, bilinear, then thresholded",0.608418,0.597202,0.491654,0.510396,0.830546,0.839958,91613,45114,66101,77338,
mbrset_258_3,mbrset,unspecified,expert,1446,graded,"probabilities to native, bilinear, then thresholded",0.669429,0.645061,0.565094,0.553927,0.900861,0.915482,113630,62836,98034,91588,
mbrset_280_3,mbrset,unspecified,expert,1441,graded,"probabilities to native, bilinear, then thresholded",0.720495,0.718505,0.728140,0.726764,0.879881,0.892680,82705,73320,70262,95999,
mbrset_285_3,mbrset,unspecified,expert,1446,graded,"probabilities to native, bilinear, then thresholded",0.695923,0.731832,0.653152,0.676187,0.876120,0.887351,74040,39710,60952,70145,
mbrset_4_1,mbrset,unspecified,expert,1446,graded,"probabilities to native, bilinear, then thresholded",0.402561,0.434031,0.284668,0.329343,0.833934,0.830651,96556,29034,47581,83174,
messidor_messidor20051019_38557_0100_pp,messidor,unspecified,expert,1383,graded,"probabilities to native, bilinear, then thresholded",0.823650,0.770431,0.852559,0.817630,0.897502,0.881195,63877,74185,65678,93367,
messidor_messidor20051020_43808_0100_pp,messidor,unspecified,expert,1383,graded,"probabilities to native, bilinear, then thresholded",0.909529,0.885412,0.921324,0.902993,0.927503,0.913183,73168,94156,79278,103720,
messidor_messidor20051020_43832_0100_pp,messidor,unspecified,expert,1383,graded,"probabilities to native, bilinear, then thresholded",0.902116,0.864813,0.931477,0.908797,0.930876,0.907598,71255,91301,79770,101453,
messidor_messidor20051020_43882_0100_pp,messidor,unspecified,expert,1387,graded,"probabilities to native, bilinear, then thresholded",0.801767,0.748226,0.824754,0.777369,0.902453,0.886210,74685,83874,87165,94504,
messidor_messidor20051020_43906_0100_pp,messidor,unspecified,expert,1386,graded,"probabilities to native, bilinear, then thresholded",0.845321,0.809796,0.851689,0.809433,0.920744,0.915082,74408,76930,76867,84629,
messidor_messidor20051020_44261_0100_pp,messidor,unspecified,expert,1384,graded,"probabilities to native, bilinear, then thresholded",0.854848,0.807934,0.863329,0.823263,0.902279,0.872935,73737,78714,86963,90239,
messidor_messidor20051020_44284_0100_pp,messidor,unspecified,expert,1385,graded,"probabilities to native, bilinear, then thresholded",0.894012,0.851962,0.878246,0.833144,0.907747,0.879233,81884,77730,91805,90034,
messidor_messidor20051020_44338_0100_pp,messidor,unspecified,expert,1384,graded,"probabilities to native, bilinear, then thresholded",0.830148,0.766139,0.859980,0.802736,0.898379,0.862329,67608,95156,83300,107144,
messidor_messidor20051020_44400_0100_pp,messidor,unspecified,expert,1383,graded,"probabilities to native, bilinear, then thresholded",0.783984,0.736625,0.815530,0.742355,0.902351,0.885370,72777,72101,71027,88906,
messidor_messidor20051020_44636_0100_pp,messidor,unspecified,expert,1384,graded,"probabilities to native, bilinear, then thresholded",0.917058,0.908141,0.918268,0.895401,0.935125,0.926626,74186,77176,79728,83716,
messidor_messidor20051020_44714_0100_pp,messidor,unspecified,expert,1382,graded,"probabilities to native, bilinear, then thresholded",0.850159,0.805165,0.844577,0.806460,0.906230,0.885130,82795,84209,92885,102005,
messidor_messidor20051020_44762_0100_pp,messidor,unspecified,expert,1383,graded,"probabilities to native, bilinear, then thresholded",0.897193,0.874076,0.901017,0.857769,0.915085,0.889911,68436,84764,77488,96924,
messidor_messidor20051020_44782_0100_pp,messidor,unspecified,expert,1383,graded,"probabilities to native, bilinear, then thresholded",0.913585,0.893401,0.915978,0.893209,0.932835,0.925618,71190,80698,75231,90317,
messidor_messidor20051020_44901_0100_pp,messidor,unspecified,expert,1382,graded,"probabilities to native, bilinear, then thresholded",0.881062,0.843783,0.899658,0.866954,0.929961,0.920628,61243,75993,66950,82156,
messidor_messidor20051020_44923_0100_pp,messidor,unspecified,expert,1383,graded,"probabilities to native, bilinear, then thresholded",0.900806,0.856885,0.901681,0.873556,0.912913,0.885419,63736,78923,72693,87708,
messidor_messidor20051020_44982_0100_pp,messidor,unspecified,expert,1384,graded,"probabilities to native, bilinear, then thresholded",0.879372,0.854300,0.889321,0.844246,0.927792,0.923868,73973,76800,82707,79481,
messidor_messidor20051020_45004_0100_pp,messidor,unspecified,expert,1385,graded,"probabilities to native, bilinear, then thresholded",0.849889,0.805681,0.848034,0.789186,0.906742,0.884851,72759,76040,83765,86562,
messidor_messidor20051020_45050_0100_pp,messidor,unspecified,expert,1385,graded,"probabilities to native, bilinear, then thresholded",0.803530,0.759077,0.873289,0.803367,0.892486,0.864715,48556,73159,57404,84120,
messidor_messidor20051020_45068_0100_pp,messidor,unspecified,expert,1385,graded,"probabilities to native, bilinear, then thresholded",0.830682,0.802801,0.869176,0.819247,0.896590,0.872295,48026,67529,50404,81992,
messidor_messidor20051020_45137_0100_pp,messidor,unspecified,expert,1384,graded,"probabilities to native, bilinear, then thresholded",0.886666,0.850277,0.908380,0.856939,0.914696,0.882732,76929,95750,86553,108704,
messidor_messidor20051020_52801_0100_pp,messidor,unspecified,expert,1383,graded,"probabilities to native, bilinear, then thresholded",0.864790,0.804146,0.899152,0.850062,0.906025,0.865603,61457,86660,71144,101931,
messidor_messidor20051020_53062_0100_pp,messidor,unspecified,expert,1382,graded,"probabilities to native, bilinear, then thresholded",0.914529,0.883475,0.936216,0.911019,0.941946,0.926069,81280,94861,86789,101269,
messidor_messidor20051020_53178_0100_pp,messidor,unspecified,expert,1382,graded,"probabilities to native, bilinear, then thresholded",0.910729,0.868661,0.911675,0.866814,0.937943,0.918439,78708,91705,84357,101366,
messidor_messidor20051020_56592_0100_pp,messidor,unspecified,expert,1384,graded,"probabilities to native, bilinear, then thresholded",0.857852,0.812643,0.864327,0.820991,0.914651,0.899122,76592,72470,84599,84503,
messidor_messidor20051020_56791_0100_pp,messidor,unspecified,expert,1384,graded,"probabilities to native, bilinear, then thresholded",0.869351,0.804483,0.901863,0.858850,0.916001,0.888408,67205,85932,78858,97404,
messidor_messidor20051020_57157_0100_pp,messidor,unspecified,expert,1384,graded,"probabilities to native, bilinear, then thresholded",0.818620,0.755764,0.847061,0.780678,0.893516,0.867323,71577,79606,81268,98315,
messidor_messidor20051020_57566_0100_pp,messidor,unspecified,expert,1383,graded,"probabilities to native, bilinear, then thresholded",0.863486,0.847206,0.899399,0.861571,0.929587,0.920255,82759,91655,83993,100342,
messidor_messidor20051020_57622_0100_pp,messidor,unspecified,expert,1382,graded,"probabilities to native, bilinear, then thresholded",0.823422,0.753248,0.892357,0.825000,0.908031,0.864876,74196,100907,84238,116589,
messidor_messidor20051020_57761_0100_pp,messidor,unspecified,expert,1386,graded,"probabilities to native, bilinear, then thresholded",0.862681,0.816257,0.868242,0.830440,0.914278,0.903468,74769,76230,77125,94978,
messidor_messidor20051020_58065_0100_pp,messidor,unspecified,expert,1383,graded,"probabilities to native, bilinear, then thresholded",0.870978,0.815568,0.873561,0.821690,0.911081,0.894087,65358,62614,72246,70533,
messidor_messidor20051020_61757_0100_pp,messidor,unspecified,expert,1384,graded,"probabilities to native, bilinear, then thresholded",0.879443,0.827005,0.902168,0.851075,0.922351,0.890500,67331,91381,73747,104853,
messidor_messidor20051020_61804_0100_pp,messidor,unspecified,expert,1381,graded,"probabilities to native, bilinear, then thresholded",0.847147,0.793169,0.894274,0.848881,0.908242,0.881638,64508,90664,74802,105135,
messidor_messidor20051020_62014_0100_pp,messidor,unspecified,expert,1381,graded,"probabilities to native, bilinear, then thresholded",0.923779,0.894888,0.929677,0.889499,0.931915,0.902344,57951,65163,64496,71534,
messidor_messidor20051020_62337_0100_pp,messidor,unspecified,expert,1383,graded,"probabilities to native, bilinear, then thresholded",0.893827,0.850612,0.890454,0.843730,0.922034,0.900206,60382,76622,68502,83977,
messidor_messidor20051020_62461_0100_pp,messidor,unspecified,expert,1388,graded,"probabilities to native, bilinear, then thresholded",0.836145,0.789472,0.824903,0.772405,0.913655,0.899559,77925,68572,78335,80585,
messidor_messidor20051020_62510_0100_pp,messidor,unspecified,expert,1389,graded,"probabilities to native, bilinear, then thresholded",0.882030,0.846760,0.863982,0.810858,0.920519,0.906001,76719,65386,79033,79367,
messidor_messidor20051020_62577_0100_pp,messidor,unspecified,expert,1384,graded,"probabilities to native, bilinear, then thresholded",0.832057,0.777452,0.876232,0.814205,0.899804,0.861185,76211,88593,86439,105698,
messidor_messidor20051020_62615_0100_pp,messidor,unspecified,expert,1384,graded,"probabilities to native, bilinear, then thresholded",0.896105,0.866642,0.917872,0.878932,0.924168,0.898304,78008,93847,86071,105318,
messidor_messidor20051020_62878_0100_pp,messidor,unspecified,expert,1384,graded,"probabilities to native, bilinear, then thresholded",0.899237,0.859296,0.906789,0.866015,0.917080,0.882410,64269,77699,73003,86853,
messidor_messidor20051020_63045_0100_pp,messidor,unspecified,expert,1383,graded,"probabilities to native, bilinear, then thresholded",0.916266,0.868331,0.913217,0.862898,0.931074,0.899847,64009,75052,70094,82582,
messidor_messidor20051020_63337_0100_pp,messidor,unspecified,expert,1384,graded,"probabilities to native, bilinear, then thresholded",0.895762,0.877404,0.877490,0.835688,0.918155,0.902321,78663,71681,84512,82249,
messidor_messidor20051020_63711_0100_pp,messidor,unspecified,expert,1383,graded,"probabilities to native, bilinear, then thresholded",0.904404,0.878064,0.890254,0.855012,0.916621,0.899769,75358,82044,84533,97644,
messidor_messidor20051020_63829_0100_pp,messidor,unspecified,expert,1383,graded,"probabilities to native, bilinear, then thresholded",0.885492,0.854675,0.910921,0.895593,0.920162,0.907738,71695,86977,83202,97467,
messidor_messidor20051020_63936_0100_pp,messidor,unspecified,expert,1382,graded,"probabilities to native, bilinear, then thresholded",0.890454,0.842946,0.906146,0.853241,0.932291,0.908507,78782,83327,83697,93724,
messidor_messidor20051020_64007_0100_pp,messidor,unspecified,expert,1384,graded,"probabilities to native, bilinear, then thresholded",0.830967,0.778881,0.882321,0.833193,0.918680,0.895860,70516,84115,70888,98211,
messidor_messidor20051020_64388_0100_pp,messidor,unspecified,expert,1385,graded,"probabilities to native, bilinear, then thresholded",0.899520,0.888879,0.892864,0.875463,0.931638,0.935469,72829,72055,72862,82580,
messidor_messidor20051020_64518_0100_pp,messidor,unspecified,expert,1386,graded,"probabilities to native, bilinear, then thresholded",0.856504,0.803374,0.873485,0.829596,0.904698,0.887041,64172,79081,72710,93325,
messidor_messidor20051020_64570_0100_pp,messidor,unspecified,expert,1386,graded,"probabilities to native, bilinear, then thresholded",0.875859,0.845051,0.885392,0.846011,0.914226,0.901675,67876,77143,76549,89599,
messidor_messidor20051020_64653_0100_pp,messidor,unspecified,expert,1384,graded,"probabilities to native, bilinear, then thresholded",0.860374,0.810426,0.897772,0.834993,0.897344,0.850188,68118,90263,80543,106894,
messidor_messidor20051020_64703_0100_pp,messidor,unspecified,expert,1385,graded,"probabilities to native, bilinear, then thresholded",0.874737,0.816180,0.911853,0.862349,0.918948,0.886560,67945,91479,76846,103219,
messidor_messidor20051020_64836_0100_pp,messidor,unspecified,expert,1382,graded,"probabilities to native, bilinear, then thresholded",0.896698,0.876582,0.915971,0.879232,0.917519,0.896643,60420,80071,71968,90786,
messidor_messidor20051020_64945_0100_pp,messidor,unspecified,expert,1384,graded,"probabilities to native, bilinear, then thresholded",0.857322,0.791510,0.873994,0.824725,0.896854,0.864641,69164,86093,80684,102192,
messidor_messidor20051021_36380_0100_pp,messidor,unspecified,expert,1384,graded,"probabilities to native, bilinear, then thresholded",0.808182,0.773583,0.907027,0.884760,0.903973,0.891903,50017,74071,59644,82372,
messidor_messidor20051021_36476_0100_pp,messidor,unspecified,expert,1383,graded,"probabilities to native, bilinear, then thresholded",0.831047,0.774587,0.885055,0.836138,0.892698,0.863707,53830,76749,63658,90748,
messidor_messidor20051021_39222_0100_pp,messidor,unspecified,expert,1385,graded,"probabilities to native, bilinear, then thresholded",0.917150,0.887640,0.915254,0.875206,0.932946,0.910138,73373,82378,79843,92356,
messidor_messidor20051021_39314_0100_pp,messidor,unspecified,expert,1387,graded,"probabilities to native, bilinear, then thresholded",0.949490,0.944190,0.935580,0.920658,0.958051,0.960603,73026,85537,73558,92994,
messidor_messidor20051021_39661_0100_pp,messidor,unspecified,expert,1384,graded,"probabilities to native, bilinear, then thresholded",0.843421,0.829026,0.849204,0.848599,0.939404,0.939583,100593,92938,107666,97292,
messidor_messidor20051021_39719_0100_pp,messidor,unspecified,expert,1383,graded,"probabilities to native, bilinear, then thresholded",0.896102,0.851394,0.892963,0.842076,0.925399,0.898032,97563,93655,108331,106322,
messidor_messidor20051021_39845_0100_pp,messidor,unspecified,expert,1382,graded,"probabilities to native, bilinear, then thresholded",0.903701,0.892562,0.885393,0.854514,0.914586,0.907995,80378,79909,88917,94251,
messidor_messidor20051021_40018_0100_pp,messidor,unspecified,expert,1382,graded,"probabilities to native, bilinear, then thresholded",0.881871,0.839882,0.852329,0.793839,0.914942,0.888124,76447,73015,80000,87937,
messidor_messidor20051021_40074_0100_pp,messidor,unspecified,expert,1383,graded,"probabilities to native, bilinear, then thresholded",0.860756,0.812988,0.889755,0.851238,0.923306,0.905399,75963,75844,84108,83065,
messidor_messidor20051021_40248_0100_pp,messidor,unspecified,expert,1384,graded,"probabilities to native, bilinear, then thresholded",0.881921,0.840662,0.888763,0.858801,0.892571,0.861412,60050,66127,72946,80209,
messidor_messidor20051021_40377_0100_pp,messidor,unspecified,expert,1385,graded,"probabilities to native, bilinear, then thresholded",0.864858,0.785933,0.880192,0.810885,0.904180,0.856671,71663,80344,81102,90671,
messidor_messidor20051021_40450_0100_pp,messidor,unspecified,expert,1384,graded,"probabilities to native, bilinear, then thresholded",0.895222,0.851597,0.908029,0.866900,0.923335,0.894903,70012,81793,75878,91783,
messidor_messidor20051021_51418_0100_pp,messidor,unspecified,expert,1384,graded,"probabilities to native, bilinear, then thresholded",0.882754,0.845961,0.901121,0.854180,0.915192,0.883300,74848,88557,83443,103153,
messidor_messidor20051021_51561_0100_pp,messidor,unspecified,expert,1384,graded,"probabilities to native, bilinear, then thresholded",0.888880,0.870449,0.904310,0.881434,0.930386,0.928018,72775,81940,78638,86478,
papila_ret002od,papila,unspecified,expert,1448,graded,"probabilities to native, bilinear, then thresholded",0.891408,0.875238,0.892823,0.885662,0.915701,0.908594,75989,82477,87633,94156,
papila_ret004os,papila,unspecified,expert,1448,graded,"probabilities to native, bilinear, then thresholded",0.941590,0.923722,0.920305,0.870048,0.948263,0.938417,82688,80152,86821,87801,
papila_ret006od,papila,unspecified,expert,1448,graded,"probabilities to native, bilinear, then thresholded",0.940564,0.940812,0.958460,0.949696,0.958331,0.961735,55379,60306,58980,61191,
papila_ret007os,papila,unspecified,expert,1448,graded,"probabilities to native, bilinear, then thresholded",0.906217,0.863743,0.928672,0.897518,0.939524,0.909388,97748,101298,114380,105927,
papila_ret008od,papila,unspecified,expert,1448,graded,"probabilities to native, bilinear, then thresholded",0.961194,0.964635,0.961179,0.945941,0.964471,0.960157,75797,77227,78665,80007,
papila_ret015os,papila,unspecified,expert,1449,graded,"probabilities to native, bilinear, then thresholded",0.686783,0.694341,0.713762,0.732479,0.865259,0.884633,90971,61833,79997,92720,
papila_ret016os,papila,unspecified,expert,1447,graded,"probabilities to native, bilinear, then thresholded",0.876200,0.871507,0.907246,0.933845,0.911013,0.930233,52205,73060,58877,83698,
papila_ret018os,papila,unspecified,expert,1449,graded,"probabilities to native, bilinear, then thresholded",0.963692,0.950534,0.936283,0.935358,0.958361,0.954972,80270,86892,83083,95226,
papila_ret019os,papila,unspecified,expert,1448,graded,"probabilities to native, bilinear, then thresholded",0.851826,0.854313,0.855219,0.860705,0.907114,0.920850,68729,66758,72537,81618,
papila_ret020od,papila,unspecified,expert,1448,graded,"probabilities to native, bilinear, then thresholded",0.905969,0.890613,0.898985,0.869390,0.915502,0.896047,48176,52324,56322,59244,
papila_ret021os,papila,unspecified,expert,1448,graded,"probabilities to native, bilinear, then thresholded",0.858787,0.806966,0.885671,0.826562,0.932623,0.917869,81386,81581,92075,80513,
papila_ret023od,papila,unspecified,expert,1449,graded,"probabilities to native, bilinear, then thresholded",0.775792,0.771137,0.719424,0.705962,0.888993,0.898833,71598,38973,59584,66945,
papila_ret026od,papila,unspecified,expert,1448,graded,"probabilities to native, bilinear, then thresholded",0.913094,0.892835,0.921144,0.925456,0.941240,0.937222,67972,79241,70592,89091,
papila_ret038od,papila,unspecified,expert,1448,graded,"probabilities to native, bilinear, then thresholded",0.924338,0.840749,0.924635,0.869172,0.939165,0.887726,87369,96437,98747,99595,
papila_ret041od,papila,unspecified,expert,1448,graded,"probabilities to native, bilinear, then thresholded",0.847434,0.800375,0.836712,0.790659,0.881230,0.864854,56324,71222,70985,78060,
papila_ret044os,papila,unspecified,expert,1448,graded,"probabilities to native, bilinear, then thresholded",0.924298,0.909331,0.935963,0.885132,0.947810,0.928567,62819,64347,63796,70154,
papila_ret047od,papila,unspecified,expert,1448,graded,"probabilities to native, bilinear, then thresholded",0.940439,0.927748,0.910895,0.873526,0.938370,0.916368,60978,52901,64255,55544,
papila_ret048od,papila,unspecified,expert,1449,graded,"probabilities to native, bilinear, then thresholded",0.902266,0.881664,0.915492,0.917149,0.939471,0.951192,54965,69568,58946,74833,
papila_ret050od,papila,unspecified,expert,1448,graded,"probabilities to native, bilinear, then thresholded",0.785814,0.757883,0.794759,0.749297,0.874913,0.889551,68111,77742,85839,92692,
papila_ret053os,papila,unspecified,expert,1449,graded,"probabilities to native, bilinear, then thresholded",0.894285,0.866605,0.860448,0.809309,0.896319,0.875177,48178,51522,56008,58960,
papila_ret056os,papila,unspecified,expert,1448,graded,"probabilities to native, bilinear, then thresholded",0.819480,0.863819,0.849934,0.946420,0.854695,0.929943,44118,50250,54508,65552,
papila_ret057od,papila,unspecified,expert,1449,graded,"probabilities to native, bilinear, then thresholded",0.833310,0.930445,0.778813,0.871881,0.826552,0.922193,67280,64739,88974,93227,
papila_ret062od,papila,unspecified,expert,1448,graded,"probabilities to native, bilinear, then thresholded",0.945013,0.926480,0.927754,0.896947,0.956193,0.944803,80757,76772,87101,81548,
papila_ret064os,papila,unspecified,expert,1448,graded,"probabilities to native, bilinear, then thresholded",0.920853,0.909891,0.912283,0.901760,0.940390,0.951616,75100,76135,78273,79981,
papila_ret067os,papila,unspecified,expert,1448,graded,"probabilities to native, bilinear, then thresholded",0.946951,0.922763,0.911564,0.868242,0.949963,0.937370,88298,95269,92835,105463,
papila_ret073os,papila,unspecified,expert,1449,graded,"probabilities to native, bilinear, then thresholded",0.926519,0.898354,0.923801,0.885062,0.941632,0.925297,67271,56119,69009,62032,
papila_ret074od,papila,unspecified,expert,1448,graded,"probabilities to native, bilinear, then thresholded",0.915942,0.908289,0.899847,0.879581,0.931148,0.928052,55250,58034,55685,63840,
papila_ret077os,papila,unspecified,expert,1448,graded,"probabilities to native, bilinear, then thresholded",0.912502,0.876028,0.946470,0.911483,0.937590,0.910932,63468,72309,73518,77008,
papila_ret079od,papila,unspecified,expert,1448,graded,"probabilities to native, bilinear, then thresholded",0.903583,0.870877,0.885277,0.830684,0.933526,0.908422,89864,81975,94232,93107,
papila_ret081od,papila,unspecified,expert,1448,graded,"probabilities to native, bilinear, then thresholded",0.853315,0.801514,0.888337,0.817255,0.913245,0.885087,72328,87262,84252,94374,
papila_ret084os,papila,unspecified,expert,1448,graded,"probabilities to native, bilinear, then thresholded",0.864381,0.818659,0.860090,0.824191,0.895242,0.872740,48469,57093,54997,65850,
papila_ret088od,papila,unspecified,expert,1448,graded,"probabilities to native, bilinear, then thresholded",0.903580,0.907878,0.914598,0.917024,0.917595,0.918836,55506,51795,63764,58940,
papila_ret089od,papila,unspecified,expert,1448,graded,"probabilities to native, bilinear, then thresholded",0.889904,0.864939,0.852715,0.789085,0.903799,0.889341,55950,56545,59204,65531,
papila_ret090od,papila,unspecified,expert,1448,graded,"probabilities to native, bilinear, then thresholded",0.879490,0.868528,0.901484,0.893346,0.913851,0.920896,56267,53820,63018,62049,
papila_ret091os,papila,unspecified,expert,1448,graded,"probabilities to native, bilinear, then thresholded",0.863357,0.832029,0.900448,0.797793,0.912386,0.868677,50835,65097,60118,74016,
papila_ret092os,papila,unspecified,expert,1448,graded,"probabilities to native, bilinear, then thresholded",0.934758,0.927218,0.965345,0.964877,0.958429,0.956031,56008,65498,59945,66979,
papila_ret096od,papila,unspecified,expert,1448,graded,"probabilities to native, bilinear, then thresholded",0.919310,0.898029,0.925765,0.893377,0.935063,0.914746,63173,61015,66546,69463,
papila_ret101od,papila,unspecified,expert,1448,graded,"probabilities to native, bilinear, then thresholded",0.956864,0.962814,0.930113,0.882493,0.948166,0.925667,78449,80856,81998,89276,
papila_ret102od,papila,unspecified,expert,1448,graded,"probabilities to native, bilinear, then thresholded",0.901939,0.859825,0.953386,0.926279,0.940699,0.914882,69435,88885,79717,91789,
papila_ret104os,papila,unspecified,expert,1448,graded,"probabilities to native, bilinear, then thresholded",0.931206,0.910495,0.907409,0.891742,0.936891,0.929325,90870,70282,100280,76071,
papila_ret105os,papila,unspecified,expert,1448,graded,"probabilities to native, bilinear, then thresholded",0.799489,0.779187,0.790418,0.771485,0.885670,0.891698,61979,57447,60199,76176,
papila_ret113os,papila,unspecified,expert,1448,graded,"probabilities to native, bilinear, then thresholded",0.849086,0.825063,0.862867,0.863267,0.900205,0.914626,58268,68849,67380,76105,
papila_ret114os,papila,unspecified,expert,1448,graded,"probabilities to native, bilinear, then thresholded",0.710121,0.660082,0.776216,0.730290,0.838773,0.810590,64309,60338,70009,90450,
papila_ret120od,papila,unspecified,expert,1448,graded,"probabilities to native, bilinear, then thresholded",0.906168,0.842697,0.881609,0.825624,0.933915,0.927131,75092,78144,81773,87333,
papila_ret133od,papila,unspecified,expert,1448,graded,"probabilities to native, bilinear, then thresholded",0.916342,0.889394,0.845087,0.805731,0.897349,0.868616,71000,54215,79470,70513,
papila_ret140os,papila,unspecified,expert,1448,graded,"probabilities to native, bilinear, then thresholded",0.901199,0.841944,0.893300,0.821830,0.931988,0.906865,73251,77222,87031,79695,
papila_ret146od,papila,unspecified,expert,1448,graded,"probabilities to native, bilinear, then thresholded",0.882812,0.849667,0.900347,0.853447,0.908160,0.889024,85258,72804,103464,80708,
papila_ret155os,papila,unspecified,expert,1448,graded,"probabilities to native, bilinear, then thresholded",0.938895,0.910397,0.946098,0.904990,0.947907,0.913859,75589,91301,82222,95929,
papila_ret168os,papila,unspecified,expert,1447,graded,"probabilities to native, bilinear, then thresholded",0.788007,0.788101,0.745308,0.771200,0.830112,0.855586,68536,54552,75445,88935,
papila_ret171os,papila,unspecified,expert,1447,graded,"probabilities to native, bilinear, then thresholded",0.867270,0.872664,0.911562,0.882568,0.903544,0.894596,55352,52401,66098,58705,
papila_ret172od,papila,unspecified,expert,1448,graded,"probabilities to native, bilinear, then thresholded",0.873960,0.862006,0.887619,0.852327,0.900293,0.883068,70615,74072,84479,85154,
papila_ret174os,papila,unspecified,expert,1448,graded,"probabilities to native, bilinear, then thresholded",0.914043,0.923727,0.902387,0.924316,0.919149,0.937469,73570,72292,84847,83998,
papila_ret177os,papila,unspecified,expert,1449,graded,"probabilities to native, bilinear, then thresholded",0.891835,0.830493,0.853920,0.773825,0.912941,0.876283,71115,68119,85683,75501,
papila_ret178os,papila,unspecified,expert,1449,graded,"probabilities to native, bilinear, then thresholded",0.917322,0.910121,0.947786,0.922491,0.948152,0.943319,74616,75990,82657,78201,
papila_ret180od,papila,unspecified,expert,1448,graded,"probabilities to native, bilinear, then thresholded",0.919195,0.880570,0.918947,0.869228,0.956838,0.937825,93408,86428,99228,88679,
papila_ret181os,papila,unspecified,expert,1448,graded,"probabilities to native, bilinear, then thresholded",0.931043,0.933221,0.933088,0.938529,0.953897,0.961072,79322,79748,88189,84273,
papila_ret184od,papila,unspecified,expert,1448,graded,"probabilities to native, bilinear, then thresholded",0.827008,0.819520,0.844561,0.804285,0.894923,0.903220,64491,72491,69885,83332,
papila_ret193os,papila,unspecified,expert,1448,graded,"probabilities to native, bilinear, then thresholded",0.865290,0.832488,0.934940,0.924724,0.909745,0.894058,69088,75492,84271,81810,
papila_ret203od,papila,unspecified,expert,1449,graded,"probabilities to native, bilinear, then thresholded",0.819481,0.778768,0.780894,0.773378,0.916826,0.930321,72389,80468,77396,87460,
papila_ret204os,papila,unspecified,expert,1449,graded,"probabilities to native, bilinear, then thresholded",0.793960,0.834818,0.754004,0.802730,0.844923,0.935565,72814,81737,105059,96018,
papila_ret208od,papila,unspecified,expert,1449,graded,"probabilities to native, bilinear, then thresholded",0.944776,0.916810,0.937619,0.920140,0.947733,0.924501,80652,92372,87898,101566,
papila_ret225od,papila,unspecified,expert,1448,graded,"probabilities to native, bilinear, then thresholded",0.890747,0.846334,0.898150,0.868418,0.915621,0.891226,66327,72915,73367,82068,
papila_ret228os,papila,unspecified,expert,1449,graded,"probabilities to native, bilinear, then thresholded",0.906222,0.880068,0.887518,0.867440,0.939844,0.942572,90079,85853,98526,88940,
papila_ret229od,papila,unspecified,expert,1448,graded,"probabilities to native, bilinear, then thresholded",0.865508,0.839090,0.965141,0.984764,0.925186,0.919604,44713,57559,54170,57962,
papila_ret232os,papila,unspecified,expert,1449,graded,"probabilities to native, bilinear, then thresholded",0.809328,0.767203,0.838114,0.782571,0.889088,0.886653,64687,84072,76099,102924,
papila_ret233os,papila,unspecified,expert,1449,graded,"probabilities to native, bilinear, then thresholded",0.786838,0.748860,0.754131,0.702030,0.886390,0.886456,61741,63375,68662,79311,
papila_ret235os,papila,unspecified,expert,1448,graded,"probabilities to native, bilinear, then thresholded",0.934233,0.904949,0.937836,0.893449,0.948863,0.920797,89299,91753,98121,97039,
papila_ret241od,papila,unspecified,expert,1448,graded,"probabilities to native, bilinear, then thresholded",0.928146,0.902642,0.901529,0.910551,0.933393,0.941218,86811,84219,90480,100099,
papila_ret246od,papila,unspecified,expert,1448,graded,"probabilities to native, bilinear, then thresholded",0.742048,0.757695,0.831642,0.843808,0.818809,0.835439,47623,57608,71779,71902,
papila_ret248od,papila,unspecified,expert,1449,graded,"probabilities to native, bilinear, then thresholded",0.866307,0.789181,0.887041,0.870229,0.905246,0.878499,52152,58674,65917,64008,
papila_ret258od,papila,unspecified,expert,1448,graded,"probabilities to native, bilinear, then thresholded",0.912064,0.862175,0.893886,0.843233,0.922477,0.898453,82214,97827,93186,113822,
papila_ret260os,papila,unspecified,expert,1449,graded,"probabilities to native, bilinear, then thresholded",0.962165,0.956122,0.938961,0.944034,0.960894,0.960912,104225,89837,107456,96420,
papila_ret266od,papila,unspecified,expert,1448,graded,"probabilities to native, bilinear, then thresholded",0.875990,0.833078,0.894343,0.867713,0.916589,0.899427,63483,89887,73578,100635,
papila_ret269od,papila,unspecified,expert,1448,graded,"probabilities to native, bilinear, then thresholded",0.931808,0.893861,0.945244,0.914779,0.958567,0.948406,76804,84637,82510,88021,
papila_ret271os,papila,unspecified,expert,1447,graded,"probabilities to native, bilinear, then thresholded",0.904047,0.890289,0.914601,0.909694,0.936277,0.927973,74392,87167,84967,92929,
papila_ret273os,papila,unspecified,expert,1449,graded,"probabilities to native, bilinear, then thresholded",0.905553,0.867493,0.907001,0.885226,0.937887,0.935805,76550,81353,82555,91304,
papila_ret276od,papila,unspecified,expert,1448,graded,"probabilities to native, bilinear, then thresholded",0.961207,0.956695,0.930265,0.916296,0.953548,0.950013,84423,73768,87875,81734,
papila_ret277od,papila,unspecified,expert,1449,graded,"probabilities to native, bilinear, then thresholded",0.923183,0.918346,0.936844,0.926283,0.941450,0.943696,55250,61815,62523,65299,
trend_11_l,trend,unspecified,expert,2177,graded,"probabilities to native, bilinear, then thresholded",0.723530,0.700522,0.812481,0.773522,0.802435,0.783085,131912,118923,137531,128940,
trend_15_l,trend,unspecified,expert,2177,graded,"probabilities to native, bilinear, then thresholded",0.577835,0.584107,0.686774,0.632188,0.749348,0.761678,172759,131665,159651,172007,
trend_16_r,trend,unspecified,expert,2177,graded,"probabilities to native, bilinear, then thresholded",0.784679,0.812067,0.792075,0.796501,0.850007,0.877568,136899,117239,147964,143994,
trend_17_l,trend,unspecified,expert,2177,graded,"probabilities to native, bilinear, then thresholded",0.699181,0.728203,0.776374,0.740325,0.823504,0.845252,188596,146569,171085,162702,
trend_17_r,trend,unspecified,expert,2177,graded,"probabilities to native, bilinear, then thresholded",0.778509,0.764040,0.790964,0.773143,0.855008,0.871031,185972,138035,173926,163430,
trend_1_l,trend,unspecified,expert,2177,graded,"probabilities to native, bilinear, then thresholded",0.539818,0.522240,0.595382,0.523166,0.705712,0.664500,205103,110889,153688,161726,
trend_20_l,trend,unspecified,expert,2177,graded,"probabilities to native, bilinear, then thresholded",0.521026,0.549635,0.644648,0.617474,0.759686,0.774379,109045,130055,90926,127726,
trend_22_r,trend,unspecified,expert,2177,graded,"probabilities to native, bilinear, then thresholded",0.734959,0.749730,0.836299,0.833045,0.828684,0.858133,135102,139283,128499,165419,
trend_23_r,trend,unspecified,expert,2177,graded,"probabilities to native, bilinear, then thresholded",0.661743,0.626642,0.757255,0.697246,0.818537,0.808254,119154,111554,128241,150841,
trend_24_l,trend,unspecified,expert,2177,graded,"probabilities to native, bilinear, then thresholded",0.568505,0.550348,0.550922,0.501770,0.757325,0.768044,144066,100570,116674,144118,
trend_24_r,trend,unspecified,expert,2177,graded,"probabilities to native, bilinear, then thresholded",0.743690,0.802374,0.759629,0.722736,0.807509,0.832755,145452,102705,123972,142112,
trend_25_r,trend,unspecified,expert,2177,graded,"probabilities to native, bilinear, then thresholded",0.601649,0.618294,0.574256,0.561793,0.729139,0.775522,196711,152869,141124,163119,
trend_26_l,trend,unspecified,expert,2177,graded,"probabilities to native, bilinear, then thresholded",0.677930,0.654919,0.699456,0.663114,0.829192,0.816945,163770,125677,168515,180475,
trend_26_r,trend,unspecified,expert,2177,graded,"probabilities to native, bilinear, then thresholded",0.642622,0.610079,0.701594,0.621034,0.774050,0.729519,149492,109770,142026,147889,
trend_28_r,trend,unspecified,expert,2177,graded,"probabilities to native, bilinear, then thresholded",0.736580,0.712772,0.773847,0.688848,0.797408,0.769811,183120,159659,182149,221168,
trend_2_r,trend,unspecified,expert,2177,graded,"probabilities to native, bilinear, then thresholded",0.590603,0.616251,0.734387,0.666315,0.735547,0.741860,182721,113877,133075,145790,
trend_30_r,trend,unspecified,expert,2177,graded,"probabilities to native, bilinear, then thresholded",0.498880,0.585220,0.546565,0.554565,0.714617,0.758375,216146,138800,127283,177894,
trend_31_r,trend,unspecified,expert,2177,graded,"probabilities to native, bilinear, then thresholded",0.424268,0.522109,0.464819,0.496784,0.670003,0.724720,188179,97666,114177,160047,
trend_32_r,trend,unspecified,expert,2177,graded,"probabilities to native, bilinear, then thresholded",0.533531,0.550524,0.530845,0.535080,0.699409,0.716104,173802,102025,135256,142167,
trend_33_l,trend,unspecified,expert,2177,graded,"probabilities to native, bilinear, then thresholded",0.729415,0.696202,0.790681,0.771230,0.826498,0.819084,163400,148211,166818,207055,
trend_33_r,trend,unspecified,expert,2177,graded,"probabilities to native, bilinear, then thresholded",0.636328,0.665667,0.807104,0.761799,0.798958,0.820715,188389,153099,146624,192787,
trend_35_l,trend,unspecified,expert,2177,graded,"probabilities to native, bilinear, then thresholded",0.669128,0.634413,0.697690,0.628074,0.795323,0.771170,200063,118614,192358,164592,
trend_37_l,trend,unspecified,expert,2177,graded,"probabilities to native, bilinear, then thresholded",0.756026,0.756855,0.787288,0.709073,0.830217,0.817815,162328,135034,146553,167732,
trend_38_l,trend,unspecified,expert,2177,graded,"probabilities to native, bilinear, then thresholded",0.674749,0.685899,0.768099,0.707235,0.769639,0.773709,176965,136520,154388,194716,
trend_38_r,trend,unspecified,expert,2177,graded,"probabilities to native, bilinear, then thresholded",0.732440,0.701464,0.822652,0.752243,0.824930,0.805556,148651,152253,178333,178859,
trend_39_l,trend,unspecified,expert,2177,graded,"probabilities to native, bilinear, then thresholded",0.721044,0.717329,0.788269,0.766716,0.835955,0.843344,204552,146385,166668,182201,
trend_39_r,trend,unspecified,expert,2177,graded,"probabilities to native, bilinear, then thresholded",0.770809,0.765254,0.813547,0.772412,0.855867,0.854835,223764,150425,187604,183171,
trend_3_r,trend,unspecified,expert,2177,graded,"probabilities to native, bilinear, then thresholded",0.655905,0.710808,0.807320,0.776707,0.819718,0.850348,171097,143596,125519,174647,
trend_40_l,trend,unspecified,expert,2177,graded,"probabilities to native, bilinear, then thresholded",0.629068,0.696002,0.710665,0.725034,0.744432,0.806066,173878,110415,116774,120307,
trend_40_r,trend,unspecified,expert,2177,graded,"probabilities to native, bilinear, then thresholded",0.671102,0.657726,0.676629,0.579623,0.750116,0.713557,189877,102733,150158,139367,
trend_42_l,trend,unspecified,expert,2177,graded,"probabilities to native, bilinear, then thresholded",0.698176,0.760391,0.775962,0.739352,0.793878,0.819145,176631,136896,143108,156778,
trend_42_r,trend,unspecified,expert,2177,graded,"probabilities to native, bilinear, then thresholded",0.763162,0.783092,0.738230,0.721498,0.847845,0.848319,148227,120205,145721,167204,
trend_45_l,trend,unspecified,expert,2177,graded,"probabilities to native, bilinear, then thresholded",0.531441,0.547739,0.546945,0.566208,0.655313,0.695314,221866,140648,156426,150138,
trend_46_l,trend,unspecified,expert,2177,graded,"probabilities to native, bilinear, then thresholded",0.703970,0.644064,0.679320,0.686054,0.791506,0.798300,140403,143578,117358,149686,
trend_46_r,trend,unspecified,expert,2177,graded,"probabilities to native, bilinear, then thresholded",0.660414,0.619089,0.625608,0.574827,0.809837,0.778060,152384,113140,132952,164529,
trend_4_l,trend,unspecified,expert,2177,graded,"probabilities to native, bilinear, then thresholded",0.532707,0.544972,0.666616,0.583379,0.727269,0.737631,139992,101096,97602,121953,
trend_4_r,trend,unspecified,expert,2177,graded,"probabilities to native, bilinear, then thresholded",0.594760,0.637356,0.664260,0.679597,0.731872,0.795268,144089,121464,100208,122299,
trend_5_l,trend,unspecified,expert,2177,graded,"probabilities to native, bilinear, then thresholded",0.495583,0.543823,0.623144,0.581835,0.748021,0.786791,209975,116243,113531,177015,
trend_6_r,trend,unspecified,expert,2177,graded,"probabilities to native, bilinear, then thresholded",0.649827,0.695013,0.718314,0.718247,0.778260,0.830876,185339,156032,163154,196641,
trend_7_l,trend,unspecified,expert,2177,graded,"probabilities to native, bilinear, then thresholded",0.624408,0.644239,0.758311,0.702604,0.785472,0.780433,192641,135937,160900,182708,
trend_9_r,trend,unspecified,expert,2177,graded,"probabilities to native, bilinear, then thresholded",0.615002,0.662795,0.689273,0.624645,0.789591,0.813947,165414,116565,131847,179193,
trend_n10c_r,trend,unspecified,expert,2172,graded,"probabilities to native, bilinear, then thresholded",0.830785,0.810843,0.804110,0.762905,0.850361,0.832524,142029,135876,168482,141422,
trend_n11c_l,trend,unspecified,expert,2175,graded,"probabilities to native, bilinear, then thresholded",0.812616,0.793210,0.852738,0.782872,0.877407,0.855229,162204,161156,167152,177009,
trend_n11c_r,trend,unspecified,expert,2173,graded,"probabilities to native, bilinear, then thresholded",0.800126,0.812551,0.809232,0.822080,0.873781,0.893719,178697,149045,179139,179837,
trend_n3c_r,trend,unspecified,expert,2173,graded,"probabilities to native, bilinear, then thresholded",0.759588,0.782147,0.806359,0.784760,0.818721,0.824318,118689,110154,112460,134360,
trend_n4c_l,trend,unspecified,expert,2171,graded,"probabilities to native, bilinear, then thresholded",0.665082,0.639436,0.735626,0.686673,0.819018,0.828603,144797,144418,130811,157295,
trend_n5c_r,trend,unspecified,expert,2175,graded,"probabilities to native, bilinear, then thresholded",0.612367,0.579630,0.639571,0.579234,0.811932,0.773366,163585,168965,148153,191983,
trend_n9c_r,trend,unspecified,expert,2173,graded,"probabilities to native, bilinear, then thresholded",0.671687,0.644763,0.805997,0.772510,0.798996,0.794561,142822,139688,113589,148127,
