key,subset,split,native_side,reader,outcome,resampling,said_disc_width,said_disc_height,said_disc_radius,said_disc_center_x,said_disc_center_y,truth_disc_width,truth_disc_height,truth_disc_radius,truth_disc_center_x,truth_disc_center_y,disc_dice,disc_center_offset,disc_center_offset_diameters,disc_width_error,disc_height_error,disc_radius_error,note
100_od_1,main,unspecified,2102,expert1,graded,"probabilities to native, bilinear, thresholded there, and these numbers were measured from the outlines that run kept",228.000000,263.000000,121.662353,1528.003613,975.581665,207.000000,246.000000,112.657231,1525.964160,978.063779,0.923251,3.212516,0.014258,21.000000,17.000000,9.005121,
100_od_2,main,unspecified,2104,expert1,graded,"probabilities to native, bilinear, thresholded there, and these numbers were measured from the outlines that run kept",228.000000,265.000000,122.105017,1541.662169,1043.075256,218.000000,247.000000,116.280554,1539.065846,1045.898300,0.949215,3.835423,0.016492,10.000000,18.000000,5.824462,
100_od_3,main,unspecified,2101,expert1,graded,"probabilities to native, bilinear, thresholded there, and these numbers were measured from the outlines that run kept",229.000000,263.000000,121.814006,1515.263402,971.938477,202.000000,247.000000,109.943165,1519.395139,971.860115,0.897826,4.132480,0.018794,27.000000,16.000000,11.870840,
100_od_4,main,unspecified,2103,expert1,graded,"probabilities to native, bilinear, thresholded there, and these numbers were measured from the outlines that run kept",229.000000,263.000000,121.645345,1525.270392,1043.623494,203.000000,243.000000,112.546984,1521.239408,1045.528346,0.921583,4.458396,0.019807,26.000000,20.000000,9.098361,
100_od_5,main,unspecified,1572,expert1,graded,"probabilities to native, bilinear, thresholded there, and these numbers were measured from the outlines that run kept",169.000000,200.000000,91.329033,1062.995573,780.609067,154.000000,178.000000,82.786051,1063.295295,780.241280,0.902105,0.474448,0.002866,15.000000,22.000000,8.542982,
100_os_1,main,unspecified,2102,expert1,graded,"probabilities to native, bilinear, thresholded there, and these numbers were measured from the outlines that run kept",248.000000,285.000000,132.714132,530.442304,972.869355,223.000000,270.000000,123.302210,531.863451,978.328392,0.926457,5.640988,0.022875,25.000000,15.000000,9.411922,
100_os_2,main,unspecified,2101,expert1,graded,"probabilities to native, bilinear, thresholded there, and these numbers were measured from the outlines that run kept",249.000000,283.000000,132.364696,542.790669,938.520185,227.000000,267.000000,122.805554,541.886553,942.656219,0.925181,4.233699,0.017237,22.000000,16.000000,9.559142,
100_os_3,main,unspecified,2103,expert1,graded,"probabilities to native, bilinear, thresholded there, and these numbers were measured from the outlines that run kept",247.000000,282.000000,130.991651,528.646774,946.816440,208.000000,263.000000,116.998284,529.701167,946.743512,0.887504,1.056912,0.004517,39.000000,19.000000,13.993368,
100_os_4,main,unspecified,2102,expert1,graded,"probabilities to native, bilinear, thresholded there, and these numbers were measured from the outlines that run kept",246.000000,278.000000,130.150601,536.066202,912.025988,221.000000,264.000000,120.491136,531.824096,915.832383,0.922935,5.699483,0.023651,25.000000,14.000000,9.659465,
100_os_5,main,unspecified,1572,expert1,graded,"probabilities to native, bilinear, thresholded there, and these numbers were measured from the outlines that run kept",181.000000,214.000000,97.935252,467.375714,724.468173,165.000000,190.000000,89.197285,467.028366,725.301860,0.906706,0.903153,0.005063,16.000000,24.000000,8.737967,
101_od_1,main,unspecified,1530,expert1,graded,"probabilities to native, bilinear, thresholded there, and these numbers were measured from the outlines that run kept",180.000000,220.000000,99.133745,1188.607016,698.341258,183.000000,203.000000,95.361392,1188.703455,700.888025,0.947799,2.548593,0.013363,-3.000000,17.000000,3.772353,
101_od_6,main,unspecified,2099,expert1,graded,"probabilities to native, bilinear, thresholded there, and these numbers were measured from the outlines that run kept",242.000000,292.000000,132.685348,1620.081723,987.068777,226.000000,272.000000,122.184500,1620.177779,996.082706,0.916388,9.014441,0.036889,16.000000,20.000000,10.500848,
101_od_7,main,unspecified,1572,expert1,graded,"probabilities to native, bilinear, thresholded there, and these numbers were measured from the outlines that run kept",193.000000,238.000000,107.173748,1190.325232,706.884246,174.000000,218.000000,97.366438,1186.619649,705.876708,0.904324,3.840114,0.019720,19.000000,20.000000,9.807309,
101_os_1,main,unspecified,1529,expert1,graded,"probabilities to native, bilinear, thresholded there, and these numbers were measured from the outlines that run kept",205.000000,219.000000,104.738875,379.623839,749.848538,189.000000,206.000000,95.957022,378.600062,751.908183,0.912653,2.300056,0.011985,16.000000,13.000000,8.781853,
101_os_6,main,unspecified,2102,expert1,graded,"probabilities to native, bilinear, thresholded there, and these numbers were measured from the outlines that run kept",282.000000,291.000000,142.069390,546.546326,1008.266334,273.000000,263.000000,131.059674,545.033690,1011.124402,0.919512,3.233670,0.012337,9.000000,28.000000,11.009716,
101_os_7,main,unspecified,1572,expert1,graded,"probabilities to native, bilinear, thresholded there, and these numbers were measured from the outlines that run kept",221.000000,236.000000,113.608227,441.914792,784.929121,201.000000,214.000000,101.544721,440.891585,788.677286,0.888213,3.885318,0.019131,20.000000,22.000000,12.063506,
102_os_1,main,unspecified,1531,expert1,graded,"probabilities to native, bilinear, thresholded there, and these numbers were measured from the outlines that run kept",208.000000,234.000000,109.651810,769.990125,838.753475,199.000000,231.000000,106.495921,771.439573,838.708195,0.968843,1.450155,0.006809,9.000000,3.000000,3.155888,
103_od_1,main,unspecified,1534,expert1,graded,"probabilities to native, bilinear, thresholded there, and these numbers were measured from the outlines that run kept",265.000000,278.000000,135.245552,819.194922,679.945079,256.000000,269.000000,131.578398,818.497978,682.884519,0.971356,3.020934,0.011480,9.000000,9.000000,3.667154,
103_os_1,main,unspecified,1533,expert1,graded,"probabilities to native, bilinear, thresholded there, and these numbers were measured from the outlines that run kept",259.000000,283.000000,134.506867,778.450966,667.849784,254.000000,268.000000,130.686330,778.606132,670.735943,0.966686,2.890327,0.011058,5.000000,15.000000,3.820537,
104_od_1,main,unspecified,2106,expert1,graded,"probabilities to native, bilinear, thresholded there, and these numbers were measured from the outlines that run kept",284.000000,307.000000,147.206999,1544.692162,965.378463,259.000000,285.000000,135.648589,1549.551698,965.013130,0.918410,4.873249,0.017963,25.000000,22.000000,11.558410,
104_os_1,main,unspecified,2103,expert1,graded,"probabilities to native, bilinear, thresholded there, and these numbers were measured from the outlines that run kept",330.000000,314.000000,159.921625,635.644189,888.063426,325.000000,254.000000,143.842898,638.417018,868.565475,0.892671,19.694128,0.068457,5.000000,60.000000,16.078727,
105_od_1,main,unspecified,1529,expert1,graded,"probabilities to native, bilinear, thresholded there, and these numbers were measured from the outlines that run kept",204.000000,260.000000,115.958460,1194.826243,762.886372,168.000000,254.000000,101.782678,1206.509494,768.468383,0.867320,12.948251,0.063607,36.000000,6.000000,14.175782,
105_od_2,main,unspecified,2102,expert1,graded,"probabilities to native, bilinear, thresholded there, and these numbers were measured from the outlines that run kept",279.000000,352.000000,158.294144,1608.488789,1076.951308,240.000000,350.000000,144.531673,1618.037211,1083.042255,0.907368,11.325722,0.039181,39.000000,2.000000,13.762470,
105_od_3,main,unspecified,2099,expert1,graded,"probabilities to native, bilinear, thresholded there, and these numbers were measured from the outlines that run kept",279.000000,358.000000,159.595861,1625.996188,1088.025094,253.000000,343.000000,146.735938,1631.805242,1085.030676,0.916173,6.535415,0.022269,26.000000,15.000000,12.859922,
105_od_5,main,unspecified,2099,expert1,graded,"probabilities to native, bilinear, thresholded there, and these numbers were measured from the outlines that run kept",283.000000,360.000000,160.568197,1646.421719,1057.696902,231.000000,342.000000,139.402786,1664.755287,1066.627688,0.859343,20.393102,0.073145,52.000000,18.000000,21.165410,
105_od_6,main,unspecified,2100,expert1,graded,"probabilities to native, bilinear, thresholded there, and these numbers were measured from the outlines that run kept",280.000000,358.000000,160.441273,1642.886112,1084.043354,243.000000,346.000000,146.782570,1646.285746,1095.733830,0.902642,12.174758,0.041472,37.000000,12.000000,13.658703,
105_od_7,main,unspecified,1572,expert1,graded,"probabilities to native, bilinear, thresholded there, and these numbers were measured from the outlines that run kept",214.000000,274.000000,121.857114,1159.310804,786.024802,187.000000,282.000000,116.246332,1161.220503,796.098014,0.915053,10.252637,0.044099,27.000000,-8.000000,5.610782,
105_od_8,main,unspecified,1572,expert1,graded,"probabilities to native, bilinear, thresholded there, and these numbers were measured from the outlines that run kept",200.000000,264.000000,116.950663,1122.545370,814.968861,164.000000,250.000000,100.975751,1133.316090,818.363699,0.854175,11.293066,0.055920,36.000000,14.000000,15.974912,
105_os_1,main,unspecified,1529,expert1,graded,"probabilities to native, bilinear, thresholded there, and these numbers were measured from the outlines that run kept",226.000000,270.000000,121.902818,392.679554,717.060812,210.000000,250.000000,112.861892,387.451933,714.210635,0.921109,5.954119,0.026378,16.000000,20.000000,9.040926,
105_os_2,main,unspecified,2104,expert1,graded,"probabilities to native, bilinear, thresholded there, and these numbers were measured from the outlines that run kept",309.000000,371.000000,167.179189,514.603902,973.465913,278.000000,348.000000,153.747614,506.151760,973.685909,0.916441,8.455004,0.027496,31.000000,23.000000,13.431575,
105_os_3,main,unspecified,2100,expert1,graded,"probabilities to native, bilinear, thresholded there, and these numbers were measured from the outlines that run kept",311.000000,372.000000,168.130389,521.823762,960.367948,305.000000,359.000000,163.123981,524.636322,963.465154,0.963632,4.183680,0.012824,6.000000,13.000000,5.006408,
105_os_4,main,unspecified,2100,expert1,graded,"probabilities to native, bilinear, thresholded there, and these numbers were measured from the outlines that run kept",311.000000,376.000000,168.599257,511.933708,973.345983,276.000000,353.000000,156.221437,503.382309,972.588006,0.921644,8.584926,0.027477,35.000000,23.000000,12.377820,
105_os_5,main,unspecified,2100,expert1,graded,"probabilities to native, bilinear, thresholded there, and these numbers were measured from the outlines that run kept",312.000000,376.000000,168.609640,526.266053,968.094018,280.000000,353.000000,156.408779,518.285993,969.149841,0.923547,8.049604,0.025733,32.000000,23.000000,12.200861,
105_os_6,main,unspecified,1571,expert1,graded,"probabilities to native, bilinear, thresholded there, and these numbers were measured from the outlines that run kept",235.000000,290.000000,129.467681,444.565449,743.279914,212.000000,271.000000,118.050519,438.931911,741.991549,0.907528,5.778983,0.024477,23.000000,19.000000,11.417161,
105_os_7,main,unspecified,1571,expert1,graded,"probabilities to native, bilinear, thresholded there, and these numbers were measured from the outlines that run kept",227.000000,278.000000,124.500676,490.145556,754.881304,207.000000,228.000000,107.034065,481.556834,747.555500,0.849150,11.288648,0.052734,20.000000,50.000000,17.466610,
106_od_1,main,unspecified,1535,expert1,graded,"probabilities to native, bilinear, thresholded there, and these numbers were measured from the outlines that run kept",256.000000,266.000000,129.651945,1180.268515,782.820239,255.000000,262.000000,128.381337,1179.475637,780.757566,0.977129,2.209814,0.008606,1.000000,4.000000,1.270608,
106_od_4,main,unspecified,1572,expert1,graded,"probabilities to native, bilinear, thresholded there, and these numbers were measured from the outlines that run kept",263.000000,279.000000,134.976978,883.356838,775.832238,251.000000,274.000000,130.477914,878.931138,776.317553,0.962952,4.452230,0.017061,12.000000,5.000000,4.499065,
106_os_1,main,unspecified,1535,expert1,graded,"probabilities to native, bilinear, thresholded there, and these numbers were measured from the outlines that run kept",244.000000,267.000000,128.073521,357.062409,701.722924,240.000000,261.000000,125.385978,358.250471,704.804155,0.974911,3.302343,0.013169,4.000000,6.000000,2.687542,
106_os_3,main,unspecified,1573,expert1,graded,"probabilities to native, bilinear, thresholded there, and these numbers were measured from the outlines that run kept",248.000000,276.000000,131.301111,609.321541,859.856391,234.000000,263.000000,124.468713,610.224528,858.116044,0.946612,1.960661,0.007876,14.000000,13.000000,6.832398,
107_od_1,main,unspecified,1531,expert1,graded,"probabilities to native, bilinear, thresholded there, and these numbers were measured from the outlines that run kept",205.000000,205.000000,103.114039,1100.770649,688.344730,200.000000,187.000000,97.127494,1102.697574,689.562709,0.939435,2.279586,0.011735,5.000000,18.000000,5.986545,
107_os_1,main,unspecified,1532,expert1,graded,"probabilities to native, bilinear, thresholded there, and these numbers were measured from the outlines that run kept",206.000000,210.000000,103.289847,418.451801,792.608318,200.000000,196.000000,98.607363,414.752709,795.039087,0.949394,4.426276,0.022444,6.000000,14.000000,4.682484,
108_od_1,main,unspecified,1528,expert1,graded,"probabilities to native, bilinear, thresholded there, and these numbers were measured from the outlines that run kept",235.000000,265.000000,125.719366,888.006082,787.262275,229.000000,262.000000,122.253517,884.214593,784.497955,0.963088,4.692212,0.019190,6.000000,3.000000,3.465849,
108_od_2,main,unspecified,1531,expert1,graded,"probabilities to native, bilinear, thresholded there, and these numbers were measured from the outlines that run kept",239.000000,270.000000,128.802147,1172.635814,732.479614,225.000000,262.000000,120.932823,1175.546871,731.126042,0.937041,3.210360,0.013273,14.000000,8.000000,7.869323,
108_od_3,main,unspecified,1531,expert1,graded,"probabilities to native, bilinear, thresholded there, and these numbers were measured from the outlines that run kept",241.000000,269.000000,127.833458,1166.990183,733.691398,227.000000,262.000000,123.708135,1167.557448,733.894172,0.967208,0.602418,0.002435,14.000000,7.000000,4.125323,
108_os_1,main,unspecified,1529,expert1,graded,"probabilities to native, bilinear, thresholded there, and these numbers were measured from the outlines that run kept",220.000000,288.000000,126.538303,676.710296,686.959426,219.000000,278.000000,122.310785,680.624282,685.456594,0.952652,4.192588,0.017139,1.000000,10.000000,4.227519,
108_os_2,main,unspecified,1529,expert1,graded,"probabilities to native, bilinear, thresholded there, and these numbers were measured from the outlines that run kept",222.000000,292.000000,128.076006,316.031300,760.736945,210.000000,281.000000,120.533397,308.750712,767.675343,0.929725,10.057252,0.041720,12.000000,11.000000,7.542609,
108_os_3,main,unspecified,1529,expert1,graded,"probabilities to native, bilinear, thresholded there, and these numbers were measured from the outlines that run kept",223.000000,287.000000,127.586706,349.239832,748.430485,208.000000,273.000000,119.505689,345.471460,749.983752,0.934599,4.075937,0.017053,15.000000,14.000000,8.081017,
109_od_1,main,unspecified,2101,expert1,graded,"probabilities to native, bilinear, thresholded there, and these numbers were measured from the outlines that run kept",290.000000,302.000000,148.389369,1586.196586,1004.879756,280.000000,284.000000,138.748202,1580.121083,1008.705832,0.932706,7.179873,0.025874,10.000000,18.000000,9.641166,
109_od_3,main,unspecified,2102,expert1,graded,"probabilities to native, bilinear, thresholded there, and these numbers were measured from the outlines that run kept",287.000000,302.000000,147.865038,1576.998471,1020.293894,268.000000,280.000000,137.774357,1574.739356,1018.772492,0.929435,2.723650,0.009884,19.000000,22.000000,10.090681,
109_os_1,main,unspecified,2101,expert1,graded,"probabilities to native, bilinear, thresholded there, and these numbers were measured from the outlines that run kept",332.000000,292.000000,153.063917,472.309403,924.477820,341.000000,268.000000,146.119656,469.094251,928.073484,0.938918,4.823484,0.016505,-9.000000,24.000000,6.944260,
109_os_3,main,unspecified,2101,expert1,graded,"probabilities to native, bilinear, thresholded there, and these numbers were measured from the outlines that run kept",330.000000,296.000000,153.023359,519.204339,894.657672,318.000000,255.000000,140.424283,519.151318,899.562995,0.912562,4.905610,0.017467,12.000000,41.000000,12.599077,
10_od_1,main,unspecified,2103,expert1,graded,"probabilities to native, bilinear, thresholded there, and these numbers were measured from the outlines that run kept",291.000000,317.000000,152.797497,1595.016265,1017.554283,278.000000,305.000000,144.864946,1597.240349,1015.512203,0.946739,3.019378,0.010421,13.000000,12.000000,7.932552,
10_od_2,main,unspecified,2100,expert1,graded,"probabilities to native, bilinear, thresholded there, and these numbers were measured from the outlines that run kept",291.000000,316.000000,153.063917,1604.393571,976.012364,280.000000,289.000000,144.458977,1603.076449,973.050702,0.942204,3.241335,0.011219,11.000000,27.000000,8.604939,
10_os_1,main,unspecified,2101,expert1,graded,"probabilities to native, bilinear, thresholded there, and these numbers were measured from the outlines that run kept",276.000000,336.000000,154.038222,502.291590,954.226017,260.000000,317.000000,145.148119,502.497394,950.727650,0.940624,3.504415,0.012072,16.000000,19.000000,8.890103,
10_os_2,main,unspecified,2100,expert1,graded,"probabilities to native, bilinear, thresholded there, and these numbers were measured from the outlines that run kept",276.000000,335.000000,153.902811,517.822703,1002.178896,271.000000,326.000000,148.241283,515.958574,1000.436137,0.962314,2.551899,0.008607,5.000000,9.000000,5.661528,
110_od_1,main,unspecified,2101,expert1,graded,"probabilities to native, bilinear, thresholded there, and these numbers were measured from the outlines that run kept",330.000000,329.000000,163.938582,1608.258015,1131.204470,316.000000,303.000000,156.533889,1611.329549,1134.342423,0.953095,4.391021,0.014026,14.000000,26.000000,7.404693,
110_od_2,main,unspecified,2101,expert1,graded,"probabilities to native, bilinear, thresholded there, and these numbers were measured from the outlines that run kept",336.000000,326.000000,164.548095,1543.069996,1047.311173,329.000000,293.000000,156.477958,1546.022503,1050.934727,0.949174,4.674125,0.014935,7.000000,33.000000,8.070137,
110_od_3,main,unspecified,1572,expert1,graded,"probabilities to native, bilinear, thresholded there, and these numbers were measured from the outlines that run kept",263.000000,263.000000,130.580335,1109.043235,791.734151,244.000000,237.000000,120.955194,1109.464949,793.786519,0.923581,2.095247,0.008661,19.000000,26.000000,9.625141,
110_od_4,main,unspecified,1565,expert1,graded,"probabilities to native, bilinear, thresholded there, and these numbers were measured from the outlines that run kept",226.000000,226.000000,112.241118,1022.958790,802.034817,223.000000,210.000000,108.147947,1025.355623,804.482446,0.957522,3.425740,0.015838,3.000000,16.000000,4.093171,
110_os_1,main,unspecified,2097,expert1,graded,"probabilities to native, bilinear, thresholded there, and these numbers were measured from the outlines that run kept",353.000000,327.000000,169.133649,512.955424,1084.636037,344.000000,304.000000,159.642724,508.267442,1089.803337,0.939971,6.976974,0.021852,9.000000,23.000000,9.490925,
110_os_2,main,unspecified,2096,expert1,graded,"probabilities to native, bilinear, thresholded there, and these numbers were measured from the outlines that run kept",354.000000,328.000000,169.812630,513.086873,1056.258124,311.000000,300.000000,151.124896,516.402202,1060.272167,0.883936,5.206145,0.017225,43.000000,28.000000,18.687733,
110_os_3,main,unspecified,1571,expert1,graded,"probabilities to native, bilinear, thresholded there, and these numbers were measured from the outlines that run kept",274.000000,264.000000,134.332817,432.618564,830.228872,258.000000,252.000000,125.145847,434.632962,833.406305,0.926407,3.762164,0.015031,16.000000,12.000000,9.186970,
110_os_4,main,unspecified,1572,expert1,graded,"probabilities to native, bilinear, thresholded there, and these numbers were measured from the outlines that run kept",275.000000,261.000000,133.681981,433.788362,808.811624,243.000000,239.000000,117.763004,436.030504,811.686329,0.873886,3.645701,0.015479,32.000000,22.000000,15.918977,
111_od_1,main,unspecified,1529,expert1,graded,"probabilities to native, bilinear, thresholded there, and these numbers were measured from the outlines that run kept",168.000000,227.000000,96.339398,1181.676075,783.814356,167.000000,221.000000,91.046285,1181.732471,783.576185,0.941486,0.244757,0.001344,1.000000,6.000000,5.293113,
111_od_6,main,unspecified,1572,expert1,graded,"probabilities to native, bilinear, thresholded there, and these numbers were measured from the outlines that run kept",176.000000,235.000000,100.313162,1193.671654,766.986398,165.000000,218.000000,93.161351,1193.995599,767.650847,0.925661,0.739211,0.003967,11.000000,17.000000,7.151811,
111_os_1,main,unspecified,1528,expert1,graded,"probabilities to native, bilinear, thresholded there, and these numbers were measured from the outlines that run kept",179.000000,239.000000,102.194654,298.265011,704.998628,170.000000,229.000000,94.983457,294.763786,700.738383,0.925122,5.514368,0.029028,9.000000,10.000000,7.211197,
111_os_6,main,unspecified,1572,expert1,graded,"probabilities to native, bilinear, thresholded there, and these numbers were measured from the outlines that run kept",202.000000,256.000000,113.057737,375.958337,802.779037,159.000000,222.000000,93.050240,357.157237,798.885960,0.807667,19.199933,0.103170,43.000000,34.000000,20.007496,
112_od_1,main,unspecified,1529,expert1,graded,"probabilities to native, bilinear, thresholded there, and these numbers were measured from the outlines that run kept",168.000000,206.000000,92.528812,1190.022791,767.928579,120.000000,168.000000,65.390035,1197.083228,769.782997,0.666154,7.299907,0.055818,48.000000,38.000000,27.138777,
112_od_5,main,unspecified,2102,expert1,graded,"probabilities to native, bilinear, thresholded there, and these numbers were measured from the outlines that run kept",220.000000,293.000000,128.151786,1608.093499,1046.459375,150.000000,240.000000,89.436062,1634.481117,1048.295515,0.655058,26.451423,0.147879,70.000000,53.000000,38.715724,
112_os_1,main,unspecified,1528,expert1,graded,"probabilities to native, bilinear, thresholded there, and these numbers were measured from the outlines that run kept",168.000000,202.000000,90.604702,354.198604,709.146956,137.000000,191.000000,76.270002,355.887387,704.140575,0.829456,5.283545,0.034637,31.000000,11.000000,14.334700,
112_os_5,main,unspecified,2100,expert1,graded,"probabilities to native, bilinear, thresholded there, and these numbers were measured from the outlines that run kept",247.000000,271.000000,128.664916,515.818182,938.332026,173.000000,239.000000,97.296125,488.110356,938.375488,0.727504,27.707859,0.142389,74.000000,32.000000,31.368790,
113_od_1,main,unspecified,1533,expert1,graded,"probabilities to native, bilinear, thresholded there, and these numbers were measured from the outlines that run kept",203.000000,221.000000,106.767568,1142.599185,790.307327,200.000000,215.000000,103.648245,1142.405274,789.460444,0.967971,0.868799,0.004191,3.000000,6.000000,3.119323,
113_od_4,main,unspecified,2103,expert1,graded,"probabilities to native, bilinear, thresholded there, and these numbers were measured from the outlines that run kept",268.000000,301.000000,142.456473,1561.506862,999.799529,254.000000,277.000000,134.060041,1561.149236,999.006181,0.939326,0.870229,0.003246,14.000000,24.000000,8.396433,
113_os_1,main,unspecified,1534,expert1,graded,"probabilities to native, bilinear, thresholded there, and these numbers were measured from the outlines that run kept",184.000000,218.000000,99.334225,368.198619,726.484661,172.000000,206.000000,93.672463,370.762787,727.210803,0.941040,2.665003,0.014225,12.000000,12.000000,5.661762,
113_os_4,main,unspecified,2104,expert1,graded,"probabilities to native, bilinear, thresholded there, and these numbers were measured from the outlines that run kept",246.000000,292.000000,133.018388,442.878982,1093.332236,225.000000,276.000000,124.757359,441.123729,1088.609690,0.935856,5.038190,0.020192,21.000000,16.000000,8.261030,
114_od_1,main,unspecified,1535,expert1,graded,"probabilities to native, bilinear, thresholded there, and these numbers were measured from the outlines that run kept",233.000000,272.000000,125.872454,1156.964360,771.694003,227.000000,266.000000,121.371591,1155.668143,770.263575,0.963416,1.930363,0.007952,6.000000,6.000000,4.500862,
114_od_2,main,unspecified,2103,expert1,graded,"probabilities to native, bilinear, thresholded there, and these numbers were measured from the outlines that run kept",325.000000,368.000000,173.158414,1577.636698,1081.035532,311.000000,353.000000,167.153483,1576.469838,1079.147977,0.963995,2.219104,0.006638,14.000000,15.000000,6.004931,
114_os_1,main,unspecified,1533,expert1,graded,"probabilities to native, bilinear, thresholded there, and these numbers were measured from the outlines that run kept",239.000000,272.000000,128.650071,347.619413,774.498038,235.000000,264.000000,125.647186,348.335605,775.827328,0.972075,1.509948,0.006009,4.000000,8.000000,3.002885,
114_os_2,main,unspecified,2102,expert1,graded,"probabilities to native, bilinear, thresholded there, and these numbers were measured from the outlines that run kept",330.000000,372.000000,177.158224,508.416951,1023.413138,322.000000,355.000000,171.875150,504.629905,1024.565556,0.967164,3.958508,0.011516,8.000000,17.000000,5.283074,
115_os_1,main,unspecified,1531,expert1,graded,"probabilities to native, bilinear, thresholded there, and these numbers were measured from the outlines that run kept",236.000000,269.000000,126.102367,358.592550,657.697079,230.000000,267.000000,122.270440,357.041519,658.417634,0.969048,1.710233,0.006994,6.000000,2.000000,3.831927,
116_od_1,main,unspecified,1535,expert1,graded,"probabilities to native, bilinear, thresholded there, and these numbers were measured from the outlines that run kept",287.000000,290.000000,144.374119,1202.691538,715.409740,279.000000,278.000000,140.327912,1199.126762,715.503314,0.968849,3.566004,0.012706,8.000000,12.000000,4.046207,
116_od_7,main,unspecified,1572,expert1,graded,"probabilities to native, bilinear, thresholded there, and these numbers were measured from the outlines that run kept",284.000000,290.000000,143.564910,1160.213155,792.045297,264.000000,276.000000,135.722486,1153.789528,794.186625,0.943672,6.771135,0.024945,20.000000,14.000000,7.842425,
116_os_1,main,unspecified,1532,expert1,graded,"probabilities to native, bilinear, thresholded there, and these numbers were measured from the outlines that run kept",295.000000,292.000000,145.026356,346.601610,747.414750,290.000000,277.000000,139.455294,348.671670,744.136930,0.960817,3.876758,0.013900,5.000000,15.000000,5.571062,
116_os_7,main,unspecified,1572,expert1,graded,"probabilities to native, bilinear, thresholded there, and these numbers were measured from the outlines that run kept",290.000000,294.000000,144.763835,486.178851,804.571761,279.000000,273.000000,136.635256,485.542668,801.278682,0.942276,3.353967,0.012273,11.000000,21.000000,8.128579,
117_od_1,main,unspecified,2100,expert1,graded,"probabilities to native, bilinear, thresholded there, and these numbers were measured from the outlines that run kept",277.000000,297.000000,141.298800,1642.108174,1040.048977,292.000000,286.000000,144.109305,1552.208375,1061.470058,0.594533,92.416647,0.320648,-15.000000,11.000000,-2.810505,
117_od_4,main,unspecified,1572,expert1,graded,"probabilities to native, bilinear, thresholded there, and these numbers were measured from the outlines that run kept",212.000000,236.000000,110.643029,1179.035674,752.236044,177.000000,221.000000,98.211131,1172.596627,753.425384,0.881372,6.547966,0.033336,35.000000,15.000000,12.431899,
117_os_1,main,unspecified,2100,expert1,graded,"probabilities to native, bilinear, thresholded there, and these numbers were measured from the outlines that run kept",302.000000,303.000000,150.098819,439.752978,1063.577940,276.000000,259.000000,135.314964,434.137145,1066.037098,0.896681,6.130663,0.022653,26.000000,44.000000,14.783855,
117_os_4,main,unspecified,1572,expert1,graded,"probabilities to native, bilinear, thresholded there, and these numbers were measured from the outlines that run kept",228.000000,237.000000,114.939695,425.558139,794.464871,205.000000,209.000000,103.114039,424.143939,794.575966,0.891853,1.418557,0.006879,23.000000,28.000000,11.825656,
118_od_1,main,unspecified,1533,expert1,graded,"probabilities to native, bilinear, thresholded there, and these numbers were measured from the outlines that run kept",211.000000,223.000000,107.670080,1174.297254,691.809445,211.000000,209.000000,103.078533,1175.636729,694.379239,0.951490,2.897936,0.014057,0.000000,14.000000,4.591546,
118_od_4,main,unspecified,2102,expert1,graded,"probabilities to native, bilinear, thresholded there, and these numbers were measured from the outlines that run kept",291.000000,308.000000,148.157517,1594.564356,917.684382,280.000000,288.000000,140.433349,1590.140775,920.961360,0.943239,5.505148,0.019601,11.000000,20.000000,7.724167,
118_od_5,main,unspecified,2105,expert1,graded,"probabilities to native, bilinear, thresholded there, and these numbers were measured from the outlines that run kept",291.000000,308.000000,147.801520,1597.766265,942.907590,280.000000,288.000000,142.068270,1594.122082,945.517443,0.953278,4.482343,0.015775,11.000000,20.000000,5.733250,
118_os_1,main,unspecified,1531,expert1,graded,"probabilities to native, bilinear, thresholded there, and these numbers were measured from the outlines that run kept",200.000000,213.000000,102.637545,351.991147,678.263998,192.000000,206.000000,97.996986,351.773020,677.750646,0.953134,0.557771,0.002846,8.000000,7.000000,4.640559,
118_os_4,main,unspecified,2100,expert1,graded,"probabilities to native, bilinear, thresholded there, and these numbers were measured from the outlines that run kept",270.000000,289.000000,139.422194,489.501523,978.639893,256.000000,266.000000,128.849093,486.402822,979.169182,0.920980,3.143579,0.012199,14.000000,23.000000,10.573101,
118_os_5,main,unspecified,2103,expert1,graded,"probabilities to native, bilinear, thresholded there, and these numbers were measured from the outlines that run kept",266.000000,290.000000,138.295515,507.803562,973.891404,241.000000,271.000000,128.234968,504.056038,973.541821,0.924472,3.763793,0.014675,25.000000,19.000000,10.060547,
119_od_1,main,unspecified,1533,expert1,graded,"probabilities to native, bilinear, thresholded there, and these numbers were measured from the outlines that run kept",145.000000,200.000000,84.264694,1250.196710,721.455149,121.000000,202.000000,74.342549,1241.721016,730.657490,0.855710,12.510814,0.084143,24.000000,-2.000000,9.922145,
119_od_2,main,unspecified,1533,expert1,graded,"probabilities to native, bilinear, thresholded there, and these numbers were measured from the outlines that run kept",145.000000,199.000000,84.374170,1256.557210,733.171429,117.000000,200.000000,71.749744,1247.520188,740.819452,0.818569,11.838920,0.082501,28.000000,-1.000000,12.624426,
119_os_1,main,unspecified,1534,expert1,graded,"probabilities to native, bilinear, thresholded there, and these numbers were measured from the outlines that run kept",143.000000,206.000000,83.511494,351.714833,709.355317,148.000000,193.000000,79.189791,351.271712,701.647023,0.903944,7.721020,0.048750,-5.000000,13.000000,4.321702,
119_os_2,main,unspecified,1531,expert1,graded,"probabilities to native, bilinear, thresholded there, and these numbers were measured from the outlines that run kept",148.000000,210.000000,85.799491,331.628486,703.356683,155.000000,217.000000,83.083501,326.851333,700.132805,0.903354,5.763210,0.034683,-7.000000,-7.000000,2.715990,
11_od_1,main,unspecified,2102,expert1,graded,"probabilities to native, bilinear, thresholded there, and these numbers were measured from the outlines that run kept",259.000000,320.000000,142.593825,1621.546291,929.873932,265.000000,299.000000,137.896752,1620.405112,928.146956,0.949157,2.069960,0.007505,-6.000000,21.000000,4.697073,
120_od_1,main,unspecified,2104,expert1,graded,"probabilities to native, bilinear, thresholded there, and these numbers were measured from the outlines that run kept",259.000000,320.000000,141.183864,1754.995561,955.639690,228.000000,256.000000,117.492396,1759.661525,940.077361,0.818104,16.246762,0.069140,31.000000,64.000000,23.691468,
120_od_4,main,unspecified,2100,expert1,graded,"probabilities to native, bilinear, thresholded there, and these numbers were measured from the outlines that run kept",247.000000,320.000000,140.179257,1552.478059,1000.651013,240.000000,265.000000,123.171774,1557.036192,995.293127,0.868614,7.034453,0.028555,7.000000,55.000000,17.007484,
120_os_1,main,unspecified,2098,expert1,graded,"probabilities to native, bilinear, thresholded there, and these numbers were measured from the outlines that run kept",236.000000,309.000000,135.028850,484.771316,1008.111697,209.000000,299.000000,122.867746,489.503363,999.676556,0.897170,9.671808,0.039359,27.000000,10.000000,12.161104,
120_os_4,main,unspecified,2099,expert1,graded,"probabilities to native, bilinear, thresholded there, and these numbers were measured from the outlines that run kept",239.000000,310.000000,136.337904,481.124101,1010.451127,233.000000,287.000000,125.988726,485.246375,1005.214751,0.902044,6.664291,0.026448,6.000000,23.000000,10.349178,
121_od_1,main,unspecified,1532,expert1,graded,"probabilities to native, bilinear, thresholded there, and these numbers were measured from the outlines that run kept",174.000000,222.000000,97.858842,743.401762,670.695928,168.000000,208.000000,91.553559,744.237952,675.414993,0.932752,4.792576,0.026174,6.000000,14.000000,6.305282,
121_os_1,main,unspecified,1533,expert1,graded,"probabilities to native, bilinear, thresholded there, and these numbers were measured from the outlines that run kept",183.000000,226.000000,100.874826,760.434747,759.642611,170.000000,203.000000,91.732438,760.388599,761.602512,0.905280,1.960444,0.010686,13.000000,23.000000,9.142388,
122_od_1,main,unspecified,1529,expert1,graded,"probabilities to native, bilinear, thresholded there, and these numbers were measured from the outlines that run kept",222.000000,261.000000,117.508650,1247.003527,773.447649,173.000000,238.000000,101.981071,1239.165458,776.683072,0.859217,8.479581,0.041574,49.000000,23.000000,15.527579,
122_od_3,main,unspecified,2098,expert1,graded,"probabilities to native, bilinear, thresholded there, and these numbers were measured from the outlines that run kept",240.000000,349.000000,146.539488,1660.008420,1012.558196,236.000000,335.000000,139.624099,1651.719716,1018.626043,0.936515,10.272360,0.036786,4.000000,14.000000,6.915389,
122_od_4,main,unspecified,1571,expert1,graded,"probabilities to native, bilinear, thresholded there, and these numbers were measured from the outlines that run kept",211.000000,261.000000,116.459718,1194.967143,819.477129,177.000000,249.000000,104.301855,1182.301723,819.118033,0.886307,12.670509,0.060740,34.000000,12.000000,12.157863,
122_os_1,main,unspecified,1534,expert1,graded,"probabilities to native, bilinear, thresholded there, and these numbers were measured from the outlines that run kept",190.000000,256.000000,109.695345,289.772505,730.690316,187.000000,221.000000,99.985792,293.906136,743.958290,0.906805,13.896979,0.069495,3.000000,35.000000,9.709553,
122_os_5,main,unspecified,2099,expert1,graded,"probabilities to native, bilinear, thresholded there, and these numbers were measured from the outlines that run kept",267.000000,345.000000,151.402669,432.841975,981.366151,255.000000,302.000000,134.476099,440.990055,989.052911,0.881716,11.201673,0.041649,12.000000,43.000000,16.926570,
122_os_6,main,unspecified,1571,expert1,graded,"probabilities to native, bilinear, thresholded there, and these numbers were measured from the outlines that run kept",191.000000,269.000000,112.276562,371.082822,814.778350,183.000000,224.000000,99.303778,373.122079,825.817979,0.877832,11.226397,0.056526,8.000000,45.000000,12.972784,
123_od_1,main,unspecified,2104,expert1,graded,"probabilities to native, bilinear, thresholded there, and these numbers were measured from the outlines that run kept",216.000000,301.000000,127.096775,1632.641227,996.585757,195.000000,271.000000,111.930151,1623.665617,1006.531975,0.866059,13.397344,0.059847,21.000000,30.000000,15.166623,
123_od_2,main,unspecified,2100,expert1,graded,"probabilities to native, bilinear, thresholded there, and these numbers were measured from the outlines that run kept",214.000000,299.000000,126.196990,1609.898405,1040.753698,166.000000,270.000000,101.478872,1587.137766,1052.220976,0.777918,25.486176,0.125574,48.000000,29.000000,24.718118,
123_od_4,main,unspecified,1564,expert1,graded,"probabilities to native, bilinear, thresholded there, and these numbers were measured from the outlines that run kept",151.000000,208.000000,88.437505,1079.889789,755.232469,114.000000,164.000000,68.082513,1070.478025,757.713638,0.744231,9.733319,0.071482,37.000000,44.000000,20.354992,
123_os_1,main,unspecified,2100,expert1,graded,"probabilities to native, bilinear, thresholded there, and these numbers were measured from the outlines that run kept",217.000000,324.000000,132.702140,457.441372,1022.066139,194.000000,292.000000,118.310435,453.720494,1028.536408,0.885707,7.463867,0.031544,23.000000,32.000000,14.391705,
123_os_2,main,unspecified,2098,expert1,graded,"probabilities to native, bilinear, thresholded there, and these numbers were measured from the outlines that run kept",217.000000,315.000000,130.926025,456.952462,1014.932612,167.000000,260.000000,102.626690,453.314676,1016.812288,0.761169,4.094713,0.019950,50.000000,55.000000,28.299335,
123_os_5,main,unspecified,1571,expert1,graded,"probabilities to native, bilinear, thresholded there, and these numbers were measured from the outlines that run kept",171.000000,261.000000,106.519830,387.641559,806.635162,142.000000,238.000000,91.841677,376.586324,816.928865,0.849079,15.105579,0.082237,29.000000,23.000000,14.678153,
124_od_1,main,unspecified,2100,expert1,graded,"probabilities to native, bilinear, thresholded there, and these numbers were measured from the outlines that run kept",286.000000,294.000000,147.637753,1568.441550,902.701666,282.000000,264.000000,138.106650,1561.995945,902.528546,0.932304,6.447930,0.023344,4.000000,30.000000,9.531103,
124_od_2,main,unspecified,2102,expert1,graded,"probabilities to native, bilinear, thresholded there, and these numbers were measured from the outlines that run kept",287.000000,295.000000,148.385078,1574.006072,922.520529,264.000000,264.000000,133.824770,1560.449194,922.554734,0.894105,13.556921,0.050652,23.000000,31.000000,14.560308,
124_os_1,main,unspecified,2101,expert1,graded,"probabilities to native, bilinear, thresholded there, and these numbers were measured from the outlines that run kept",290.000000,293.000000,146.410186,558.534725,875.780230,282.000000,254.000000,134.141932,561.210773,882.311074,0.912628,7.057844,0.026307,8.000000,39.000000,12.268255,
124_os_2,main,unspecified,2100,expert1,graded,"probabilities to native, bilinear, thresholded there, and these numbers were measured from the outlines that run kept",293.000000,295.000000,147.137788,546.899124,866.781427,279.000000,272.000000,138.779170,549.616947,877.010809,0.937379,10.584272,0.038134,14.000000,23.000000,8.358618,
125_os_1,main,unspecified,2099,expert1,graded,"probabilities to native, bilinear, thresholded there, and these numbers were measured from the outlines that run kept",224.000000,295.000000,119.433751,437.692009,947.072858,173.000000,203.000000,75.525580,437.862946,967.385491,0.571310,20.313352,0.134480,51.000000,92.000000,43.908172,
125_os_3,main,unspecified,1571,expert1,graded,"probabilities to native, bilinear, thresholded there, and these numbers were measured from the outlines that run kept",132.000000,185.000000,71.496423,442.523569,744.150508,119.000000,143.000000,51.220212,438.865688,766.484712,0.663512,22.631765,0.220926,13.000000,42.000000,20.276211,
126_od_1,main,unspecified,2105,expert1,graded,"probabilities to native, bilinear, thresholded there, and these numbers were measured from the outlines that run kept",308.000000,326.000000,159.643721,1619.040953,1025.894975,290.000000,303.000000,150.807570,1623.398886,1023.913323,0.941920,4.787330,0.015872,18.000000,23.000000,8.836151,
126_od_5,main,unspecified,1572,expert1,graded,"probabilities to native, bilinear, thresholded there, and these numbers were measured from the outlines that run kept",217.000000,236.000000,113.746833,1125.706793,701.911014,204.000000,218.000000,106.317931,1126.926107,700.040410,0.932561,2.232910,0.010501,13.000000,18.000000,7.428902,
126_os_1,main,unspecified,2101,expert1,graded,"probabilities to native, bilinear, thresholded there, and these numbers were measured from the outlines that run kept",336.000000,341.000000,168.993381,468.046901,952.100535,330.000000,322.000000,164.520043,466.749544,949.411570,0.971257,2.985577,0.009074,6.000000,19.000000,4.473338,
126_os_5,main,unspecified,1572,expert1,graded,"probabilities to native, bilinear, thresholded there, and these numbers were measured from the outlines that run kept",237.000000,249.000000,122.059388,435.047025,753.370089,229.000000,232.000000,116.136750,434.784698,750.116749,0.949876,3.263899,0.014052,8.000000,17.000000,5.922638,
127_od_1,main,unspecified,2102,expert1,graded,"probabilities to native, bilinear, thresholded there, and these numbers were measured from the outlines that run kept",213.000000,302.000000,125.658586,1555.335484,997.173225,207.000000,288.000000,119.582907,1551.390028,996.041180,0.949234,4.104650,0.017162,6.000000,14.000000,6.075679,
127_od_4,main,unspecified,2100,expert1,graded,"probabilities to native, bilinear, thresholded there, and these numbers were measured from the outlines that run kept",215.000000,302.000000,125.788975,1560.216540,1097.541512,207.000000,271.000000,118.051868,1555.180576,1100.947969,0.934293,6.079876,0.025751,8.000000,31.000000,7.737107,
127_od_5,main,unspecified,1572,expert1,graded,"probabilities to native, bilinear, thresholded there, and these numbers were measured from the outlines that run kept",172.000000,244.000000,101.340763,1117.089697,803.403205,161.000000,229.000000,95.011938,1115.488787,803.028103,0.935603,1.644268,0.008653,11.000000,15.000000,6.328825,
127_os_1,main,unspecified,2101,expert1,graded,"probabilities to native, bilinear, thresholded there, and these numbers were measured from the outlines that run kept",224.000000,314.000000,130.896847,524.843353,1001.326503,219.000000,301.000000,124.836428,525.205560,1004.028575,0.952163,2.726240,0.010919,5.000000,13.000000,6.060419,
127_os_5,main,unspecified,2101,expert1,graded,"probabilities to native, bilinear, thresholded there, and these numbers were measured from the outlines that run kept",222.000000,312.000000,129.692448,503.989402,1064.424397,212.000000,301.000000,124.181959,507.353004,1067.094701,0.955128,4.294688,0.017292,10.000000,11.000000,5.510488,
127_os_6,main,unspecified,1572,expert1,graded,"probabilities to native, bilinear, thresholded there, and these numbers were measured from the outlines that run kept",176.000000,255.000000,104.934713,423.672535,811.821727,163.000000,251.000000,99.013263,425.134550,811.844930,0.941094,1.462199,0.007384,13.000000,4.000000,5.921450,
128_od_1,main,unspecified,2103,expert1,graded,"probabilities to native, bilinear, thresholded there, and these numbers were measured from the outlines that run kept",252.000000,305.000000,138.175777,1620.356580,937.389057,250.000000,246.000000,124.814753,1617.101978,956.517122,0.889491,19.402972,0.077727,2.000000,59.000000,13.361024,
128_od_2,main,unspecified,2101,expert1,graded,"probabilities to native, bilinear, thresholded there, and these numbers were measured from the outlines that run kept",249.000000,300.000000,135.186700,1599.589769,902.211098,253.000000,246.000000,126.157888,1599.380312,914.681306,0.910413,12.471967,0.049430,-4.000000,54.000000,9.028812,
128_od_3,main,unspecified,1573,expert1,graded,"probabilities to native, bilinear, thresholded there, and these numbers were measured from the outlines that run kept",202.000000,254.000000,112.997188,1167.041433,707.662902,192.000000,225.000000,103.577586,1158.117019,718.314117,0.903234,13.895810,0.067079,10.000000,29.000000,9.419601,
128_os_1,main,unspecified,2102,expert1,graded,"probabilities to native, bilinear, thresholded there, and these numbers were measured from the outlines that run kept",228.000000,316.000000,134.107520,470.047981,883.141874,214.000000,292.000000,123.457006,471.602176,884.600359,0.914757,2.131361,0.008632,14.000000,24.000000,10.650514,
128_os_2,main,unspecified,2101,expert1,graded,"probabilities to native, bilinear, thresholded there, and these numbers were measured from the outlines that run kept",226.000000,318.000000,134.293714,481.410039,905.373010,220.000000,308.000000,128.497816,482.664488,901.731941,0.947600,3.851107,0.014985,6.000000,10.000000,5.795898,
128_os_3,main,unspecified,1568,expert1,graded,"probabilities to native, bilinear, thresholded there, and these numbers were measured from the outlines that run kept",160.000000,225.000000,95.676307,484.784234,698.568850,155.000000,209.000000,86.877868,486.697200,700.517249,0.898609,2.730512,0.015715,5.000000,16.000000,8.798439,
129_od_1,main,unspecified,2098,expert1,graded,"probabilities to native, bilinear, thresholded there, and these numbers were measured from the outlines that run kept",365.000000,407.000000,192.315836,1676.299278,966.859828,354.000000,396.000000,187.558037,1673.029127,970.485798,0.972043,4.882781,0.013017,11.000000,11.000000,4.757799,
129_od_3,main,unspecified,1571,expert1,graded,"probabilities to native, bilinear, thresholded there, and these numbers were measured from the outlines that run kept",269.000000,304.000000,142.676396,1181.093304,712.366259,265.000000,290.000000,137.578992,1173.535231,714.167395,0.948078,7.769721,0.028237,4.000000,14.000000,5.097403,
129_os_1,main,unspecified,2100,expert1,graded,"probabilities to native, bilinear, thresholded there, and these numbers were measured from the outlines that run kept",335.000000,390.000000,178.379402,391.855016,910.360773,310.000000,391.000000,172.195245,386.478014,909.730054,0.951071,5.413867,0.015720,25.000000,-1.000000,6.184157,
129_os_3,main,unspecified,1571,expert1,graded,"probabilities to native, bilinear, thresholded there, and these numbers were measured from the outlines that run kept",249.000000,291.000000,133.216857,380.774918,698.841892,233.000000,284.000000,126.622545,375.923327,696.345662,0.941304,5.456106,0.021545,16.000000,7.000000,6.594312,
12_od_1,main,unspecified,1536,expert1,graded,"probabilities to native, bilinear, thresholded there, and these numbers were measured from the outlines that run kept",222.000000,260.000000,121.437139,1142.482268,718.932138,222.000000,252.000000,120.366909,1141.623715,721.848998,0.978540,3.040590,0.012631,0.000000,8.000000,1.070230,
12_od_3,main,unspecified,2101,expert1,graded,"probabilities to native, bilinear, thresholded there, and these numbers were measured from the outlines that run kept",303.000000,350.000000,165.085960,1559.116621,1018.103528,294.000000,350.000000,161.611513,1560.875678,1019.557164,0.976060,2.281959,0.007060,9.000000,0.000000,3.474447,
12_od_4,main,unspecified,2103,expert1,graded,"probabilities to native, bilinear, thresholded there, and these numbers were measured from the outlines that run kept",303.000000,346.000000,163.330692,1551.081424,973.786691,285.000000,337.000000,155.300805,1552.042352,978.048133,0.946384,4.368440,0.014064,18.000000,9.000000,8.029887,
12_os_1,main,unspecified,1536,expert1,graded,"probabilities to native, bilinear, thresholded there, and these numbers were measured from the outlines that run kept",216.000000,253.000000,116.934331,285.355169,777.334264,212.000000,244.000000,113.594217,284.653930,779.261582,0.969567,2.050924,0.009027,4.000000,9.000000,3.340114,
12_os_4,main,unspecified,2103,expert1,graded,"probabilities to native, bilinear, thresholded there, and these numbers were measured from the outlines that run kept",295.000000,340.000000,158.339382,517.821137,961.175309,278.000000,330.000000,153.056638,516.020232,965.373933,0.962274,4.568556,0.014924,17.000000,10.000000,5.282744,
12_os_5,main,unspecified,2106,expert1,graded,"probabilities to native, bilinear, thresholded there, and these numbers were measured from the outlines that run kept",285.000000,337.000000,155.368428,366.246321,999.300135,273.000000,319.000000,147.226458,365.248943,1002.939438,0.946002,3.773499,0.012815,12.000000,18.000000,8.141970,
130_od_1,main,unspecified,2100,expert1,graded,"probabilities to native, bilinear, thresholded there, and these numbers were measured from the outlines that run kept",318.000000,348.000000,165.963825,1594.575544,1136.496325,310.000000,317.000000,155.687704,1589.570731,1146.814348,0.935813,11.467771,0.036829,8.000000,31.000000,10.276120,
130_od_2,main,unspecified,2103,expert1,graded,"probabilities to native, bilinear, thresholded there, and these numbers were measured from the outlines that run kept",319.000000,352.000000,166.932438,1696.357291,1102.109487,296.000000,312.000000,151.404771,1691.931085,1112.667671,0.902677,11.448430,0.037807,23.000000,40.000000,15.527667,
130_os_1,main,unspecified,2101,expert1,graded,"probabilities to native, bilinear, thresholded there, and these numbers were measured from the outlines that run kept",322.000000,352.000000,167.998758,423.654178,1001.056887,289.000000,314.000000,153.952441,424.019286,1002.896978,0.912908,1.875964,0.006093,33.000000,38.000000,14.046317,
130_os_2,main,unspecified,2102,expert1,graded,"probabilities to native, bilinear, thresholded there, and these numbers were measured from the outlines that run kept",316.000000,357.000000,167.517759,273.646858,1151.033167,292.000000,325.000000,157.111351,272.136537,1152.973655,0.935639,2.458976,0.007826,24.000000,32.000000,10.406408,
131_od_1,main,unspecified,2099,expert1,graded,"probabilities to native, bilinear, thresholded there, and these numbers were measured from the outlines that run kept",264.000000,275.000000,133.000440,1601.767509,1093.259699,239.000000,246.000000,118.844631,1603.704791,1101.294645,0.887937,8.265193,0.034773,25.000000,29.000000,14.155809,
131_od_2,main,unspecified,2100,expert1,graded,"probabilities to native, bilinear, thresholded there, and these numbers were measured from the outlines that run kept",266.000000,276.000000,134.156169,1590.794967,1116.993721,238.000000,257.000000,121.489551,1593.004399,1119.736979,0.901148,3.522365,0.014497,28.000000,19.000000,12.666617,
131_od_3,main,unspecified,2103,expert1,graded,"probabilities to native, bilinear, thresholded there, and these numbers were measured from the outlines that run kept",262.000000,274.000000,132.480076,1571.373880,1123.488973,231.000000,245.000000,116.472017,1576.246257,1126.254423,0.871926,5.602479,0.024051,31.000000,29.000000,16.008059,
131_od_4,main,unspecified,1572,expert1,graded,"probabilities to native, bilinear, thresholded there, and these numbers were measured from the outlines that run kept",196.000000,213.000000,100.936339,1142.073140,809.366482,177.000000,194.000000,91.199985,1141.911022,811.954382,0.898911,2.592973,0.014216,19.000000,19.000000,9.736354,
131_od_5,main,unspecified,1572,expert1,graded,"probabilities to native, bilinear, thresholded there, and these numbers were measured from the outlines that run kept",199.000000,210.000000,101.307777,1133.683683,840.783426,170.000000,184.000000,88.394303,1133.312503,842.411007,0.864483,1.669370,0.009443,29.000000,26.000000,12.913474,
131_os_1,main,unspecified,2099,expert1,graded,"probabilities to native, bilinear, thresholded there, and these numbers were measured from the outlines that run kept",285.000000,281.000000,142.029055,555.131681,953.326054,253.000000,265.000000,129.873942,549.843612,951.173523,0.910771,5.709383,0.021980,32.000000,16.000000,12.155113,
131_os_2,main,unspecified,2101,expert1,graded,"probabilities to native, bilinear, thresholded there, and these numbers were measured from the outlines that run kept",288.000000,283.000000,143.543845,556.544537,960.346135,268.000000,261.000000,134.037482,555.417792,958.755005,0.931586,1.949679,0.007273,20.000000,22.000000,9.506363,
131_os_3,main,unspecified,2103,expert1,graded,"probabilities to native, bilinear, thresholded there, and these numbers were measured from the outlines that run kept",281.000000,276.000000,140.512659,563.903445,991.774566,261.000000,244.000000,127.571736,558.752210,990.104678,0.903681,5.415141,0.021224,20.000000,32.000000,12.940923,
131_os_4,main,unspecified,1572,expert1,graded,"probabilities to native, bilinear, thresholded there, and these numbers were measured from the outlines that run kept",212.000000,212.000000,106.795887,486.726438,764.579694,191.000000,190.000000,97.487324,485.358609,761.648826,0.909055,3.234338,0.016589,21.000000,22.000000,9.308564,
131_os_5,main,unspecified,1572,expert1,graded,"probabilities to native, bilinear, thresholded there, and these numbers were measured from the outlines that run kept",212.000000,212.000000,106.797378,488.428918,737.840227,192.000000,191.000000,97.206116,485.928179,735.341721,0.906177,3.535000,0.018183,20.000000,21.000000,9.591262,
132_od_1,main,unspecified,1528,expert1,graded,"probabilities to native, bilinear, thresholded there, and these numbers were measured from the outlines that run kept",214.000000,203.000000,103.912020,1126.808826,713.546106,203.000000,171.000000,95.389760,1124.129889,710.100993,0.913419,4.364115,0.022875,11.000000,32.000000,8.522260,
132_os_1,main,unspecified,1532,expert1,graded,"probabilities to native, bilinear, thresholded there, and these numbers were measured from the outlines that run kept",222.000000,217.000000,109.911313,258.435735,725.631324,221.000000,188.000000,102.950300,259.852299,729.088266,0.933627,3.735921,0.018144,1.000000,29.000000,6.961013,
133_od_1,main,unspecified,1536,expert1,graded,"probabilities to native, bilinear, thresholded there, and these numbers were measured from the outlines that run kept",206.000000,237.000000,110.989155,1122.363643,750.591008,208.000000,226.000000,109.372775,1119.512094,749.097203,0.968655,3.219128,0.014716,-2.000000,11.000000,1.616381,
133_od_5,main,unspecified,1572,expert1,graded,"probabilities to native, bilinear, thresholded there, and these numbers were measured from the outlines that run kept",216.000000,254.000000,117.444976,1053.577943,787.088293,205.000000,236.000000,110.621450,1052.535480,787.380840,0.940215,1.082734,0.004894,11.000000,18.000000,6.823525,
133_os_1,main,unspecified,1533,expert1,graded,"probabilities to native, bilinear, thresholded there, and these numbers were measured from the outlines that run kept",208.000000,234.000000,110.438580,448.122322,791.893755,203.000000,224.000000,105.255763,450.855797,794.396294,0.946446,3.706020,0.017605,5.000000,10.000000,5.182817,
133_os_5,main,unspecified,1572,expert1,graded,"probabilities to native, bilinear, thresholded there, and these numbers were measured from the outlines that run kept",208.000000,249.000000,114.376133,261.904326,915.416298,185.000000,229.000000,103.503804,261.490135,914.275731,0.900447,1.213444,0.005862,23.000000,20.000000,10.872328,
134_od_1,main,unspecified,2099,expert1,graded,"probabilities to native, bilinear, thresholded there, and these numbers were measured from the outlines that run kept",279.000000,316.000000,146.733769,1511.162254,1073.598587,255.000000,296.000000,134.725590,1510.409624,1072.792961,0.914827,1.102490,0.004092,24.000000,20.000000,12.008179,
134_od_3,main,unspecified,2098,expert1,graded,"probabilities to native, bilinear, thresholded there, and these numbers were measured from the outlines that run kept",278.000000,316.000000,147.173479,1505.561685,1055.073787,251.000000,307.000000,138.462285,1504.096513,1052.852731,0.938235,2.660793,0.009608,27.000000,9.000000,8.711193,
134_od_5,main,unspecified,1572,expert1,graded,"probabilities to native, bilinear, thresholded there, and these numbers were measured from the outlines that run kept",217.000000,252.000000,115.946107,1069.542004,815.780272,204.000000,229.000000,107.946144,1065.111563,815.585598,0.928552,4.434716,0.020541,13.000000,23.000000,7.999963,
134_od_6,main,unspecified,1572,expert1,graded,"probabilities to native, bilinear, thresholded there, and these numbers were measured from the outlines that run kept",219.000000,253.000000,116.779067,1071.695680,813.125691,202.000000,225.000000,107.431830,1071.492154,811.193690,0.916766,1.942692,0.009042,17.000000,28.000000,9.347237,
134_os_1,main,unspecified,2098,expert1,graded,"probabilities to native, bilinear, thresholded there, and these numbers were measured from the outlines that run kept",288.000000,336.000000,156.375196,598.566179,935.229439,266.000000,315.000000,141.657657,597.907221,931.990895,0.901476,3.304905,0.011665,22.000000,21.000000,14.717539,
134_os_3,main,unspecified,2098,expert1,graded,"probabilities to native, bilinear, thresholded there, and these numbers were measured from the outlines that run kept",286.000000,329.000000,153.852131,598.746500,957.431061,258.000000,313.000000,140.446948,597.261744,957.292130,0.909090,1.491242,0.005309,28.000000,16.000000,13.405182,
134_os_5,main,unspecified,1572,expert1,graded,"probabilities to native, bilinear, thresholded there, and these numbers were measured from the outlines that run kept",224.000000,260.000000,120.868319,510.616067,734.284840,198.000000,248.000000,109.375685,509.914456,734.297661,0.900418,0.701728,0.003208,26.000000,12.000000,11.492634,
134_os_6,main,unspecified,1572,expert1,graded,"probabilities to native, bilinear, thresholded there, and these numbers were measured from the outlines that run kept",224.000000,260.000000,120.561123,503.715306,724.107899,191.000000,242.000000,107.029604,504.099144,724.098199,0.881508,0.383961,0.001794,33.000000,18.000000,13.531519,
135_od_1,main,unspecified,2104,expert1,graded,"probabilities to native, bilinear, thresholded there, and these numbers were measured from the outlines that run kept",333.000000,402.000000,185.821473,1600.261242,1100.557883,315.000000,379.000000,176.679641,1596.262739,1101.297592,0.949595,4.066349,0.011508,18.000000,23.000000,9.141832,
135_od_3,main,unspecified,2102,expert1,graded,"probabilities to native, bilinear, thresholded there, and these numbers were measured from the outlines that run kept",340.000000,400.000000,186.864326,1599.530752,1122.067284,322.000000,376.000000,175.899619,1599.629713,1125.022499,0.939508,2.956872,0.008405,18.000000,24.000000,10.964707,
135_od_4,main,unspecified,1574,expert1,graded,"probabilities to native, bilinear, thresholded there, and these numbers were measured from the outlines that run kept",242.000000,296.000000,135.515942,1115.321628,854.772853,226.000000,269.000000,125.612981,1113.203409,859.153278,0.924262,4.865693,0.019368,16.000000,27.000000,9.902961,
135_os_1,main,unspecified,2102,expert1,graded,"probabilities to native, bilinear, thresholded there, and these numbers were measured from the outlines that run kept",340.000000,386.000000,180.408386,498.443892,1008.853594,340.000000,366.000000,174.986107,495.812030,1003.632272,0.963244,5.847128,0.016707,0.000000,20.000000,5.422279,
135_os_3,main,unspecified,2101,expert1,graded,"probabilities to native, bilinear, thresholded there, and these numbers were measured from the outlines that run kept",341.000000,386.000000,181.125946,526.276243,973.513171,318.000000,354.000000,170.219840,533.373098,973.913619,0.937978,7.108144,0.020879,23.000000,32.000000,10.906106,
135_os_4,main,unspecified,1572,expert1,graded,"probabilities to native, bilinear, thresholded there, and these numbers were measured from the outlines that run kept",250.000000,288.000000,133.947210,473.821541,752.596636,228.000000,254.000000,121.983738,475.433097,757.161829,0.906714,4.841290,0.019844,22.000000,34.000000,11.963472,
136_od_1,main,unspecified,2101,expert1,graded,"probabilities to native, bilinear, thresholded there, and these numbers were measured from the outlines that run kept",272.000000,328.000000,147.588156,1607.633251,1005.106764,256.000000,310.000000,138.114716,1599.622681,1007.747163,0.926199,8.434509,0.030534,16.000000,18.000000,9.473440,
136_od_2,main,unspecified,1571,expert1,graded,"probabilities to native, bilinear, thresholded there, and these numbers were measured from the outlines that run kept",212.000000,262.000000,115.920023,1140.775151,767.087102,201.000000,249.000000,109.423693,1136.909321,766.210708,0.940863,3.963926,0.018113,11.000000,13.000000,6.496330,
136_od_3,main,unspecified,1573,expert1,graded,"probabilities to native, bilinear, thresholded there, and these numbers were measured from the outlines that run kept",208.000000,260.000000,114.565221,1193.390940,775.583645,188.000000,243.000000,104.989300,1190.718415,779.229923,0.912935,4.520811,0.021530,20.000000,17.000000,9.575921,
136_os_1,main,unspecified,2100,expert1,graded,"probabilities to native, bilinear, thresholded there, and these numbers were measured from the outlines that run kept",265.000000,306.000000,140.757104,567.663882,1004.490770,249.000000,280.000000,132.040855,570.260603,1006.490643,0.936163,3.277568,0.012411,16.000000,26.000000,8.716249,
136_os_3,main,unspecified,1572,expert1,graded,"probabilities to native, bilinear, thresholded there, and these numbers were measured from the outlines that run kept",207.000000,240.000000,110.183207,464.771447,810.582433,193.000000,223.000000,102.451298,466.178499,812.867870,0.927371,2.683843,0.013098,14.000000,17.000000,7.731909,
137_od_1,main,unspecified,1532,expert1,graded,"probabilities to native, bilinear, thresholded there, and these numbers were measured from the outlines that run kept",167.000000,201.000000,90.692488,1172.901045,716.119427,146.000000,177.000000,80.255844,1163.791747,714.827576,0.874748,9.200445,0.057319,21.000000,24.000000,10.436644,
137_od_2,main,unspecified,1534,expert1,graded,"probabilities to native, bilinear, thresholded there, and these numbers were measured from the outlines that run kept",172.000000,204.000000,92.423829,1343.926069,715.860821,176.000000,192.000000,89.259713,1344.258210,713.630164,0.950603,2.255249,0.012633,-4.000000,12.000000,3.164115,
137_od_5,main,unspecified,2103,expert1,graded,"probabilities to native, bilinear, thresholded there, and these numbers were measured from the outlines that run kept",242.000000,270.000000,126.505597,1592.909342,876.359270,198.000000,244.000000,108.384622,1584.216312,881.523371,0.846620,10.111217,0.046645,44.000000,26.000000,18.120975,
137_os_1,main,unspecified,1533,expert1,graded,"probabilities to native, bilinear, thresholded there, and these numbers were measured from the outlines that run kept",169.000000,203.000000,91.539651,377.386819,697.850370,156.000000,189.000000,85.585905,374.645793,698.584217,0.932728,2.837560,0.016577,13.000000,14.000000,5.953746,
137_os_2,main,unspecified,1532,expert1,graded,"probabilities to native, bilinear, thresholded there, and these numbers were measured from the outlines that run kept",168.000000,207.000000,92.292863,369.794656,631.012145,160.000000,192.000000,86.335755,367.744331,636.255669,0.923690,5.630131,0.032606,8.000000,15.000000,5.957108,
137_os_5,main,unspecified,2101,expert1,graded,"probabilities to native, bilinear, thresholded there, and these numbers were measured from the outlines that run kept",232.000000,280.000000,125.725696,483.139753,963.203689,209.000000,265.000000,116.957467,476.621678,971.862731,0.913541,10.838095,0.046333,23.000000,15.000000,8.768229,
138_od_1,main,unspecified,2101,expert1,graded,"probabilities to native, bilinear, thresholded there, and these numbers were measured from the outlines that run kept",320.000000,384.000000,173.734668,1634.808078,1017.742252,289.000000,357.000000,159.768290,1633.573648,1016.557923,0.916391,1.710687,0.005354,31.000000,27.000000,13.966379,
138_od_2,main,unspecified,2099,expert1,graded,"probabilities to native, bilinear, thresholded there, and these numbers were measured from the outlines that run kept",314.000000,376.000000,169.084710,1599.976051,1047.666912,288.000000,355.000000,157.860205,1602.044834,1047.759018,0.931418,2.070833,0.006559,26.000000,21.000000,11.224505,
138_od_3,main,unspecified,2099,expert1,graded,"probabilities to native, bilinear, thresholded there, and these numbers were measured from the outlines that run kept",319.000000,383.000000,171.926998,1627.488725,1036.129956,299.000000,367.000000,161.330601,1631.898616,1037.254121,0.936174,4.550921,0.014104,20.000000,16.000000,10.596397,
138_od_4,main,unspecified,1571,expert1,graded,"probabilities to native, bilinear, thresholded there, and these numbers were measured from the outlines that run kept",254.000000,310.000000,138.576034,1172.245852,757.170382,230.000000,299.000000,127.248205,1174.942204,757.565806,0.914927,2.725193,0.010708,24.000000,11.000000,11.327829,
138_os_1,main,unspecified,2100,expert1,graded,"probabilities to native, bilinear, thresholded there, and these numbers were measured from the outlines that run kept",292.000000,361.000000,162.753783,536.750424,990.794057,269.000000,344.000000,148.719347,530.977390,995.468827,0.909765,7.428418,0.024975,23.000000,17.000000,14.034436,
138_os_2,main,unspecified,2099,expert1,graded,"probabilities to native, bilinear, thresholded there, and these numbers were measured from the outlines that run kept",294.000000,365.000000,165.405722,522.993810,946.722377,276.000000,342.000000,149.344084,522.907120,953.350455,0.898205,6.628645,0.022193,18.000000,23.000000,16.061639,
138_os_3,main,unspecified,2100,expert1,graded,"probabilities to native, bilinear, thresholded there, and these numbers were measured from the outlines that run kept",295.000000,361.000000,163.929844,507.160713,987.929451,280.000000,348.000000,151.996485,505.985575,995.456903,0.920422,7.618627,0.025062,15.000000,13.000000,11.933359,
138_os_4,main,unspecified,1572,expert1,graded,"probabilities to native, bilinear, thresholded there, and these numbers were measured from the outlines that run kept",226.000000,294.000000,129.402511,417.663651,778.293275,212.000000,279.000000,118.930308,414.489378,783.477788,0.913604,6.079078,0.025557,14.000000,15.000000,10.472203,
139_od_1,main,unspecified,2100,expert1,graded,"probabilities to native, bilinear, thresholded there, and these numbers were measured from the outlines that run kept",328.000000,351.000000,167.482602,1567.760187,1053.370289,317.000000,315.000000,156.381303,1566.267103,1051.713282,0.931234,2.230465,0.007131,11.000000,36.000000,11.101299,
139_od_3,main,unspecified,2101,expert1,graded,"probabilities to native, bilinear, thresholded there, and these numbers were measured from the outlines that run kept",319.000000,338.000000,162.995142,1556.180593,1068.183337,305.000000,312.000000,154.205512,1555.645459,1071.587176,0.944623,3.445648,0.011172,14.000000,26.000000,8.789630,
139_os_1,main,unspecified,2101,expert1,graded,"probabilities to native, bilinear, thresholded there, and these numbers were measured from the outlines that run kept",345.000000,342.000000,169.057411,509.959338,973.325210,332.000000,321.000000,161.508076,508.078830,969.596805,0.954197,4.175801,0.012928,13.000000,21.000000,7.549335,
139_os_3,main,unspecified,2101,expert1,graded,"probabilities to native, bilinear, thresholded there, and these numbers were measured from the outlines that run kept",342.000000,338.000000,166.852333,517.173312,971.221333,329.000000,303.000000,156.988730,519.187069,970.871439,0.938970,2.043929,0.006510,13.000000,35.000000,9.863603,
13_od_1,main,unspecified,1534,expert1,graded,"probabilities to native, bilinear, thresholded there, and these numbers were measured from the outlines that run kept",205.000000,247.000000,110.802583,1050.125097,745.712626,191.000000,249.000000,107.234616,1051.147318,745.441372,0.963372,1.057598,0.004931,14.000000,-2.000000,3.567966,
13_os_1,main,unspecified,1531,expert1,graded,"probabilities to native, bilinear, thresholded there, and these numbers were measured from the outlines that run kept",206.000000,210.000000,104.446716,570.437150,720.651085,194.000000,214.000000,100.660023,571.707653,720.084318,0.952166,1.391188,0.006910,12.000000,-4.000000,3.786692,
140_od_1,main,unspecified,1530,expert1,graded,"probabilities to native, bilinear, thresholded there, and these numbers were measured from the outlines that run kept",224.000000,246.000000,117.696763,1160.055470,696.161470,217.000000,235.000000,114.217391,1161.624805,696.971184,0.966569,1.765913,0.007730,7.000000,11.000000,3.479372,
140_od_2,main,unspecified,1531,expert1,graded,"probabilities to native, bilinear, thresholded there, and these numbers were measured from the outlines that run kept",225.000000,248.000000,118.100392,1158.363093,702.736684,216.000000,244.000000,114.648543,1158.432484,706.706325,0.967549,3.970248,0.017315,9.000000,4.000000,3.451849,
140_od_3,main,unspecified,1532,expert1,graded,"probabilities to native, bilinear, thresholded there, and these numbers were measured from the outlines that run kept",227.000000,249.000000,118.426068,1165.220926,723.510395,218.000000,230.000000,112.450783,1167.871419,728.416755,0.944883,5.576512,0.024795,9.000000,19.000000,5.975285,
140_od_7,main,unspecified,2103,expert1,graded,"probabilities to native, bilinear, thresholded there, and these numbers were measured from the outlines that run kept",308.000000,336.000000,161.033386,1599.072778,994.738950,300.000000,313.000000,155.656011,1599.903753,997.988399,0.962737,3.354019,0.010774,8.000000,23.000000,5.377376,
140_od_9,main,unspecified,1572,expert1,graded,"probabilities to native, bilinear, thresholded there, and these numbers were measured from the outlines that run kept",224.000000,250.000000,118.624801,1094.321435,748.578696,217.000000,234.000000,113.590014,1093.717479,751.540471,0.955619,3.022726,0.013305,7.000000,16.000000,5.034787,
140_os_1,main,unspecified,1535,expert1,graded,"probabilities to native, bilinear, thresholded there, and these numbers were measured from the outlines that run kept",223.000000,252.000000,119.469725,355.472971,693.253524,217.000000,245.000000,117.356858,354.973606,694.054890,0.979934,0.944221,0.004023,6.000000,7.000000,2.112867,
140_os_2,main,unspecified,1535,expert1,graded,"probabilities to native, bilinear, thresholded there, and these numbers were measured from the outlines that run kept",219.000000,249.000000,118.059956,370.345665,678.664109,210.000000,244.000000,114.745676,371.159051,682.934484,0.961974,4.347149,0.018943,9.000000,5.000000,3.314280,
140_os_3,main,unspecified,1531,expert1,graded,"probabilities to native, bilinear, thresholded there, and these numbers were measured from the outlines that run kept",220.000000,252.000000,118.904879,360.357341,670.798298,211.000000,245.000000,115.347453,360.805641,674.038637,0.962420,3.271204,0.014180,9.000000,7.000000,3.557426,
140_os_7,main,unspecified,2103,expert1,graded,"probabilities to native, bilinear, thresholded there, and these numbers were measured from the outlines that run kept",295.000000,343.000000,160.667286,513.640924,921.368559,287.000000,328.000000,157.290552,511.332677,924.433971,0.970841,3.837285,0.012198,8.000000,15.000000,3.376735,
140_os_9,main,unspecified,1572,expert1,graded,"probabilities to native, bilinear, thresholded there, and these numbers were measured from the outlines that run kept",219.000000,258.000000,120.652177,476.736115,731.417913,213.000000,247.000000,116.321609,477.039498,735.696622,0.962806,4.289451,0.018438,6.000000,11.000000,4.330568,
141_od_1,main,unspecified,2100,expert1,graded,"probabilities to native, bilinear, thresholded there, and these numbers were measured from the outlines that run kept",252.000000,364.000000,149.524078,1639.161949,1090.603591,220.000000,319.000000,131.852687,1642.876998,1099.952066,0.874887,10.059601,0.038147,32.000000,45.000000,17.671391,
141_od_2,main,unspecified,2101,expert1,graded,"probabilities to native, bilinear, thresholded there, and these numbers were measured from the outlines that run kept",237.000000,357.000000,144.835279,1651.618251,1097.932066,228.000000,331.000000,135.653282,1653.621110,1098.293612,0.934437,2.035229,0.007502,9.000000,26.000000,9.181998,
141_od_3,main,unspecified,2101,expert1,graded,"probabilities to native, bilinear, thresholded there, and these numbers were measured from the outlines that run kept",236.000000,358.000000,145.142636,1640.687120,1079.251065,217.000000,326.000000,133.378045,1646.915241,1081.752666,0.913902,6.711743,0.025161,19.000000,32.000000,11.764591,
141_od_4,main,unspecified,2100,expert1,graded,"probabilities to native, bilinear, thresholded there, and these numbers were measured from the outlines that run kept",234.000000,356.000000,144.422616,1644.871397,1113.921635,216.000000,346.000000,134.647600,1649.333357,1122.594694,0.926913,9.753514,0.036219,18.000000,10.000000,9.775016,
141_od_5,main,unspecified,1572,expert1,graded,"probabilities to native, bilinear, thresholded there, and these numbers were measured from the outlines that run kept",180.000000,280.000000,112.671358,1187.693596,805.662755,153.000000,267.000000,99.977833,1191.332431,804.510573,0.881039,3.816889,0.019089,27.000000,13.000000,12.693525,
141_od_6,main,unspecified,1572,expert1,graded,"probabilities to native, bilinear, thresholded there, and these numbers were measured from the outlines that run kept",174.000000,275.000000,109.676482,1178.850146,825.751363,157.000000,246.000000,97.679777,1184.188857,826.464320,0.884675,5.386107,0.027570,17.000000,29.000000,11.996705,
141_os_1,main,unspecified,2099,expert1,graded,"probabilities to native, bilinear, thresholded there, and these numbers were measured from the outlines that run kept",239.000000,349.000000,142.716548,455.428346,974.714900,206.000000,357.000000,129.929076,442.016593,975.826831,0.897413,13.457768,0.051789,33.000000,-8.000000,12.787472,
141_os_2,main,unspecified,2098,expert1,graded,"probabilities to native, bilinear, thresholded there, and these numbers were measured from the outlines that run kept",226.000000,341.000000,137.419257,455.295486,942.922597,202.000000,351.000000,128.661205,448.431862,947.693356,0.917337,8.358796,0.032484,24.000000,-10.000000,8.758053,
141_os_3,main,unspecified,2099,expert1,graded,"probabilities to native, bilinear, thresholded there, and these numbers were measured from the outlines that run kept",227.000000,339.000000,137.136373,494.012728,946.327155,205.000000,336.000000,131.032955,486.145458,957.849407,0.922528,13.951925,0.053238,22.000000,3.000000,6.103418,
141_os_4,main,unspecified,2101,expert1,graded,"probabilities to native, bilinear, thresholded there, and these numbers were measured from the outlines that run kept",229.000000,340.000000,137.994821,461.234488,941.793277,193.000000,347.000000,126.131392,446.114166,937.988715,0.892445,15.591627,0.061807,36.000000,-7.000000,11.863429,
141_os_6,main,unspecified,1571,expert1,graded,"probabilities to native, bilinear, thresholded there, and these numbers were measured from the outlines that run kept",170.000000,262.000000,104.842153,403.763958,734.953579,152.000000,267.000000,98.215992,398.879888,739.914371,0.920400,6.961580,0.035440,18.000000,-5.000000,6.626161,
141_os_7,main,unspecified,1571,expert1,graded,"probabilities to native, bilinear, thresholded there, and these numbers were measured from the outlines that run kept",169.000000,257.000000,103.864529,419.745449,729.675725,146.000000,274.000000,96.550626,413.704808,731.143379,0.904506,6.216378,0.032192,23.000000,-17.000000,7.313903,
142_od_1,main,unspecified,2101,expert1,graded,"probabilities to native, bilinear, thresholded there, and these numbers were measured from the outlines that run kept",321.000000,406.000000,176.694954,1741.574110,949.778710,289.000000,403.000000,165.874616,1731.639202,956.343537,0.926800,11.907953,0.035894,32.000000,3.000000,10.820338,
142_od_2,main,unspecified,2104,expert1,graded,"probabilities to native, bilinear, thresholded there, and these numbers were measured from the outlines that run kept",315.000000,400.000000,172.716669,1713.565020,1004.373102,289.000000,404.000000,163.395966,1707.766331,1009.814212,0.936517,7.951759,0.024333,26.000000,-4.000000,9.320703,
142_os_1,main,unspecified,2102,expert1,graded,"probabilities to native, bilinear, thresholded there, and these numbers were measured from the outlines that run kept",302.000000,367.000000,165.128374,465.888493,1116.863593,282.000000,357.000000,155.699971,458.961949,1117.421534,0.938766,6.948980,0.022315,20.000000,10.000000,9.428403,
142_os_2,main,unspecified,2100,expert1,graded,"probabilities to native, bilinear, thresholded there, and these numbers were measured from the outlines that run kept",283.000000,370.000000,160.155328,286.926558,1034.373661,283.000000,356.000000,154.119825,285.394696,1038.506995,0.959930,4.408067,0.014301,0.000000,14.000000,6.035503,
143_od_1,main,unspecified,2103,expert1,graded,"probabilities to native, bilinear, thresholded there, and these numbers were measured from the outlines that run kept",306.000000,346.000000,163.519623,1594.868575,1032.754173,312.000000,327.000000,159.256439,1590.099261,1033.665056,0.961541,4.855519,0.015244,-6.000000,19.000000,4.263184,
143_od_3,main,unspecified,2101,expert1,graded,"probabilities to native, bilinear, thresholded there, and these numbers were measured from the outlines that run kept",309.000000,345.000000,164.050188,1593.920791,1060.016097,304.000000,329.000000,159.656681,1593.032468,1062.055932,0.969981,2.224869,0.006968,5.000000,16.000000,4.393508,
143_os_1,main,unspecified,2102,expert1,graded,"probabilities to native, bilinear, thresholded there, and these numbers were measured from the outlines that run kept",311.000000,358.000000,165.841990,483.158787,1003.617568,285.000000,338.000000,156.256071,479.218447,1004.125207,0.940261,3.972905,0.012713,26.000000,20.000000,9.585919,
143_os_3,main,unspecified,2102,expert1,graded,"probabilities to native, bilinear, thresholded there, and these numbers were measured from the outlines that run kept",312.000000,357.000000,165.330653,490.765293,986.774958,285.000000,341.000000,155.436022,485.687479,985.346315,0.938130,5.274962,0.016968,27.000000,16.000000,9.894631,
144_od_1,main,unspecified,2100,expert1,graded,"probabilities to native, bilinear, thresholded there, and these numbers were measured from the outlines that run kept",381.000000,446.000000,201.512060,1584.065955,1029.768309,375.000000,443.000000,198.633998,1579.450380,1032.758029,0.974515,5.499269,0.013843,6.000000,3.000000,2.878062,
144_od_2,main,unspecified,2101,expert1,graded,"probabilities to native, bilinear, thresholded there, and these numbers were measured from the outlines that run kept",376.000000,443.000000,199.655366,1575.157221,1073.282286,381.000000,429.000000,196.680567,1572.650966,1072.677347,0.974323,2.578229,0.006554,-5.000000,14.000000,2.974799,
144_os_1,main,unspecified,2099,expert1,graded,"probabilities to native, bilinear, thresholded there, and these numbers were measured from the outlines that run kept",316.000000,413.000000,179.619747,528.981116,1051.732917,300.000000,415.000000,172.594068,530.885910,1053.247959,0.958059,2.433843,0.007051,16.000000,-2.000000,7.025679,
144_os_2,main,unspecified,2100,expert1,graded,"probabilities to native, bilinear, thresholded there, and these numbers were measured from the outlines that run kept",312.000000,410.000000,178.521210,532.194353,1054.323835,298.000000,399.000000,170.244148,526.683558,1057.254939,0.951557,6.241813,0.018332,14.000000,11.000000,8.277062,
14_os_1,main,unspecified,2103,expert1,graded,"probabilities to native, bilinear, thresholded there, and these numbers were measured from the outlines that run kept",271.000000,291.000000,141.156806,512.999537,846.981740,243.000000,236.000000,119.761117,516.267449,860.987949,0.837092,14.382390,0.060046,28.000000,55.000000,21.395689,
14_os_2,main,unspecified,2103,expert1,graded,"probabilities to native, bilinear, thresholded there, and these numbers were measured from the outlines that run kept",274.000000,298.000000,142.684204,544.585844,852.154411,253.000000,234.000000,119.585569,551.348966,868.052129,0.825212,17.276494,0.072235,21.000000,64.000000,23.098635,
15_os_1,main,unspecified,1535,expert1,graded,"probabilities to native, bilinear, thresholded there, and these numbers were measured from the outlines that run kept",202.000000,218.000000,105.113531,427.903662,712.613120,211.000000,197.000000,101.846769,433.500107,713.281278,0.938245,5.636190,0.027670,-9.000000,21.000000,3.266763,
15_os_4,main,unspecified,1572,expert1,graded,"probabilities to native, bilinear, thresholded there, and these numbers were measured from the outlines that run kept",200.000000,226.000000,106.046633,504.209341,771.391792,207.000000,211.000000,103.821615,512.830612,776.358710,0.921625,9.949703,0.047917,-7.000000,15.000000,2.225018,
16_os_1,main,unspecified,1534,expert1,graded,"probabilities to native, bilinear, thresholded there, and these numbers were measured from the outlines that run kept",191.000000,230.000000,103.734199,746.724102,743.837544,182.000000,224.000000,99.486319,743.837268,745.630604,0.956672,3.398364,0.017080,9.000000,6.000000,4.247880,
17_od_1,main,unspecified,1532,expert1,graded,"probabilities to native, bilinear, thresholded there, and these numbers were measured from the outlines that run kept",209.000000,234.000000,110.097951,1208.392322,716.108190,203.000000,233.000000,105.397802,1209.158686,718.602997,0.950891,2.609861,0.012381,6.000000,1.000000,4.700149,
17_od_5,main,unspecified,2103,expert1,graded,"probabilities to native, bilinear, thresholded there, and these numbers were measured from the outlines that run kept",288.000000,318.000000,149.787819,1727.596899,1087.622223,283.000000,298.000000,143.395195,1724.211895,1092.410678,0.956101,5.864090,0.020447,5.000000,20.000000,6.392623,
17_os_1,main,unspecified,1531,expert1,graded,"probabilities to native, bilinear, thresholded there, and these numbers were measured from the outlines that run kept",196.000000,208.000000,101.059253,352.476017,708.632196,192.000000,202.000000,95.281248,350.634164,713.016444,0.937531,4.755424,0.024955,4.000000,6.000000,5.778005,
17_os_5,main,unspecified,2102,expert1,graded,"probabilities to native, bilinear, thresholded there, and these numbers were measured from the outlines that run kept",265.000000,280.000000,136.665538,411.125893,1023.538695,249.000000,252.000000,126.638884,409.971220,1026.612012,0.923858,3.283070,0.012962,16.000000,28.000000,10.026653,
18_od_1,main,unspecified,2102,expert1,graded,"probabilities to native, bilinear, thresholded there, and these numbers were measured from the outlines that run kept",318.000000,358.000000,168.529388,1592.970323,1004.909109,313.000000,346.000000,162.496395,1591.220857,1008.479446,0.961715,3.975920,0.012234,5.000000,12.000000,6.032993,
18_od_2,main,unspecified,2105,expert1,graded,"probabilities to native, bilinear, thresholded there, and these numbers were measured from the outlines that run kept",318.000000,359.000000,168.872790,1601.563577,1037.088803,310.000000,347.000000,164.100629,1599.277920,1036.213002,0.968701,2.447704,0.007458,8.000000,12.000000,4.772162,
18_od_3,main,unspecified,1572,expert1,graded,"probabilities to native, bilinear, thresholded there, and these numbers were measured from the outlines that run kept",232.000000,267.000000,124.366377,1104.439505,732.217160,213.000000,263.000000,119.003887,1100.851386,735.746196,0.948003,5.032763,0.021145,19.000000,4.000000,5.362490,
18_od_4,main,unspecified,1572,expert1,graded,"probabilities to native, bilinear, thresholded there, and these numbers were measured from the outlines that run kept",232.000000,268.000000,124.554355,1094.397370,755.035045,217.000000,252.000000,117.320236,1094.136583,757.543512,0.940236,2.521987,0.010748,15.000000,16.000000,7.234118,
19_od_1,main,unspecified,1535,expert1,graded,"probabilities to native, bilinear, thresholded there, and these numbers were measured from the outlines that run kept",190.000000,194.000000,95.484816,1114.679677,677.943372,179.000000,163.000000,85.556146,1113.526309,682.419551,0.890645,4.622385,0.027014,11.000000,31.000000,9.928670,
19_od_2,main,unspecified,1532,expert1,graded,"probabilities to native, bilinear, thresholded there, and these numbers were measured from the outlines that run kept",186.000000,187.000000,93.009181,1111.421754,689.920411,180.000000,169.000000,87.549426,1107.067982,691.782600,0.933258,4.735301,0.027044,6.000000,18.000000,5.459755,
19_od_3,main,unspecified,2104,expert1,graded,"probabilities to native, bilinear, thresholded there, and these numbers were measured from the outlines that run kept",253.000000,256.000000,127.691447,1497.915040,996.602784,237.000000,215.000000,113.015497,1495.594328,999.654738,0.878511,3.834074,0.016963,16.000000,41.000000,14.675950,
19_od_6,main,unspecified,1572,expert1,graded,"probabilities to native, bilinear, thresholded there, and these numbers were measured from the outlines that run kept",198.000000,192.000000,98.115472,1078.634428,773.665840,192.000000,152.000000,87.038930,1073.932983,782.673445,0.877042,10.160735,0.058369,6.000000,40.000000,11.076542,
1_od_1,main,unspecified,1530,expert1,graded,"probabilities to native, bilinear, thresholded there, and these numbers were measured from the outlines that run kept",159.000000,211.000000,91.041041,1260.052575,724.506509,148.000000,183.000000,78.948248,1256.350289,739.196977,0.851600,15.149810,0.095948,11.000000,28.000000,12.092793,
1_od_2,main,unspecified,2101,expert1,graded,"probabilities to native, bilinear, thresholded there, and these numbers were measured from the outlines that run kept",218.000000,283.000000,123.879126,1696.972081,976.432785,183.000000,244.000000,106.181619,1692.600791,994.481028,0.844950,18.570063,0.087445,35.000000,39.000000,17.697507,
1_od_3,main,unspecified,2101,expert1,graded,"probabilities to native, bilinear, thresholded there, and these numbers were measured from the outlines that run kept",218.000000,287.000000,125.070791,1712.768533,989.642899,176.000000,244.000000,103.252860,1704.016839,1006.006807,0.810470,18.557199,0.089863,42.000000,43.000000,21.817931,
1_os_1,main,unspecified,1528,expert1,graded,"probabilities to native, bilinear, thresholded there, and these numbers were measured from the outlines that run kept",170.000000,223.000000,97.394223,326.848725,676.873322,169.000000,196.000000,89.998408,324.464749,685.050381,0.918003,8.517490,0.047320,1.000000,27.000000,7.395815,
1_os_2,main,unspecified,2099,expert1,graded,"probabilities to native, bilinear, thresholded there, and these numbers were measured from the outlines that run kept",235.000000,298.000000,131.919059,454.637145,952.803227,222.000000,281.000000,124.504511,449.630834,961.153186,0.933434,9.735757,0.039098,13.000000,17.000000,7.414548,
1_os_4,main,unspecified,2100,expert1,graded,"probabilities to native, bilinear, thresholded there, and these numbers were measured from the outlines that run kept",235.000000,301.000000,132.441627,467.613000,972.010398,209.000000,270.000000,117.593947,469.050457,986.806436,0.881003,14.865699,0.063208,26.000000,31.000000,14.847680,
20_od_1,main,unspecified,2101,expert1,graded,"probabilities to native, bilinear, thresholded there, and these numbers were measured from the outlines that run kept",297.000000,340.000000,158.023449,1625.456380,1130.416902,285.000000,321.000000,152.690174,1622.912689,1132.583734,0.965312,3.341485,0.010942,12.000000,19.000000,5.333275,
20_od_3,main,unspecified,2102,expert1,graded,"probabilities to native, bilinear, thresholded there, and these numbers were measured from the outlines that run kept",296.000000,339.000000,157.012045,1663.795272,1103.559852,282.000000,321.000000,149.521949,1661.679125,1106.314867,0.946068,3.473929,0.011617,14.000000,18.000000,7.490097,
20_od_4,main,unspecified,1572,expert1,graded,"probabilities to native, bilinear, thresholded there, and these numbers were measured from the outlines that run kept",224.000000,270.000000,122.714801,1170.650785,848.048490,214.000000,253.000000,115.446755,1168.845143,848.181008,0.939022,1.810498,0.007841,10.000000,17.000000,7.268046,
21_od_1,main,unspecified,1534,expert1,graded,"probabilities to native, bilinear, thresholded there, and these numbers were measured from the outlines that run kept",245.000000,262.000000,126.823494,1196.119335,741.752127,243.000000,248.000000,121.392571,1197.856097,743.342802,0.954877,2.355119,0.009700,2.000000,14.000000,5.430923,
21_od_2,main,unspecified,1534,expert1,graded,"probabilities to native, bilinear, thresholded there, and these numbers were measured from the outlines that run kept",244.000000,261.000000,125.995042,1065.139978,660.186578,242.000000,248.000000,122.084160,1063.040791,664.023215,0.965831,4.373371,0.017911,2.000000,13.000000,3.910882,
21_od_3,main,unspecified,2103,expert1,graded,"probabilities to native, bilinear, thresholded there, and these numbers were measured from the outlines that run kept",334.000000,353.000000,171.608258,1618.025098,1001.682678,326.000000,334.000000,163.531302,1614.990478,1002.265218,0.951816,3.090028,0.009448,8.000000,19.000000,8.076955,
22_od_1,main,unspecified,1530,expert1,graded,"probabilities to native, bilinear, thresholded there, and these numbers were measured from the outlines that run kept",197.000000,268.000000,115.054566,787.688364,742.815014,184.000000,247.000000,106.019615,772.952906,746.544036,0.880610,15.199978,0.071685,13.000000,21.000000,9.034952,
23_od_1,main,unspecified,2102,expert1,graded,"probabilities to native, bilinear, thresholded there, and these numbers were measured from the outlines that run kept",269.000000,285.000000,138.231054,1564.110513,1025.581952,261.000000,257.000000,127.705157,1555.483595,1026.214248,0.919057,8.650059,0.033867,8.000000,28.000000,10.525897,
23_od_2,main,unspecified,2103,expert1,graded,"probabilities to native, bilinear, thresholded there, and these numbers were measured from the outlines that run kept",271.000000,287.000000,139.040399,1548.418151,1001.040751,245.000000,250.000000,123.718427,1539.598615,1001.258974,0.883771,8.822236,0.035654,26.000000,37.000000,15.321972,
23_od_3,main,unspecified,2104,expert1,graded,"probabilities to native, bilinear, thresholded there, and these numbers were measured from the outlines that run kept",269.000000,285.000000,138.288610,1569.704922,1026.750678,246.000000,252.000000,124.650152,1560.567308,1024.695593,0.895419,9.365862,0.037569,23.000000,33.000000,13.638458,
23_os_1,main,unspecified,2102,expert1,graded,"probabilities to native, bilinear, thresholded there, and these numbers were measured from the outlines that run kept",256.000000,282.000000,134.187010,576.587664,1008.591324,248.000000,263.000000,127.088009,575.860350,1010.233322,0.945699,1.795869,0.007065,8.000000,19.000000,7.099001,
23_os_2,main,unspecified,2101,expert1,graded,"probabilities to native, bilinear, thresholded there, and these numbers were measured from the outlines that run kept",263.000000,287.000000,137.409992,654.014026,1022.028474,241.000000,260.000000,124.954938,658.095307,1026.091617,0.905269,5.758992,0.023044,22.000000,27.000000,12.455054,
23_os_3,main,unspecified,2102,expert1,graded,"probabilities to native, bilinear, thresholded there, and these numbers were measured from the outlines that run kept",256.000000,282.000000,134.421646,595.480710,1004.857573,233.000000,262.000000,123.913810,598.442887,1008.465753,0.918784,4.668346,0.018837,23.000000,20.000000,10.507836,
24_od_1,main,unspecified,2100,expert1,graded,"probabilities to native, bilinear, thresholded there, and these numbers were measured from the outlines that run kept",275.000000,260.000000,133.392363,1503.085367,969.034150,268.000000,228.000000,123.122662,1498.855388,970.087645,0.917121,4.359194,0.017703,7.000000,32.000000,10.269701,
24_od_3,main,unspecified,2099,expert1,graded,"probabilities to native, bilinear, thresholded there, and these numbers were measured from the outlines that run kept",269.000000,255.000000,130.812924,1497.097435,928.219461,261.000000,220.000000,119.519006,1491.752278,925.557635,0.909850,5.971266,0.024980,8.000000,35.000000,11.293918,
24_od_4,main,unspecified,1572,expert1,graded,"probabilities to native, bilinear, thresholded there, and these numbers were measured from the outlines that run kept",215.000000,204.000000,104.747992,1069.366232,689.529881,210.000000,174.000000,96.426916,1063.255794,688.216254,0.912266,6.250045,0.032408,5.000000,30.000000,8.321076,
24_os_1,main,unspecified,2102,expert1,graded,"probabilities to native, bilinear, thresholded there, and these numbers were measured from the outlines that run kept",255.000000,260.000000,127.835948,576.778691,979.574289,243.000000,239.000000,118.288909,578.808909,981.467401,0.922538,2.775906,0.011734,12.000000,21.000000,9.547039,
24_os_3,main,unspecified,2101,expert1,graded,"probabilities to native, bilinear, thresholded there, and these numbers were measured from the outlines that run kept",252.000000,257.000000,126.416242,612.542445,1074.596881,238.000000,230.000000,115.096058,612.964125,1073.968498,0.906461,0.756755,0.003287,14.000000,27.000000,11.320184,
24_os_4,main,unspecified,1572,expert1,graded,"probabilities to native, bilinear, thresholded there, and these numbers were measured from the outlines that run kept",198.000000,204.000000,99.660541,469.095375,766.627440,181.000000,182.000000,89.736300,473.007945,768.724366,0.895489,4.439065,0.024734,17.000000,22.000000,9.924241,
25_od_1,main,unspecified,2101,expert1,graded,"probabilities to native, bilinear, thresholded there, and these numbers were measured from the outlines that run kept",233.000000,288.000000,128.113281,1655.827512,1008.096600,201.000000,269.000000,115.493618,1651.851975,1013.235986,0.894616,6.497552,0.028129,32.000000,19.000000,12.619663,
25_od_2,main,unspecified,2100,expert1,graded,"probabilities to native, bilinear, thresholded there, and these numbers were measured from the outlines that run kept",234.000000,289.000000,128.844152,1663.298641,1014.690967,204.000000,283.000000,119.867385,1661.217218,1010.680786,0.912552,4.518171,0.018847,30.000000,6.000000,8.976767,
25_od_3,main,unspecified,2103,expert1,graded,"probabilities to native, bilinear, thresholded there, and these numbers were measured from the outlines that run kept",235.000000,291.000000,129.110691,1635.789035,1010.019745,201.000000,274.000000,117.401603,1634.576038,1011.080391,0.900972,1.611315,0.006862,34.000000,17.000000,11.709088,
25_od_4,main,unspecified,2100,expert1,graded,"probabilities to native, bilinear, thresholded there, and these numbers were measured from the outlines that run kept",236.000000,288.000000,128.661205,1633.803788,952.666244,202.000000,277.000000,116.306557,1630.505659,953.689813,0.894055,3.453310,0.014846,34.000000,11.000000,12.354648,
25_od_5,main,unspecified,1573,expert1,graded,"probabilities to native, bilinear, thresholded there, and these numbers were measured from the outlines that run kept",175.000000,219.000000,97.153708,1164.635990,823.172596,148.000000,212.000000,86.079135,1161.864207,825.171106,0.877444,3.417136,0.019849,27.000000,7.000000,11.074573,
25_os_1,main,unspecified,2100,expert1,graded,"probabilities to native, bilinear, thresholded there, and these numbers were measured from the outlines that run kept",240.000000,293.000000,130.754512,467.005008,935.825902,224.000000,265.000000,119.826217,468.438459,936.959253,0.912942,1.827366,0.007625,16.000000,28.000000,10.928294,
25_os_2,main,unspecified,2099,expert1,graded,"probabilities to native, bilinear, thresholded there, and these numbers were measured from the outlines that run kept",243.000000,296.000000,132.540130,476.259712,914.020512,227.000000,281.000000,124.668026,476.099207,917.484855,0.927385,3.468059,0.013909,16.000000,15.000000,7.872103,
25_os_3,main,unspecified,2102,expert1,graded,"probabilities to native, bilinear, thresholded there, and these numbers were measured from the outlines that run kept",242.000000,299.000000,132.738115,470.422362,907.905913,223.000000,266.000000,121.409613,470.329468,905.674354,0.910024,2.233491,0.009198,19.000000,33.000000,11.328502,
25_os_4,main,unspecified,2101,expert1,graded,"probabilities to native, bilinear, thresholded there, and these numbers were measured from the outlines that run kept",241.000000,301.000000,132.642159,465.873284,941.232175,229.000000,277.000000,123.913810,469.286724,936.561383,0.927206,5.785142,0.023343,12.000000,24.000000,8.728349,
25_os_5,main,unspecified,1572,expert1,graded,"probabilities to native, bilinear, thresholded there, and these numbers were measured from the outlines that run kept",179.000000,232.000000,100.479615,402.907151,754.367835,175.000000,222.000000,95.065526,404.065054,752.483340,0.935751,2.211800,0.011633,4.000000,10.000000,5.414088,
26_od_1,main,unspecified,2103,expert1,graded,"probabilities to native, bilinear, thresholded there, and these numbers were measured from the outlines that run kept",264.000000,276.000000,133.962656,1726.792742,1011.220383,256.000000,260.000000,126.203295,1724.263125,1012.433459,0.940404,2.805444,0.011115,8.000000,16.000000,7.759360,
26_od_2,main,unspecified,2100,expert1,graded,"probabilities to native, bilinear, thresholded there, and these numbers were measured from the outlines that run kept",266.000000,274.000000,134.274750,1507.090586,1055.939515,266.000000,249.000000,126.792116,1505.281220,1058.245520,0.940148,2.931121,0.011559,0.000000,25.000000,7.482634,
26_od_3,main,unspecified,1572,expert1,graded,"probabilities to native, bilinear, thresholded there, and these numbers were measured from the outlines that run kept",193.000000,214.000000,101.109637,1335.866737,732.604104,183.000000,200.000000,95.269555,1332.532300,732.904538,0.940047,3.347945,0.017571,10.000000,14.000000,5.840082,
26_os_1,main,unspecified,2104,expert1,graded,"probabilities to native, bilinear, thresholded there, and these numbers were measured from the outlines that run kept",297.000000,300.000000,147.458695,548.329991,944.854782,298.000000,287.000000,144.051865,549.886825,947.120738,0.971821,2.749234,0.009543,-1.000000,13.000000,3.406830,
26_os_2,main,unspecified,2104,expert1,graded,"probabilities to native, bilinear, thresholded there, and these numbers were measured from the outlines that run kept",301.000000,301.000000,149.359003,557.320977,951.551132,294.000000,279.000000,141.686866,558.518647,952.233637,0.947285,1.378487,0.004865,7.000000,22.000000,7.672137,
26_os_3,main,unspecified,1573,expert1,graded,"probabilities to native, bilinear, thresholded there, and these numbers were measured from the outlines that run kept",233.000000,237.000000,116.239486,454.813489,666.482426,227.000000,218.000000,109.605353,453.156064,666.229565,0.940328,1.676603,0.007648,6.000000,19.000000,6.634133,
27_od_1,main,unspecified,2102,expert1,graded,"probabilities to native, bilinear, thresholded there, and these numbers were measured from the outlines that run kept",284.000000,322.000000,150.403885,1575.384539,1122.301786,283.000000,311.000000,145.766325,1571.907014,1125.129554,0.961885,4.482126,0.015374,1.000000,11.000000,4.637560,
27_od_2,main,unspecified,2100,expert1,graded,"probabilities to native, bilinear, thresholded there, and these numbers were measured from the outlines that run kept",282.000000,312.000000,147.477042,1356.380927,962.489243,269.000000,307.000000,140.997738,1356.124600,967.393989,0.946782,4.911440,0.017417,13.000000,5.000000,6.479303,
27_os_1,main,unspecified,2102,expert1,graded,"probabilities to native, bilinear, thresholded there, and these numbers were measured from the outlines that run kept",281.000000,320.000000,149.293988,559.172232,1007.512453,281.000000,305.000000,145.390244,562.297027,1012.108360,0.965404,5.557582,0.019113,0.000000,15.000000,3.903744,
27_os_2,main,unspecified,2103,expert1,graded,"probabilities to native, bilinear, thresholded there, and these numbers were measured from the outlines that run kept",279.000000,315.000000,147.363684,776.102678,1099.996453,268.000000,312.000000,142.211592,778.364360,1104.909579,0.955517,5.408698,0.019016,11.000000,3.000000,5.152092,
28_od_1,main,unspecified,1527,expert1,graded,"probabilities to native, bilinear, thresholded there, and these numbers were measured from the outlines that run kept",184.000000,233.000000,101.081299,1222.095704,718.973644,147.000000,206.000000,86.954776,1215.417025,725.276164,0.850518,9.182947,0.052803,37.000000,27.000000,14.126523,
28_od_2,main,unspecified,2098,expert1,graded,"probabilities to native, bilinear, thresholded there, and these numbers were measured from the outlines that run kept",254.000000,321.000000,138.805544,1676.986139,983.246857,216.000000,287.000000,121.274516,1674.869884,985.138730,0.865797,2.838612,0.011703,38.000000,34.000000,17.531028,
28_od_3,main,unspecified,2102,expert1,graded,"probabilities to native, bilinear, thresholded there, and these numbers were measured from the outlines that run kept",257.000000,322.000000,140.458280,1532.938044,1101.382855,233.000000,295.000000,130.839688,1535.389692,1102.160354,0.929077,2.571980,0.009829,24.000000,27.000000,9.618592,
28_os_1,main,unspecified,1528,expert1,graded,"probabilities to native, bilinear, thresholded there, and these numbers were measured from the outlines that run kept",189.000000,243.000000,107.718848,322.494061,708.838751,185.000000,228.000000,101.354896,323.357141,714.368884,0.939179,5.597078,0.027611,4.000000,15.000000,6.363952,
28_os_2,main,unspecified,2100,expert1,graded,"probabilities to native, bilinear, thresholded there, and these numbers were measured from the outlines that run kept",261.000000,335.000000,148.082302,425.920380,975.360546,242.000000,311.000000,136.525719,430.256417,986.944703,0.918907,12.369071,0.045299,19.000000,24.000000,11.556582,
28_os_3,main,unspecified,2103,expert1,graded,"probabilities to native, bilinear, thresholded there, and these numbers were measured from the outlines that run kept",263.000000,340.000000,150.327677,495.986055,1121.759941,253.000000,306.000000,141.165826,495.298459,1131.857104,0.935269,10.120548,0.035846,10.000000,34.000000,9.161851,
29_od_1,main,unspecified,2101,expert1,graded,"probabilities to native, bilinear, thresholded there, and these numbers were measured from the outlines that run kept",285.000000,293.000000,143.818554,1584.422438,1016.079517,292.000000,260.000000,136.657386,1589.999625,1015.591358,0.935123,5.598510,0.020484,-7.000000,33.000000,7.161168,
29_os_1,main,unspecified,2101,expert1,graded,"probabilities to native, bilinear, thresholded there, and these numbers were measured from the outlines that run kept",378.000000,366.000000,184.242240,573.891431,978.426145,377.000000,329.000000,174.940625,571.825193,966.516475,0.939099,12.087580,0.034548,1.000000,37.000000,9.301615,
2_os_1,main,unspecified,2104,expert1,graded,"probabilities to native, bilinear, thresholded there, and these numbers were measured from the outlines that run kept",242.000000,337.000000,141.627319,442.408919,997.535745,234.000000,349.000000,138.408251,442.692953,998.514946,0.963749,1.019563,0.003683,8.000000,-12.000000,3.219068,
30_od_1,main,unspecified,2103,expert1,graded,"probabilities to native, bilinear, thresholded there, and these numbers were measured from the outlines that run kept",316.000000,313.000000,157.644302,1622.074929,1257.082742,296.000000,293.000000,147.453298,1614.855240,1260.158712,0.932750,7.847643,0.026611,20.000000,20.000000,10.191004,
30_od_2,main,unspecified,2101,expert1,graded,"probabilities to native, bilinear, thresholded there, and these numbers were measured from the outlines that run kept",304.000000,312.000000,154.247823,1547.679367,982.131900,290.000000,288.000000,146.235067,1541.579545,990.626879,0.939335,10.458131,0.035758,14.000000,24.000000,8.012756,
30_od_3,main,unspecified,1572,expert1,graded,"probabilities to native, bilinear, thresholded there, and these numbers were measured from the outlines that run kept",230.000000,241.000000,117.656188,1079.408310,781.081170,213.000000,227.000000,110.957604,1073.636098,788.897254,0.928402,9.716461,0.043785,17.000000,14.000000,6.698585,
31_od_1,main,unspecified,2101,expert1,graded,"probabilities to native, bilinear, thresholded there, and these numbers were measured from the outlines that run kept",273.000000,333.000000,148.673322,1633.414064,1037.214830,251.000000,305.000000,134.987590,1636.087816,1039.675081,0.903730,3.633426,0.013458,22.000000,28.000000,13.685733,
31_od_3,main,unspecified,1568,expert1,graded,"probabilities to native, bilinear, thresholded there, and these numbers were measured from the outlines that run kept",185.000000,232.000000,101.948293,1094.983248,756.184185,156.000000,205.000000,87.009668,1096.493651,759.990119,0.842866,4.094687,0.023530,29.000000,27.000000,14.938625,
31_os_1,main,unspecified,2100,expert1,graded,"probabilities to native, bilinear, thresholded there, and these numbers were measured from the outlines that run kept",240.000000,302.000000,130.124918,492.935595,938.123057,193.000000,257.000000,110.209204,486.742937,933.897610,0.833952,7.496894,0.034012,47.000000,45.000000,19.915714,
31_os_3,main,unspecified,1572,expert1,graded,"probabilities to native, bilinear, thresholded there, and these numbers were measured from the outlines that run kept",180.000000,231.000000,100.341716,401.120862,689.253833,156.000000,209.000000,81.233504,398.350538,691.069799,0.790077,3.312466,0.020389,24.000000,22.000000,19.108212,
32_od_1,main,unspecified,2103,expert1,graded,"probabilities to native, bilinear, thresholded there, and these numbers were measured from the outlines that run kept",288.000000,307.000000,149.552814,1589.301544,1042.621419,278.000000,285.000000,143.595947,1589.073589,1041.571574,0.959376,1.074308,0.003741,10.000000,22.000000,5.956866,
32_os_1,main,unspecified,2102,expert1,graded,"probabilities to native, bilinear, thresholded there, and these numbers were measured from the outlines that run kept",315.000000,306.000000,156.273386,502.472668,1033.380217,301.000000,295.000000,151.354306,499.350739,1032.991885,0.963145,3.145988,0.010393,14.000000,11.000000,4.919080,
33_od_1,main,unspecified,2100,expert1,graded,"probabilities to native, bilinear, thresholded there, and these numbers were measured from the outlines that run kept",221.000000,261.000000,119.745169,1578.242591,1074.268475,188.000000,213.000000,101.892076,1586.705145,1072.655844,0.839937,8.614836,0.042274,33.000000,48.000000,17.853092,
33_os_1,main,unspecified,2099,expert1,graded,"probabilities to native, bilinear, thresholded there, and these numbers were measured from the outlines that run kept",191.000000,264.000000,111.057964,549.950656,969.745277,115.000000,211.000000,75.289192,554.399090,983.071990,0.629748,14.049550,0.093304,76.000000,53.000000,35.768772,
34_od_1,main,unspecified,2099,expert1,graded,"probabilities to native, bilinear, thresholded there, and these numbers were measured from the outlines that run kept",309.000000,376.000000,168.216509,1665.869782,1149.075897,270.000000,371.000000,158.378578,1673.550182,1153.622794,0.933238,8.925403,0.028177,39.000000,5.000000,9.837931,
34_od_2,main,unspecified,2101,expert1,graded,"probabilities to native, bilinear, thresholded there, and these numbers were measured from the outlines that run kept",304.000000,369.000000,164.988560,1640.355060,1133.389520,279.000000,361.000000,158.749956,1644.700870,1139.194384,0.957041,7.251380,0.022839,25.000000,8.000000,6.238603,
34_od_3,main,unspecified,1570,expert1,graded,"probabilities to native, bilinear, thresholded there, and these numbers were measured from the outlines that run kept",212.000000,261.000000,115.970812,1127.534910,811.466581,183.000000,255.000000,106.797378,1132.325156,815.291583,0.914169,6.130016,0.028699,29.000000,6.000000,9.173435,
34_os_1,main,unspecified,2101,expert1,graded,"probabilities to native, bilinear, thresholded there, and these numbers were measured from the outlines that run kept",297.000000,326.000000,155.824628,420.369799,1033.033206,286.000000,318.000000,150.719950,414.700488,1034.383054,0.962126,5.827794,0.019333,11.000000,8.000000,5.104678,
34_os_2,main,unspecified,2101,expert1,graded,"probabilities to native, bilinear, thresholded there, and these numbers were measured from the outlines that run kept",292.000000,324.000000,154.174546,410.084312,1041.280870,263.000000,309.000000,143.300822,402.352363,1046.382745,0.926086,9.263485,0.032322,29.000000,15.000000,10.873724,
34_os_3,main,unspecified,1571,expert1,graded,"probabilities to native, bilinear, thresholded there, and these numbers were measured from the outlines that run kept",200.000000,229.000000,107.684860,432.148339,854.576915,191.000000,219.000000,103.743404,428.437507,858.722909,0.955924,5.564130,0.026817,9.000000,10.000000,3.941456,
35_od_1,main,unspecified,1532,expert1,graded,"probabilities to native, bilinear, thresholded there, and these numbers were measured from the outlines that run kept",230.000000,255.000000,121.270579,1175.081100,693.738929,217.000000,249.000000,111.860456,1175.527550,694.071254,0.917953,0.556559,0.002488,13.000000,6.000000,9.410123,
35_os_1,main,unspecified,1531,expert1,graded,"probabilities to native, bilinear, thresholded there, and these numbers were measured from the outlines that run kept",223.000000,264.000000,122.370627,351.221112,732.697836,218.000000,255.000000,117.656188,348.978983,731.956886,0.960048,2.361387,0.010035,5.000000,9.000000,4.714438,
36_od_1,main,unspecified,2103,expert1,graded,"probabilities to native, bilinear, thresholded there, and these numbers were measured from the outlines that run kept",310.000000,333.000000,161.421335,1612.667005,934.572710,302.000000,317.000000,156.551173,1611.774492,936.485057,0.967599,2.110368,0.006740,8.000000,16.000000,4.870162,
36_od_2,main,unspecified,2104,expert1,graded,"probabilities to native, bilinear, thresholded there, and these numbers were measured from the outlines that run kept",305.000000,332.000000,159.640730,1608.237710,949.089391,296.000000,313.000000,152.727694,1608.755186,949.931100,0.955147,0.988056,0.003235,9.000000,19.000000,6.913036,
36_od_3,main,unspecified,1572,expert1,graded,"probabilities to native, bilinear, thresholded there, and these numbers were measured from the outlines that run kept",223.000000,251.000000,119.002550,1127.175635,729.620319,217.000000,233.000000,113.463842,1127.171097,731.170602,0.952352,1.550290,0.006832,6.000000,18.000000,5.538708,
36_os_1,main,unspecified,2103,expert1,graded,"probabilities to native, bilinear, thresholded there, and these numbers were measured from the outlines that run kept",320.000000,361.000000,168.653055,497.355174,961.923600,310.000000,349.000000,164.775236,495.561989,964.890406,0.975243,3.466619,0.010519,10.000000,12.000000,3.877820,
36_os_2,main,unspecified,2102,expert1,graded,"probabilities to native, bilinear, thresholded there, and these numbers were measured from the outlines that run kept",316.000000,359.000000,167.042044,519.088820,961.669051,311.000000,353.000000,164.351631,516.016969,965.795472,0.973342,5.144281,0.015650,5.000000,6.000000,2.690413,
36_os_3,main,unspecified,1572,expert1,graded,"probabilities to native, bilinear, thresholded there, and these numbers were measured from the outlines that run kept",234.000000,269.000000,124.265237,469.220214,709.532363,228.000000,241.000000,116.218946,468.760988,714.975137,0.933135,5.462113,0.023499,6.000000,28.000000,8.046291,
37_od_1,main,unspecified,1532,expert1,graded,"probabilities to native, bilinear, thresholded there, and these numbers were measured from the outlines that run kept",203.000000,240.000000,109.808455,1200.159130,732.207861,196.000000,227.000000,102.479257,1196.465068,732.717395,0.927590,3.729037,0.018194,7.000000,13.000000,7.329198,
37_od_4,main,unspecified,1573,expert1,graded,"probabilities to native, bilinear, thresholded there, and these numbers were measured from the outlines that run kept",210.000000,256.000000,115.337794,1172.562333,739.346382,200.000000,244.000000,108.371406,1165.775938,742.859876,0.935289,7.641976,0.035258,10.000000,12.000000,6.966389,
37_os_1,main,unspecified,1532,expert1,graded,"probabilities to native, bilinear, thresholded there, and these numbers were measured from the outlines that run kept",211.000000,259.000000,116.186075,343.494730,719.119550,216.000000,248.000000,112.983102,340.668454,722.153480,0.959085,4.146392,0.018350,-5.000000,11.000000,3.202973,
37_os_4,main,unspecified,1572,expert1,graded,"probabilities to native, bilinear, thresholded there, and these numbers were measured from the outlines that run kept",222.000000,277.000000,122.891060,406.272737,752.455285,194.000000,238.000000,105.163486,416.644255,762.800253,0.845466,14.648780,0.069648,28.000000,39.000000,17.727574,
38_od_1,main,unspecified,1530,expert1,graded,"probabilities to native, bilinear, thresholded there, and these numbers were measured from the outlines that run kept",159.000000,222.000000,93.979489,1187.494324,759.063502,152.000000,222.000000,89.211558,1188.168700,762.308443,0.943545,3.314276,0.018575,7.000000,0.000000,4.767931,
38_od_2,main,unspecified,2101,expert1,graded,"probabilities to native, bilinear, thresholded there, and these numbers were measured from the outlines that run kept",221.000000,305.000000,129.307772,1627.784500,1021.533686,202.000000,300.000000,119.640123,1626.239237,1020.649417,0.917177,1.780385,0.007441,19.000000,5.000000,9.667650,
38_od_3,main,unspecified,2101,expert1,graded,"probabilities to native, bilinear, thresholded there, and these numbers were measured from the outlines that run kept",213.000000,309.000000,127.143099,1745.835365,1007.886955,203.000000,301.000000,121.975909,1746.342911,1014.054599,0.949860,6.188492,0.025368,10.000000,8.000000,5.167190,
38_od_4,main,unspecified,2101,expert1,graded,"probabilities to native, bilinear, thresholded there, and these numbers were measured from the outlines that run kept",213.000000,305.000000,126.452747,1621.953061,1084.698955,196.000000,305.000000,119.545635,1617.868900,1088.239036,0.937308,5.404863,0.022606,17.000000,0.000000,6.907111,
38_od_5,main,unspecified,1566,expert1,graded,"probabilities to native, bilinear, thresholded there, and these numbers were measured from the outlines that run kept",149.000000,215.000000,88.877321,1087.226306,798.227434,130.000000,213.000000,80.329185,1088.069850,797.577891,0.897800,1.064647,0.006627,19.000000,2.000000,8.548135,
38_os_1,main,unspecified,1529,expert1,graded,"probabilities to native, bilinear, thresholded there, and these numbers were measured from the outlines that run kept",203.000000,250.000000,110.848537,377.706673,724.155640,190.000000,253.000000,107.665645,372.929703,724.856276,0.955705,4.828078,0.022422,13.000000,-3.000000,3.182892,
38_os_2,main,unspecified,2101,expert1,graded,"probabilities to native, bilinear, thresholded there, and these numbers were measured from the outlines that run kept",276.000000,343.000000,150.959464,503.371950,1005.798709,253.000000,344.000000,145.070247,497.207635,1008.084488,0.951833,6.574463,0.022660,23.000000,-1.000000,5.889217,
38_os_3,main,unspecified,2105,expert1,graded,"probabilities to native, bilinear, thresholded there, and these numbers were measured from the outlines that run kept",271.000000,339.000000,148.641204,566.134820,966.143536,245.000000,340.000000,143.585972,561.509711,968.816844,0.953280,5.342116,0.018603,26.000000,-1.000000,5.055232,
38_os_4,main,unspecified,2099,expert1,graded,"probabilities to native, bilinear, thresholded there, and these numbers were measured from the outlines that run kept",273.000000,343.000000,149.748500,514.451660,983.895045,243.000000,344.000000,142.051465,511.981875,985.761535,0.936582,3.095743,0.010897,30.000000,-1.000000,7.697035,
38_os_5,main,unspecified,1567,expert1,graded,"probabilities to native, bilinear, thresholded there, and these numbers were measured from the outlines that run kept",177.000000,242.000000,102.701102,505.952529,769.571191,155.000000,242.000000,94.614105,503.249867,770.417381,0.911899,2.832035,0.014966,22.000000,0.000000,8.086997,
39_od_1,main,unspecified,2100,expert1,graded,"probabilities to native, bilinear, thresholded there, and these numbers were measured from the outlines that run kept",243.000000,327.000000,140.811367,1626.403060,1088.169944,232.000000,310.000000,132.626560,1621.700941,1088.110080,0.939592,4.702500,0.017728,11.000000,17.000000,8.184808,
39_od_2,main,unspecified,2099,expert1,graded,"probabilities to native, bilinear, thresholded there, and these numbers were measured from the outlines that run kept",239.000000,323.000000,139.824574,1650.849091,1083.898211,232.000000,307.000000,132.838794,1645.848675,1093.216101,0.941159,10.574840,0.039803,7.000000,16.000000,6.985780,
39_od_3,main,unspecified,2098,expert1,graded,"probabilities to native, bilinear, thresholded there, and these numbers were measured from the outlines that run kept",234.000000,320.000000,136.941260,1626.845283,1040.415843,208.000000,304.000000,125.928076,1627.953130,1043.535177,0.915582,3.310222,0.013143,26.000000,16.000000,11.013184,
39_od_4,main,unspecified,2100,expert1,graded,"probabilities to native, bilinear, thresholded there, and these numbers were measured from the outlines that run kept",237.000000,321.000000,137.920988,1616.356827,1108.837031,228.000000,305.000000,129.774642,1614.346784,1110.674668,0.934809,2.723450,0.010493,9.000000,16.000000,8.146345,
39_os_1,main,unspecified,2099,expert1,graded,"probabilities to native, bilinear, thresholded there, and these numbers were measured from the outlines that run kept",233.000000,324.000000,136.253829,448.057918,984.693179,212.000000,312.000000,126.599919,450.797088,987.549571,0.924657,3.957528,0.015630,21.000000,12.000000,9.653910,
39_os_2,main,unspecified,2099,expert1,graded,"probabilities to native, bilinear, thresholded there, and these numbers were measured from the outlines that run kept",229.000000,322.000000,134.628687,439.780615,992.160693,216.000000,306.000000,127.600427,441.020664,991.137534,0.946435,1.607662,0.006300,13.000000,16.000000,7.028259,
39_os_3,main,unspecified,2099,expert1,graded,"probabilities to native, bilinear, thresholded there, and these numbers were measured from the outlines that run kept",227.000000,314.000000,132.786067,468.107342,995.512195,208.000000,288.000000,121.001239,473.291519,995.326130,0.907328,5.187515,0.021436,19.000000,26.000000,11.784828,
39_os_4,main,unspecified,2101,expert1,graded,"probabilities to native, bilinear, thresholded there, and these numbers were measured from the outlines that run kept",226.000000,318.000000,133.067435,469.781765,963.287373,201.000000,292.000000,117.173633,473.351146,965.773630,0.873482,4.349938,0.018562,25.000000,26.000000,15.893802,
3_od_1,main,unspecified,1533,expert1,graded,"probabilities to native, bilinear, thresholded there, and these numbers were measured from the outlines that run kept",191.000000,225.000000,103.711182,1203.153621,780.591726,182.000000,213.000000,97.717245,1204.455097,782.848890,0.940413,2.605500,0.013332,9.000000,12.000000,5.993937,
3_od_5,main,unspecified,2105,expert1,graded,"probabilities to native, bilinear, thresholded there, and these numbers were measured from the outlines that run kept",261.000000,304.000000,139.921292,1615.300328,1016.875963,256.000000,288.000000,136.048092,1616.238185,1021.052298,0.968793,4.280344,0.015731,5.000000,16.000000,3.873200,
3_od_7,main,unspecified,1572,expert1,graded,"probabilities to native, bilinear, thresholded there, and these numbers were measured from the outlines that run kept",187.000000,219.000000,101.104914,1143.529676,792.595286,184.000000,213.000000,98.457144,1146.228279,800.076377,0.950198,7.952936,0.040388,3.000000,6.000000,2.647770,
40_od_1,main,unspecified,2103,expert1,graded,"probabilities to native, bilinear, thresholded there, and these numbers were measured from the outlines that run kept",302.000000,313.000000,154.492169,1579.669778,956.369284,295.000000,294.000000,148.828464,1576.212183,963.460380,0.955267,7.889145,0.026504,7.000000,19.000000,5.663705,
40_od_2,main,unspecified,2101,expert1,graded,"probabilities to native, bilinear, thresholded there, and these numbers were measured from the outlines that run kept",302.000000,311.000000,153.522818,1564.257033,975.056884,290.000000,284.000000,144.092738,1560.809959,978.975210,0.936664,5.218773,0.018109,12.000000,27.000000,9.430079,
40_od_3,main,unspecified,1572,expert1,graded,"probabilities to native, bilinear, thresholded there, and these numbers were measured from the outlines that run kept",235.000000,245.000000,120.365587,1121.190882,717.082632,222.000000,221.000000,113.385264,1118.430365,716.541088,0.939933,2.813135,0.012405,13.000000,24.000000,6.980323,
40_os_1,main,unspecified,2103,expert1,graded,"probabilities to native, bilinear, thresholded there, and these numbers were measured from the outlines that run kept",304.000000,339.000000,159.747369,567.331080,1080.212421,295.000000,319.000000,152.894336,568.453499,1086.895139,0.955218,6.776322,0.022160,9.000000,20.000000,6.853033,
40_os_2,main,unspecified,2099,expert1,graded,"probabilities to native, bilinear, thresholded there, and these numbers were measured from the outlines that run kept",299.000000,330.000000,156.031829,621.651069,1000.639982,291.000000,325.000000,154.167320,614.545361,1004.522218,0.962773,8.097089,0.026261,8.000000,5.000000,1.864509,
40_os_3,main,unspecified,1572,expert1,graded,"probabilities to native, bilinear, thresholded there, and these numbers were measured from the outlines that run kept",232.000000,262.000000,122.751110,492.649703,803.947293,208.000000,245.000000,113.976071,492.354929,808.696234,0.925670,4.758081,0.020873,24.000000,17.000000,8.775039,
41_od_1,main,unspecified,1529,expert1,graded,"probabilities to native, bilinear, thresholded there, and these numbers were measured from the outlines that run kept",224.000000,262.000000,120.278286,1205.980044,678.891879,181.000000,255.000000,108.147947,1192.806526,678.526290,0.887399,13.178589,0.060929,43.000000,7.000000,12.130339,
41_od_2,main,unspecified,2100,expert1,graded,"probabilities to native, bilinear, thresholded there, and these numbers were measured from the outlines that run kept",273.000000,354.000000,153.540440,1659.325525,961.001755,258.000000,327.000000,146.298178,1655.462522,961.191225,0.948154,3.867646,0.013218,15.000000,27.000000,7.242263,
41_od_4,main,unspecified,1571,expert1,graded,"probabilities to native, bilinear, thresholded there, and these numbers were measured from the outlines that run kept",260.000000,290.000000,139.925841,1223.874313,744.988392,185.000000,249.000000,106.895689,1197.550114,735.681152,0.737065,27.921106,0.130600,75.000000,41.000000,33.030153,
41_os_1,main,unspecified,1529,expert1,graded,"probabilities to native, bilinear, thresholded there, and these numbers were measured from the outlines that run kept",233.000000,285.000000,123.787875,262.878417,797.202929,147.000000,240.000000,92.851620,286.573232,771.500203,0.715852,34.958181,0.188248,86.000000,45.000000,30.936255,
41_os_2,main,unspecified,2100,expert1,graded,"probabilities to native, bilinear, thresholded there, and these numbers were measured from the outlines that run kept",314.000000,387.000000,175.228783,371.577216,1071.986731,230.000000,355.000000,138.916720,393.193514,1050.608782,0.770595,30.401991,0.109425,84.000000,32.000000,36.312063,
41_os_4,main,unspecified,1565,expert1,graded,"probabilities to native, bilinear, thresholded there, and these numbers were measured from the outlines that run kept",250.000000,287.000000,132.048087,402.897808,816.974990,123.000000,224.000000,82.618625,437.135562,798.034648,0.562665,39.127489,0.236796,127.000000,63.000000,49.429462,
42_od_1,main,unspecified,2099,expert1,graded,"probabilities to native, bilinear, thresholded there, and these numbers were measured from the outlines that run kept",290.000000,374.000000,163.247844,1594.012924,981.116551,278.000000,338.000000,154.270521,1598.248689,985.229002,0.943385,5.903724,0.019134,12.000000,36.000000,8.977323,
42_od_2,main,unspecified,2100,expert1,graded,"probabilities to native, bilinear, thresholded there, and these numbers were measured from the outlines that run kept",294.000000,366.000000,163.012717,1603.787966,1035.868954,279.000000,328.000000,151.934694,1603.286372,1037.314212,0.929739,1.529827,0.005034,15.000000,38.000000,11.078023,
42_os_1,main,unspecified,2102,expert1,graded,"probabilities to native, bilinear, thresholded there, and these numbers were measured from the outlines that run kept",291.000000,347.000000,159.170471,509.706733,1002.547134,267.000000,336.000000,149.699602,505.616508,1008.337457,0.935558,7.089273,0.023678,24.000000,11.000000,9.470869,
42_os_2,main,unspecified,2103,expert1,graded,"probabilities to native, bilinear, thresholded there, and these numbers were measured from the outlines that run kept",290.000000,358.000000,162.932638,525.375839,974.327806,280.000000,326.000000,151.735534,526.952717,984.460923,0.927933,10.255077,0.033793,10.000000,32.000000,11.197104,
43_od_1,main,unspecified,1528,expert1,graded,"probabilities to native, bilinear, thresholded there, and these numbers were measured from the outlines that run kept",185.000000,222.000000,99.939620,1156.703168,809.313946,168.000000,209.000000,89.970108,1160.384153,810.086748,0.895120,3.761233,0.020903,17.000000,13.000000,9.969511,
43_od_3,main,unspecified,2100,expert1,graded,"probabilities to native, bilinear, thresholded there, and these numbers were measured from the outlines that run kept",255.000000,303.000000,136.992388,1615.777910,1121.211066,218.000000,292.000000,122.852201,1614.039587,1120.122092,0.891091,2.051251,0.008348,37.000000,11.000000,14.140187,
43_os_1,main,unspecified,1529,expert1,graded,"probabilities to native, bilinear, thresholded there, and these numbers were measured from the outlines that run kept",245.000000,258.000000,124.616951,377.904626,712.684486,237.000000,244.000000,118.389777,379.749075,713.956692,0.948783,2.240647,0.009463,8.000000,14.000000,6.227174,
43_os_3,main,unspecified,2099,expert1,graded,"probabilities to native, bilinear, thresholded there, and these numbers were measured from the outlines that run kept",339.000000,362.000000,173.142788,530.451837,1004.644011,326.000000,348.000000,165.650904,530.987623,1009.135837,0.955750,4.523667,0.013654,13.000000,14.000000,7.491884,
44_od_1,main,unspecified,2101,expert1,graded,"probabilities to native, bilinear, thresholded there, and these numbers were measured from the outlines that run kept",297.000000,341.000000,158.775018,1602.894417,903.080911,292.000000,309.000000,148.204775,1603.586560,902.242044,0.931216,1.087548,0.003669,5.000000,32.000000,10.570243,
44_od_2,main,unspecified,2103,expert1,graded,"probabilities to native, bilinear, thresholded there, and these numbers were measured from the outlines that run kept",294.000000,330.000000,155.361258,1591.447744,965.466286,282.000000,305.000000,146.614409,1593.238927,965.120078,0.942118,1.824335,0.006222,12.000000,25.000000,8.746849,
44_od_3,main,unspecified,1571,expert1,graded,"probabilities to native, bilinear, thresholded there, and these numbers were measured from the outlines that run kept",213.000000,245.000000,114.515199,1103.342225,700.741104,205.000000,227.000000,108.800856,1102.779343,700.754551,0.948780,0.563043,0.002587,8.000000,18.000000,5.714342,
44_os_1,main,unspecified,2100,expert1,graded,"probabilities to native, bilinear, thresholded there, and these numbers were measured from the outlines that run kept",286.000000,327.000000,151.916885,502.960430,962.056590,272.000000,303.000000,144.376324,502.941132,964.931923,0.945771,2.875398,0.009958,14.000000,24.000000,7.540561,
44_os_2,main,unspecified,2102,expert1,graded,"probabilities to native, bilinear, thresholded there, and these numbers were measured from the outlines that run kept",281.000000,319.000000,148.610149,508.363048,901.647272,267.000000,296.000000,138.931613,509.005838,901.441976,0.932757,0.674778,0.002428,14.000000,23.000000,9.678536,
44_os_3,main,unspecified,1572,expert1,graded,"probabilities to native, bilinear, thresholded there, and these numbers were measured from the outlines that run kept",206.000000,239.000000,110.165872,471.219261,759.993994,199.000000,223.000000,104.993847,467.875375,761.090032,0.946976,3.518931,0.016758,7.000000,16.000000,5.172025,
45_od_1,main,unspecified,1533,expert1,graded,"probabilities to native, bilinear, thresholded there, and these numbers were measured from the outlines that run kept",248.000000,271.000000,129.779548,1174.732089,638.709202,235.000000,251.000000,122.232686,1175.582364,641.548426,0.940161,2.963808,0.012124,13.000000,20.000000,7.546862,
45_od_2,main,unspecified,2100,expert1,graded,"probabilities to native, bilinear, thresholded there, and these numbers were measured from the outlines that run kept",339.000000,366.000000,175.915904,1615.971879,899.201047,308.000000,335.000000,164.977948,1615.308700,902.630369,0.935894,3.492858,0.010586,31.000000,31.000000,10.937956,
45_od_3,main,unspecified,1571,expert1,graded,"probabilities to native, bilinear, thresholded there, and these numbers were measured from the outlines that run kept",248.000000,270.000000,129.559845,1105.926670,687.472162,231.000000,244.000000,120.811685,1103.213726,689.544283,0.930204,3.413758,0.014128,17.000000,26.000000,8.748160,
45_os_1,main,unspecified,1536,expert1,graded,"probabilities to native, bilinear, thresholded there, and these numbers were measured from the outlines that run kept",259.000000,267.000000,130.457176,326.370939,714.169862,252.000000,257.000000,127.506846,328.535966,714.155807,0.972595,2.165073,0.008490,7.000000,10.000000,2.950330,
45_os_2,main,unspecified,2106,expert1,graded,"probabilities to native, bilinear, thresholded there, and these numbers were measured from the outlines that run kept",352.000000,358.000000,176.040712,445.299202,989.028431,334.000000,338.000000,167.315270,443.990676,992.477015,0.948766,3.688491,0.011023,18.000000,20.000000,8.725442,
45_os_3,main,unspecified,1572,expert1,graded,"probabilities to native, bilinear, thresholded there, and these numbers were measured from the outlines that run kept",258.000000,266.000000,130.022138,420.455932,728.407543,240.000000,247.000000,123.318989,420.761407,727.606099,0.946842,0.857687,0.003478,18.000000,19.000000,6.703149,
46_od_1,main,unspecified,1532,expert1,graded,"probabilities to native, bilinear, thresholded there, and these numbers were measured from the outlines that run kept",225.000000,260.000000,122.058084,1199.651162,724.344159,216.000000,249.000000,115.634093,1199.803152,724.102435,0.945986,0.285536,0.001235,9.000000,11.000000,6.423992,
46_od_4,main,unspecified,2104,expert1,graded,"probabilities to native, bilinear, thresholded there, and these numbers were measured from the outlines that run kept",313.000000,361.000000,170.272192,1639.343665,952.365392,298.000000,351.000000,161.408517,1640.474397,955.696091,0.946591,3.517402,0.010896,15.000000,10.000000,8.863675,
46_os_1,main,unspecified,1533,expert1,graded,"probabilities to native, bilinear, thresholded there, and these numbers were measured from the outlines that run kept",228.000000,269.000000,123.401560,301.576672,823.795945,230.000000,262.000000,120.940719,298.198755,828.397315,0.961862,5.708146,0.023599,-2.000000,7.000000,2.460840,
46_os_4,main,unspecified,2104,expert1,graded,"probabilities to native, bilinear, thresholded there, and these numbers were measured from the outlines that run kept",314.000000,369.000000,169.991548,466.636485,1075.614003,313.000000,371.000000,166.406281,460.564993,1078.785778,0.964725,6.850049,0.020582,1.000000,-2.000000,3.585267,
47_od_1,main,unspecified,1531,expert1,graded,"probabilities to native, bilinear, thresholded there, and these numbers were measured from the outlines that run kept",201.000000,219.000000,103.373020,1159.450716,707.533913,197.000000,193.000000,96.461571,1158.432163,705.454126,0.929924,2.315808,0.012004,4.000000,26.000000,6.911449,
47_od_2,main,unspecified,2101,expert1,graded,"probabilities to native, bilinear, thresholded there, and these numbers were measured from the outlines that run kept",274.000000,299.000000,141.064321,1610.308054,954.804463,268.000000,270.000000,133.709360,1605.918047,951.398996,0.945324,5.556021,0.020776,6.000000,29.000000,7.354960,
47_od_3,main,unspecified,2102,expert1,graded,"probabilities to native, bilinear, thresholded there, and these numbers were measured from the outlines that run kept",273.000000,297.000000,140.552297,1592.206310,961.862428,263.000000,276.000000,130.676587,1587.543143,957.307790,0.927274,6.518424,0.024941,10.000000,21.000000,9.875710,
47_od_4,main,unspecified,2101,expert1,graded,"probabilities to native, bilinear, thresholded there, and these numbers were measured from the outlines that run kept",271.000000,293.000000,139.138806,1609.462101,997.004982,267.000000,267.000000,131.687215,1608.374670,994.552625,0.944666,2.682641,0.010186,4.000000,26.000000,7.451591,
47_od_6,main,unspecified,1573,expert1,graded,"probabilities to native, bilinear, thresholded there, and these numbers were measured from the outlines that run kept",210.000000,231.000000,108.685233,1138.529184,730.412476,200.000000,207.000000,100.652117,1135.728407,728.701825,0.922698,3.281871,0.016303,10.000000,24.000000,8.033116,
47_os_1,main,unspecified,1530,expert1,graded,"probabilities to native, bilinear, thresholded there, and these numbers were measured from the outlines that run kept",202.000000,221.000000,104.637016,345.930924,764.090037,199.000000,210.000000,100.284599,345.682671,761.684887,0.957237,2.417928,0.012055,3.000000,11.000000,4.352417,
47_os_2,main,unspecified,2102,expert1,graded,"probabilities to native, bilinear, thresholded there, and these numbers were measured from the outlines that run kept",277.000000,303.000000,143.369665,480.116655,1076.289926,264.000000,277.000000,134.701962,480.952722,1074.652527,0.937719,1.838501,0.006824,13.000000,26.000000,8.667704,
47_os_3,main,unspecified,2102,expert1,graded,"probabilities to native, bilinear, thresholded there, and these numbers were measured from the outlines that run kept",274.000000,301.000000,142.380482,496.129069,1026.253710,265.000000,279.000000,135.177281,496.742030,1024.493276,0.948131,1.864095,0.006895,9.000000,22.000000,7.203201,
47_os_4,main,unspecified,2100,expert1,graded,"probabilities to native, bilinear, thresholded there, and these numbers were measured from the outlines that run kept",271.000000,298.000000,141.492404,493.848144,990.819684,260.000000,279.000000,132.646958,498.222787,993.801726,0.935061,5.294344,0.019957,11.000000,19.000000,8.845445,
47_os_6,main,unspecified,1573,expert1,graded,"probabilities to native, bilinear, thresholded there, and these numbers were measured from the outlines that run kept",208.000000,232.000000,108.699876,431.221121,807.847575,203.000000,219.000000,103.177303,434.058067,807.353367,0.946517,2.879671,0.013955,5.000000,13.000000,5.522573,
48_od_1,main,unspecified,1530,expert1,graded,"probabilities to native, bilinear, thresholded there, and these numbers were measured from the outlines that run kept",164.000000,210.000000,92.702375,969.537114,704.263983,151.000000,191.000000,84.934427,970.003927,701.647840,0.912708,2.657464,0.015644,13.000000,19.000000,7.767948,
48_os_1,main,unspecified,1531,expert1,graded,"probabilities to native, bilinear, thresholded there, and these numbers were measured from the outlines that run kept",170.000000,201.000000,92.901315,675.721804,680.719886,172.000000,175.000000,85.321434,678.917753,675.365894,0.896847,6.235328,0.036540,-2.000000,26.000000,7.579881,
49_os_1,main,unspecified,1540,expert1,graded,"probabilities to native, bilinear, thresholded there, and these numbers were measured from the outlines that run kept",239.000000,240.000000,118.170448,385.576522,726.698815,233.000000,228.000000,113.917408,383.943339,724.676274,0.958022,2.599607,0.011410,6.000000,12.000000,4.253040,
49_os_2,main,unspecified,1535,expert1,graded,"probabilities to native, bilinear, thresholded there, and these numbers were measured from the outlines that run kept",239.000000,246.000000,119.602869,221.239675,774.116044,229.000000,231.000000,113.774813,221.788649,774.208498,0.950086,0.556705,0.002447,10.000000,15.000000,5.828056,
4_os_1,main,unspecified,2102,expert1,graded,"probabilities to native, bilinear, thresholded there, and these numbers were measured from the outlines that run kept",316.000000,347.000000,164.615787,587.558991,971.348189,308.000000,327.000000,158.907279,589.059813,971.043540,0.963919,1.531431,0.004819,8.000000,20.000000,5.708508,
4_os_3,main,unspecified,1571,expert1,graded,"probabilities to native, bilinear, thresholded there, and these numbers were measured from the outlines that run kept",227.000000,252.000000,118.841952,526.769439,763.992878,214.000000,233.000000,112.600708,523.824287,764.372640,0.946106,2.969535,0.013186,13.000000,19.000000,6.241245,
4_os_4,main,unspecified,1573,expert1,graded,"probabilities to native, bilinear, thresholded there, and these numbers were measured from the outlines that run kept",242.000000,247.000000,122.071123,511.494681,960.824988,224.000000,229.000000,112.926742,509.109627,966.144373,0.922292,5.829608,0.025811,18.000000,18.000000,9.144381,
50_od_1,main,unspecified,1530,expert1,graded,"probabilities to native, bilinear, thresholded there, and these numbers were measured from the outlines that run kept",184.000000,213.000000,97.785628,1182.726698,719.572437,163.000000,180.000000,83.505776,1181.236500,725.527868,0.843437,6.139043,0.036758,21.000000,33.000000,14.279851,
50_os_1,main,unspecified,1529,expert1,graded,"probabilities to native, bilinear, thresholded there, and these numbers were measured from the outlines that run kept",192.000000,217.000000,101.851456,375.663731,762.098404,185.000000,203.000000,95.726198,371.343338,759.180770,0.934732,5.213290,0.027230,7.000000,14.000000,6.125258,
51_od_1,main,unspecified,1534,expert1,graded,"probabilities to native, bilinear, thresholded there, and these numbers were measured from the outlines that run kept",200.000000,212.000000,102.479257,1108.510260,666.428485,187.000000,197.000000,94.329394,1107.505402,675.125671,0.905508,8.755043,0.046407,13.000000,15.000000,8.149863,
51_od_3,main,unspecified,2105,expert1,graded,"probabilities to native, bilinear, thresholded there, and these numbers were measured from the outlines that run kept",265.000000,284.000000,136.613123,1190.998619,894.507948,243.000000,252.000000,124.371496,1186.242762,903.508921,0.906395,10.180161,0.040926,22.000000,32.000000,12.241627,
51_od_4,main,unspecified,1573,expert1,graded,"probabilities to native, bilinear, thresholded there, and these numbers were measured from the outlines that run kept",206.000000,226.000000,107.313249,1064.895243,711.725531,197.000000,200.000000,98.876538,1067.577098,719.638992,0.912562,8.355549,0.042252,9.000000,26.000000,8.436710,
51_od_5,main,unspecified,1572,expert1,graded,"probabilities to native, bilinear, thresholded there, and these numbers were measured from the outlines that run kept",207.000000,224.000000,106.904622,1067.492619,705.893299,188.000000,199.000000,96.446720,1067.099442,710.438593,0.897170,4.562268,0.023652,19.000000,25.000000,10.457902,
51_os_1,main,unspecified,1534,expert1,graded,"probabilities to native, bilinear, thresholded there, and these numbers were measured from the outlines that run kept",205.000000,234.000000,110.316017,400.854154,776.390275,203.000000,231.000000,108.227387,400.020137,777.372412,0.979048,1.288478,0.005953,2.000000,3.000000,2.088630,
51_os_4,main,unspecified,2103,expert1,graded,"probabilities to native, bilinear, thresholded there, and these numbers were measured from the outlines that run kept",275.000000,311.000000,147.444663,888.009766,1125.433717,262.000000,301.000000,140.630408,887.892920,1124.198902,0.952718,1.240331,0.004410,13.000000,10.000000,6.814255,
51_os_5,main,unspecified,1572,expert1,graded,"probabilities to native, bilinear, thresholded there, and these numbers were measured from the outlines that run kept",203.000000,232.000000,110.173095,494.473055,801.195893,204.000000,218.000000,105.908469,494.093706,802.034083,0.956945,0.920036,0.004344,-1.000000,14.000000,4.264626,
51_os_6,main,unspecified,1572,expert1,graded,"probabilities to native, bilinear, thresholded there, and these numbers were measured from the outlines that run kept",209.000000,237.000000,112.368664,486.650121,809.342896,200.000000,232.000000,109.260670,483.323965,808.546928,0.968978,3.420070,0.015651,9.000000,5.000000,3.107994,
52_od_1,main,unspecified,2100,expert1,graded,"probabilities to native, bilinear, thresholded there, and these numbers were measured from the outlines that run kept",335.000000,379.000000,174.621005,1615.432016,885.474179,254.000000,325.000000,136.934286,1580.971566,918.026974,0.760916,47.404716,0.173093,81.000000,54.000000,37.686719,
52_od_2,main,unspecified,2103,expert1,graded,"probabilities to native, bilinear, thresholded there, and these numbers were measured from the outlines that run kept",323.000000,368.000000,170.915924,1615.281739,918.826528,250.000000,317.000000,135.832670,1583.801687,961.019150,0.762443,52.642292,0.193776,73.000000,51.000000,35.083254,
52_od_3,main,unspecified,1571,expert1,graded,"probabilities to native, bilinear, thresholded there, and these numbers were measured from the outlines that run kept",250.000000,283.000000,130.205618,1144.799159,689.793019,195.000000,226.000000,101.339192,1125.716238,721.700679,0.753987,37.178711,0.183437,55.000000,57.000000,28.866425,
52_os_1,main,unspecified,2098,expert1,graded,"probabilities to native, bilinear, thresholded there, and these numbers were measured from the outlines that run kept",228.000000,328.000000,134.941600,457.874856,950.648778,248.000000,309.000000,135.169039,464.106674,947.659158,0.940483,6.911830,0.025567,-20.000000,19.000000,-0.227439,
52_os_2,main,unspecified,2102,expert1,graded,"probabilities to native, bilinear, thresholded there, and these numbers were measured from the outlines that run kept",228.000000,320.000000,133.498510,485.249103,962.863295,244.000000,290.000000,128.905900,479.092006,967.272590,0.919181,7.573092,0.029374,-16.000000,30.000000,4.592610,
52_os_3,main,unspecified,1570,expert1,graded,"probabilities to native, bilinear, thresholded there, and these numbers were measured from the outlines that run kept",178.000000,251.000000,104.043657,424.064602,734.973065,171.000000,239.000000,99.226818,426.863216,734.990010,0.937358,2.798665,0.014102,7.000000,12.000000,4.816839,
53_od_1,main,unspecified,1532,expert1,graded,"probabilities to native, bilinear, thresholded there, and these numbers were measured from the outlines that run kept",309.000000,290.000000,148.647628,1079.744486,752.950689,306.000000,286.000000,146.590525,1077.630316,752.924055,0.980997,2.114338,0.007212,3.000000,4.000000,2.057103,
53_od_2,main,unspecified,2102,expert1,graded,"probabilities to native, bilinear, thresholded there, and these numbers were measured from the outlines that run kept",427.000000,411.000000,209.232200,1529.393455,1057.570888,418.000000,408.000000,204.950748,1530.658000,1060.244525,0.976909,2.957602,0.007215,9.000000,3.000000,4.281452,
53_od_3,main,unspecified,2102,expert1,graded,"probabilities to native, bilinear, thresholded there, and these numbers were measured from the outlines that run kept",420.000000,401.000000,203.756816,1486.940596,1111.136756,420.000000,391.000000,199.432040,1487.461149,1107.669911,0.975840,3.505709,0.008789,0.000000,10.000000,4.324776,
53_os_1,main,unspecified,1528,expert1,graded,"probabilities to native, bilinear, thresholded there, and these numbers were measured from the outlines that run kept",281.000000,275.000000,137.920988,785.734890,650.381141,269.000000,266.000000,132.231163,783.454771,651.697457,0.955123,2.632799,0.009955,12.000000,9.000000,5.689825,
53_os_2,main,unspecified,2101,expert1,graded,"probabilities to native, bilinear, thresholded there, and these numbers were measured from the outlines that run kept",391.000000,385.000000,192.160189,547.217396,974.612448,372.000000,371.000000,185.643237,547.645331,972.571793,0.963130,2.085042,0.005616,19.000000,14.000000,6.516952,
53_os_3,main,unspecified,2099,expert1,graded,"probabilities to native, bilinear, thresholded there, and these numbers were measured from the outlines that run kept",384.000000,380.000000,189.054870,577.207363,923.801053,349.000000,367.000000,179.313793,570.947710,922.597656,0.947065,6.374279,0.017774,35.000000,13.000000,9.741077,
54_od_1,main,unspecified,1529,expert1,graded,"probabilities to native, bilinear, thresholded there, and these numbers were measured from the outlines that run kept",159.000000,236.000000,96.952003,1221.306197,724.609854,146.000000,236.000000,91.718557,1219.119192,722.615143,0.933950,2.960045,0.016137,13.000000,0.000000,5.233446,
54_os_1,main,unspecified,1534,expert1,graded,"probabilities to native, bilinear, thresholded there, and these numbers were measured from the outlines that run kept",197.000000,232.000000,105.834808,261.612493,691.909233,194.000000,227.000000,103.985513,262.925169,694.213924,0.974682,2.652305,0.012753,3.000000,5.000000,1.849295,
55_od_1,main,unspecified,2103,expert1,graded,"probabilities to native, bilinear, thresholded there, and these numbers were measured from the outlines that run kept",266.000000,347.000000,150.401769,1511.734046,1094.987392,242.000000,340.000000,142.035778,1520.124852,1094.916471,0.941909,8.391106,0.029539,24.000000,7.000000,8.365991,
55_os_1,main,unspecified,2100,expert1,graded,"probabilities to native, bilinear, thresholded there, and these numbers were measured from the outlines that run kept",218.000000,342.000000,136.480247,447.669674,986.736132,199.000000,360.000000,127.544287,452.720522,994.889348,0.885737,9.590932,0.037598,19.000000,-18.000000,8.935961,
56_od_1,main,unspecified,1539,expert1,graded,"probabilities to native, bilinear, thresholded there, and these numbers were measured from the outlines that run kept",243.000000,269.000000,128.897257,1177.795463,850.263947,235.000000,248.000000,122.284757,1179.653136,853.343054,0.947285,3.596087,0.014704,8.000000,21.000000,6.612500,
56_od_3,main,unspecified,2101,expert1,graded,"probabilities to native, bilinear, thresholded there, and these numbers were measured from the outlines that run kept",334.000000,364.000000,175.310509,1287.984609,1203.062297,316.000000,342.000000,164.640922,1284.521290,1210.547171,0.937059,8.247298,0.025046,18.000000,22.000000,10.669586,
56_os_1,main,unspecified,1535,expert1,graded,"probabilities to native, bilinear, thresholded there, and these numbers were measured from the outlines that run kept",228.000000,275.000000,124.888688,334.389694,679.123429,220.000000,268.000000,120.522833,335.524499,680.888811,0.964431,2.098656,0.008706,8.000000,7.000000,4.365855,
56_os_3,main,unspecified,2102,expert1,graded,"probabilities to native, bilinear, thresholded there, and these numbers were measured from the outlines that run kept",312.000000,366.000000,168.295020,691.797426,1011.934131,309.000000,361.000000,166.159340,691.016983,1013.820916,0.982210,2.041825,0.006144,3.000000,5.000000,2.135680,
57_od_1,main,unspecified,1529,expert1,graded,"probabilities to native, bilinear, thresholded there, and these numbers were measured from the outlines that run kept",195.000000,227.000000,104.612677,1135.662343,739.290538,172.000000,217.000000,95.536473,1130.978866,742.620946,0.909460,5.746875,0.030077,23.000000,10.000000,9.076204,
57_od_2,main,unspecified,2101,expert1,graded,"probabilities to native, bilinear, thresholded there, and these numbers were measured from the outlines that run kept",267.000000,313.000000,143.473977,1589.926657,996.615349,250.000000,295.000000,134.068351,1588.371963,994.684582,0.931507,2.478898,0.009245,17.000000,18.000000,9.405626,
57_od_3,main,unspecified,2099,expert1,graded,"probabilities to native, bilinear, thresholded there, and these numbers were measured from the outlines that run kept",275.000000,316.000000,146.064096,1579.319478,1000.335785,250.000000,295.000000,132.681749,1571.612990,1004.048313,0.904203,8.554112,0.032235,25.000000,21.000000,13.382347,
57_os_1,main,unspecified,1532,expert1,graded,"probabilities to native, bilinear, thresholded there, and these numbers were measured from the outlines that run kept",196.000000,226.000000,103.685091,279.068662,780.222805,190.000000,203.000000,96.278254,281.557398,780.622884,0.926020,2.520689,0.013091,6.000000,23.000000,7.406837,
57_os_2,main,unspecified,2100,expert1,graded,"probabilities to native, bilinear, thresholded there, and these numbers were measured from the outlines that run kept",266.000000,307.000000,140.625881,537.879795,1062.613968,235.000000,280.000000,126.398615,545.807977,1060.265421,0.893740,8.268722,0.032709,31.000000,27.000000,14.227266,
57_os_3,main,unspecified,2099,expert1,graded,"probabilities to native, bilinear, thresholded there, and these numbers were measured from the outlines that run kept",266.000000,307.000000,139.917879,499.406419,1059.558477,222.000000,276.000000,123.333185,509.655220,1061.485446,0.874115,10.428381,0.042277,44.000000,31.000000,16.584694,
58_od_1,main,unspecified,1535,expert1,graded,"probabilities to native, bilinear, thresholded there, and these numbers were measured from the outlines that run kept",179.000000,233.000000,100.558781,1145.960086,762.716853,153.000000,203.000000,87.747352,1143.494688,774.098640,0.864557,11.645740,0.066359,26.000000,30.000000,12.811429,
58_od_2,main,unspecified,2102,expert1,graded,"probabilities to native, bilinear, thresholded there, and these numbers were measured from the outlines that run kept",250.000000,322.000000,139.744874,1565.795879,1022.454483,206.000000,289.000000,119.685344,1567.135283,1037.515377,0.845430,15.120335,0.063167,44.000000,33.000000,20.059530,
58_od_4,main,unspecified,2102,expert1,graded,"probabilities to native, bilinear, thresholded there, and these numbers were measured from the outlines that run kept",248.000000,326.000000,140.176987,1558.403995,1011.283715,209.000000,300.000000,124.267799,1563.197963,1019.638208,0.879931,9.632221,0.038756,39.000000,26.000000,15.909188,
58_od_5,main,unspecified,1573,expert1,graded,"probabilities to native, bilinear, thresholded there, and these numbers were measured from the outlines that run kept",187.000000,250.000000,106.998372,1103.128062,736.089554,154.000000,220.000000,90.602945,1092.268176,742.939160,0.835190,12.839557,0.070856,33.000000,30.000000,16.395427,
58_os_1,main,unspecified,1537,expert1,graded,"probabilities to native, bilinear, thresholded there, and these numbers were measured from the outlines that run kept",143.000000,207.000000,86.479424,415.503852,745.636604,112.000000,172.000000,68.740892,413.301111,745.076928,0.774387,2.272730,0.016531,31.000000,35.000000,17.738532,
58_os_2,main,unspecified,2101,expert1,graded,"probabilities to native, bilinear, thresholded there, and these numbers were measured from the outlines that run kept",192.000000,286.000000,117.894025,540.107958,1008.754059,157.000000,257.000000,98.968245,532.969127,1013.364499,0.826777,8.498180,0.042934,35.000000,29.000000,18.925780,
58_os_4,main,unspecified,2100,expert1,graded,"probabilities to native, bilinear, thresholded there, and these numbers were measured from the outlines that run kept",181.000000,275.000000,112.473426,552.720447,1009.794827,142.000000,234.000000,89.111597,553.100373,1018.682327,0.771290,8.895617,0.049913,39.000000,41.000000,23.361829,
58_os_5,main,unspecified,1572,expert1,graded,"probabilities to native, bilinear, thresholded there, and these numbers were measured from the outlines that run kept",142.000000,217.000000,88.588545,451.978503,780.193957,108.000000,178.000000,67.507352,454.072501,780.289237,0.734733,2.096164,0.015525,34.000000,39.000000,21.081192,
59_od_1,main,unspecified,1534,expert1,graded,"probabilities to native, bilinear, thresholded there, and these numbers were measured from the outlines that run kept",237.000000,255.000000,122.408338,1159.874365,806.770335,229.000000,249.000000,119.332432,1159.792498,807.583298,0.973707,0.817074,0.003424,8.000000,6.000000,3.075906,
59_os_1,main,unspecified,1534,expert1,graded,"probabilities to native, bilinear, thresholded there, and these numbers were measured from the outlines that run kept",239.000000,263.000000,125.313606,345.931508,760.387623,238.000000,249.000000,123.021794,346.324654,760.328650,0.973988,0.397545,0.001616,1.000000,14.000000,2.291812,
5_os_1,main,unspecified,1533,expert1,graded,"probabilities to native, bilinear, thresholded there, and these numbers were measured from the outlines that run kept",184.000000,215.000000,99.567873,342.956719,784.826425,177.000000,205.000000,96.162469,339.085574,786.334274,0.957871,4.154440,0.021601,7.000000,10.000000,3.405404,
5_os_2,main,unspecified,1530,expert1,graded,"probabilities to native, bilinear, thresholded there, and these numbers were measured from the outlines that run kept",182.000000,216.000000,99.625401,370.094192,784.357718,179.000000,213.000000,96.299742,366.600982,788.354225,0.948984,5.307974,0.027560,3.000000,3.000000,3.325660,
5_os_3,main,unspecified,2103,expert1,graded,"probabilities to native, bilinear, thresholded there, and these numbers were measured from the outlines that run kept",248.000000,291.000000,135.485403,496.146078,996.266335,248.000000,262.000000,129.504554,490.651047,1003.117216,0.938753,8.782365,0.033908,0.000000,29.000000,5.980849,
5_os_4,main,unspecified,2099,expert1,graded,"probabilities to native, bilinear, thresholded there, and these numbers were measured from the outlines that run kept",246.000000,295.000000,135.689647,483.306784,1011.042512,243.000000,288.000000,134.480833,480.406417,1013.293069,0.978510,3.671121,0.013649,3.000000,7.000000,1.208814,
5_os_5,main,unspecified,2104,expert1,graded,"probabilities to native, bilinear, thresholded there, and these numbers were measured from the outlines that run kept",251.000000,296.000000,137.631039,418.313784,1293.854358,220.000000,279.000000,124.824953,418.700000,1299.245250,0.902645,5.404709,0.021649,31.000000,17.000000,12.806086,
5_os_6,main,unspecified,1572,expert1,graded,"probabilities to native, bilinear, thresholded there, and these numbers were measured from the outlines that run kept",189.000000,224.000000,103.823148,645.251949,774.008268,163.000000,201.000000,92.743570,645.163829,776.042521,0.887626,2.036160,0.010977,26.000000,23.000000,11.079578,
60_od_1,main,unspecified,1533,expert1,graded,"probabilities to native, bilinear, thresholded there, and these numbers were measured from the outlines that run kept",231.000000,243.000000,118.832578,1136.228073,707.772581,234.000000,236.000000,117.972298,1135.720628,709.552730,0.975978,1.851062,0.007845,-3.000000,7.000000,0.860279,
60_od_4,main,unspecified,1571,expert1,graded,"probabilities to native, bilinear, thresholded there, and these numbers were measured from the outlines that run kept",226.000000,237.000000,115.759274,1045.748254,710.130362,223.000000,226.000000,110.520693,1043.060666,716.284437,0.947783,6.715338,0.030380,3.000000,11.000000,5.238581,
60_os_1,main,unspecified,1533,expert1,graded,"probabilities to native, bilinear, thresholded there, and these numbers were measured from the outlines that run kept",222.000000,245.000000,116.262760,412.746521,663.199670,223.000000,244.000000,116.470650,412.589859,666.193467,0.978726,2.997893,0.012870,-1.000000,1.000000,-0.207891,
60_os_4,main,unspecified,1572,expert1,graded,"probabilities to native, bilinear, thresholded there, and these numbers were measured from the outlines that run kept",229.000000,241.000000,116.911191,522.916674,747.710689,214.000000,237.000000,113.949537,522.104579,751.335213,0.964888,3.714387,0.016298,15.000000,4.000000,2.961654,
61_od_1,main,unspecified,1530,expert1,graded,"probabilities to native, bilinear, thresholded there, and these numbers were measured from the outlines that run kept",203.000000,237.000000,108.147947,1182.860032,728.849282,187.000000,227.000000,101.806130,1186.007279,725.403458,0.935690,4.666783,0.022920,16.000000,10.000000,6.341817,
61_od_2,main,unspecified,2099,expert1,graded,"probabilities to native, bilinear, thresholded there, and these numbers were measured from the outlines that run kept",279.000000,324.000000,148.399021,1615.656269,1002.458033,250.000000,312.000000,137.557011,1621.530087,1004.046783,0.924279,6.084887,0.022118,29.000000,12.000000,10.842010,
61_od_3,main,unspecified,2100,expert1,graded,"probabilities to native, bilinear, thresholded there, and these numbers were measured from the outlines that run kept",276.000000,336.000000,150.829730,1640.076997,1045.639037,253.000000,329.000000,140.863350,1646.494442,1047.629033,0.931416,6.718904,0.023849,23.000000,7.000000,9.966380,
61_os_1,main,unspecified,1530,expert1,graded,"probabilities to native, bilinear, thresholded there, and these numbers were measured from the outlines that run kept",214.000000,245.000000,113.320677,361.705451,689.182386,195.000000,241.000000,105.740026,359.644537,691.894523,0.929044,3.406325,0.016107,19.000000,4.000000,7.580651,
61_os_2,main,unspecified,2100,expert1,graded,"probabilities to native, bilinear, thresholded there, and these numbers were measured from the outlines that run kept",298.000000,333.000000,155.251606,470.936571,961.046433,272.000000,323.000000,144.793516,466.599007,961.906413,0.929767,4.421993,0.015270,26.000000,10.000000,10.458090,
61_os_3,main,unspecified,2102,expert1,graded,"probabilities to native, bilinear, thresholded there, and these numbers were measured from the outlines that run kept",302.000000,334.000000,155.663168,485.233750,915.931244,256.000000,321.000000,140.038401,473.732490,916.741320,0.894034,11.529753,0.041166,46.000000,13.000000,15.624767,
62_od_1,main,unspecified,1370,expert1,graded,"probabilities to native, bilinear, thresholded there, and these numbers were measured from the outlines that run kept",232.000000,239.000000,118.257959,843.661523,668.613292,227.000000,231.000000,113.658649,845.267026,672.308619,0.959595,4.029030,0.017724,5.000000,8.000000,4.599310,
62_os_1,main,unspecified,1535,expert1,graded,"probabilities to native, bilinear, thresholded there, and these numbers were measured from the outlines that run kept",248.000000,269.000000,129.479973,311.422924,749.117545,241.000000,271.000000,127.627865,312.073633,746.793876,0.977466,2.413061,0.009454,7.000000,-2.000000,1.852108,
63_od_1,main,unspecified,1532,expert1,graded,"probabilities to native, bilinear, thresholded there, and these numbers were measured from the outlines that run kept",175.000000,209.000000,94.904671,1153.067359,694.448756,166.000000,192.000000,89.091949,1149.390480,691.598131,0.936843,4.652473,0.026111,9.000000,17.000000,5.812722,
63_od_2,main,unspecified,1533,expert1,graded,"probabilities to native, bilinear, thresholded there, and these numbers were measured from the outlines that run kept",179.000000,212.000000,96.517652,1152.136746,754.224014,176.000000,193.000000,91.032300,1148.364754,753.508182,0.940253,3.839315,0.021088,3.000000,19.000000,5.485352,
63_od_6,main,unspecified,1572,expert1,graded,"probabilities to native, bilinear, thresholded there, and these numbers were measured from the outlines that run kept",178.000000,206.000000,95.468146,1062.389341,547.862012,172.000000,190.000000,90.446471,1058.733191,547.222335,0.945171,3.711687,0.020519,6.000000,16.000000,5.021676,
63_os_1,main,unspecified,1531,expert1,graded,"probabilities to native, bilinear, thresholded there, and these numbers were measured from the outlines that run kept",180.000000,214.000000,97.580336,375.353112,691.184562,178.000000,190.000000,91.735908,376.534988,690.551101,0.936506,1.340934,0.007309,2.000000,24.000000,5.844428,
63_os_2,main,unspecified,1532,expert1,graded,"probabilities to native, bilinear, thresholded there, and these numbers were measured from the outlines that run kept",182.000000,213.000000,98.262974,363.814630,685.353168,180.000000,192.000000,91.555298,364.763158,686.165489,0.929413,1.248828,0.006820,2.000000,21.000000,6.707676,
63_os_6,main,unspecified,1572,expert1,graded,"probabilities to native, bilinear, thresholded there, and these numbers were measured from the outlines that run kept",180.000000,215.000000,98.190061,666.858331,769.198356,168.000000,179.000000,87.133962,671.486710,776.088043,0.881107,8.299980,0.047628,12.000000,36.000000,11.056099,
64_od_1,main,unspecified,2101,expert1,graded,"probabilities to native, bilinear, thresholded there, and these numbers were measured from the outlines that run kept",323.000000,369.000000,171.938106,1680.048205,1000.950567,307.000000,367.000000,165.465369,1680.946589,1006.139863,0.954021,5.266486,0.015914,16.000000,2.000000,6.472738,
64_os_1,main,unspecified,2100,expert1,graded,"probabilities to native, bilinear, thresholded there, and these numbers were measured from the outlines that run kept",284.000000,342.000000,155.516891,439.760151,906.078835,271.000000,326.000000,146.509074,437.901519,909.577765,0.938939,3.961947,0.013521,13.000000,16.000000,9.007817,
65_od_1,main,unspecified,1530,expert1,graded,"probabilities to native, bilinear, thresholded there, and these numbers were measured from the outlines that run kept",193.000000,236.000000,106.995397,1195.599194,699.860670,170.000000,225.000000,97.629254,1187.087563,698.449305,0.900059,8.627850,0.044187,23.000000,11.000000,9.366143,
65_os_1,main,unspecified,1530,expert1,graded,"probabilities to native, bilinear, thresholded there, and these numbers were measured from the outlines that run kept",202.000000,246.000000,111.399944,330.174315,737.875779,197.000000,235.000000,108.090538,327.623512,739.927993,0.962506,3.273863,0.015144,5.000000,11.000000,3.309406,
66_od_1,main,unspecified,2102,expert1,graded,"probabilities to native, bilinear, thresholded there, and these numbers were measured from the outlines that run kept",299.000000,340.000000,157.275373,1698.073158,1015.494048,273.000000,340.000000,149.755939,1700.349693,1013.259808,0.948659,3.189741,0.010650,26.000000,0.000000,7.519434,
66_od_3,main,unspecified,1572,expert1,graded,"probabilities to native, bilinear, thresholded there, and these numbers were measured from the outlines that run kept",230.000000,269.000000,123.175650,1226.015525,736.881779,201.000000,265.000000,116.407775,1227.426769,737.404994,0.941908,1.505113,0.006465,29.000000,4.000000,6.767875,
67_od_1,main,unspecified,2101,expert1,graded,"probabilities to native, bilinear, thresholded there, and these numbers were measured from the outlines that run kept",214.000000,282.000000,122.026786,1656.153976,1010.830291,186.000000,246.000000,106.229573,1647.646028,1016.045780,0.861903,9.979304,0.046970,28.000000,36.000000,15.797213,
67_od_2,main,unspecified,2101,expert1,graded,"probabilities to native, bilinear, thresholded there, and these numbers were measured from the outlines that run kept",215.000000,287.000000,123.164020,1616.689357,1011.418205,207.000000,281.000000,118.148897,1610.369499,1017.666279,0.936335,8.887015,0.037609,8.000000,6.000000,5.015124,
67_od_3,main,unspecified,2103,expert1,graded,"probabilities to native, bilinear, thresholded there, and these numbers were measured from the outlines that run kept",219.000000,289.000000,125.171280,1588.401833,1033.753464,207.000000,259.000000,114.891221,1582.967084,1046.757530,0.896914,14.094049,0.061336,12.000000,30.000000,10.280058,
67_os_1,main,unspecified,2100,expert1,graded,"probabilities to native, bilinear, thresholded there, and these numbers were measured from the outlines that run kept",230.000000,280.000000,127.055444,532.001873,1035.316198,209.000000,240.000000,112.381410,536.443935,1041.433425,0.877887,7.559919,0.033635,21.000000,40.000000,14.674034,
67_os_2,main,unspecified,2101,expert1,graded,"probabilities to native, bilinear, thresholded there, and these numbers were measured from the outlines that run kept",226.000000,282.000000,125.824397,448.130225,939.390494,212.000000,259.000000,116.232640,450.323210,941.695026,0.920872,3.181203,0.013685,14.000000,23.000000,9.591757,
67_os_3,main,unspecified,2102,expert1,graded,"probabilities to native, bilinear, thresholded there, and these numbers were measured from the outlines that run kept",221.000000,279.000000,124.055014,557.508604,1023.305431,201.000000,253.000000,111.659661,565.149378,1030.749879,0.893312,10.667766,0.047769,20.000000,26.000000,12.395352,
68_od_1,main,unspecified,2103,expert1,graded,"probabilities to native, bilinear, thresholded there, and these numbers were measured from the outlines that run kept",306.000000,369.000000,167.591849,1634.474931,935.508556,302.000000,357.000000,165.219912,1626.613657,929.488887,0.957988,9.901316,0.029964,4.000000,12.000000,2.371937,
68_od_3,main,unspecified,2105,expert1,graded,"probabilities to native, bilinear, thresholded there, and these numbers were measured from the outlines that run kept",309.000000,370.000000,168.274213,1633.724207,921.268734,308.000000,354.000000,163.432975,1627.851143,917.427288,0.956632,7.017805,0.021470,1.000000,16.000000,4.841238,
68_os_1,main,unspecified,2102,expert1,graded,"probabilities to native, bilinear, thresholded there, and these numbers were measured from the outlines that run kept",299.000000,358.000000,162.019689,479.567456,978.925826,282.000000,358.000000,157.782555,477.365345,977.508957,0.969760,2.618552,0.008298,17.000000,0.000000,4.237135,
68_os_3,main,unspecified,2103,expert1,graded,"probabilities to native, bilinear, thresholded there, and these numbers were measured from the outlines that run kept",296.000000,355.000000,161.090700,462.943171,1049.196394,282.000000,351.000000,156.006326,463.966924,1049.935077,0.963813,1.262428,0.004046,14.000000,4.000000,5.084373,
69_os_1,main,unspecified,2100,expert1,graded,"probabilities to native, bilinear, thresholded there, and these numbers were measured from the outlines that run kept",287.000000,305.000000,148.186518,475.969081,1018.139548,263.000000,277.000000,137.193228,475.241379,1022.885238,0.922275,4.801158,0.017498,24.000000,28.000000,10.993290,
6_od_1,main,unspecified,1533,expert1,graded,"probabilities to native, bilinear, thresholded there, and these numbers were measured from the outlines that run kept",234.000000,267.000000,125.345354,1133.823011,802.158026,232.000000,256.000000,120.661410,1132.668314,802.643127,0.957055,1.252457,0.005190,2.000000,11.000000,4.683944,
6_od_2,main,unspecified,1530,expert1,graded,"probabilities to native, bilinear, thresholded there, and these numbers were measured from the outlines that run kept",234.000000,267.000000,125.028791,1134.203034,777.881776,226.000000,260.000000,121.844052,1133.059691,780.828345,0.964491,3.160617,0.012970,8.000000,7.000000,3.184738,
6_od_4,main,unspecified,2103,expert1,graded,"probabilities to native, bilinear, thresholded there, and these numbers were measured from the outlines that run kept",320.000000,367.000000,171.036005,1565.245762,1058.579661,311.000000,349.000000,165.092708,1563.083339,1060.314659,0.958812,2.772416,0.008397,9.000000,18.000000,5.943297,
70_od_1,main,unspecified,1531,expert1,graded,"probabilities to native, bilinear, thresholded there, and these numbers were measured from the outlines that run kept",184.000000,244.000000,106.165130,1179.017877,774.091417,178.000000,243.000000,103.632888,1177.861411,776.317042,0.971062,2.508150,0.012101,6.000000,1.000000,2.532241,
70_od_5,main,unspecified,1572,expert1,graded,"probabilities to native, bilinear, thresholded there, and these numbers were measured from the outlines that run kept",199.000000,261.000000,114.888450,1158.921359,752.772470,183.000000,244.000000,107.422941,1157.579731,752.512978,0.932913,1.366492,0.006360,16.000000,17.000000,7.465509,
70_os_1,main,unspecified,1531,expert1,graded,"probabilities to native, bilinear, thresholded there, and these numbers were measured from the outlines that run kept",183.000000,254.000000,106.482470,384.231717,703.487634,173.000000,245.000000,99.808948,385.482138,705.244121,0.935069,2.156107,0.010801,10.000000,9.000000,6.673522,
70_os_5,main,unspecified,1569,expert1,graded,"probabilities to native, bilinear, thresholded there, and these numbers were measured from the outlines that run kept",169.000000,238.000000,100.889024,515.473934,733.614598,152.000000,217.000000,89.072296,518.475667,737.596189,0.876068,4.986328,0.027990,17.000000,21.000000,11.816728,
71_od_1,main,unspecified,1532,expert1,graded,"probabilities to native, bilinear, thresholded there, and these numbers were measured from the outlines that run kept",236.000000,247.000000,120.943351,1091.278937,708.253563,226.000000,233.000000,114.294004,1090.417944,707.448988,0.943512,1.178411,0.005155,10.000000,14.000000,6.649347,
71_os_1,main,unspecified,1534,expert1,graded,"probabilities to native, bilinear, thresholded there, and these numbers were measured from the outlines that run kept",243.000000,252.000000,123.628344,370.143452,661.913383,241.000000,238.000000,118.092306,371.671118,666.104743,0.948992,4.461083,0.018888,2.000000,14.000000,5.536038,
72_od_1,main,unspecified,1530,expert1,graded,"probabilities to native, bilinear, thresholded there, and these numbers were measured from the outlines that run kept",205.000000,254.000000,113.928584,1169.855409,757.558673,201.000000,238.000000,105.812249,1166.194206,760.935435,0.924175,4.980656,0.023535,4.000000,16.000000,8.116335,
72_od_2,main,unspecified,1529,expert1,graded,"probabilities to native, bilinear, thresholded there, and these numbers were measured from the outlines that run kept",204.000000,250.000000,113.493294,1156.234889,732.453690,195.000000,222.000000,103.302173,1155.920239,738.605936,0.906137,6.160287,0.029817,9.000000,28.000000,10.191121,
72_od_3,main,unspecified,2097,expert1,graded,"probabilities to native, bilinear, thresholded there, and these numbers were measured from the outlines that run kept",283.000000,346.000000,156.857895,1608.720093,1030.795568,271.000000,310.000000,143.786458,1605.134147,1037.051947,0.913039,7.211192,0.025076,12.000000,36.000000,13.071437,
72_os_1,main,unspecified,1530,expert1,graded,"probabilities to native, bilinear, thresholded there, and these numbers were measured from the outlines that run kept",204.000000,230.000000,107.087582,382.082188,723.028479,190.000000,218.000000,99.665332,381.737583,722.914119,0.928294,0.363086,0.001822,14.000000,12.000000,7.422251,
72_os_2,main,unspecified,1529,expert1,graded,"probabilities to native, bilinear, thresholded there, and these numbers were measured from the outlines that run kept",203.000000,229.000000,106.634816,372.566694,753.215295,180.000000,209.000000,96.677470,365.666894,756.836631,0.902283,7.792388,0.040301,23.000000,20.000000,9.957346,
72_os_3,main,unspecified,2099,expert1,graded,"probabilities to native, bilinear, thresholded there, and these numbers were measured from the outlines that run kept",279.000000,314.000000,146.979779,518.635513,992.552337,269.000000,294.000000,139.280572,516.949954,993.056511,0.945362,1.759347,0.006316,10.000000,20.000000,7.699207,
73_od_1,main,unspecified,1538,expert1,graded,"probabilities to native, bilinear, thresholded there, and these numbers were measured from the outlines that run kept",231.000000,251.000000,121.036747,1206.125413,692.321637,227.000000,241.000000,116.773615,1203.316907,692.598193,0.963596,2.822089,0.012084,4.000000,10.000000,4.263132,
73_od_4,main,unspecified,1572,expert1,graded,"probabilities to native, bilinear, thresholded there, and these numbers were measured from the outlines that run kept",221.000000,240.000000,115.914531,1115.919263,677.214470,211.000000,220.000000,107.811891,1110.876164,678.623042,0.927661,5.236117,0.024284,10.000000,20.000000,8.102641,
73_os_1,main,unspecified,1538,expert1,graded,"probabilities to native, bilinear, thresholded there, and these numbers were measured from the outlines that run kept",228.000000,230.000000,114.910613,313.373382,654.906902,219.000000,224.000000,111.047932,315.661857,658.220258,0.964699,4.026841,0.018131,9.000000,6.000000,3.862681,
73_os_4,main,unspecified,1572,expert1,graded,"probabilities to native, bilinear, thresholded there, and these numbers were measured from the outlines that run kept",218.000000,223.000000,110.805455,435.252800,739.087602,211.000000,206.000000,105.062038,435.579548,739.560862,0.946825,0.575099,0.002737,7.000000,17.000000,5.743417,
74_os_1,main,unspecified,1531,expert1,graded,"probabilities to native, bilinear, thresholded there, and these numbers were measured from the outlines that run kept",198.000000,229.000000,106.295474,394.858097,758.487238,190.000000,214.000000,101.218190,396.130989,761.947213,0.948583,3.686690,0.018212,8.000000,15.000000,5.077284,
75_od_1,main,unspecified,1527,expert1,graded,"probabilities to native, bilinear, thresholded there, and these numbers were measured from the outlines that run kept",178.000000,230.000000,100.677414,734.419370,693.791917,165.000000,213.000000,92.539132,737.630673,691.341449,0.915909,4.039463,0.021826,13.000000,17.000000,8.138283,
75_od_2,main,unspecified,1531,expert1,graded,"probabilities to native, bilinear, thresholded there, and these numbers were measured from the outlines that run kept",180.000000,236.000000,101.932680,1176.514307,752.316862,172.000000,217.000000,95.286259,1176.242287,750.118637,0.932152,2.214991,0.011623,8.000000,19.000000,6.646421,
75_od_3,main,unspecified,1526,expert1,graded,"probabilities to native, bilinear, thresholded there, and these numbers were measured from the outlines that run kept",182.000000,237.000000,102.727444,1168.642898,791.919585,172.000000,226.000000,96.236918,1169.255155,792.902736,0.934826,1.158207,0.006017,10.000000,11.000000,6.490525,
75_od_4,main,unspecified,2100,expert1,graded,"probabilities to native, bilinear, thresholded there, and these numbers were measured from the outlines that run kept",247.000000,323.000000,139.596739,1607.862825,1062.362947,237.000000,294.000000,130.930887,1604.477793,1062.148470,0.935461,3.391820,0.012953,10.000000,29.000000,8.665852,
75_od_6,main,unspecified,2099,expert1,graded,"probabilities to native, bilinear, thresholded there, and these numbers were measured from the outlines that run kept",246.000000,321.000000,138.789491,1602.869900,1033.880972,232.000000,292.000000,128.632751,1603.065253,1032.084722,0.924149,1.806842,0.007023,14.000000,29.000000,10.156740,
75_os_1,main,unspecified,1530,expert1,graded,"probabilities to native, bilinear, thresholded there, and these numbers were measured from the outlines that run kept",190.000000,224.000000,102.308279,630.217742,675.237083,189.000000,226.000000,97.990489,632.569615,677.187595,0.944599,3.055455,0.015591,1.000000,-2.000000,4.317790,
75_os_2,main,unspecified,1530,expert1,graded,"probabilities to native, bilinear, thresholded there, and these numbers were measured from the outlines that run kept",194.000000,231.000000,104.201097,355.462109,699.457858,193.000000,233.000000,100.136896,356.895308,701.807028,0.950086,2.751847,0.013740,1.000000,-2.000000,4.064200,
75_os_3,main,unspecified,1529,expert1,graded,"probabilities to native, bilinear, thresholded there, and these numbers were measured from the outlines that run kept",194.000000,233.000000,105.279953,336.055369,682.028517,186.000000,230.000000,99.930064,337.187141,683.785095,0.946173,2.089611,0.010455,8.000000,3.000000,5.349889,
75_os_4,main,unspecified,2098,expert1,graded,"probabilities to native, bilinear, thresholded there, and these numbers were measured from the outlines that run kept",265.000000,319.000000,143.543845,488.519928,943.683062,255.000000,304.000000,136.043412,485.445119,941.458121,0.940151,3.795368,0.013949,10.000000,15.000000,7.500433,
75_os_6,main,unspecified,2100,expert1,graded,"probabilities to native, bilinear, thresholded there, and these numbers were measured from the outlines that run kept",263.000000,317.000000,143.270832,502.712341,971.098114,263.000000,310.000000,136.643409,504.268829,972.643493,0.950919,2.193365,0.008026,0.000000,7.000000,6.627423,
76_od_1,main,unspecified,1537,expert1,graded,"probabilities to native, bilinear, thresholded there, and these numbers were measured from the outlines that run kept",221.000000,238.000000,114.744289,1202.540024,744.005343,214.000000,235.000000,111.194024,1201.924980,747.471488,0.962447,3.520290,0.015829,7.000000,3.000000,3.550265,
76_os_1,main,unspecified,1534,expert1,graded,"probabilities to native, bilinear, thresholded there, and these numbers were measured from the outlines that run kept",225.000000,235.000000,114.727643,355.192208,727.229886,224.000000,223.000000,111.907399,353.777877,727.931957,0.972737,1.578999,0.007055,1.000000,12.000000,2.820245,
77_od_1,main,unspecified,1531,expert1,graded,"probabilities to native, bilinear, thresholded there, and these numbers were measured from the outlines that run kept",208.000000,231.000000,109.481857,1236.798226,677.262110,205.000000,214.000000,104.493943,1235.467947,677.085007,0.952932,1.342016,0.006422,3.000000,17.000000,4.987915,
77_od_3,main,unspecified,2100,expert1,graded,"probabilities to native, bilinear, thresholded there, and these numbers were measured from the outlines that run kept",288.000000,320.000000,151.085925,1629.505627,972.112183,287.000000,297.000000,143.329696,1626.312710,972.138567,0.941271,3.193025,0.011139,1.000000,23.000000,7.756229,
77_os_1,main,unspecified,1530,expert1,graded,"probabilities to native, bilinear, thresholded there, and these numbers were measured from the outlines that run kept",167.000000,221.000000,94.069202,320.197518,714.933813,149.000000,177.000000,80.202283,324.958927,715.734165,0.841860,4.828207,0.030100,18.000000,44.000000,13.866919,
77_os_3,main,unspecified,2103,expert1,graded,"probabilities to native, bilinear, thresholded there, and these numbers were measured from the outlines that run kept",227.000000,293.000000,126.545850,449.728697,993.057743,201.000000,243.000000,108.802319,456.820436,1000.611508,0.850067,10.361087,0.047614,26.000000,50.000000,17.743530,
78_od_1,main,unspecified,1531,expert1,graded,"probabilities to native, bilinear, thresholded there, and these numbers were measured from the outlines that run kept",204.000000,249.000000,111.968537,1173.629615,762.211344,197.000000,242.000000,107.557680,1171.610912,762.302911,0.957745,2.020778,0.009394,7.000000,7.000000,4.410857,
78_od_2,main,unspecified,1527,expert1,graded,"probabilities to native, bilinear, thresholded there, and these numbers were measured from the outlines that run kept",206.000000,246.000000,111.582665,997.617461,817.436687,200.000000,238.000000,107.878301,995.620032,815.633161,0.959776,2.691176,0.012473,6.000000,8.000000,3.704365,
78_os_1,main,unspecified,1532,expert1,graded,"probabilities to native, bilinear, thresholded there, and these numbers were measured from the outlines that run kept",208.000000,224.000000,107.319181,392.070309,796.385982,204.000000,215.000000,103.400729,395.136473,797.786091,0.958493,3.370707,0.016299,4.000000,9.000000,3.918452,
78_os_2,main,unspecified,1530,expert1,graded,"probabilities to native, bilinear, thresholded there, and these numbers were measured from the outlines that run kept",207.000000,220.000000,106.216088,430.188810,706.425500,196.000000,208.000000,100.644211,428.987304,707.645245,0.946168,1.712132,0.008506,11.000000,12.000000,5.571877,
79_od_1,main,unspecified,1531,expert1,graded,"probabilities to native, bilinear, thresholded there, and these numbers were measured from the outlines that run kept",205.000000,231.000000,108.592939,1126.095527,774.690177,190.000000,228.000000,102.491680,1127.646617,774.369565,0.941240,1.583878,0.007727,15.000000,3.000000,6.101258,
79_od_4,main,unspecified,1568,expert1,graded,"probabilities to native, bilinear, thresholded there, and these numbers were measured from the outlines that run kept",196.000000,228.000000,105.637626,1042.674197,758.777226,182.000000,213.000000,98.575077,1041.100665,759.368690,0.930914,1.681021,0.008527,14.000000,15.000000,7.062548,
79_os_1,main,unspecified,1530,expert1,graded,"probabilities to native, bilinear, thresholded there, and these numbers were measured from the outlines that run kept",209.000000,229.000000,108.945578,410.747855,727.814525,200.000000,224.000000,104.562460,409.561226,728.999214,0.958848,1.676775,0.008018,9.000000,5.000000,4.383119,
79_os_4,main,unspecified,1568,expert1,graded,"probabilities to native, bilinear, thresholded there, and these numbers were measured from the outlines that run kept",202.000000,228.000000,106.889733,537.331365,800.500501,188.000000,212.000000,99.500716,537.500048,799.745394,0.928489,0.773719,0.003888,14.000000,16.000000,7.389018,
7_od_1,main,unspecified,2102,expert1,graded,"probabilities to native, bilinear, thresholded there, and these numbers were measured from the outlines that run kept",232.000000,301.000000,132.528121,1584.871362,1036.850901,216.000000,284.000000,123.229906,1583.513908,1037.311799,0.927385,1.433565,0.005817,16.000000,17.000000,9.298215,
7_os_1,main,unspecified,2101,expert1,graded,"probabilities to native, bilinear, thresholded there, and these numbers were measured from the outlines that run kept",251.000000,296.000000,135.901783,519.050187,1011.778122,230.000000,279.000000,123.548502,514.972578,1015.108083,0.904989,5.264554,0.021306,21.000000,17.000000,12.353281,
80_od_1,main,unspecified,1530,expert1,graded,"probabilities to native, bilinear, thresholded there, and these numbers were measured from the outlines that run kept",245.000000,273.000000,130.210507,1240.529635,716.116230,209.000000,237.000000,109.579213,1231.186942,721.727885,0.829186,10.898467,0.049729,36.000000,36.000000,20.631294,
80_os_1,main,unspecified,1529,expert1,graded,"probabilities to native, bilinear, thresholded there, and these numbers were measured from the outlines that run kept",285.000000,305.000000,147.032828,425.022159,661.898376,266.000000,285.000000,137.204829,427.878375,661.002181,0.930929,2.993515,0.010909,19.000000,20.000000,9.828000,
81_od_1,main,unspecified,1540,expert1,graded,"probabilities to native, bilinear, thresholded there, and these numbers were measured from the outlines that run kept",251.000000,273.000000,131.525165,1208.421025,563.185699,244.000000,261.000000,126.937641,1208.027024,564.653839,0.964513,1.520089,0.005988,7.000000,12.000000,4.587524,
81_os_1,main,unspecified,1536,expert1,graded,"probabilities to native, bilinear, thresholded there, and these numbers were measured from the outlines that run kept",230.000000,251.000000,120.743162,367.343944,573.719831,222.000000,236.000000,115.192813,368.517475,575.108283,0.952931,1.817959,0.007891,8.000000,15.000000,5.550348,
82_od_1,main,unspecified,1533,expert1,graded,"probabilities to native, bilinear, thresholded there, and these numbers were measured from the outlines that run kept",151.000000,220.000000,89.668878,1086.997229,711.642953,144.000000,213.000000,83.958159,1083.993588,711.361436,0.928721,3.016805,0.017966,7.000000,7.000000,5.710719,
82_os_1,main,unspecified,1534,expert1,graded,"probabilities to native, bilinear, thresholded there, and these numbers were measured from the outlines that run kept",159.000000,229.000000,95.476482,550.012501,754.883092,158.000000,210.000000,89.186578,548.882428,752.244908,0.931732,2.870032,0.016090,1.000000,19.000000,6.289903,
82_os_3,main,unspecified,2101,expert1,graded,"probabilities to native, bilinear, thresholded there, and these numbers were measured from the outlines that run kept",218.000000,313.000000,130.307032,612.000806,1018.315837,205.000000,295.000000,123.397691,612.024061,1016.829672,0.943082,1.486347,0.006023,13.000000,18.000000,6.909341,
82_os_4,main,unspecified,2102,expert1,graded,"probabilities to native, bilinear, thresholded there, and these numbers were measured from the outlines that run kept",216.000000,312.000000,129.844528,624.107295,1041.259091,200.000000,297.000000,122.527898,625.035704,1043.618170,0.942066,2.535192,0.010345,16.000000,15.000000,7.316630,
83_od_1,main,unspecified,1530,expert1,graded,"probabilities to native, bilinear, thresholded there, and these numbers were measured from the outlines that run kept",202.000000,216.000000,104.326267,1177.303571,675.902816,192.000000,206.000000,99.356653,1179.580756,675.485216,0.946753,2.315160,0.011651,10.000000,10.000000,4.969614,
83_od_2,main,unspecified,2101,expert1,graded,"probabilities to native, bilinear, thresholded there, and these numbers were measured from the outlines that run kept",274.000000,299.000000,143.260834,1627.910573,936.459234,264.000000,294.000000,136.349577,1631.001490,937.749598,0.947405,3.349449,0.012283,10.000000,5.000000,6.911257,
83_od_3,main,unspecified,2100,expert1,graded,"probabilities to native, bilinear, thresholded there, and these numbers were measured from the outlines that run kept",274.000000,296.000000,142.589360,1610.945643,936.438191,268.000000,283.000000,134.910931,1612.472893,934.118538,0.944455,2.777279,0.010293,6.000000,13.000000,7.678429,
83_od_4,main,unspecified,2103,expert1,graded,"probabilities to native, bilinear, thresholded there, and these numbers were measured from the outlines that run kept",276.000000,301.000000,143.841791,1637.421640,958.957939,264.000000,280.000000,136.133463,1639.069855,960.282390,0.943776,2.114422,0.007766,12.000000,21.000000,7.708328,
83_os_1,main,unspecified,1532,expert1,graded,"probabilities to native, bilinear, thresholded there, and these numbers were measured from the outlines that run kept",192.000000,234.000000,103.930398,365.125685,734.942565,182.000000,226.000000,98.167366,366.188043,736.594649,0.942765,1.964176,0.010004,10.000000,8.000000,5.763032,
83_os_2,main,unspecified,2102,expert1,graded,"probabilities to native, bilinear, thresholded there, and these numbers were measured from the outlines that run kept",265.000000,319.000000,142.902662,493.774577,1011.081817,264.000000,310.000000,139.257716,489.652961,1013.518876,0.960833,4.788212,0.017192,1.000000,9.000000,3.644946,
83_os_3,main,unspecified,2099,expert1,graded,"probabilities to native, bilinear, thresholded there, and these numbers were measured from the outlines that run kept",261.000000,317.000000,141.626195,482.403006,1005.478021,246.000000,308.000000,134.960469,479.077558,1009.322586,0.946039,5.083236,0.018832,15.000000,9.000000,6.665726,
83_os_4,main,unspecified,2103,expert1,graded,"probabilities to native, bilinear, thresholded there, and these numbers were measured from the outlines that run kept",267.000000,320.000000,144.039711,482.861016,986.281620,257.000000,305.000000,136.265509,481.668015,993.253266,0.943909,7.072983,0.025953,10.000000,15.000000,7.774202,
84_od_1,main,unspecified,1532,expert1,graded,"probabilities to native, bilinear, thresholded there, and these numbers were measured from the outlines that run kept",185.000000,217.000000,99.933250,1168.662459,763.889048,169.000000,207.000000,93.000625,1174.393677,764.950280,0.924572,5.828642,0.031337,16.000000,10.000000,6.932625,
84_os_1,main,unspecified,1532,expert1,graded,"probabilities to native, bilinear, thresholded there, and these numbers were measured from the outlines that run kept",181.000000,213.000000,97.849083,354.986569,798.464510,161.000000,203.000000,89.954186,350.337398,801.580268,0.916036,5.596672,0.031108,20.000000,10.000000,7.894897,
85_od_1,main,unspecified,1528,expert1,graded,"probabilities to native, bilinear, thresholded there, and these numbers were measured from the outlines that run kept",200.000000,249.000000,111.565548,1185.780554,767.077539,183.000000,229.000000,101.251205,1190.502996,772.553979,0.900547,7.231380,0.035710,17.000000,20.000000,10.314343,
85_os_1,main,unspecified,1528,expert1,graded,"probabilities to native, bilinear, thresholded there, and these numbers were measured from the outlines that run kept",186.000000,264.000000,111.256984,326.598118,713.563247,155.000000,257.000000,98.979501,318.230814,715.386250,0.883428,8.563592,0.043259,31.000000,7.000000,12.277483,
86_od_1,main,unspecified,1532,expert1,graded,"probabilities to native, bilinear, thresholded there, and these numbers were measured from the outlines that run kept",191.000000,231.000000,103.784817,1180.025621,722.560980,173.000000,205.000000,94.234862,1177.992508,721.789268,0.903769,2.174646,0.011538,18.000000,26.000000,9.549955,
86_od_2,main,unspecified,1533,expert1,graded,"probabilities to native, bilinear, thresholded there, and these numbers were measured from the outlines that run kept",192.000000,233.000000,104.164433,1170.224484,701.219791,170.000000,210.000000,96.000136,1172.116085,706.240113,0.909296,5.364866,0.027942,22.000000,23.000000,8.164297,
86_od_3,main,unspecified,2100,expert1,graded,"probabilities to native, bilinear, thresholded there, and these numbers were measured from the outlines that run kept",263.000000,320.000000,142.216069,1607.968162,977.975386,239.000000,288.000000,130.741122,1603.650149,978.182104,0.916070,4.322958,0.016533,24.000000,32.000000,11.474947,
86_os_1,main,unspecified,1533,expert1,graded,"probabilities to native, bilinear, thresholded there, and these numbers were measured from the outlines that run kept",184.000000,231.000000,102.569294,330.610329,711.088984,179.000000,223.000000,97.333741,330.721231,713.398280,0.947655,2.311957,0.011876,5.000000,8.000000,5.235553,
86_os_2,main,unspecified,1532,expert1,graded,"probabilities to native, bilinear, thresholded there, and these numbers were measured from the outlines that run kept",184.000000,231.000000,102.487022,336.525214,729.667586,173.000000,220.000000,96.165779,333.420783,733.416549,0.935617,4.867465,0.025308,11.000000,11.000000,6.321242,
86_os_3,main,unspecified,2101,expert1,graded,"probabilities to native, bilinear, thresholded there, and these numbers were measured from the outlines that run kept",252.000000,316.000000,140.603244,452.728839,973.081279,224.000000,293.000000,128.227521,443.586429,980.432039,0.901285,11.731041,0.045743,28.000000,23.000000,12.375722,
87_od_1,main,unspecified,1535,expert1,graded,"probabilities to native, bilinear, thresholded there, and these numbers were measured from the outlines that run kept",188.000000,221.000000,101.491418,1240.808467,779.070457,179.000000,193.000000,93.074183,1241.026015,780.051993,0.913638,1.005356,0.005401,9.000000,28.000000,8.417235,
87_od_4,main,unspecified,2102,expert1,graded,"probabilities to native, bilinear, thresholded there, and these numbers were measured from the outlines that run kept",259.000000,302.000000,139.510064,1539.699419,1122.139897,239.000000,257.000000,125.945768,1539.778219,1120.102081,0.898070,2.039339,0.008096,20.000000,45.000000,13.564296,
87_os_1,main,unspecified,1535,expert1,graded,"probabilities to native, bilinear, thresholded there, and these numbers were measured from the outlines that run kept",181.000000,222.000000,100.009666,307.309178,745.314557,174.000000,194.000000,92.564926,307.454491,750.772234,0.922797,5.459612,0.029491,7.000000,28.000000,7.444740,
87_os_6,main,unspecified,2097,expert1,graded,"probabilities to native, bilinear, thresholded there, and these numbers were measured from the outlines that run kept",246.000000,304.000000,136.560687,364.881236,1137.548961,234.000000,260.000000,124.457204,365.578686,1148.470737,0.907458,10.944022,0.043967,12.000000,44.000000,12.103483,
88_os_1,main,unspecified,1531,expert1,graded,"probabilities to native, bilinear, thresholded there, and these numbers were measured from the outlines that run kept",195.000000,215.000000,103.317579,389.913642,679.159147,184.000000,200.000000,95.928822,390.337911,683.832065,0.925935,4.692139,0.024456,11.000000,15.000000,7.388757,
89_od_1,main,unspecified,1532,expert1,graded,"probabilities to native, bilinear, thresholded there, and these numbers were measured from the outlines that run kept",256.000000,276.000000,132.040855,1195.278440,717.506728,225.000000,259.000000,121.958945,1186.228129,726.454888,0.919045,12.727046,0.052178,31.000000,17.000000,10.081910,
89_od_3,main,unspecified,2100,expert1,graded,"probabilities to native, bilinear, thresholded there, and these numbers were measured from the outlines that run kept",355.000000,382.000000,183.114072,1619.021264,998.029115,326.000000,377.000000,172.858518,1608.022904,1006.033056,0.938934,13.602463,0.039346,29.000000,5.000000,10.255554,
89_os_1,main,unspecified,1529,expert1,graded,"probabilities to native, bilinear, thresholded there, and these numbers were measured from the outlines that run kept",236.000000,271.000000,126.862391,331.606871,708.248690,233.000000,264.000000,123.043785,330.996993,711.263776,0.968224,3.076150,0.012500,3.000000,7.000000,3.818605,
89_os_3,main,unspecified,2100,expert1,graded,"probabilities to native, bilinear, thresholded there, and these numbers were measured from the outlines that run kept",322.000000,368.000000,172.474149,443.088300,1028.243425,302.000000,355.000000,163.544927,444.134074,1028.447839,0.946699,1.065565,0.003258,20.000000,13.000000,8.929222,
8_od_1,main,unspecified,1533,expert1,graded,"probabilities to native, bilinear, thresholded there, and these numbers were measured from the outlines that run kept",220.000000,254.000000,118.565753,1204.409542,695.722896,213.000000,245.000000,115.143063,1204.064416,696.618232,0.967780,0.959551,0.004167,7.000000,9.000000,3.422690,
90_od_1,main,unspecified,1530,expert1,graded,"probabilities to native, bilinear, thresholded there, and these numbers were measured from the outlines that run kept",264.000000,267.000000,132.947777,1216.969835,760.681548,256.000000,258.000000,127.934265,1215.835664,758.726016,0.958961,2.260631,0.008835,8.000000,9.000000,5.013512,
90_os_1,main,unspecified,1531,expert1,graded,"probabilities to native, bilinear, thresholded there, and these numbers were measured from the outlines that run kept",221.000000,248.000000,115.686383,340.578380,722.933595,208.000000,237.000000,110.045898,338.228098,721.435747,0.949956,2.787001,0.012663,13.000000,11.000000,5.640485,
91_od_1,main,unspecified,1536,expert1,graded,"probabilities to native, bilinear, thresholded there, and these numbers were measured from the outlines that run kept",177.000000,213.000000,96.878104,1139.198643,740.973376,163.000000,203.000000,89.924103,1136.899858,742.361636,0.925650,2.685457,0.014932,14.000000,10.000000,6.954001,
91_od_2,main,unspecified,1534,expert1,graded,"probabilities to native, bilinear, thresholded there, and these numbers were measured from the outlines that run kept",177.000000,210.000000,96.619834,1136.763298,760.302475,161.000000,182.000000,85.806911,1136.128745,761.483377,0.881870,1.340592,0.007812,16.000000,28.000000,10.812923,
91_os_1,main,unspecified,1532,expert1,graded,"probabilities to native, bilinear, thresholded there, and these numbers were measured from the outlines that run kept",189.000000,200.000000,97.114384,379.747815,783.961659,173.000000,188.000000,89.243665,379.191000,787.410415,0.915535,3.493417,0.019572,16.000000,12.000000,7.870720,
91_os_2,main,unspecified,1534,expert1,graded,"probabilities to native, bilinear, thresholded there, and these numbers were measured from the outlines that run kept",187.000000,199.000000,96.624776,378.226518,772.552385,168.000000,170.000000,85.201967,379.205472,776.682978,0.874849,4.245015,0.024911,19.000000,29.000000,11.422808,
92_od_1,main,unspecified,1531,expert1,graded,"probabilities to native, bilinear, thresholded there, and these numbers were measured from the outlines that run kept",150.000000,179.000000,82.145306,1139.848578,701.713005,138.000000,167.000000,74.383213,1137.996318,701.124669,0.900754,1.943452,0.013064,12.000000,12.000000,7.762092,
92_os_1,main,unspecified,1531,expert1,graded,"probabilities to native, bilinear, thresholded there, and these numbers were measured from the outlines that run kept",141.000000,175.000000,79.368461,390.310056,689.937544,132.000000,162.000000,71.454115,391.557980,692.202244,0.895339,2.585765,0.018094,9.000000,13.000000,7.914346,
93_od_1,main,unspecified,1529,expert1,graded,"probabilities to native, bilinear, thresholded there, and these numbers were measured from the outlines that run kept",215.000000,254.000000,115.290868,1170.918483,743.255688,206.000000,253.000000,107.966784,1172.056771,741.541766,0.933822,2.057481,0.009528,9.000000,1.000000,7.324084,
93_od_2,main,unspecified,1529,expert1,graded,"probabilities to native, bilinear, thresholded there, and these numbers were measured from the outlines that run kept",215.000000,253.000000,114.769253,1173.975907,724.240304,210.000000,244.000000,107.541402,1175.155616,727.903724,0.930695,3.848683,0.017894,5.000000,9.000000,7.227851,
93_od_3,main,unspecified,1530,expert1,graded,"probabilities to native, bilinear, thresholded there, and these numbers were measured from the outlines that run kept",212.000000,252.000000,115.493618,1173.964921,760.619234,207.000000,252.000000,109.493486,1177.417109,759.440898,0.942930,3.647750,0.016657,5.000000,0.000000,6.000132,
93_od_4,main,unspecified,2100,expert1,graded,"probabilities to native, bilinear, thresholded there, and these numbers were measured from the outlines that run kept",291.000000,344.000000,157.383614,1618.350635,1020.208723,267.000000,308.000000,139.111351,1620.947760,1017.713781,0.877211,3.601360,0.012944,24.000000,36.000000,18.272264,
93_od_5,main,unspecified,2099,expert1,graded,"probabilities to native, bilinear, thresholded there, and these numbers were measured from the outlines that run kept",290.000000,348.000000,157.042452,1623.238219,1035.072665,263.000000,314.000000,139.632078,1620.370355,1033.688924,0.883033,3.184240,0.011402,27.000000,34.000000,17.410374,
93_od_6,main,unspecified,2103,expert1,graded,"probabilities to native, bilinear, thresholded there, and these numbers were measured from the outlines that run kept",293.000000,352.000000,158.877229,1619.197629,1025.632648,289.000000,323.000000,147.483517,1616.374513,1025.595282,0.921454,2.823363,0.009572,4.000000,29.000000,11.393712,
93_os_1,main,unspecified,1529,expert1,graded,"probabilities to native, bilinear, thresholded there, and these numbers were measured from the outlines that run kept",248.000000,229.000000,118.356164,366.562239,670.252000,241.000000,217.000000,110.858587,367.093268,666.499650,0.925354,3.789738,0.017093,7.000000,12.000000,7.497576,
93_os_2,main,unspecified,1530,expert1,graded,"probabilities to native, bilinear, thresholded there, and these numbers were measured from the outlines that run kept",245.000000,225.000000,116.986040,364.116781,682.079916,238.000000,220.000000,109.366954,364.520132,681.792267,0.929628,0.495413,0.002265,7.000000,5.000000,7.619086,
93_os_3,main,unspecified,1530,expert1,graded,"probabilities to native, bilinear, thresholded there, and these numbers were measured from the outlines that run kept",246.000000,222.000000,116.753169,389.889525,680.121684,247.000000,213.000000,111.372796,387.276817,679.046012,0.943858,2.825475,0.012685,-1.000000,9.000000,5.380374,
93_os_4,main,unspecified,2101,expert1,graded,"probabilities to native, bilinear, thresholded there, and these numbers were measured from the outlines that run kept",343.000000,305.000000,161.374002,541.723916,919.893426,337.000000,278.000000,148.047905,535.840033,918.261524,0.911329,6.105996,0.020622,6.000000,27.000000,13.326097,
93_os_5,main,unspecified,2099,expert1,graded,"probabilities to native, bilinear, thresholded there, and these numbers were measured from the outlines that run kept",343.000000,303.000000,161.117373,515.102511,891.014641,326.000000,277.000000,147.384203,512.053047,887.782246,0.911091,4.443829,0.015076,17.000000,26.000000,13.733170,
93_os_6,main,unspecified,2100,expert1,graded,"probabilities to native, bilinear, thresholded there, and these numbers were measured from the outlines that run kept",345.000000,303.000000,161.256595,501.270195,875.222859,329.000000,295.000000,151.286992,499.129506,874.439739,0.931151,2.279435,0.007533,16.000000,8.000000,9.969603,
94_od_1,main,unspecified,1532,expert1,graded,"probabilities to native, bilinear, thresholded there, and these numbers were measured from the outlines that run kept",207.000000,245.000000,113.115439,1150.705277,704.416772,176.000000,235.000000,102.928655,1151.028453,704.214854,0.905444,0.381069,0.001851,31.000000,10.000000,10.186784,
94_od_3,main,unspecified,2101,expert1,graded,"probabilities to native, bilinear, thresholded there, and these numbers were measured from the outlines that run kept",284.000000,339.000000,155.174701,1593.923778,917.213280,242.000000,315.000000,139.043833,1596.510397,919.660010,0.890676,3.560490,0.012803,42.000000,24.000000,16.130868,
94_os_1,main,unspecified,1531,expert1,graded,"probabilities to native, bilinear, thresholded there, and these numbers were measured from the outlines that run kept",214.000000,263.000000,117.935867,399.392004,766.851611,204.000000,256.000000,113.177330,398.139336,763.653388,0.956050,3.434794,0.015174,10.000000,7.000000,4.758537,
94_os_3,main,unspecified,2100,expert1,graded,"probabilities to native, bilinear, thresholded there, and these numbers were measured from the outlines that run kept",288.000000,359.000000,159.943518,522.335681,1049.867908,276.000000,347.000000,152.578603,517.999016,1048.861096,0.951969,4.452003,0.014589,12.000000,12.000000,7.364915,
95_od_1,main,unspecified,1534,expert1,graded,"probabilities to native, bilinear, thresholded there, and these numbers were measured from the outlines that run kept",192.000000,264.000000,111.311331,1185.955504,700.365446,185.000000,244.000000,105.074157,1190.635952,706.137581,0.934275,7.431294,0.035362,7.000000,20.000000,6.237174,
95_od_8,main,unspecified,2100,expert1,graded,"probabilities to native, bilinear, thresholded there, and these numbers were measured from the outlines that run kept",263.000000,352.000000,149.751688,1609.927468,958.175666,246.000000,335.000000,140.448082,1609.536308,963.884589,0.935857,5.722309,0.020372,17.000000,17.000000,9.303606,
95_os_1,main,unspecified,1537,expert1,graded,"probabilities to native, bilinear, thresholded there, and these numbers were measured from the outlines that run kept",185.000000,251.000000,106.058638,312.336861,774.801177,176.000000,250.000000,103.305254,312.913443,772.035971,0.963944,2.824679,0.013672,9.000000,1.000000,2.753384,
95_os_8,main,unspecified,2103,expert1,graded,"probabilities to native, bilinear, thresholded there, and these numbers were measured from the outlines that run kept",254.000000,338.000000,144.185489,433.702321,1075.778785,244.000000,322.000000,138.744761,432.052781,1077.287304,0.961300,2.235310,0.008055,10.000000,16.000000,5.440728,
96_od_1,main,unspecified,2099,expert1,graded,"probabilities to native, bilinear, thresholded there, and these numbers were measured from the outlines that run kept",308.000000,370.000000,168.924617,1547.221480,961.487869,294.000000,352.000000,160.811847,1544.858179,962.729331,0.950810,2.669535,0.008300,14.000000,18.000000,8.112771,
96_od_4,main,unspecified,1572,expert1,graded,"probabilities to native, bilinear, thresholded there, and these numbers were measured from the outlines that run kept",221.000000,282.000000,125.691512,1358.416123,806.023553,201.000000,267.000000,115.428832,1353.482154,807.337857,0.914635,5.106020,0.022118,20.000000,15.000000,10.262681,
96_os_1,main,unspecified,2100,expert1,graded,"probabilities to native, bilinear, thresholded there, and these numbers were measured from the outlines that run kept",289.000000,326.000000,152.376107,576.227575,1006.577588,289.000000,306.000000,147.106416,576.921291,1009.456086,0.959270,2.960911,0.010064,0.000000,20.000000,5.269691,
96_os_4,main,unspecified,1572,expert1,graded,"probabilities to native, bilinear, thresholded there, and these numbers were measured from the outlines that run kept",229.000000,262.000000,122.181895,470.379475,766.035310,209.000000,242.000000,111.372796,471.052838,761.768015,0.907636,4.320096,0.019395,20.000000,20.000000,10.809099,
97_od_1,main,unspecified,2101,expert1,graded,"probabilities to native, bilinear, thresholded there, and these numbers were measured from the outlines that run kept",323.000000,371.000000,172.267323,1515.778762,1044.060689,314.000000,355.000000,165.262291,1513.893604,1044.242652,0.958499,1.893920,0.005730,9.000000,16.000000,7.005032,
97_od_2,main,unspecified,2101,expert1,graded,"probabilities to native, bilinear, thresholded there, and these numbers were measured from the outlines that run kept",330.000000,373.000000,174.573605,1524.403121,1012.302268,309.000000,362.000000,165.612468,1523.699789,1011.277673,0.947353,1.242767,0.003752,21.000000,11.000000,8.961136,
97_os_1,main,unspecified,2102,expert1,graded,"probabilities to native, bilinear, thresholded there, and these numbers were measured from the outlines that run kept",327.000000,379.000000,175.004297,582.378336,1005.551696,315.000000,365.000000,167.254380,580.281067,1009.347428,0.954736,4.336602,0.012964,12.000000,14.000000,7.749917,
97_os_3,main,unspecified,2104,expert1,graded,"probabilities to native, bilinear, thresholded there, and these numbers were measured from the outlines that run kept",327.000000,379.000000,175.753885,593.131283,970.984141,318.000000,367.000000,170.959685,590.488064,977.457896,0.968930,6.992576,0.020451,9.000000,12.000000,4.794200,
98_od_1,main,unspecified,2104,expert1,graded,"probabilities to native, bilinear, thresholded there, and these numbers were measured from the outlines that run kept",324.000000,358.000000,169.594113,1585.594683,1078.209697,320.000000,337.000000,163.713197,1587.434710,1078.862816,0.961538,1.952501,0.005963,4.000000,21.000000,5.880916,
98_od_2,main,unspecified,2100,expert1,graded,"probabilities to native, bilinear, thresholded there, and these numbers were measured from the outlines that run kept",326.000000,362.000000,171.442167,1638.743499,1001.902013,320.000000,342.000000,164.588713,1637.415268,1003.234842,0.959226,1.881656,0.005716,6.000000,20.000000,6.853454,
98_od_3,main,unspecified,2103,expert1,graded,"probabilities to native, bilinear, thresholded there, and these numbers were measured from the outlines that run kept",327.000000,362.000000,171.237812,1619.316124,1008.784485,314.000000,347.000000,163.597469,1616.956935,1012.108454,0.954387,4.076093,0.012458,13.000000,15.000000,7.640343,
98_os_1,main,unspecified,2102,expert1,graded,"probabilities to native, bilinear, thresholded there, and these numbers were measured from the outlines that run kept",333.000000,354.000000,170.941996,500.995011,1037.005087,322.000000,332.000000,163.497235,498.885924,1034.874147,0.955319,2.998192,0.009169,11.000000,22.000000,7.444760,
98_os_2,main,unspecified,2101,expert1,graded,"probabilities to native, bilinear, thresholded there, and these numbers were measured from the outlines that run kept",335.000000,351.000000,171.200631,486.424842,1051.701767,330.000000,344.000000,167.851853,482.349365,1053.291079,0.976117,4.374405,0.013031,5.000000,7.000000,3.348778,
98_os_3,main,unspecified,2104,expert1,graded,"probabilities to native, bilinear, thresholded there, and these numbers were measured from the outlines that run kept",337.000000,351.000000,171.587853,507.362632,1075.409542,322.000000,331.000000,164.478440,506.825980,1076.796423,0.957304,1.487089,0.004521,15.000000,20.000000,7.109413,
99_od_1,main,unspecified,1530,expert1,graded,"probabilities to native, bilinear, thresholded there, and these numbers were measured from the outlines that run kept",182.000000,226.000000,101.838955,1217.018783,728.716930,168.000000,215.000000,92.444491,1213.571625,730.434446,0.903517,3.851332,0.020831,14.000000,11.000000,9.394464,
99_os_1,main,unspecified,1529,expert1,graded,"probabilities to native, bilinear, thresholded there, and these numbers were measured from the outlines that run kept",183.000000,235.000000,102.555328,406.499062,608.658072,173.000000,222.000000,94.459221,407.622525,607.453427,0.914217,1.647222,0.008719,10.000000,13.000000,8.096107,
9_os_1,main,unspecified,1536,expert1,graded,"probabilities to native, bilinear, thresholded there, and these numbers were measured from the outlines that run kept",228.000000,245.000000,118.069393,607.561320,617.624729,226.000000,235.000000,113.341742,604.393949,619.575722,0.957161,3.720029,0.016411,2.000000,10.000000,4.727651,
9_os_3,main,unspecified,2104,expert1,graded,"probabilities to native, bilinear, thresholded there, and these numbers were measured from the outlines that run kept",309.000000,339.000000,161.946981,539.109450,979.619875,299.000000,316.000000,156.161317,537.090103,982.367749,0.963448,3.410069,0.010918,10.000000,23.000000,5.785664,
