key,grade,readers,outcome,verdict,carried_by_its_pipeline,gradeable,bad,good,usable,note
img_00000,bad,consensus=bad;level1=usable;level2=bad;level3=bad,graded,usable,,0.874278,0.125722,0.099578,0.774700,
img_00001,bad,consensus=bad;level1=bad;level2=bad;level3=bad,graded,bad,,0.037614,0.962386,0.000094,0.037519,
img_00002,bad,consensus=bad;level1=bad;level2=usable;level3=bad,graded,usable,,0.598910,0.401090,0.003873,0.595037,
img_00003,usable,consensus=usable;level1=usable;level2=usable;level3=bad,graded,bad,,0.028020,0.971980,0.000198,0.027822,
img_00004,bad,consensus=bad;level1=bad;level2=bad;level3=bad,graded,bad,,0.001118,0.998882,0.000002,0.001116,
img_00005,usable,consensus=usable;level1=usable;level2=usable;level3=bad,graded,bad,,0.045898,0.954102,0.000795,0.045102,
img_00006,bad,consensus=bad;level1=bad;level2=bad;level3=bad,graded,bad,,0.000005,0.999995,0.000000,0.000005,
img_00007,good,consensus=good;level1=good;level2=good;level3=usable,graded,good,,0.999960,0.000040,0.989050,0.010911,
img_00016,good,consensus=good;level1=good;level2=good;level3=usable,graded,good,,0.999998,0.000002,0.998743,0.001256,
img_00026,usable,consensus=usable;level1=usable;level2=usable;level3=usable,graded,usable,,0.973339,0.026661,0.246708,0.726630,
img_00046,good,consensus=good;level1=good;level2=good;level3=usable,graded,good,,0.999979,0.000021,0.992028,0.007951,
img_00047,usable,consensus=usable;level1=usable;level2=usable;level3=usable,graded,good,,0.999898,0.000102,0.969988,0.029911,
img_00048,usable,consensus=usable;level1=usable;level2=good;level3=usable,graded,good,,0.999978,0.000022,0.993092,0.006886,
img_00049,good,consensus=good;level1=good;level2=good;level3=good,graded,good,,0.999981,0.000020,0.996107,0.003873,
img_00056,good,consensus=good;level1=good;level2=good;level3=usable,graded,good,,0.999952,0.000048,0.990320,0.009632,
img_00057,good,consensus=good;level1=good;level2=good;level3=usable,graded,good,,0.999999,0.000001,0.998852,0.001147,
img_00058,usable,consensus=usable;level1=usable;level2=usable;level3=usable,graded,good,,0.999994,0.000006,0.991387,0.008607,
img_00059,usable,consensus=usable;level1=good;level2=usable;level3=usable,graded,good,,0.999973,0.000027,0.983631,0.016342,
img_00060,good,consensus=good;level1=good;level2=good;level3=usable,graded,usable,,0.600512,0.399488,0.118109,0.482403,
img_00073,usable,consensus=usable;level1=usable;level2=usable;level3=usable,graded,usable,,0.948657,0.051343,0.129935,0.818722,
img_00074,usable,consensus=usable;level1=usable;level2=usable;level3=bad,graded,usable,,0.944622,0.055378,0.104956,0.839666,
img_00077,usable,consensus=usable;level1=usable;level2=usable;level3=bad,graded,good,,0.999864,0.000136,0.703778,0.296086,
img_00082,usable,consensus=usable;level1=usable;level2=usable;level3=bad,graded,usable,,0.990327,0.009673,0.334568,0.655759,
img_00084,good,consensus=good;level1=good;level2=good;level3=usable,graded,good,,0.999819,0.000181,0.911671,0.088148,
img_00085,usable,consensus=usable;level1=good;level2=usable;level3=usable,graded,good,,0.999079,0.000921,0.724382,0.274697,
img_00086,usable,consensus=usable;level1=good;level2=usable;level3=usable,graded,good,,0.999810,0.000190,0.952138,0.047672,
img_00087,usable,consensus=usable;level1=good;level2=usable;level3=usable,graded,good,,0.997144,0.002856,0.628614,0.368530,
img_00089,good,consensus=good;level1=good;level2=good;level3=good,graded,good,,0.999990,0.000010,0.994462,0.005528,
img_00090,usable,consensus=usable;level1=good;level2=usable;level3=usable,graded,usable,,0.893461,0.106539,0.141485,0.751976,
img_00096,bad,consensus=bad;level1=usable;level2=bad;level3=bad,graded,bad,,0.494817,0.505183,0.000752,0.494064,
img_00097,bad,consensus=bad;level1=bad;level2=bad;level3=bad,graded,bad,,0.017212,0.982788,0.000004,0.017208,
img_00098,good,consensus=good;level1=good;level2=usable;level3=good,graded,good,,0.999969,0.000031,0.975247,0.024722,
img_00099,usable,consensus=usable;level1=good;level2=usable;level3=usable,graded,good,,0.999885,0.000115,0.935441,0.064445,
img_00100,usable,consensus=usable;level1=good;level2=usable;level3=usable,graded,good,,0.999310,0.000690,0.742025,0.257285,
img_00101,usable,consensus=usable;level1=good;level2=usable;level3=usable,graded,good,,0.999831,0.000169,0.951542,0.048289,
img_00102,usable,consensus=usable;level1=good;level2=usable;level3=usable,graded,usable,,0.989876,0.010124,0.482862,0.507014,
img_00103,usable,consensus=usable;level1=usable;level2=usable;level3=bad,graded,bad,,0.086285,0.913715,0.003086,0.083199,
img_00104,good,consensus=good;level1=good;level2=good;level3=good,graded,good,,0.999800,0.000200,0.969109,0.030691,
img_00105,usable,consensus=usable;level1=usable;level2=usable;level3=bad,graded,usable,,0.940565,0.059435,0.215527,0.725038,
img_00106,bad,consensus=bad;level1=bad;level2=usable;level3=bad,graded,usable,,0.893983,0.106017,0.019465,0.874518,
img_00107,usable,consensus=usable;level1=usable;level2=usable;level3=bad,graded,good,,0.992778,0.007222,0.754521,0.238257,
img_00110,usable,consensus=usable;level1=usable;level2=usable;level3=usable,graded,usable,,0.949915,0.050085,0.142990,0.806924,
img_00111,usable,consensus=usable;level1=usable;level2=usable;level3=bad,graded,usable,,0.868850,0.131150,0.036577,0.832273,
img_00112,bad,consensus=bad;level1=bad;level2=bad;level3=bad,graded,good,,0.997346,0.002654,0.721854,0.275492,
img_00113,bad,consensus=bad;level1=bad;level2=usable;level3=bad,graded,good,,0.979054,0.020946,0.767945,0.211109,
img_00114,bad,consensus=bad;level1=bad;level2=bad;level3=bad,graded,good,,0.995553,0.004447,0.662249,0.333304,
img_00115,bad,consensus=bad;level1=bad;level2=bad;level3=bad,graded,bad,,0.033501,0.966499,0.000036,0.033466,
img_00116,bad,consensus=bad;level1=bad;level2=bad;level3=bad,graded,bad,,0.000508,0.999492,0.000000,0.000508,
img_00117,bad,consensus=bad;level1=usable;level2=bad;level3=bad,graded,bad,,0.004226,0.995774,0.000001,0.004225,
img_00118,bad,consensus=bad;level1=usable;level2=bad;level3=bad,graded,good,,0.999871,0.000129,0.967556,0.032315,
img_00119,bad,consensus=bad;level1=usable;level2=bad;level3=bad,graded,good,,0.999997,0.000003,0.992377,0.007620,
img_00120,bad,consensus=bad;level1=bad;level2=bad;level3=bad,graded,usable,,0.966344,0.033656,0.046212,0.920132,
img_00121,bad,consensus=bad;level1=bad;level2=bad;level3=bad,graded,bad,,0.112399,0.887601,0.005289,0.107110,
img_00122,bad,consensus=bad;level1=bad;level2=bad;level3=bad,graded,bad,,0.002402,0.997598,0.000000,0.002402,
img_00127,bad,consensus=bad;level1=usable;level2=bad;level3=bad,graded,bad,,0.105411,0.894589,0.000053,0.105358,
img_00131,usable,consensus=usable;level1=usable;level2=usable;level3=bad,graded,usable,,0.883399,0.116601,0.085143,0.798257,
img_00132,bad,consensus=bad;level1=usable;level2=bad;level3=bad,graded,bad,,0.344346,0.655654,0.003366,0.340981,
img_00133,usable,consensus=usable;level1=usable;level2=usable;level3=bad,graded,usable,,0.850850,0.149150,0.004645,0.846205,
img_00134,bad,consensus=bad;level1=usable;level2=bad;level3=bad,graded,usable,,0.784492,0.215508,0.004830,0.779662,
img_00139,good,consensus=good;level1=good;level2=good;level3=good,graded,good,,0.999999,0.000001,0.998724,0.001275,
img_00140,good,consensus=good;level1=good;level2=good;level3=good,graded,good,,0.998888,0.001112,0.720256,0.278632,
img_00147,usable,consensus=usable;level1=good;level2=usable;level3=usable,graded,good,,0.999991,0.000009,0.987162,0.012829,
img_00148,usable,consensus=usable;level1=good;level2=usable;level3=usable,graded,good,,0.999965,0.000035,0.920790,0.079175,
img_00155,usable,consensus=usable;level1=usable;level2=usable;level3=bad,graded,usable,,0.962876,0.037124,0.067263,0.895613,
img_00156,good,consensus=good;level1=good;level2=good;level3=usable,graded,good,,0.995920,0.004080,0.661711,0.334208,
img_00157,good,consensus=good;level1=good;level2=good;level3=good,graded,good,,0.999628,0.000373,0.959839,0.039789,
img_00158,usable,consensus=usable;level1=bad;level2=usable;level3=usable,graded,good,,0.999518,0.000482,0.685817,0.313700,
img_00165,good,consensus=good;level1=good;level2=usable;level3=good,graded,good,,0.999829,0.000171,0.963533,0.036296,
img_00166,usable,consensus=usable;level1=good;level2=usable;level3=usable,graded,good,,0.999027,0.000973,0.723512,0.275515,
img_00167,usable,consensus=usable;level1=good;level2=usable;level3=usable,graded,usable,,0.994706,0.005294,0.364013,0.630693,
img_00168,usable,consensus=usable;level1=good;level2=usable;level3=usable,graded,good,,0.991257,0.008743,0.911985,0.079273,
img_00169,usable,consensus=usable;level1=usable;level2=usable;level3=usable,graded,good,,0.999454,0.000546,0.834553,0.164901,
img_00200,usable,consensus=usable;level1=usable;level2=usable;level3=bad,graded,good,,0.999697,0.000303,0.908201,0.091497,
img_00201,usable,consensus=usable;level1=usable;level2=usable;level3=bad,graded,usable,,0.979583,0.020417,0.139074,0.840509,
img_00202,usable,consensus=usable;level1=usable;level2=usable;level3=bad,graded,usable,,0.986573,0.013427,0.302270,0.684303,
img_00203,bad,consensus=bad;level1=bad;level2=bad;level3=bad,graded,bad,,0.000764,0.999236,0.000003,0.000761,
img_00204,bad,consensus=bad;level1=bad;level2=usable;level3=bad,graded,usable,,0.933986,0.066014,0.020419,0.913567,
img_00205,usable,consensus=usable;level1=usable;level2=usable;level3=bad,graded,good,,0.997276,0.002724,0.589620,0.407657,
img_00206,bad,consensus=bad;level1=bad;level2=bad;level3=bad,graded,good,,0.928584,0.071416,0.532053,0.396531,
img_00207,bad,consensus=bad;level1=bad;level2=usable;level3=bad,graded,usable,,0.986349,0.013651,0.052918,0.933431,
img_00208,bad,consensus=bad;level1=bad;level2=usable;level3=bad,graded,usable,,0.986628,0.013372,0.243070,0.743558,
img_00209,bad,consensus=bad;level1=bad;level2=usable;level3=bad,graded,usable,,0.991167,0.008833,0.125946,0.865221,
img_00210,good,consensus=good;level1=good;level2=good;level3=good,graded,good,,0.999940,0.000060,0.918097,0.081844,
img_00211,bad,consensus=bad;level1=usable;level2=bad;level3=bad,graded,usable,,0.975670,0.024330,0.043127,0.932544,
img_00213,usable,consensus=usable;level1=good;level2=usable;level3=usable,graded,good,,0.998964,0.001036,0.884694,0.114270,
img_00214,bad,consensus=bad;level1=bad;level2=bad;level3=bad,graded,bad,,0.430202,0.569798,0.000298,0.429904,
img_00215,bad,consensus=bad;level1=bad;level2=bad;level3=bad,graded,usable,,0.975970,0.024030,0.082847,0.893123,
img_00216,bad,consensus=bad;level1=usable;level2=bad;level3=bad,graded,usable,,0.983054,0.016946,0.109881,0.873174,
img_00217,usable,consensus=usable;level1=usable;level2=usable;level3=bad,graded,usable,,0.983952,0.016048,0.033425,0.950527,
img_00218,bad,consensus=bad;level1=bad;level2=bad;level3=bad,graded,usable,,0.792426,0.207574,0.003814,0.788611,
img_00219,usable,consensus=usable;level1=usable;level2=usable;level3=bad,graded,usable,,0.900571,0.099429,0.006772,0.893799,
img_00231,bad,consensus=bad;level1=usable;level2=bad;level3=bad,graded,usable,,0.973042,0.026958,0.090632,0.882410,
img_00232,bad,consensus=bad;level1=usable;level2=bad;level3=bad,graded,usable,,0.823121,0.176879,0.014595,0.808525,
img_00233,bad,consensus=bad;level1=bad;level2=bad;level3=bad,graded,bad,,0.439326,0.560674,0.000246,0.439080,
img_00234,bad,consensus=bad;level1=bad;level2=bad;level3=bad,graded,bad,,0.000190,0.999810,0.000000,0.000190,
img_00235,bad,consensus=bad;level1=bad;level2=good;level3=bad,graded,usable,,0.506651,0.493349,0.004319,0.502332,
img_00236,usable,consensus=usable;level1=usable;level2=usable;level3=usable,graded,usable,,0.986038,0.013962,0.370237,0.615801,
img_00245,usable,consensus=usable;level1=usable;level2=usable;level3=usable,graded,usable,,0.979367,0.020633,0.026390,0.952978,
img_00247,bad,consensus=bad;level1=bad;level2=bad;level3=bad,graded,bad,,0.000567,0.999433,0.000000,0.000566,
img_00248,bad,consensus=bad;level1=usable;level2=bad;level3=bad,graded,bad,,0.188503,0.811497,0.006719,0.181784,
img_00249,bad,consensus=bad;level1=usable;level2=bad;level3=bad,graded,usable,,0.861984,0.138016,0.045734,0.816250,
img_00250,bad,consensus=bad;level1=usable;level2=bad;level3=bad,graded,usable,,0.998398,0.001602,0.472746,0.525652,
img_00257,usable,consensus=usable;level1=usable;level2=good;level3=usable,graded,usable,,0.992538,0.007462,0.229677,0.762861,
img_00258,usable,consensus=usable;level1=usable;level2=usable;level3=bad,graded,usable,,0.958671,0.041329,0.026118,0.932552,
img_00259,usable,consensus=usable;level1=usable;level2=usable;level3=bad,graded,usable,,0.974731,0.025269,0.310541,0.664190,
img_00260,usable,consensus=usable;level1=usable;level2=usable;level3=bad,graded,usable,,0.986781,0.013219,0.033197,0.953584,
img_00261,usable,consensus=usable;level1=usable;level2=usable;level3=bad,graded,usable,,0.975857,0.024143,0.062284,0.913573,
img_00267,good,consensus=good;level1=good;level2=good;level3=usable,graded,usable,,0.997042,0.002958,0.463932,0.533110,
img_00268,good,consensus=good;level1=good;level2=good;level3=usable,graded,good,,0.997389,0.002610,0.568119,0.429271,
img_00269,usable,consensus=usable;level1=good;level2=usable;level3=usable,graded,good,,0.999993,0.000007,0.985842,0.014151,
img_00270,good,consensus=good;level1=good;level2=usable;level3=good,graded,good,,0.999967,0.000033,0.969519,0.030448,
img_00273,good,consensus=good;level1=good;level2=good;level3=good,graded,good,,0.996932,0.003068,0.751085,0.245847,
img_00274,good,consensus=good;level1=good;level2=good;level3=good,graded,good,,0.997656,0.002344,0.561144,0.436512,
img_00275,bad,consensus=bad;level1=bad;level2=bad;level3=bad,graded,bad,,0.000093,0.999907,0.000000,0.000093,
img_00276,bad,consensus=bad;level1=bad;level2=bad;level3=bad,graded,bad,,0.000050,0.999950,0.000000,0.000050,
img_00277,usable,consensus=usable;level1=good;level2=usable;level3=usable,graded,good,,0.999535,0.000465,0.863009,0.136525,
img_00278,usable,consensus=usable;level1=good;level2=usable;level3=usable,graded,usable,,0.972178,0.027822,0.122145,0.850033,
img_00281,good,consensus=good;level1=good;level2=good;level3=usable,graded,good,,0.999888,0.000112,0.915026,0.084862,
img_00282,usable,consensus=usable;level1=usable;level2=usable;level3=bad,graded,usable,,0.893151,0.106849,0.267941,0.625210,
img_00283,bad,consensus=bad;level1=usable;level2=bad;level3=bad,graded,bad,,0.272351,0.727649,0.000531,0.271820,
img_00284,usable,consensus=usable;level1=usable;level2=usable;level3=bad,graded,good,,0.981850,0.018150,0.597882,0.383968,
img_00285,bad,consensus=bad;level1=usable;level2=bad;level3=bad,graded,bad,,0.501134,0.498866,0.005806,0.495328,
img_00286,bad,consensus=bad;level1=usable;level2=bad;level3=bad,graded,usable,,0.935201,0.064799,0.082017,0.853184,
img_00287,usable,consensus=usable;level1=good;level2=usable;level3=usable,graded,good,,0.990355,0.009645,0.694017,0.296338,
img_00288,usable,consensus=usable;level1=usable;level2=good;level3=usable,graded,usable,,0.991051,0.008949,0.350188,0.640863,
img_00289,usable,consensus=usable;level1=usable;level2=good;level3=usable,graded,usable,,0.989810,0.010190,0.218693,0.771117,
img_00290,good,consensus=good;level1=good;level2=good;level3=usable,graded,good,,0.999923,0.000077,0.975490,0.024433,
img_00291,good,consensus=good;level1=good;level2=good;level3=good,graded,good,,0.999980,0.000020,0.995239,0.004741,
img_00292,good,consensus=good;level1=good;level2=good;level3=good,graded,good,,0.999475,0.000525,0.972217,0.027258,
img_00293,good,consensus=good;level1=good;level2=good;level3=good,graded,good,,0.999994,0.000005,0.998068,0.001926,
img_00294,usable,consensus=usable;level1=usable;level2=usable;level3=usable,graded,good,,0.999209,0.000791,0.827173,0.172036,
img_00295,bad,consensus=bad;level1=usable;level2=bad;level3=bad,graded,bad,,0.354494,0.645506,0.001808,0.352686,
img_00296,usable,consensus=usable;level1=usable;level2=usable;level3=bad,graded,good,,0.994254,0.005746,0.685879,0.308375,
img_00297,usable,consensus=usable;level1=good;level2=usable;level3=usable,graded,usable,,0.987927,0.012073,0.440450,0.547477,
img_00298,bad,consensus=bad;level1=usable;level2=bad;level3=bad,graded,usable,,0.940349,0.059651,0.122408,0.817941,
img_00299,usable,consensus=usable;level1=good;level2=bad;level3=usable,graded,good,,0.994057,0.005943,0.637792,0.356264,
img_00300,usable,consensus=usable;level1=usable;level2=good;level3=usable,graded,good,,0.998190,0.001809,0.916230,0.081960,
img_00301,usable,consensus=usable;level1=usable;level2=good;level3=usable,graded,good,,0.999976,0.000024,0.990668,0.009308,
img_00302,bad,consensus=bad;level1=usable;level2=bad;level3=bad,graded,bad,,0.142841,0.857159,0.000755,0.142086,
img_00303,bad,consensus=bad;level1=usable;level2=bad;level3=bad,graded,usable,,0.849446,0.150554,0.082952,0.766494,
img_00304,good,consensus=good;level1=good;level2=good;level3=usable,graded,good,,0.999974,0.000026,0.981028,0.018947,
img_00305,bad,consensus=bad;level1=usable;level2=bad;level3=bad,graded,bad,,0.252112,0.747888,0.000315,0.251797,
img_00306,bad,consensus=bad;level1=usable;level2=bad;level3=bad,graded,usable,,0.841873,0.158127,0.022452,0.819421,
img_00307,bad,consensus=bad;level1=bad;level2=bad;level3=bad,graded,bad,,0.046303,0.953697,0.000025,0.046278,
img_00308,bad,consensus=bad;level1=bad;level2=usable;level3=bad,graded,bad,,0.012046,0.987954,0.000004,0.012042,
img_00309,usable,consensus=usable;level1=usable;level2=good;level3=usable,graded,usable,,0.889148,0.110852,0.004582,0.884566,
img_00310,usable,consensus=usable;level1=usable;level2=good;level3=usable,graded,usable,,0.793588,0.206412,0.006883,0.786704,
img_00311,usable,consensus=usable;level1=good;level2=usable;level3=usable,graded,usable,,0.950329,0.049671,0.007327,0.943002,
img_00323,bad,consensus=bad;level1=bad;level2=bad;level3=bad,graded,usable,,0.511134,0.488866,0.001022,0.510112,
img_00324,usable,consensus=usable;level1=good;level2=usable;level3=usable,graded,usable,,0.993559,0.006441,0.287061,0.706498,
img_00325,good,consensus=good;level1=good;level2=good;level3=good,graded,good,,0.997601,0.002399,0.865551,0.132050,
img_00326,bad,consensus=bad;level1=bad;level2=bad;level3=bad,graded,usable,,0.910403,0.089597,0.035350,0.875053,
img_00327,good,consensus=good;level1=good;level2=good;level3=good,graded,good,,0.999947,0.000053,0.964144,0.035803,
img_00328,usable,consensus=usable;level1=good;level2=usable;level3=usable,graded,good,,0.998359,0.001641,0.590207,0.408153,
img_00329,good,consensus=good;level1=good;level2=good;level3=good,graded,good,,0.999977,0.000023,0.986942,0.013034,
img_00330,good,consensus=good;level1=good;level2=good;level3=good,graded,good,,0.999854,0.000146,0.921465,0.078389,
img_00331,bad,consensus=bad;level1=bad;level2=bad;level3=bad,graded,bad,,0.017711,0.982289,0.000012,0.017699,
img_00338,usable,consensus=usable;level1=good;level2=usable;level3=usable,graded,usable,,0.992344,0.007656,0.412683,0.579661,
img_00345,bad,consensus=bad;level1=bad;level2=bad;level3=bad,graded,bad,,0.002984,0.997016,0.000000,0.002984,
img_00346,bad,consensus=bad;level1=bad;level2=bad;level3=bad,graded,bad,,0.004082,0.995918,0.000001,0.004081,
img_00347,bad,consensus=bad;level1=bad;level2=usable;level3=bad,graded,usable,,0.602526,0.397473,0.008359,0.594167,
img_00348,bad,consensus=bad;level1=usable;level2=bad;level3=bad,graded,usable,,0.530836,0.469164,0.003383,0.527454,
img_00349,usable,consensus=usable;level1=good;level2=usable;level3=usable,graded,usable,,0.884978,0.115022,0.084880,0.800098,
img_00350,good,consensus=good;level1=good;level2=good;level3=good,graded,good,,0.999208,0.000792,0.938553,0.060655,
img_00351,bad,consensus=bad;level1=usable;level2=bad;level3=bad,graded,usable,,0.781601,0.218399,0.030972,0.750629,
img_00352,good,consensus=good;level1=good;level2=good;level3=good,graded,good,,0.999980,0.000020,0.996607,0.003373,
img_00353,good,consensus=good;level1=good;level2=good;level3=good,graded,good,,0.999715,0.000285,0.945595,0.054121,
img_00356,good,consensus=good;level1=good;level2=good;level3=usable,graded,usable,,0.981181,0.018819,0.266154,0.715026,
img_00357,good,consensus=good;level1=good;level2=good;level3=usable,graded,good,,0.999150,0.000850,0.789755,0.209395,
img_00358,good,consensus=good;level1=good;level2=good;level3=usable,graded,good,,0.997499,0.002501,0.578874,0.418626,
img_00359,usable,consensus=usable;level1=usable;level2=usable;level3=bad,graded,usable,,0.820225,0.179775,0.011190,0.809035,
img_00361,bad,consensus=bad;level1=bad;level2=bad;level3=bad,graded,bad,,0.000112,0.999888,0.000000,0.000112,
img_00362,bad,consensus=bad;level1=bad;level2=bad;level3=bad,graded,bad,,0.074121,0.925879,0.000118,0.074003,
img_00363,bad,consensus=bad;level1=bad;level2=bad;level3=bad,graded,usable,,0.972457,0.027543,0.039845,0.932612,
img_00364,usable,consensus=usable;level1=good;level2=usable;level3=usable,graded,good,,0.999722,0.000278,0.880660,0.119062,
img_00365,bad,consensus=bad;level1=usable;level2=bad;level3=bad,graded,usable,,0.937397,0.062603,0.008588,0.928810,
img_00366,bad,consensus=bad;level1=bad;level2=bad;level3=bad,graded,usable,,0.636593,0.363408,0.006038,0.630554,
img_00367,usable,consensus=usable;level1=usable;level2=usable;level3=bad,graded,usable,,0.907043,0.092957,0.019002,0.888042,
img_00370,bad,consensus=bad;level1=bad;level2=usable;level3=bad,graded,usable,,0.855079,0.144921,0.005391,0.849688,
img_00371,good,consensus=good;level1=good;level2=good;level3=good,graded,good,,0.999646,0.000354,0.910945,0.088702,
img_00372,good,consensus=good;level1=good;level2=good;level3=usable,graded,good,,0.999872,0.000128,0.957791,0.042081,
img_00373,good,consensus=good;level1=good;level2=good;level3=good,graded,good,,0.998566,0.001434,0.765240,0.233326,
img_00374,bad,consensus=bad;level1=bad;level2=bad;level3=bad,graded,usable,,0.909800,0.090200,0.048722,0.861078,
img_00375,usable,consensus=usable;level1=usable;level2=usable;level3=bad,graded,usable,,0.980101,0.019899,0.140429,0.839671,
img_00376,good,consensus=good;level1=good;level2=good;level3=good,graded,good,,0.999983,0.000017,0.955285,0.044698,
img_00377,usable,consensus=usable;level1=usable;level2=usable;level3=bad,graded,usable,,0.991781,0.008219,0.140352,0.851429,
img_00378,good,consensus=good;level1=good;level2=good;level3=good,graded,good,,0.999991,0.000009,0.993141,0.006850,
img_00379,good,consensus=good;level1=good;level2=good;level3=good,graded,good,,0.999973,0.000027,0.981566,0.018406,
img_00380,good,consensus=good;level1=good;level2=good;level3=good,graded,good,,0.999972,0.000028,0.964476,0.035496,
img_00381,usable,consensus=usable;level1=usable;level2=usable;level3=good,graded,usable,,0.757384,0.242615,0.077261,0.680123,
img_00387,usable,consensus=usable;level1=usable;level2=usable;level3=bad,graded,usable,,0.919581,0.080419,0.091021,0.828559,
img_00389,bad,consensus=bad;level1=usable;level2=bad;level3=bad,graded,usable,,0.860646,0.139354,0.010624,0.850021,
img_00390,bad,consensus=bad;level1=bad;level2=bad;level3=bad,graded,bad,,0.193657,0.806343,0.000358,0.193299,
img_00391,usable,consensus=usable;level1=usable;level2=usable;level3=good,graded,good,,0.999832,0.000168,0.905924,0.093908,
img_00392,good,consensus=good;level1=good;level2=good;level3=good,graded,usable,,0.989989,0.010011,0.201131,0.788858,
img_00393,usable,consensus=usable;level1=usable;level2=usable;level3=bad,graded,usable,,0.975678,0.024322,0.073435,0.902243,
img_00394,bad,consensus=bad;level1=bad;level2=usable;level3=bad,graded,usable,,0.878340,0.121660,0.201142,0.677199,
img_00395,bad,consensus=bad;level1=usable;level2=bad;level3=bad,graded,usable,,0.631584,0.368416,0.015263,0.616321,
img_00396,bad,consensus=bad;level1=bad;level2=bad;level3=bad,graded,bad,,0.000265,0.999735,0.000001,0.000264,
img_00397,usable,consensus=usable;level1=usable;level2=usable;level3=bad,graded,good,,0.999294,0.000706,0.715685,0.283610,
img_00398,usable,consensus=usable;level1=usable;level2=usable;level3=bad,graded,usable,,0.709335,0.290665,0.000767,0.708568,
img_00399,usable,consensus=usable;level1=good;level2=usable;level3=usable,graded,usable,,0.973816,0.026183,0.059216,0.914601,
img_00400,usable,consensus=usable;level1=good;level2=usable;level3=usable,graded,good,,0.999720,0.000280,0.880948,0.118772,
img_00401,good,consensus=good;level1=good;level2=good;level3=usable,graded,good,,0.999563,0.000437,0.698561,0.301002,
img_00402,usable,consensus=usable;level1=usable;level2=usable;level3=bad,graded,usable,,0.985189,0.014811,0.081766,0.903423,
img_00403,usable,consensus=usable;level1=usable;level2=usable;level3=bad,graded,usable,,0.965704,0.034296,0.172045,0.793659,
img_00404,usable,consensus=usable;level1=usable;level2=usable;level3=bad,graded,bad,,0.448854,0.551146,0.025004,0.423850,
img_00405,usable,consensus=usable;level1=good;level2=usable;level3=usable,graded,usable,,0.989066,0.010934,0.231580,0.757486,
img_00406,usable,consensus=usable;level1=usable;level2=usable;level3=bad,graded,usable,,0.960737,0.039263,0.057542,0.903195,
img_00407,good,consensus=good;level1=good;level2=usable;level3=good,graded,good,,0.999879,0.000121,0.959052,0.040827,
img_00408,good,consensus=good;level1=good;level2=good;level3=good,graded,good,,0.999999,0.000001,0.999039,0.000960,
img_00409,good,consensus=good;level1=good;level2=good;level3=good,graded,good,,0.999873,0.000127,0.924950,0.074923,
img_00410,good,consensus=good;level1=good;level2=good;level3=good,graded,good,,0.999990,0.000010,0.980514,0.019476,
img_00411,good,consensus=good;level1=good;level2=good;level3=good,graded,good,,0.999905,0.000095,0.962009,0.037896,
img_00412,good,consensus=good;level1=good;level2=good;level3=good,graded,good,,0.999451,0.000549,0.848598,0.150853,
img_00413,good,consensus=good;level1=good;level2=good;level3=good,graded,good,,0.999999,0.000001,0.995339,0.004660,
img_00414,good,consensus=good;level1=good;level2=good;level3=good,graded,good,,0.999933,0.000067,0.986995,0.012937,
img_00415,good,consensus=good;level1=good;level2=good;level3=good,graded,usable,,0.997958,0.002042,0.487835,0.510123,
img_00416,bad,consensus=bad;level1=bad;level2=bad;level3=usable,graded,usable,,0.653306,0.346694,0.013667,0.639639,
img_00418,usable,consensus=usable;level1=usable;level2=usable;level3=bad,graded,usable,,0.973362,0.026638,0.306128,0.667234,
img_00419,usable,consensus=usable;level1=good;level2=usable;level3=usable,graded,good,,0.997359,0.002641,0.822106,0.175252,
img_00420,bad,consensus=bad;level1=bad;level2=bad;level3=bad,graded,bad,,0.028318,0.971682,0.000002,0.028316,
img_00421,usable,consensus=usable;level1=usable;level2=usable;level3=bad,graded,usable,,0.818052,0.181948,0.009131,0.808921,
img_00422,bad,consensus=bad;level1=bad;level2=bad;level3=bad,graded,bad,,0.008290,0.991710,0.000000,0.008290,
img_00423,bad,consensus=bad;level1=bad;level2=bad;level3=bad,graded,bad,,0.036316,0.963684,0.000042,0.036274,
img_00424,bad,consensus=bad;level1=bad;level2=bad;level3=bad,graded,bad,,0.354622,0.645378,0.001837,0.352785,
img_00425,bad,consensus=bad;level1=bad;level2=bad;level3=bad,graded,bad,,0.296434,0.703566,0.004476,0.291957,
img_00426,bad,consensus=bad;level1=bad;level2=bad;level3=bad,graded,bad,,0.014702,0.985298,0.000002,0.014700,
img_00427,bad,consensus=bad;level1=bad;level2=bad;level3=bad,graded,bad,,0.311692,0.688309,0.001510,0.310182,
img_00428,usable,consensus=usable;level1=good;level2=usable;level3=usable,graded,usable,,0.991799,0.008201,0.240292,0.751507,
img_00429,usable,consensus=usable;level1=good;level2=usable;level3=usable,graded,good,,0.999969,0.000031,0.977323,0.022646,
img_00430,usable,consensus=usable;level1=good;level2=usable;level3=usable,graded,good,,0.996100,0.003900,0.643890,0.352210,
img_00432,usable,consensus=usable;level1=usable;level2=usable;level3=bad,graded,usable,,0.703980,0.296020,0.019571,0.684409,
img_00433,usable,consensus=usable;level1=good;level2=usable;level3=usable,graded,bad,,0.364797,0.635203,0.238422,0.126375,
img_00434,usable,consensus=usable;level1=usable;level2=usable;level3=bad,graded,bad,,0.419922,0.580078,0.035694,0.384228,
img_00435,good,consensus=good;level1=good;level2=good;level3=usable,graded,good,,0.999985,0.000015,0.985385,0.014601,
img_00436,good,consensus=good;level1=good;level2=good;level3=good,graded,good,,0.999701,0.000299,0.905380,0.094321,
img_00437,good,consensus=good;level1=good;level2=good;level3=good,graded,good,,1.000000,0.000000,0.997919,0.002080,
img_00438,good,consensus=good;level1=good;level2=good;level3=good,graded,good,,0.999995,0.000005,0.990876,0.009119,
img_00439,good,consensus=good;level1=good;level2=good;level3=good,graded,good,,0.999993,0.000007,0.986450,0.013543,
img_00440,good,consensus=good;level1=good;level2=good;level3=good,graded,good,,0.999842,0.000158,0.978787,0.021055,
img_00441,good,consensus=good;level1=good;level2=good;level3=good,graded,usable,,0.998877,0.001123,0.287343,0.711533,
img_00442,good,consensus=good;level1=good;level2=good;level3=good,graded,usable,,0.995812,0.004188,0.101293,0.894519,
img_00443,bad,consensus=bad;level1=bad;level2=usable;level3=bad,graded,usable,,0.974341,0.025659,0.032930,0.941410,
img_00444,bad,consensus=bad;level1=bad;level2=bad;level3=bad,graded,bad,,0.129821,0.870180,0.000057,0.129763,
img_00446,bad,consensus=bad;level1=bad;level2=bad;level3=bad,graded,bad,,0.040575,0.959425,0.000001,0.040574,
img_00447,usable,consensus=usable;level1=usable;level2=usable;level3=bad,graded,usable,,0.989549,0.010451,0.106344,0.883205,
img_00448,usable,consensus=usable;level1=usable;level2=usable;level3=bad,graded,usable,,0.992032,0.007968,0.061589,0.930443,
img_00449,usable,consensus=usable;level1=usable;level2=good;level3=usable,graded,good,,0.999052,0.000948,0.780006,0.219046,
img_00450,usable,consensus=usable;level1=usable;level2=usable;level3=usable,graded,good,,0.999094,0.000906,0.885480,0.113615,
img_00451,usable,consensus=usable;level1=usable;level2=usable;level3=bad,graded,good,,0.919018,0.080982,0.585487,0.333531,
img_00452,bad,consensus=bad;level1=usable;level2=bad;level3=bad,graded,bad,,0.072458,0.927542,0.000197,0.072261,
img_00453,bad,consensus=bad;level1=usable;level2=bad;level3=bad,graded,usable,,0.997562,0.002438,0.333698,0.663864,
img_00454,good,consensus=good;level1=good;level2=good;level3=good,graded,good,,0.999977,0.000023,0.990388,0.009589,
img_00455,good,consensus=good;level1=good;level2=good;level3=good,graded,good,,0.999705,0.000295,0.957690,0.042014,
img_00456,good,consensus=good;level1=good;level2=good;level3=good,graded,good,,0.999903,0.000097,0.971085,0.028818,
img_00457,bad,consensus=bad;level1=usable;level2=bad;level3=bad,graded,usable,,0.856593,0.143407,0.015848,0.840745,
img_00458,bad,consensus=bad;level1=bad;level2=bad;level3=bad,graded,bad,,0.029171,0.970829,0.000012,0.029160,
img_00459,good,consensus=good;level1=good;level2=good;level3=good,graded,good,,1.000000,0.000000,0.998891,0.001109,
img_00460,bad,consensus=bad;level1=bad;level2=bad;level3=bad,graded,bad,,0.059273,0.940727,0.000067,0.059206,
img_00461,usable,consensus=usable;level1=usable;level2=usable;level3=bad,graded,usable,,0.578260,0.421740,0.025621,0.552639,
img_00462,usable,consensus=usable;level1=usable;level2=usable;level3=bad,graded,usable,,0.746551,0.253449,0.004755,0.741796,
img_00463,usable,consensus=usable;level1=usable;level2=usable;level3=bad,graded,usable,,0.724256,0.275744,0.010019,0.714236,
img_00464,usable,consensus=usable;level1=usable;level2=usable;level3=bad,graded,bad,,0.465493,0.534507,0.000523,0.464970,
img_00465,usable,consensus=usable;level1=usable;level2=usable;level3=bad,graded,usable,,0.884866,0.115134,0.006002,0.878864,
img_00466,bad,consensus=bad;level1=bad;level2=bad;level3=bad,graded,usable,,0.799907,0.200093,0.003508,0.796399,
img_00467,bad,consensus=bad;level1=bad;level2=bad;level3=bad,graded,bad,,0.116087,0.883913,0.000114,0.115973,
img_00471,usable,consensus=usable;level1=good;level2=usable;level3=usable,graded,usable,,0.997711,0.002289,0.298562,0.699149,
img_00472,usable,consensus=usable;level1=good;level2=usable;level3=usable,graded,usable,,0.992934,0.007066,0.250076,0.742859,
img_00473,usable,consensus=usable;level1=usable;level2=usable;level3=bad,graded,usable,,0.940710,0.059289,0.033392,0.907318,
img_00474,good,consensus=good;level1=good;level2=good;level3=good,graded,good,,0.999967,0.000033,0.976648,0.023319,
img_00475,usable,consensus=usable;level1=usable;level2=usable;level3=usable,graded,usable,,0.940608,0.059392,0.047487,0.893121,
img_00482,usable,consensus=usable;level1=usable;level2=good;level3=usable,graded,usable,,0.982873,0.017127,0.135918,0.846956,
img_00493,bad,consensus=bad;level1=bad;level2=bad;level3=bad,graded,bad,,0.467406,0.532594,0.016744,0.450661,
img_00494,usable,consensus=usable;level1=usable;level2=bad;level3=usable,graded,usable,,0.944152,0.055848,0.173723,0.770429,
img_00496,bad,consensus=bad;level1=usable;level2=bad;level3=bad,graded,usable,,0.908603,0.091397,0.021967,0.886636,
img_00497,bad,consensus=bad;level1=bad;level2=bad;level3=bad,graded,bad,,0.388409,0.611591,0.000620,0.387789,
img_00498,usable,consensus=usable;level1=usable;level2=usable;level3=bad,graded,usable,,0.975365,0.024635,0.029761,0.945604,
img_00499,bad,consensus=bad;level1=usable;level2=bad;level3=bad,graded,usable,,0.983940,0.016060,0.330657,0.653283,
img_00500,usable,consensus=usable;level1=good;level2=usable;level3=usable,graded,usable,,0.991270,0.008730,0.232529,0.758741,
img_00501,good,consensus=good;level1=good;level2=good;level3=good,graded,good,,0.999997,0.000003,0.992820,0.007177,
img_00502,usable,consensus=usable;level1=usable;level2=usable;level3=bad,graded,usable,,0.984731,0.015269,0.181876,0.802855,
img_00504,good,consensus=good;level1=good;level2=usable;level3=good,graded,good,,0.999999,0.000001,0.999073,0.000926,
img_00505,good,consensus=good;level1=good;level2=good;level3=good,graded,good,,0.999966,0.000034,0.987184,0.012782,
img_00509,bad,consensus=bad;level1=bad;level2=bad;level3=bad,graded,bad,,0.075946,0.924054,0.000159,0.075787,
img_00510,bad,consensus=bad;level1=bad;level2=bad;level3=bad,graded,bad,,0.012934,0.987066,0.000003,0.012931,
img_00511,usable,consensus=usable;level1=good;level2=usable;level3=usable,graded,usable,,0.997918,0.002082,0.213858,0.784060,
img_00512,usable,consensus=usable;level1=usable;level2=good;level3=usable,graded,usable,,0.937019,0.062982,0.029810,0.907209,
img_00513,usable,consensus=usable;level1=usable;level2=usable;level3=bad,graded,usable,,0.971816,0.028184,0.063077,0.908740,
img_00514,usable,consensus=usable;level1=good;level2=usable;level3=usable,graded,good,,0.998017,0.001983,0.661000,0.337018,
img_00515,usable,consensus=usable;level1=good;level2=usable;level3=usable,graded,usable,,0.860570,0.139430,0.017685,0.842885,
img_00516,bad,consensus=bad;level1=bad;level2=bad;level3=bad,graded,bad,,0.442441,0.557559,0.000421,0.442020,
img_00517,bad,consensus=bad;level1=bad;level2=bad;level3=bad,graded,bad,,0.040121,0.959879,0.000004,0.040117,
img_00518,usable,consensus=usable;level1=usable;level2=usable;level3=usable,graded,usable,,0.997244,0.002756,0.336885,0.660358,
img_00519,usable,consensus=usable;level1=usable;level2=usable;level3=bad,graded,usable,,0.636827,0.363173,0.015016,0.621811,
img_00520,usable,consensus=usable;level1=good;level2=usable;level3=usable,graded,usable,,0.891691,0.108309,0.102700,0.788991,
img_00521,good,consensus=good;level1=good;level2=good;level3=good,graded,good,,0.999978,0.000022,0.958650,0.041329,
img_00522,good,consensus=good;level1=good;level2=good;level3=good,graded,good,,0.999902,0.000098,0.958445,0.041457,
img_00523,usable,consensus=usable;level1=good;level2=usable;level3=usable,graded,usable,,0.995286,0.004714,0.213041,0.782244,
img_00524,usable,consensus=usable;level1=usable;level2=usable;level3=usable,graded,usable,,0.991750,0.008250,0.074160,0.917590,
img_00525,usable,consensus=usable;level1=usable;level2=usable;level3=bad,graded,usable,,0.543245,0.456755,0.005057,0.538188,
img_00526,usable,consensus=usable;level1=usable;level2=usable;level3=bad,graded,usable,,0.621862,0.378138,0.001501,0.620360,
img_00527,usable,consensus=usable;level1=good;level2=usable;level3=usable,graded,good,,0.999805,0.000195,0.959646,0.040159,
img_00528,bad,consensus=bad;level1=bad;level2=bad;level3=bad,graded,usable,,0.942686,0.057314,0.175886,0.766800,
img_00529,good,consensus=good;level1=good;level2=good;level3=good,graded,good,,0.999998,0.000002,0.997174,0.002824,
img_00530,good,consensus=good;level1=good;level2=good;level3=good,graded,good,,0.999998,0.000002,0.996428,0.003570,
img_00533,usable,consensus=usable;level1=usable;level2=good;level3=usable,graded,good,,0.926849,0.073152,0.490645,0.436203,
img_00534,good,consensus=good;level1=usable;level2=good;level3=good,graded,usable,,0.883700,0.116300,0.292827,0.590873,
img_00536,bad,consensus=bad;level1=bad;level2=bad;level3=bad,graded,bad,,0.001840,0.998160,0.000001,0.001839,
img_00538,good,consensus=good;level1=good;level2=good;level3=good,graded,good,,0.999799,0.000201,0.856149,0.143651,
img_00539,usable,consensus=usable;level1=usable;level2=usable;level3=usable,graded,good,,0.999735,0.000265,0.841005,0.158730,
img_00540,bad,consensus=bad;level1=usable;level2=bad;level3=bad,graded,usable,,0.918274,0.081726,0.011143,0.907131,
img_00544,usable,consensus=usable;level1=good;level2=usable;level3=usable,graded,good,,0.999996,0.000004,0.997949,0.002047,
img_00548,usable,consensus=usable;level1=good;level2=usable;level3=usable,graded,good,,0.999977,0.000023,0.959775,0.040202,
img_00549,bad,consensus=bad;level1=usable;level2=bad;level3=bad,graded,usable,,0.807382,0.192618,0.022859,0.784523,
img_00550,good,consensus=good;level1=good;level2=good;level3=usable,graded,usable,,0.985514,0.014486,0.221172,0.764342,
img_00551,good,consensus=good;level1=good;level2=good;level3=usable,graded,usable,,0.943487,0.056513,0.042446,0.901041,
img_00552,usable,consensus=usable;level1=usable;level2=usable;level3=bad,graded,usable,,0.966047,0.033953,0.269582,0.696465,
img_00553,usable,consensus=usable;level1=usable;level2=usable;level3=bad,graded,usable,,0.972386,0.027614,0.339483,0.632903,
img_00554,good,consensus=good;level1=good;level2=good;level3=good,graded,good,,0.999997,0.000003,0.997434,0.002563,
img_00555,usable,consensus=usable;level1=good;level2=usable;level3=usable,graded,good,,0.996629,0.003371,0.935104,0.061525,
img_00558,good,consensus=good;level1=good;level2=good;level3=usable,graded,good,,0.998563,0.001436,0.545726,0.452837,
img_00559,usable,consensus=usable;level1=usable;level2=usable;level3=bad,graded,bad,,0.123162,0.876838,0.000441,0.122721,
img_00560,usable,consensus=usable;level1=usable;level2=usable;level3=bad,graded,usable,,0.953305,0.046695,0.109416,0.843890,
img_00561,usable,consensus=usable;level1=good;level2=bad;level3=usable,graded,usable,,0.980582,0.019418,0.262485,0.718097,
img_00562,usable,consensus=usable;level1=good;level2=usable;level3=usable,graded,usable,,0.994408,0.005592,0.381142,0.613266,
img_00563,usable,consensus=usable;level1=usable;level2=usable;level3=bad,graded,usable,,0.812675,0.187325,0.009331,0.803344,
img_00564,bad,consensus=bad;level1=bad;level2=bad;level3=bad,graded,usable,,0.766074,0.233926,0.008418,0.757656,
img_00569,good,consensus=good;level1=good;level2=good;level3=usable,graded,good,,0.999460,0.000540,0.802550,0.196910,
img_00570,good,consensus=good;level1=good;level2=good;level3=good,graded,good,,0.999964,0.000036,0.980283,0.019681,
img_00571,usable,consensus=usable;level1=good;level2=usable;level3=usable,graded,good,,0.997783,0.002217,0.898843,0.098940,
img_00572,bad,consensus=bad;level1=bad;level2=bad;level3=bad,graded,bad,,0.000305,0.999695,0.000000,0.000305,
img_00573,bad,consensus=bad;level1=usable;level2=bad;level3=bad,graded,usable,,0.848907,0.151093,0.040850,0.808057,
img_00575,bad,consensus=bad;level1=bad;level2=bad;level3=bad,graded,bad,,0.000262,0.999738,0.000000,0.000262,
img_00576,usable,consensus=usable;level1=usable;level2=usable;level3=bad,graded,usable,,0.758867,0.241133,0.002015,0.756852,
img_00577,good,consensus=good;level1=good;level2=good;level3=usable,graded,good,,0.999661,0.000339,0.840980,0.158681,
img_00578,good,consensus=good;level1=good;level2=good;level3=usable,graded,good,,0.999977,0.000023,0.984501,0.015476,
img_00579,usable,consensus=usable;level1=good;level2=usable;level3=usable,graded,usable,,0.988330,0.011670,0.154696,0.833634,
img_00580,bad,consensus=bad;level1=bad;level2=bad;level3=bad,graded,bad,,0.338353,0.661647,0.000069,0.338284,
img_00582,usable,consensus=usable;level1=good;level2=usable;level3=usable,graded,good,,0.994025,0.005975,0.618864,0.375162,
img_00583,usable,consensus=usable;level1=usable;level2=usable;level3=bad,graded,usable,,0.855696,0.144304,0.136519,0.719177,
img_00584,usable,consensus=usable;level1=usable;level2=usable;level3=bad,graded,usable,,0.962338,0.037662,0.149452,0.812886,
img_00585,usable,consensus=usable;level1=usable;level2=usable;level3=bad,graded,usable,,0.991358,0.008642,0.183281,0.808076,
img_00586,good,consensus=good;level1=good;level2=good;level3=usable,graded,good,,0.999854,0.000146,0.862507,0.137347,
img_00587,bad,consensus=bad;level1=bad;level2=bad;level3=bad,graded,usable,,0.560924,0.439076,0.011682,0.549242,
img_00588,bad,consensus=bad;level1=bad;level2=bad;level3=bad,graded,bad,,0.000990,0.999010,0.000000,0.000990,
img_00589,bad,consensus=bad;level1=bad;level2=bad;level3=bad,graded,bad,,0.026127,0.973873,0.000011,0.026116,
img_00591,bad,consensus=bad;level1=usable;level2=bad;level3=bad,graded,usable,,0.730432,0.269568,0.009373,0.721060,
img_00596,bad,consensus=bad;level1=bad;level2=bad;level3=bad,graded,bad,,0.000454,0.999546,0.000000,0.000454,
img_00598,usable,consensus=usable;level1=usable;level2=usable;level3=bad,graded,usable,,0.564958,0.435042,0.006030,0.558928,
img_00601,bad,consensus=bad;level1=bad;level2=bad;level3=bad,graded,bad,,0.025423,0.974577,0.000022,0.025400,
img_00604,usable,consensus=usable;level1=good;level2=usable;level3=usable,graded,usable,,0.990163,0.009837,0.337575,0.652589,
img_00605,usable,consensus=usable;level1=usable;level2=usable;level3=bad,graded,usable,,0.923064,0.076936,0.030470,0.892593,
img_00606,good,consensus=good;level1=good;level2=good;level3=usable,graded,good,,0.999584,0.000416,0.912868,0.086717,
img_00607,good,consensus=good;level1=good;level2=good;level3=usable,graded,good,,0.999990,0.000010,0.981988,0.018002,
img_00608,usable,consensus=usable;level1=bad;level2=usable;level3=usable,graded,bad,,0.283717,0.716283,0.001298,0.282419,
img_00609,usable,consensus=usable;level1=usable;level2=usable;level3=bad,graded,usable,,0.943762,0.056238,0.078747,0.865015,
img_00610,bad,consensus=bad;level1=bad;level2=usable;level3=bad,graded,usable,,0.937151,0.062849,0.091292,0.845859,
img_00611,bad,consensus=bad;level1=bad;level2=bad;level3=bad,graded,bad,,0.103798,0.896202,0.000224,0.103575,
img_00612,bad,consensus=bad;level1=bad;level2=bad;level3=bad,graded,bad,,0.129479,0.870520,0.000031,0.129448,
img_00613,good,consensus=good;level1=good;level2=good;level3=bad,graded,good,,0.985329,0.014671,0.782882,0.202447,
img_00614,bad,consensus=bad;level1=bad;level2=usable;level3=bad,graded,bad,,0.062798,0.937202,0.001382,0.061416,
img_00615,usable,consensus=usable;level1=usable;level2=usable;level3=bad,graded,usable,,0.951818,0.048182,0.301148,0.650671,
img_00616,good,consensus=good;level1=good;level2=good;level3=usable,graded,good,,0.986636,0.013364,0.717947,0.268689,
img_00617,usable,consensus=usable;level1=good;level2=usable;level3=usable,graded,bad,,0.438524,0.561476,0.180680,0.257844,
img_00618,usable,consensus=usable;level1=usable;level2=usable;level3=bad,graded,usable,,0.565826,0.434174,0.065610,0.500216,
img_00621,usable,consensus=usable;level1=good;level2=usable;level3=usable,graded,usable,,0.951301,0.048699,0.087328,0.863973,
img_00622,usable,consensus=usable;level1=good;level2=usable;level3=usable,graded,good,,0.998182,0.001818,0.594021,0.404161,
img_00623,bad,consensus=bad;level1=usable;level2=bad;level3=bad,graded,usable,,0.699924,0.300076,0.108436,0.591488,
img_00624,bad,consensus=bad;level1=bad;level2=bad;level3=bad,graded,usable,,0.969080,0.030920,0.113746,0.855334,
img_00625,bad,consensus=bad;level1=bad;level2=usable;level3=bad,graded,usable,,0.965836,0.034164,0.012456,0.953380,
img_00626,bad,consensus=bad;level1=usable;level2=bad;level3=bad,graded,usable,,0.631592,0.368408,0.000749,0.630843,
img_00627,usable,consensus=usable;level1=usable;level2=usable;level3=bad,graded,usable,,0.552540,0.447459,0.002783,0.549758,
img_00631,bad,consensus=bad;level1=usable;level2=bad;level3=bad,graded,usable,,0.739680,0.260320,0.011001,0.728678,
img_00632,bad,consensus=bad;level1=bad;level2=bad;level3=bad,graded,bad,,0.051982,0.948018,0.000022,0.051960,
img_00633,usable,consensus=usable;level1=usable;level2=good;level3=usable,graded,good,,0.995747,0.004253,0.649258,0.346489,
img_00634,good,consensus=good;level1=good;level2=good;level3=good,graded,good,,0.936448,0.063552,0.897377,0.039072,
img_00638,bad,consensus=bad;level1=bad;level2=bad;level3=bad,graded,bad,,0.002057,0.997943,0.000488,0.001569,
img_00639,bad,consensus=bad;level1=bad;level2=bad;level3=bad,graded,bad,,0.183807,0.816193,0.021231,0.162576,
img_00640,bad,consensus=bad;level1=bad;level2=bad;level3=bad,graded,bad,,0.366718,0.633282,0.052122,0.314596,
img_00641,bad,consensus=bad;level1=bad;level2=bad;level3=bad,graded,bad,,0.046757,0.953243,0.001948,0.044809,
img_00642,good,consensus=good;level1=good;level2=good;level3=usable,graded,good,,0.999718,0.000282,0.812181,0.187536,
img_00643,good,consensus=good;level1=good;level2=good;level3=good,graded,good,,0.999913,0.000087,0.954687,0.045226,
img_00644,bad,consensus=bad;level1=bad;level2=bad;level3=bad,graded,usable,,0.923942,0.076058,0.020003,0.903939,
img_00645,bad,consensus=bad;level1=bad;level2=bad;level3=bad,graded,bad,,0.482329,0.517671,0.013961,0.468368,
img_00646,bad,consensus=bad;level1=usable;level2=bad;level3=bad,graded,usable,,0.987938,0.012062,0.191290,0.796648,
img_00647,bad,consensus=bad;level1=usable;level2=bad;level3=bad,graded,good,,0.990228,0.009772,0.665248,0.324980,
img_00648,bad,consensus=bad;level1=usable;level2=bad;level3=bad,graded,usable,,0.705532,0.294468,0.001146,0.704387,
img_00649,bad,consensus=bad;level1=usable;level2=bad;level3=bad,graded,usable,,0.818062,0.181938,0.014865,0.803197,
img_00650,bad,consensus=bad;level1=bad;level2=bad;level3=bad,graded,usable,,0.651212,0.348788,0.011106,0.640106,
img_00651,bad,consensus=bad;level1=bad;level2=bad;level3=bad,graded,bad,,0.433973,0.566027,0.001245,0.432729,
img_00652,usable,consensus=usable;level1=good;level2=usable;level3=usable,graded,good,,0.999987,0.000013,0.991635,0.008352,
img_00653,usable,consensus=usable;level1=good;level2=usable;level3=usable,graded,good,,0.988769,0.011231,0.588563,0.400206,
img_00654,usable,consensus=usable;level1=good;level2=usable;level3=usable,graded,usable,,0.959275,0.040725,0.164604,0.794670,
img_00655,usable,consensus=usable;level1=usable;level2=usable;level3=usable,graded,usable,,0.942840,0.057160,0.010474,0.932366,
img_00656,bad,consensus=bad;level1=bad;level2=bad;level3=bad,graded,bad,,0.022546,0.977454,0.000020,0.022527,
img_00658,bad,consensus=bad;level1=bad;level2=usable;level3=bad,graded,usable,,0.986938,0.013062,0.071400,0.915538,
img_00662,bad,consensus=bad;level1=usable;level2=bad;level3=bad,graded,usable,,0.889531,0.110469,0.013882,0.875649,
img_00663,bad,consensus=bad;level1=usable;level2=bad;level3=bad,graded,usable,,0.828849,0.171151,0.002040,0.826809,
img_00665,bad,consensus=bad;level1=bad;level2=bad;level3=bad,graded,bad,,0.004183,0.995817,0.000000,0.004183,
img_00667,usable,consensus=usable;level1=good;level2=usable;level3=usable,graded,usable,,0.958827,0.041173,0.068677,0.890149,
img_00668,good,consensus=good;level1=good;level2=good;level3=good,graded,good,,0.999991,0.000009,0.986225,0.013765,
img_00669,good,consensus=good;level1=good;level2=good;level3=good,graded,good,,0.999979,0.000021,0.982383,0.017596,
img_00670,bad,consensus=bad;level1=usable;level2=bad;level3=bad,graded,good,,0.911581,0.088419,0.487943,0.423639,
img_00671,bad,consensus=bad;level1=bad;level2=bad;level3=bad,graded,usable,,0.793428,0.206572,0.148409,0.645019,
img_00672,usable,consensus=usable;level1=good;level2=usable;level3=usable,graded,good,,0.999834,0.000166,0.931858,0.067976,
img_00673,usable,consensus=usable;level1=usable;level2=usable;level3=usable,graded,good,,0.998683,0.001317,0.682796,0.315887,
img_00674,usable,consensus=usable;level1=usable;level2=usable;level3=bad,graded,usable,,0.881006,0.118994,0.022146,0.858860,
img_00675,usable,consensus=usable;level1=usable;level2=usable;level3=bad,graded,usable,,0.835031,0.164969,0.005816,0.829215,
img_00676,bad,consensus=bad;level1=good;level2=bad;level3=bad,graded,bad,,0.000127,0.999873,0.000000,0.000127,
img_00677,bad,consensus=bad;level1=usable;level2=bad;level3=bad,graded,usable,,0.953256,0.046744,0.038951,0.914306,
img_00678,usable,consensus=usable;level1=good;level2=usable;level3=usable,graded,good,,0.999839,0.000161,0.881767,0.118071,
img_00683,usable,consensus=usable;level1=good;level2=usable;level3=usable,graded,good,,0.998196,0.001804,0.797204,0.200993,
img_00684,good,consensus=good;level1=good;level2=good;level3=usable,graded,good,,0.998757,0.001243,0.830071,0.168686,
img_00685,usable,consensus=usable;level1=usable;level2=usable;level3=bad,graded,good,,0.987886,0.012114,0.559997,0.427889,
img_00686,bad,consensus=bad;level1=bad;level2=bad;level3=bad,graded,bad,,0.004048,0.995952,0.000002,0.004046,
img_00687,bad,consensus=bad;level1=bad;level2=bad;level3=bad,graded,bad,,0.000629,0.999371,0.000000,0.000629,
img_00688,bad,consensus=bad;level1=bad;level2=bad;level3=bad,graded,bad,,0.000255,0.999745,0.000000,0.000255,
img_00691,bad,consensus=bad;level1=bad;level2=bad;level3=bad,graded,bad,,0.000001,0.999999,0.000000,0.000001,
img_00693,bad,consensus=bad;level1=bad;level2=bad;level3=bad,graded,bad,,0.004855,0.995145,0.000001,0.004854,
img_00696,usable,consensus=usable;level1=good;level2=usable;level3=usable,graded,good,,0.999969,0.000031,0.953850,0.046118,
img_00697,usable,consensus=usable;level1=good;level2=usable;level3=usable,graded,good,,0.999878,0.000122,0.946478,0.053400,
img_00698,bad,consensus=bad;level1=bad;level2=bad;level3=bad,graded,bad,,0.015329,0.984671,0.000003,0.015326,
img_00699,bad,consensus=bad;level1=bad;level2=bad;level3=bad,graded,bad,,0.000621,0.999378,0.000000,0.000621,
img_00700,bad,consensus=bad;level1=usable;level2=bad;level3=bad,graded,bad,,0.113762,0.886238,0.012792,0.100970,
img_00701,bad,consensus=bad;level1=bad;level2=bad;level3=bad,graded,bad,,0.014327,0.985673,0.000014,0.014313,
img_00702,bad,consensus=bad;level1=bad;level2=bad;level3=bad,graded,bad,,0.009549,0.990451,0.000048,0.009501,
img_00703,usable,consensus=usable;level1=usable;level2=usable;level3=bad,graded,usable,,0.995527,0.004473,0.446916,0.548611,
img_00704,usable,consensus=usable;level1=usable;level2=usable;level3=bad,graded,usable,,0.994080,0.005920,0.452113,0.541967,
img_00705,usable,consensus=usable;level1=usable;level2=usable;level3=bad,graded,usable,,0.985001,0.014999,0.283907,0.701094,
img_00706,usable,consensus=usable;level1=usable;level2=usable;level3=bad,graded,usable,,0.989993,0.010007,0.304307,0.685686,
img_00707,good,consensus=good;level1=good;level2=good;level3=bad,graded,good,,0.999878,0.000122,0.961892,0.037986,
img_00708,bad,consensus=bad;level1=bad;level2=bad;level3=bad,graded,bad,,0.000952,0.999048,0.000000,0.000952,
img_00709,usable,consensus=usable;level1=good;level2=usable;level3=usable,graded,good,,0.999676,0.000324,0.793529,0.206147,
img_00710,bad,consensus=bad;level1=usable;level2=bad;level3=bad,graded,good,,0.994813,0.005187,0.788118,0.206695,
img_00711,bad,consensus=bad;level1=bad;level2=usable;level3=bad,graded,bad,,0.346103,0.653897,0.000082,0.346021,
img_00713,bad,consensus=bad;level1=usable;level2=bad;level3=bad,graded,usable,,0.702359,0.297641,0.001869,0.700490,
img_00714,usable,consensus=usable;level1=usable;level2=usable;level3=bad,graded,usable,,0.929489,0.070511,0.264304,0.665186,
img_00715,bad,consensus=bad;level1=good;level2=bad;level3=bad,graded,bad,,0.519747,0.480253,0.089523,0.430225,
img_00716,good,consensus=good;level1=good;level2=good;level3=usable,graded,usable,,0.849806,0.150194,0.196357,0.653449,
img_00717,good,consensus=good;level1=good;level2=good;level3=usable,graded,usable,,0.822246,0.177754,0.034270,0.787976,
img_00718,usable,consensus=usable;level1=good;level2=usable;level3=usable,graded,bad,,0.373011,0.626989,0.003175,0.369836,
img_00719,good,consensus=good;level1=good;level2=good;level3=good,graded,good,,0.999996,0.000005,0.998417,0.001578,
img_00720,good,consensus=good;level1=good;level2=good;level3=good,graded,good,,0.999993,0.000007,0.992509,0.007484,
img_00721,usable,consensus=usable;level1=good;level2=usable;level3=usable,graded,usable,,0.948256,0.051744,0.056521,0.891735,
img_00722,usable,consensus=usable;level1=good;level2=usable;level3=usable,graded,usable,,0.668358,0.331642,0.008522,0.659836,
img_00723,usable,consensus=usable;level1=usable;level2=usable;level3=bad,graded,usable,,0.910554,0.089446,0.009411,0.901143,
img_00724,usable,consensus=usable;level1=usable;level2=usable;level3=bad,graded,usable,,0.869813,0.130187,0.009682,0.860131,
img_00725,usable,consensus=usable;level1=good;level2=usable;level3=usable,graded,good,,0.999568,0.000432,0.948137,0.051431,
img_00726,usable,consensus=usable;level1=usable;level2=usable;level3=bad,graded,usable,,0.779521,0.220479,0.042882,0.736638,
img_00727,bad,consensus=bad;level1=usable;level2=bad;level3=bad,graded,usable,,0.846731,0.153269,0.014105,0.832626,
img_00728,usable,consensus=usable;level1=good;level2=usable;level3=usable,graded,good,,0.999726,0.000274,0.970475,0.029251,
img_00729,usable,consensus=usable;level1=usable;level2=usable;level3=usable,graded,usable,,0.994588,0.005412,0.374513,0.620075,
img_00730,good,consensus=good;level1=good;level2=good;level3=usable,graded,good,,0.975929,0.024071,0.566734,0.409195,
img_00731,bad,consensus=bad;level1=bad;level2=bad;level3=bad,graded,bad,,0.031014,0.968986,0.000019,0.030995,
img_00732,bad,consensus=bad;level1=bad;level2=bad;level3=bad,graded,usable,,0.592707,0.407292,0.013969,0.578738,
img_00733,good,consensus=good;level1=good;level2=good;level3=usable,graded,good,,0.999985,0.000015,0.958329,0.041656,
img_00734,bad,consensus=bad;level1=bad;level2=bad;level3=bad,graded,bad,,0.040207,0.959793,0.000012,0.040194,
img_00735,good,consensus=good;level1=good;level2=good;level3=good,graded,good,,0.999226,0.000774,0.811341,0.187885,
img_00736,good,consensus=good;level1=good;level2=bad;level3=good,graded,good,,0.998885,0.001115,0.759265,0.239620,
img_00737,bad,consensus=bad;level1=bad;level2=bad;level3=bad,graded,bad,,0.470561,0.529439,0.002475,0.468087,
img_00738,bad,consensus=bad;level1=bad;level2=bad;level3=bad,graded,bad,,0.000745,0.999255,0.000000,0.000745,
img_00739,bad,consensus=bad;level1=bad;level2=bad;level3=bad,graded,bad,,0.136905,0.863095,0.000037,0.136868,
img_00740,bad,consensus=bad;level1=bad;level2=bad;level3=bad,graded,bad,,0.015641,0.984359,0.000000,0.015640,
img_00741,bad,consensus=bad;level1=bad;level2=bad;level3=bad,graded,usable,,0.857132,0.142868,0.025787,0.831344,
img_00742,bad,consensus=bad;level1=good;level2=bad;level3=bad,graded,usable,,0.970218,0.029782,0.215302,0.754916,
img_00743,usable,consensus=usable;level1=usable;level2=usable;level3=bad,graded,usable,,0.978093,0.021907,0.115239,0.862854,
img_00744,usable,consensus=usable;level1=good;level2=usable;level3=usable,graded,good,,0.996757,0.003243,0.810801,0.185956,
img_00745,usable,consensus=usable;level1=usable;level2=usable;level3=bad,graded,good,,0.982576,0.017424,0.496997,0.485579,
img_00746,good,consensus=good;level1=good;level2=good;level3=usable,graded,good,,0.977199,0.022801,0.929995,0.047204,
img_00747,good,consensus=good;level1=good;level2=good;level3=usable,graded,good,,0.977574,0.022426,0.774519,0.203055,
img_00750,usable,consensus=usable;level1=good;level2=usable;level3=usable,graded,good,,0.982390,0.017610,0.695842,0.286548,
img_00751,bad,consensus=bad;level1=bad;level2=usable;level3=bad,graded,bad,,0.257771,0.742229,0.001208,0.256563,
img_00752,bad,consensus=bad;level1=bad;level2=bad;level3=bad,graded,usable,,0.700757,0.299243,0.002101,0.698655,
img_00753,bad,consensus=bad;level1=bad;level2=bad;level3=bad,graded,bad,,0.005753,0.994247,0.000000,0.005752,
img_00754,good,consensus=good;level1=good;level2=good;level3=usable,graded,good,,0.999818,0.000182,0.935754,0.064065,
img_00755,good,consensus=good;level1=good;level2=good;level3=good,graded,good,,0.999909,0.000091,0.987427,0.012482,
img_00756,usable,consensus=usable;level1=usable;level2=usable;level3=usable,graded,usable,,0.993981,0.006019,0.202679,0.791302,
img_00757,usable,consensus=usable;level1=usable;level2=bad;level3=usable,graded,usable,,0.997952,0.002048,0.364709,0.633243,
img_00758,usable,consensus=usable;level1=good;level2=usable;level3=usable,graded,good,,0.999543,0.000457,0.815371,0.184172,
img_00759,good,consensus=good;level1=good;level2=good;level3=good,graded,good,,0.999980,0.000020,0.986659,0.013321,
img_00760,usable,consensus=usable;level1=good;level2=usable;level3=usable,graded,usable,,0.986352,0.013648,0.064994,0.921359,
img_00761,usable,consensus=usable;level1=good;level2=usable;level3=usable,graded,good,,0.998247,0.001753,0.637236,0.361010,
img_00762,good,consensus=good;level1=good;level2=good;level3=good,graded,good,,0.999599,0.000401,0.969597,0.030002,
img_00763,good,consensus=good;level1=good;level2=good;level3=good,graded,usable,,0.982065,0.017935,0.367559,0.614506,
img_00764,good,consensus=good;level1=good;level2=good;level3=good,graded,good,,0.999708,0.000292,0.837988,0.161720,
img_00765,good,consensus=good;level1=good;level2=good;level3=good,graded,good,,0.999714,0.000286,0.853797,0.145917,
img_00766,usable,consensus=usable;level1=usable;level2=usable;level3=good,graded,good,,0.988861,0.011139,0.790282,0.198579,
img_00767,usable,consensus=usable;level1=good;level2=bad;level3=usable,graded,good,,0.850983,0.149017,0.506939,0.344044,
img_00768,bad,consensus=bad;level1=bad;level2=bad;level3=bad,graded,usable,,0.930753,0.069247,0.295214,0.635540,
img_00769,bad,consensus=bad;level1=bad;level2=bad;level3=bad,graded,bad,,0.019835,0.980165,0.000016,0.019820,
img_00770,usable,consensus=usable;level1=usable;level2=usable;level3=usable,graded,good,,0.957198,0.042802,0.515505,0.441693,
img_00771,bad,consensus=bad;level1=usable;level2=bad;level3=bad,graded,usable,,0.951153,0.048847,0.157146,0.794007,
img_00772,bad,consensus=bad;level1=bad;level2=bad;level3=bad,graded,usable,,0.602675,0.397325,0.013822,0.588853,
img_00773,bad,consensus=bad;level1=bad;level2=bad;level3=bad,graded,usable,,0.919180,0.080820,0.021039,0.898140,
img_00774,bad,consensus=bad;level1=usable;level2=bad;level3=bad,graded,good,,0.998976,0.001024,0.610633,0.388343,
img_00775,usable,consensus=usable;level1=good;level2=usable;level3=usable,graded,good,,0.999073,0.000927,0.787486,0.211587,
img_00776,usable,consensus=usable;level1=good;level2=usable;level3=usable,graded,usable,,0.995078,0.004922,0.491324,0.503754,
img_00779,usable,consensus=usable;level1=usable;level2=usable;level3=bad,graded,usable,,0.991420,0.008580,0.328215,0.663205,
img_00780,good,consensus=good;level1=good;level2=good;level3=good,graded,good,,0.999446,0.000553,0.943209,0.056238,
img_00781,usable,consensus=usable;level1=usable;level2=usable;level3=bad,graded,usable,,0.995549,0.004451,0.415868,0.579681,
img_00782,usable,consensus=usable;level1=good;level2=usable;level3=usable,graded,good,,0.999427,0.000573,0.871915,0.127512,
img_00783,usable,consensus=usable;level1=good;level2=usable;level3=usable,graded,usable,,0.974948,0.025052,0.060509,0.914439,
img_00784,good,consensus=good;level1=good;level2=good;level3=usable,graded,usable,,0.970870,0.029130,0.109679,0.861191,
img_00785,usable,consensus=usable;level1=good;level2=usable;level3=usable,graded,usable,,0.941228,0.058772,0.035984,0.905245,
img_00786,good,consensus=good;level1=good;level2=good;level3=usable,graded,usable,,0.926679,0.073321,0.301679,0.624999,
img_00787,good,consensus=good;level1=good;level2=good;level3=good,graded,good,,0.999978,0.000022,0.996580,0.003398,
img_00788,usable,consensus=usable;level1=usable;level2=good;level3=usable,graded,usable,,0.592292,0.407708,0.082538,0.509754,
img_00789,usable,consensus=usable;level1=good;level2=usable;level3=usable,graded,usable,,0.846273,0.153726,0.407836,0.438438,
img_00790,usable,consensus=usable;level1=usable;level2=usable;level3=bad,graded,usable,,0.988386,0.011614,0.387511,0.600874,
img_00791,usable,consensus=usable;level1=usable;level2=usable;level3=bad,graded,usable,,0.898206,0.101794,0.089541,0.808665,
img_00792,usable,consensus=usable;level1=usable;level2=good;level3=usable,graded,usable,,0.913588,0.086412,0.017568,0.896020,
img_00793,bad,consensus=bad;level1=bad;level2=usable;level3=bad,graded,bad,,0.107394,0.892606,0.000010,0.107384,
img_00794,usable,consensus=usable;level1=usable;level2=usable;level3=bad,graded,usable,,0.900501,0.099499,0.007738,0.892763,
img_00795,usable,consensus=usable;level1=usable;level2=good;level3=usable,graded,good,,0.997848,0.002152,0.651906,0.345942,
img_00796,usable,consensus=usable;level1=usable;level2=usable;level3=bad,graded,usable,,0.571274,0.428726,0.008393,0.562881,
img_00797,bad,consensus=bad;level1=bad;level2=bad;level3=bad,graded,usable,,0.691444,0.308556,0.002444,0.689000,
img_00798,bad,consensus=bad;level1=bad;level2=bad;level3=bad,graded,bad,,0.200413,0.799587,0.000112,0.200302,
img_00799,usable,consensus=usable;level1=usable;level2=usable;level3=usable,graded,good,,0.999943,0.000057,0.984173,0.015770,
img_00800,good,consensus=good;level1=good;level2=good;level3=good,graded,good,,0.999984,0.000016,0.994492,0.005492,
img_00801,usable,consensus=usable;level1=good;level2=usable;level3=usable,graded,good,,0.999084,0.000916,0.843967,0.155117,
img_00802,usable,consensus=usable;level1=good;level2=usable;level3=usable,graded,good,,0.998661,0.001339,0.670093,0.328567,
img_00803,bad,consensus=bad;level1=usable;level2=bad;level3=bad,graded,usable,,0.576651,0.423349,0.000755,0.575896,
img_00804,bad,consensus=bad;level1=bad;level2=bad;level3=bad,graded,usable,,0.607357,0.392643,0.000307,0.607050,
img_00805,bad,consensus=bad;level1=bad;level2=bad;level3=bad,graded,bad,,0.066330,0.933670,0.000027,0.066302,
img_00806,bad,consensus=bad;level1=bad;level2=bad;level3=bad,graded,bad,,0.062088,0.937912,0.000030,0.062058,
img_00807,bad,consensus=bad;level1=bad;level2=bad;level3=bad,graded,bad,,0.062036,0.937964,0.000025,0.062011,
img_00808,usable,consensus=usable;level1=good;level2=usable;level3=usable,graded,good,,0.998258,0.001742,0.837600,0.160659,
img_00809,good,consensus=good;level1=good;level2=good;level3=good,graded,good,,0.999824,0.000176,0.966925,0.032900,
img_00810,good,consensus=good;level1=good;level2=good;level3=usable,graded,usable,,0.985124,0.014876,0.381081,0.604043,
img_00811,good,consensus=good;level1=good;level2=good;level3=usable,graded,usable,,0.988076,0.011924,0.133196,0.854880,
img_00813,bad,consensus=bad;level1=bad;level2=bad;level3=usable,graded,usable,,0.915281,0.084719,0.001395,0.913886,
img_00814,usable,consensus=usable;level1=usable;level2=good;level3=usable,graded,usable,,0.991468,0.008532,0.390508,0.600961,
img_00815,usable,consensus=usable;level1=usable;level2=usable;level3=bad,graded,usable,,0.945963,0.054037,0.085094,0.860869,
img_00816,usable,consensus=usable;level1=usable;level2=usable;level3=bad,graded,usable,,0.896706,0.103294,0.016309,0.880397,
img_00817,usable,consensus=usable;level1=usable;level2=usable;level3=bad,graded,bad,,0.441628,0.558372,0.000179,0.441449,
img_00818,bad,consensus=bad;level1=usable;level2=bad;level3=bad,graded,usable,,0.919087,0.080913,0.033491,0.885596,
img_00819,usable,consensus=usable;level1=usable;level2=good;level3=usable,graded,good,,0.988833,0.011167,0.580513,0.408319,
img_00820,bad,consensus=bad;level1=bad;level2=bad;level3=bad,graded,bad,,0.052048,0.947952,0.000039,0.052010,
img_00821,bad,consensus=bad;level1=bad;level2=bad;level3=bad,graded,bad,,0.002336,0.997664,0.000000,0.002336,
img_00822,bad,consensus=bad;level1=bad;level2=bad;level3=bad,graded,bad,,0.000499,0.999501,0.000000,0.000499,
img_00823,good,consensus=good;level1=good;level2=good;level3=good,graded,good,,0.999885,0.000115,0.976143,0.023742,
img_00824,usable,consensus=usable;level1=usable;level2=usable;level3=usable,graded,good,,0.994763,0.005237,0.746120,0.248643,
img_00825,good,consensus=good;level1=good;level2=good;level3=usable,graded,usable,,0.994916,0.005084,0.427034,0.567882,
img_00826,usable,consensus=usable;level1=usable;level2=usable;level3=usable,graded,usable,,0.753304,0.246696,0.001333,0.751971,
img_00827,usable,consensus=usable;level1=usable;level2=usable;level3=usable,graded,good,,0.993534,0.006466,0.887544,0.105990,
img_00828,usable,consensus=usable;level1=usable;level2=usable;level3=bad,graded,usable,,0.721034,0.278966,0.001931,0.719103,
img_00829,usable,consensus=usable;level1=usable;level2=good;level3=usable,graded,usable,,0.748803,0.251197,0.000499,0.748304,
img_00830,usable,consensus=usable;level1=usable;level2=usable;level3=bad,graded,usable,,0.815766,0.184234,0.002544,0.813222,
img_00831,usable,consensus=usable;level1=usable;level2=usable;level3=bad,graded,bad,,0.442405,0.557595,0.000547,0.441858,
img_00832,usable,consensus=usable;level1=good;level2=usable;level3=usable,graded,usable,,0.969560,0.030440,0.018532,0.951028,
img_00833,usable,consensus=usable;level1=bad;level2=usable;level3=usable,graded,bad,,0.021373,0.978627,0.000015,0.021357,
img_00834,bad,consensus=bad;level1=bad;level2=bad;level3=bad,graded,bad,,0.190686,0.809314,0.000020,0.190666,
img_00835,usable,consensus=usable;level1=usable;level2=usable;level3=bad,graded,usable,,0.543194,0.456806,0.000204,0.542990,
img_00836,bad,consensus=bad;level1=bad;level2=bad;level3=bad,graded,bad,,0.288853,0.711147,0.000135,0.288718,
img_00838,bad,consensus=bad;level1=bad;level2=good;level3=bad,graded,usable,,0.952796,0.047204,0.026129,0.926667,
img_00839,usable,consensus=usable;level1=usable;level2=usable;level3=bad,graded,usable,,0.874146,0.125854,0.001554,0.872592,
img_00840,usable,consensus=usable;level1=usable;level2=good;level3=usable,graded,usable,,0.977747,0.022253,0.010786,0.966962,
img_00841,usable,consensus=usable;level1=usable;level2=good;level3=usable,graded,usable,,0.940494,0.059506,0.003607,0.936887,
img_00842,usable,consensus=usable;level1=usable;level2=usable;level3=bad,graded,usable,,0.935100,0.064900,0.011773,0.923327,
img_00843,bad,consensus=bad;level1=bad;level2=bad;level3=bad,graded,bad,,0.390997,0.609003,0.000464,0.390533,
img_00844,bad,consensus=bad;level1=bad;level2=usable;level3=bad,graded,bad,,0.211412,0.788588,0.000079,0.211334,
img_00845,usable,consensus=usable;level1=bad;level2=usable;level3=usable,graded,bad,,0.344282,0.655718,0.000317,0.343965,
img_00846,usable,consensus=usable;level1=usable;level2=usable;level3=usable,graded,good,,0.999656,0.000344,0.887890,0.111766,
img_00847,bad,consensus=bad;level1=bad;level2=usable;level3=bad,graded,usable,,0.751016,0.248984,0.004545,0.746471,
img_00850,usable,consensus=usable;level1=good;level2=usable;level3=usable,graded,good,,0.992612,0.007388,0.526332,0.466279,
img_00851,usable,consensus=usable;level1=usable;level2=usable;level3=usable,graded,usable,,0.962231,0.037769,0.157836,0.804394,
img_00852,usable,consensus=usable;level1=good;level2=usable;level3=usable,graded,good,,0.994733,0.005267,0.518259,0.476474,
img_00853,usable,consensus=usable;level1=usable;level2=usable;level3=usable,graded,usable,,0.975903,0.024097,0.290745,0.685158,
img_00854,usable,consensus=usable;level1=good;level2=usable;level3=usable,graded,usable,,0.996921,0.003079,0.376022,0.620899,
img_00855,usable,consensus=usable;level1=good;level2=usable;level3=usable,graded,good,,0.999558,0.000442,0.857327,0.142231,
img_00856,bad,consensus=bad;level1=bad;level2=bad;level3=bad,graded,bad,,0.404475,0.595525,0.009629,0.394846,
img_00857,bad,consensus=bad;level1=bad;level2=bad;level3=bad,graded,usable,,0.945104,0.054896,0.119875,0.825229,
img_00858,usable,consensus=usable;level1=usable;level2=usable;level3=bad,graded,usable,,0.956767,0.043233,0.039622,0.917146,
img_00859,bad,consensus=bad;level1=bad;level2=usable;level3=bad,graded,usable,,0.599948,0.400051,0.001612,0.598337,
img_00860,usable,consensus=usable;level1=usable;level2=usable;level3=bad,graded,good,,0.992867,0.007133,0.537351,0.455516,
img_00861,bad,consensus=bad;level1=bad;level2=bad;level3=bad,graded,bad,,0.034301,0.965699,0.000036,0.034265,
img_00862,bad,consensus=bad;level1=bad;level2=usable;level3=bad,graded,usable,,0.962253,0.037747,0.187947,0.774306,
img_00863,usable,consensus=usable;level1=good;level2=usable;level3=usable,graded,usable,,0.990866,0.009134,0.250017,0.740849,
img_00864,good,consensus=good;level1=good;level2=good;level3=usable,graded,usable,,0.995794,0.004206,0.173425,0.822369,
img_00867,bad,consensus=bad;level1=bad;level2=bad;level3=bad,graded,bad,,0.183550,0.816450,0.000734,0.182817,
img_00868,bad,consensus=bad;level1=bad;level2=bad;level3=bad,graded,usable,,0.980850,0.019150,0.059141,0.921709,
img_00870,bad,consensus=bad;level1=bad;level2=bad;level3=bad,graded,bad,,0.108422,0.891578,0.002419,0.106003,
img_00873,usable,consensus=usable;level1=usable;level2=usable;level3=bad,graded,usable,,0.978839,0.021161,0.113136,0.865703,
img_00874,bad,consensus=bad;level1=bad;level2=usable;level3=bad,graded,usable,,0.763475,0.236525,0.005955,0.757520,
img_00875,bad,consensus=bad;level1=usable;level2=bad;level3=bad,graded,usable,,0.605838,0.394162,0.004314,0.601523,
img_00876,usable,consensus=usable;level1=usable;level2=usable;level3=bad,graded,usable,,0.892135,0.107865,0.027622,0.864513,
img_00877,usable,consensus=usable;level1=usable;level2=usable;level3=bad,graded,usable,,0.730039,0.269961,0.017281,0.712759,
img_00878,good,consensus=good;level1=good;level2=good;level3=usable,graded,good,,0.999903,0.000097,0.947698,0.052205,
img_00879,usable,consensus=usable;level1=usable;level2=usable;level3=usable,graded,usable,,0.903692,0.096308,0.084316,0.819376,
img_00880,good,consensus=good;level1=good;level2=good;level3=usable,graded,good,,0.999963,0.000037,0.982450,0.017513,
img_00881,good,consensus=good;level1=good;level2=good;level3=good,graded,good,,0.999909,0.000091,0.987527,0.012382,
img_00882,usable,consensus=usable;level1=usable;level2=usable;level3=bad,graded,usable,,0.980701,0.019299,0.210192,0.770509,
img_00883,usable,consensus=usable;level1=usable;level2=usable;level3=bad,graded,usable,,0.970121,0.029879,0.202249,0.767871,
img_00884,bad,consensus=bad;level1=bad;level2=bad;level3=bad,graded,bad,,0.127573,0.872427,0.000054,0.127519,
img_00885,bad,consensus=bad;level1=bad;level2=bad;level3=bad,graded,bad,,0.001983,0.998017,0.000000,0.001983,
img_00886,usable,consensus=usable;level1=good;level2=usable;level3=usable,graded,usable,,0.998039,0.001961,0.454273,0.543767,
img_00887,bad,consensus=bad;level1=usable;level2=bad;level3=bad,graded,usable,,0.895876,0.104124,0.002204,0.893671,
img_00888,bad,consensus=bad;level1=bad;level2=bad;level3=bad,graded,usable,,0.783198,0.216802,0.020081,0.763117,
img_00889,bad,consensus=bad;level1=bad;level2=bad;level3=bad,graded,bad,,0.494031,0.505969,0.003646,0.490385,
img_00890,bad,consensus=bad;level1=bad;level2=bad;level3=usable,graded,usable,,0.814875,0.185125,0.008193,0.806682,
img_00891,usable,consensus=usable;level1=usable;level2=usable;level3=bad,graded,usable,,0.981649,0.018351,0.018198,0.963452,
img_00892,good,consensus=good;level1=good;level2=good;level3=good,graded,good,,0.999980,0.000020,0.985538,0.014441,
img_00893,good,consensus=good;level1=good;level2=good;level3=good,graded,good,,1.000000,0.000000,0.996399,0.003600,
img_00900,good,consensus=good;level1=good;level2=good;level3=good,graded,good,,0.999894,0.000106,0.963155,0.036739,
img_00903,good,consensus=good;level1=good;level2=good;level3=good,graded,good,,0.999992,0.000008,0.980101,0.019892,
img_00908,good,consensus=good;level1=good;level2=good;level3=good,graded,good,,0.999994,0.000005,0.989928,0.010067,
img_00912,good,consensus=good;level1=good;level2=good;level3=good,graded,good,,0.999938,0.000062,0.994550,0.005387,
img_00913,good,consensus=good;level1=good;level2=good;level3=good,graded,good,,0.999998,0.000002,0.998726,0.001272,
img_00914,good,consensus=good;level1=good;level2=good;level3=good,graded,good,,0.999993,0.000007,0.998784,0.001210,
img_00915,good,consensus=good;level1=good;level2=good;level3=good,graded,good,,0.999908,0.000092,0.992573,0.007335,
img_00917,good,consensus=good;level1=good;level2=good;level3=good,graded,good,,0.999942,0.000058,0.988539,0.011403,
img_00918,usable,consensus=usable;level1=good;level2=usable;level3=usable,graded,usable,,0.996829,0.003171,0.433498,0.563331,
img_00919,bad,consensus=bad;level1=bad;level2=bad;level3=bad,graded,bad,,0.000425,0.999575,0.000000,0.000425,
img_00923,bad,consensus=bad;level1=bad;level2=bad;level3=bad,graded,bad,,0.016256,0.983744,0.000001,0.016255,
img_00924,bad,consensus=bad;level1=bad;level2=bad;level3=bad,graded,bad,,0.003996,0.996004,0.000000,0.003995,
img_00928,good,consensus=good;level1=good;level2=good;level3=good,graded,good,,0.999988,0.000012,0.987576,0.012412,
img_00929,good,consensus=good;level1=good;level2=good;level3=good,graded,good,,0.999886,0.000114,0.950736,0.049150,
img_00932,usable,consensus=usable;level1=good;level2=usable;level3=usable,graded,usable,,0.984674,0.015326,0.040907,0.943767,
img_00933,usable,consensus=usable;level1=good;level2=usable;level3=usable,graded,usable,,0.996039,0.003961,0.243967,0.752072,
img_00934,good,consensus=good;level1=good;level2=good;level3=good,graded,good,,0.999723,0.000277,0.902806,0.096917,
img_00935,good,consensus=good;level1=good;level2=good;level3=good,graded,good,,0.999905,0.000095,0.946944,0.052960,
img_00936,bad,consensus=bad;level1=bad;level2=bad;level3=bad,graded,bad,,0.109287,0.890713,0.000782,0.108505,
img_00938,good,consensus=good;level1=good;level2=good;level3=good,graded,good,,0.999640,0.000360,0.874739,0.124902,
img_00939,usable,consensus=usable;level1=usable;level2=good;level3=usable,graded,good,,0.999564,0.000436,0.878812,0.120752,
img_00940,good,consensus=good;level1=good;level2=good;level3=good,graded,good,,0.999999,0.000001,0.996544,0.003455,
img_00941,good,consensus=good;level1=good;level2=good;level3=good,graded,good,,0.999931,0.000069,0.976930,0.023001,
img_00942,bad,consensus=bad;level1=bad;level2=bad;level3=bad,graded,bad,,0.011837,0.988163,0.000067,0.011770,
img_00946,usable,consensus=usable;level1=usable;level2=good;level3=usable,graded,good,,0.986195,0.013805,0.677886,0.308309,
img_00948,usable,consensus=usable;level1=good;level2=usable;level3=usable,graded,good,,0.999933,0.000067,0.947059,0.052875,
img_00950,bad,consensus=bad;level1=usable;level2=bad;level3=bad,graded,bad,,0.419452,0.580548,0.017168,0.402284,
img_00951,usable,consensus=usable;level1=usable;level2=bad;level3=usable,graded,usable,,0.805364,0.194636,0.072256,0.733108,
img_00952,usable,consensus=usable;level1=usable;level2=usable;level3=usable,graded,usable,,0.969811,0.030189,0.046897,0.922915,
img_00953,bad,consensus=bad;level1=usable;level2=bad;level3=bad,graded,usable,,0.808315,0.191685,0.011306,0.797008,
img_00955,bad,consensus=bad;level1=bad;level2=bad;level3=bad,graded,bad,,0.002355,0.997645,0.000001,0.002354,
img_00956,usable,consensus=usable;level1=good;level2=usable;level3=usable,graded,good,,0.998231,0.001769,0.722435,0.275796,
img_00957,bad,consensus=bad;level1=bad;level2=bad;level3=usable,graded,usable,,0.927767,0.072233,0.003125,0.924641,
img_00958,bad,consensus=bad;level1=bad;level2=bad;level3=bad,graded,usable,,0.937166,0.062834,0.003407,0.933759,
img_00959,bad,consensus=bad;level1=usable;level2=bad;level3=bad,graded,usable,,0.982614,0.017386,0.210634,0.771980,
img_00960,usable,consensus=usable;level1=good;level2=usable;level3=usable,graded,usable,,0.987253,0.012747,0.276039,0.711214,
img_00961,bad,consensus=bad;level1=usable;level2=bad;level3=bad,graded,usable,,0.703388,0.296612,0.006915,0.696473,
img_00962,usable,consensus=usable;level1=good;level2=usable;level3=usable,graded,good,,0.999751,0.000249,0.818721,0.181030,
img_00963,usable,consensus=usable;level1=good;level2=usable;level3=usable,graded,usable,,0.983897,0.016103,0.166781,0.817116,
img_00964,usable,consensus=usable;level1=usable;level2=usable;level3=bad,graded,usable,,0.966267,0.033733,0.049019,0.917248,
img_00965,usable,consensus=usable;level1=usable;level2=usable;level3=bad,graded,usable,,0.980213,0.019787,0.057663,0.922550,
img_00966,good,consensus=good;level1=good;level2=good;level3=good,graded,good,,0.999959,0.000041,0.933152,0.066806,
img_00967,usable,consensus=usable;level1=usable;level2=good;level3=usable,graded,usable,,0.865363,0.134637,0.256543,0.608820,
img_00968,usable,consensus=usable;level1=usable;level2=good;level3=usable,graded,usable,,0.951967,0.048033,0.353834,0.598133,
img_00969,good,consensus=good;level1=good;level2=good;level3=usable,graded,good,,0.995789,0.004211,0.888379,0.107410,
img_00970,good,consensus=good;level1=good;level2=good;level3=usable,graded,usable,,0.994857,0.005143,0.427480,0.567377,
img_00971,bad,consensus=bad;level1=bad;level2=usable;level3=bad,graded,usable,,0.967603,0.032397,0.404525,0.563078,
img_00972,usable,consensus=usable;level1=usable;level2=usable;level3=usable,graded,good,,0.999769,0.000231,0.961767,0.038002,
img_00973,bad,consensus=bad;level1=bad;level2=usable;level3=bad,graded,bad,,0.473130,0.526870,0.009948,0.463182,
img_00974,bad,consensus=bad;level1=bad;level2=usable;level3=bad,graded,usable,,0.904995,0.095005,0.119356,0.785639,
img_00975,usable,consensus=usable;level1=usable;level2=usable;level3=bad,graded,good,,0.997271,0.002729,0.543186,0.454086,
img_00976,bad,consensus=bad;level1=bad;level2=bad;level3=bad,graded,bad,,0.335356,0.664644,0.000208,0.335148,
img_00977,bad,consensus=bad;level1=bad;level2=usable;level3=bad,graded,usable,,0.900677,0.099323,0.022973,0.877704,
img_00978,bad,consensus=bad;level1=bad;level2=bad;level3=bad,graded,usable,,0.820026,0.179974,0.024791,0.795235,
img_00983,bad,consensus=bad;level1=bad;level2=usable;level3=bad,graded,bad,,0.121437,0.878563,0.000230,0.121207,
img_00984,usable,consensus=usable;level1=usable;level2=usable;level3=bad,graded,bad,,0.191694,0.808306,0.000109,0.191585,
img_00985,bad,consensus=bad;level1=bad;level2=usable;level3=bad,graded,bad,,0.305164,0.694835,0.000462,0.304703,
img_00986,good,consensus=good;level1=good;level2=good;level3=good,graded,good,,0.999978,0.000022,0.980082,0.019895,
img_00987,good,consensus=good;level1=good;level2=good;level3=good,graded,good,,0.999903,0.000097,0.899747,0.100156,
img_00988,usable,consensus=usable;level1=good;level2=usable;level3=usable,graded,usable,,0.994893,0.005107,0.433153,0.561740,
img_00990,good,consensus=good;level1=good;level2=good;level3=usable,graded,good,,0.999999,0.000001,0.996249,0.003750,
img_00991,good,consensus=good;level1=good;level2=good;level3=usable,graded,good,,0.999967,0.000033,0.966741,0.033225,
img_00992,good,consensus=good;level1=good;level2=good;level3=good,graded,good,,0.999997,0.000003,0.993699,0.006298,
img_00993,good,consensus=good;level1=good;level2=good;level3=good,graded,good,,0.999893,0.000107,0.937901,0.061992,
img_00995,usable,consensus=usable;level1=usable;level2=good;level3=usable,graded,good,,0.999908,0.000092,0.933591,0.066317,
img_00996,good,consensus=good;level1=good;level2=good;level3=good,graded,good,,0.999974,0.000026,0.981066,0.018908,
img_00997,good,consensus=good;level1=good;level2=good;level3=good,graded,good,,0.999996,0.000004,0.996802,0.003194,
img_00998,good,consensus=good;level1=good;level2=good;level3=good,graded,good,,0.999999,0.000001,0.997877,0.002122,
img_00999,good,consensus=good;level1=good;level2=good;level3=usable,graded,good,,0.999586,0.000414,0.812382,0.187204,
img_01000,good,consensus=good;level1=good;level2=good;level3=usable,graded,usable,,0.993132,0.006868,0.113649,0.879483,
img_01001,good,consensus=good;level1=good;level2=good;level3=usable,graded,good,,0.999883,0.000117,0.940307,0.059576,
img_01002,usable,consensus=usable;level1=usable;level2=usable;level3=bad,graded,usable,,0.982202,0.017798,0.028650,0.953552,
img_01003,bad,consensus=bad;level1=bad;level2=usable;level3=bad,graded,usable,,0.568515,0.431485,0.004664,0.563851,
img_01005,bad,consensus=bad;level1=bad;level2=bad;level3=bad,graded,bad,,0.274254,0.725746,0.001438,0.272817,
img_01007,bad,consensus=bad;level1=bad;level2=bad;level3=bad,graded,bad,,0.127049,0.872951,0.000421,0.126628,
img_01009,usable,consensus=usable;level1=usable;level2=usable;level3=usable,graded,good,,0.999984,0.000016,0.992960,0.007024,
img_01010,usable,consensus=usable;level1=good;level2=usable;level3=usable,graded,good,,0.999633,0.000367,0.893940,0.105694,
img_01011,usable,consensus=usable;level1=good;level2=usable;level3=usable,graded,good,,0.992622,0.007378,0.558467,0.434155,
img_01012,usable,consensus=usable;level1=good;level2=usable;level3=usable,graded,good,,0.994395,0.005605,0.498344,0.496052,
img_01013,usable,consensus=usable;level1=usable;level2=usable;level3=bad,graded,bad,,0.424012,0.575988,0.004060,0.419952,
img_01016,usable,consensus=usable;level1=good;level2=usable;level3=usable,graded,good,,0.999132,0.000868,0.629397,0.369735,
img_01017,good,consensus=good;level1=good;level2=usable;level3=good,graded,good,,0.999975,0.000025,0.970115,0.029860,
img_01018,usable,consensus=usable;level1=usable;level2=usable;level3=usable,graded,good,,0.996870,0.003130,0.599286,0.397584,
img_01019,good,consensus=good;level1=good;level2=good;level3=usable,graded,good,,0.999471,0.000529,0.965657,0.033814,
img_01020,bad,consensus=bad;level1=bad;level2=bad;level3=bad,graded,usable,,0.583383,0.416617,0.001061,0.582322,
img_01021,bad,consensus=bad;level1=bad;level2=bad;level3=bad,graded,usable,,0.748960,0.251040,0.002741,0.746219,
img_01022,bad,consensus=bad;level1=bad;level2=bad;level3=bad,graded,bad,,0.150053,0.849947,0.000101,0.149952,
img_01023,bad,consensus=bad;level1=usable;level2=bad;level3=bad,graded,good,,0.999387,0.000613,0.954808,0.044578,
img_01024,usable,consensus=usable;level1=usable;level2=usable;level3=bad,graded,good,,0.998207,0.001793,0.701297,0.296910,
img_01025,bad,consensus=bad;level1=usable;level2=bad;level3=bad,graded,usable,,0.579440,0.420560,0.002836,0.576604,
img_01026,good,consensus=good;level1=good;level2=good;level3=usable,graded,good,,0.999726,0.000274,0.943537,0.056189,
img_01027,good,consensus=good;level1=good;level2=good;level3=usable,graded,good,,0.996731,0.003269,0.620979,0.375751,
img_01028,usable,consensus=usable;level1=usable;level2=good;level3=usable,graded,good,,0.999475,0.000525,0.787464,0.212012,
img_01029,usable,consensus=usable;level1=good;level2=usable;level3=usable,graded,usable,,0.980520,0.019480,0.081210,0.899310,
img_01030,good,consensus=good;level1=good;level2=usable;level3=good,graded,good,,0.998473,0.001527,0.942001,0.056472,
img_01032,bad,consensus=bad;level1=usable;level2=bad;level3=bad,graded,usable,,0.966087,0.033913,0.135717,0.830370,
img_01033,bad,consensus=bad;level1=bad;level2=usable;level3=bad,graded,bad,,0.179804,0.820197,0.000108,0.179696,
img_01034,bad,consensus=bad;level1=bad;level2=usable;level3=bad,graded,usable,,0.891299,0.108702,0.020642,0.870657,
img_01036,usable,consensus=usable;level1=usable;level2=usable;level3=bad,graded,good,,0.998351,0.001649,0.734165,0.264185,
img_01037,usable,consensus=usable;level1=usable;level2=usable;level3=bad,graded,good,,0.999199,0.000801,0.776008,0.223191,
img_01038,bad,consensus=bad;level1=bad;level2=usable;level3=bad,graded,usable,,0.782848,0.217152,0.004662,0.778186,
img_01039,bad,consensus=bad;level1=bad;level2=bad;level3=bad,graded,usable,,0.601761,0.398239,0.004491,0.597269,
img_01040,bad,consensus=bad;level1=usable;level2=bad;level3=bad,graded,usable,,0.900837,0.099163,0.049302,0.851535,
img_01041,bad,consensus=bad;level1=usable;level2=bad;level3=bad,graded,bad,,0.117095,0.882905,0.000877,0.116217,
img_01042,bad,consensus=bad;level1=usable;level2=bad;level3=bad,graded,usable,,0.537711,0.462289,0.002208,0.535503,
img_01043,usable,consensus=usable;level1=good;level2=usable;level3=usable,graded,good,,0.999424,0.000576,0.579005,0.420419,
img_01044,good,consensus=good;level1=good;level2=good;level3=usable,graded,usable,,0.993735,0.006265,0.089917,0.903818,
img_01045,bad,consensus=bad;level1=bad;level2=usable;level3=bad,graded,bad,,0.205050,0.794950,0.021972,0.183078,
img_01046,good,consensus=good;level1=good;level2=good;level3=good,graded,good,,0.999999,0.000001,0.993535,0.006464,
img_01047,good,consensus=good;level1=good;level2=good;level3=good,graded,good,,0.999997,0.000002,0.995683,0.004314,
img_01048,usable,consensus=usable;level1=usable;level2=usable;level3=bad,graded,usable,,0.860264,0.139736,0.011853,0.848412,
img_01049,usable,consensus=usable;level1=usable;level2=usable;level3=bad,graded,usable,,0.962089,0.037911,0.020060,0.942029,
img_01050,bad,consensus=bad;level1=usable;level2=bad;level3=bad,graded,bad,,0.497920,0.502080,0.256154,0.241766,
img_01052,good,consensus=good;level1=good;level2=good;level3=usable,graded,usable,,0.990316,0.009684,0.481608,0.508709,
img_01053,usable,consensus=usable;level1=usable;level2=usable;level3=bad,graded,usable,,0.950289,0.049711,0.422402,0.527887,
img_01054,bad,consensus=bad;level1=bad;level2=usable;level3=bad,graded,usable,,0.586658,0.413342,0.000790,0.585868,
img_01055,bad,consensus=bad;level1=bad;level2=usable;level3=bad,graded,bad,,0.255711,0.744289,0.000081,0.255630,
img_01056,bad,consensus=bad;level1=bad;level2=bad;level3=bad,graded,bad,,0.023978,0.976022,0.000003,0.023974,
img_01057,bad,consensus=bad;level1=bad;level2=bad;level3=bad,graded,usable,,0.874346,0.125654,0.001938,0.872408,
img_01058,usable,consensus=usable;level1=usable;level2=usable;level3=bad,graded,usable,,0.968671,0.031330,0.017896,0.950774,
img_01059,usable,consensus=usable;level1=usable;level2=usable;level3=usable,graded,usable,,0.958895,0.041105,0.391311,0.567583,
img_01060,usable,consensus=usable;level1=usable;level2=usable;level3=usable,graded,usable,,0.939736,0.060264,0.122413,0.817323,
img_01063,good,consensus=good;level1=good;level2=good;level3=good,graded,good,,0.999884,0.000116,0.910586,0.089298,
img_01064,good,consensus=good;level1=usable;level2=good;level3=good,graded,good,,0.999971,0.000029,0.972426,0.027545,
img_01066,bad,consensus=bad;level1=bad;level2=usable;level3=bad,graded,bad,,0.121566,0.878434,0.000046,0.121520,
img_01067,bad,consensus=bad;level1=bad;level2=bad;level3=bad,graded,bad,,0.000699,0.999301,0.000000,0.000699,
img_01068,bad,consensus=bad;level1=bad;level2=bad;level3=bad,graded,bad,,0.230219,0.769782,0.000367,0.229851,
img_01069,bad,consensus=bad;level1=bad;level2=bad;level3=bad,graded,bad,,0.014207,0.985793,0.000001,0.014205,
img_01070,bad,consensus=bad;level1=bad;level2=bad;level3=bad,graded,bad,,0.008229,0.991771,0.000001,0.008228,
img_01072,bad,consensus=bad;level1=bad;level2=bad;level3=bad,graded,bad,,0.000317,0.999683,0.000000,0.000317,
img_01073,bad,consensus=bad;level1=bad;level2=bad;level3=bad,graded,usable,,0.790983,0.209017,0.017006,0.773976,
img_01074,bad,consensus=bad;level1=bad;level2=bad;level3=bad,graded,usable,,0.926147,0.073853,0.053505,0.872642,
img_01077,bad,consensus=bad;level1=bad;level2=bad;level3=bad,graded,bad,,0.077466,0.922534,0.000024,0.077442,
img_01078,bad,consensus=bad;level1=bad;level2=bad;level3=bad,graded,usable,,0.655999,0.344001,0.001164,0.654835,
img_01079,bad,consensus=bad;level1=bad;level2=bad;level3=bad,graded,bad,,0.000156,0.999844,0.000000,0.000156,
img_01080,bad,consensus=bad;level1=bad;level2=bad;level3=bad,graded,bad,,0.077778,0.922222,0.000045,0.077734,
img_01081,bad,consensus=bad;level1=bad;level2=bad;level3=bad,graded,usable,,0.964208,0.035792,0.123977,0.840231,
img_01082,usable,consensus=usable;level1=usable;level2=usable;level3=usable,graded,usable,,0.726153,0.273847,0.078904,0.647249,
img_01083,usable,consensus=usable;level1=usable;level2=usable;level3=usable,graded,good,,0.997562,0.002438,0.770237,0.227325,
img_01084,usable,consensus=usable;level1=good;level2=usable;level3=usable,graded,good,,0.999950,0.000050,0.985805,0.014145,
img_01085,usable,consensus=usable;level1=good;level2=usable;level3=usable,graded,usable,,0.997549,0.002451,0.396763,0.600785,
img_01086,bad,consensus=bad;level1=bad;level2=bad;level3=bad,graded,bad,,0.000255,0.999745,0.000000,0.000255,
img_01087,bad,consensus=bad;level1=bad;level2=bad;level3=bad,graded,bad,,0.000174,0.999826,0.000000,0.000173,
img_01092,usable,consensus=usable;level1=good;level2=usable;level3=usable,graded,usable,,0.997636,0.002364,0.448260,0.549376,
img_01093,usable,consensus=usable;level1=usable;level2=usable;level3=bad,graded,usable,,0.818565,0.181435,0.009051,0.809514,
img_01094,usable,consensus=usable;level1=usable;level2=good;level3=usable,graded,good,,0.998546,0.001454,0.677562,0.320984,
img_01095,usable,consensus=usable;level1=usable;level2=usable;level3=bad,graded,good,,0.998264,0.001736,0.695973,0.302291,
img_01096,bad,consensus=bad;level1=bad;level2=bad;level3=bad,graded,bad,,0.000690,0.999310,0.000000,0.000690,
img_01097,bad,consensus=bad;level1=usable;level2=bad;level3=bad,graded,usable,,0.911904,0.088096,0.054292,0.857612,
img_01098,usable,consensus=usable;level1=good;level2=usable;level3=usable,graded,good,,0.995746,0.004254,0.502014,0.493731,
img_01099,usable,consensus=usable;level1=good;level2=usable;level3=usable,graded,good,,0.999997,0.000003,0.993966,0.006031,
img_01100,good,consensus=good;level1=good;level2=usable;level3=good,graded,good,,0.999994,0.000006,0.994090,0.005904,
img_01101,bad,consensus=bad;level1=bad;level2=bad;level3=bad,graded,bad,,0.000145,0.999855,0.000000,0.000145,
img_01104,bad,consensus=bad;level1=bad;level2=bad;level3=usable,graded,bad,,0.086098,0.913902,0.000054,0.086044,
img_01105,bad,consensus=bad;level1=bad;level2=bad;level3=bad,graded,bad,,0.005259,0.994741,0.000000,0.005258,
img_01106,good,consensus=good;level1=good;level2=good;level3=usable,graded,usable,,0.994340,0.005659,0.104985,0.889355,
img_01107,good,consensus=good;level1=good;level2=good;level3=good,graded,good,,0.996033,0.003967,0.612613,0.383420,
img_01108,good,consensus=good;level1=good;level2=usable;level3=good,graded,good,,0.999999,0.000001,0.994918,0.005081,
img_01110,bad,consensus=bad;level1=bad;level2=bad;level3=bad,graded,bad,,0.001584,0.998416,0.000000,0.001584,
img_01111,usable,consensus=usable;level1=usable;level2=usable;level3=bad,graded,good,,0.997178,0.002822,0.773607,0.223571,
img_01112,bad,consensus=bad;level1=bad;level2=bad;level3=bad,graded,bad,,0.105404,0.894596,0.001798,0.103606,
img_01113,good,consensus=good;level1=good;level2=good;level3=good,graded,good,,0.999997,0.000003,0.994471,0.005526,
img_01114,usable,consensus=usable;level1=usable;level2=usable;level3=usable,graded,good,,0.999652,0.000348,0.859771,0.139881,
img_01115,bad,consensus=bad;level1=bad;level2=bad;level3=bad,graded,bad,,0.058500,0.941500,0.000009,0.058491,
img_01116,bad,consensus=bad;level1=bad;level2=bad;level3=bad,graded,bad,,0.460084,0.539916,0.000184,0.459899,
img_01117,good,consensus=good;level1=good;level2=good;level3=good,graded,good,,0.999825,0.000175,0.926763,0.073063,
img_01118,good,consensus=good;level1=good;level2=good;level3=good,graded,usable,,0.992641,0.007359,0.113575,0.879066,
img_01120,good,consensus=good;level1=good;level2=good;level3=good,graded,good,,0.999999,0.000001,0.996227,0.003772,
img_01121,good,consensus=good;level1=good;level2=good;level3=good,graded,good,,0.999830,0.000170,0.944551,0.055279,
img_01122,good,consensus=good;level1=good;level2=good;level3=good,graded,good,,0.998153,0.001847,0.662684,0.335469,
img_01123,good,consensus=good;level1=good;level2=good;level3=good,graded,good,,0.992571,0.007429,0.898288,0.094283,
img_01125,bad,consensus=bad;level1=bad;level2=bad;level3=bad,graded,bad,,0.008918,0.991082,0.000000,0.008918,
img_01126,bad,consensus=bad;level1=bad;level2=bad;level3=bad,graded,bad,,0.026137,0.973863,0.000013,0.026124,
img_01127,bad,consensus=bad;level1=bad;level2=bad;level3=bad,graded,bad,,0.077477,0.922523,0.000016,0.077460,
img_01130,usable,consensus=usable;level1=usable;level2=usable;level3=bad,graded,good,,0.998814,0.001186,0.746947,0.251867,
img_01131,bad,consensus=bad;level1=bad;level2=bad;level3=bad,graded,bad,,0.001543,0.998457,0.000001,0.001543,
img_01132,bad,consensus=bad;level1=bad;level2=bad;level3=bad,graded,bad,,0.062175,0.937825,0.000017,0.062158,
img_01133,bad,consensus=bad;level1=bad;level2=bad;level3=bad,graded,bad,,0.077876,0.922124,0.000043,0.077833,
img_01134,bad,consensus=bad;level1=bad;level2=bad;level3=bad,graded,bad,,0.041878,0.958122,0.000013,0.041865,
img_01135,bad,consensus=bad;level1=bad;level2=bad;level3=bad,graded,bad,,0.000243,0.999757,0.000000,0.000243,
img_01136,usable,consensus=usable;level1=usable;level2=usable;level3=bad,graded,good,,0.999987,0.000013,0.987076,0.012911,
img_01137,usable,consensus=usable;level1=usable;level2=good;level3=usable,graded,usable,,0.985140,0.014860,0.288671,0.696470,
img_01138,usable,consensus=usable;level1=usable;level2=usable;level3=bad,graded,usable,,0.979907,0.020093,0.169106,0.810801,
img_01139,bad,consensus=bad;level1=bad;level2=bad;level3=bad,graded,usable,,0.859390,0.140610,0.020248,0.839143,
img_01140,bad,consensus=bad;level1=bad;level2=bad;level3=bad,graded,usable,,0.719108,0.280892,0.010346,0.708762,
img_01141,bad,consensus=bad;level1=bad;level2=bad;level3=bad,graded,usable,,0.927543,0.072457,0.014915,0.912628,
img_01142,bad,consensus=bad;level1=bad;level2=bad;level3=bad,graded,good,,0.999732,0.000268,0.901352,0.098380,
img_01143,usable,consensus=usable;level1=usable;level2=bad;level3=usable,graded,good,,0.996678,0.003322,0.602049,0.394629,
img_01144,bad,consensus=bad;level1=bad;level2=bad;level3=bad,graded,bad,,0.003272,0.996728,0.000000,0.003272,
img_01145,usable,consensus=usable;level1=usable;level2=usable;level3=bad,graded,usable,,0.996985,0.003015,0.432748,0.564238,
img_01147,good,consensus=good;level1=good;level2=good;level3=usable,graded,usable,,0.991742,0.008258,0.266597,0.725145,
img_01148,good,consensus=good;level1=good;level2=good;level3=usable,graded,good,,0.999979,0.000021,0.986497,0.013482,
img_01149,usable,consensus=usable;level1=usable;level2=usable;level3=usable,graded,good,,0.989892,0.010108,0.592907,0.396986,
img_01150,bad,consensus=bad;level1=bad;level2=bad;level3=bad,graded,bad,,0.002372,0.997628,0.000002,0.002370,
img_01151,bad,consensus=bad;level1=bad;level2=bad;level3=bad,graded,bad,,0.020247,0.979753,0.000005,0.020242,
img_01152,usable,consensus=usable;level1=good;level2=usable;level3=usable,graded,good,,0.999665,0.000335,0.821695,0.177971,
img_01153,usable,consensus=usable;level1=good;level2=usable;level3=usable,graded,good,,0.998809,0.001191,0.568676,0.430133,
img_01154,good,consensus=good;level1=good;level2=good;level3=usable,graded,good,,0.997199,0.002801,0.793757,0.203442,
img_01155,usable,consensus=usable;level1=usable;level2=good;level3=usable,graded,usable,,0.988746,0.011254,0.468388,0.520358,
img_01156,good,consensus=good;level1=good;level2=good;level3=usable,graded,good,,0.999725,0.000275,0.913200,0.086525,
img_01157,good,consensus=good;level1=good;level2=good;level3=usable,graded,good,,0.999931,0.000069,0.941830,0.058100,
img_01160,bad,consensus=bad;level1=bad;level2=bad;level3=bad,graded,bad,,0.253984,0.746016,0.005557,0.248426,
img_01161,bad,consensus=bad;level1=bad;level2=bad;level3=bad,graded,bad,,0.400105,0.599895,0.000406,0.399699,
img_01162,bad,consensus=bad;level1=bad;level2=bad;level3=bad,graded,usable,,0.833262,0.166738,0.002318,0.830944,
img_01164,bad,consensus=bad;level1=usable;level2=bad;level3=bad,graded,good,,0.999702,0.000298,0.802802,0.196900,
img_01165,bad,consensus=bad;level1=bad;level2=bad;level3=bad,graded,bad,,0.000129,0.999871,0.000000,0.000129,
img_01167,bad,consensus=bad;level1=usable;level2=bad;level3=bad,graded,usable,,0.996572,0.003428,0.245770,0.750803,
img_01168,bad,consensus=bad;level1=bad;level2=bad;level3=bad,graded,usable,,0.577866,0.422134,0.000566,0.577300,
img_01169,bad,consensus=bad;level1=bad;level2=bad;level3=bad,graded,bad,,0.042970,0.957030,0.000002,0.042967,
img_01170,bad,consensus=bad;level1=bad;level2=bad;level3=bad,graded,bad,,0.450170,0.549830,0.005596,0.444574,
img_01171,bad,consensus=bad;level1=bad;level2=bad;level3=bad,graded,bad,,0.178146,0.821854,0.000332,0.177814,
img_01172,bad,consensus=bad;level1=bad;level2=bad;level3=bad,graded,bad,,0.063255,0.936745,0.000917,0.062338,
img_01175,bad,consensus=bad;level1=usable;level2=bad;level3=bad,graded,bad,,0.312511,0.687489,0.010942,0.301569,
img_01176,usable,consensus=usable;level1=usable;level2=good;level3=usable,graded,good,,0.997115,0.002885,0.736386,0.260729,
img_01177,usable,consensus=usable;level1=usable;level2=usable;level3=bad,graded,good,,0.999946,0.000054,0.928319,0.071627,
img_01178,usable,consensus=usable;level1=good;level2=usable;level3=usable,graded,usable,,0.994352,0.005648,0.451234,0.543119,
img_01179,usable,consensus=usable;level1=usable;level2=usable;level3=bad,graded,usable,,0.975908,0.024092,0.208948,0.766960,
img_01180,bad,consensus=bad;level1=usable;level2=bad;level3=bad,graded,good,,0.996716,0.003284,0.820688,0.176028,
img_01181,usable,consensus=usable;level1=usable;level2=usable;level3=bad,graded,good,,0.988523,0.011477,0.754847,0.233677,
img_01182,usable,consensus=usable;level1=usable;level2=usable;level3=bad,graded,usable,,0.963693,0.036307,0.045059,0.918633,
img_01183,usable,consensus=usable;level1=usable;level2=usable;level3=bad,graded,usable,,0.988331,0.011669,0.076862,0.911469,
img_01188,usable,consensus=usable;level1=usable;level2=usable;level3=usable,graded,usable,,0.993711,0.006289,0.167624,0.826087,
img_01189,bad,consensus=bad;level1=bad;level2=bad;level3=bad,graded,usable,,0.927221,0.072780,0.015943,0.911278,
img_01190,bad,consensus=bad;level1=bad;level2=usable;level3=bad,graded,usable,,0.968641,0.031359,0.113094,0.855547,
img_01191,usable,consensus=usable;level1=usable;level2=usable;level3=usable,graded,good,,0.992280,0.007720,0.664457,0.327823,
img_01192,bad,consensus=bad;level1=bad;level2=bad;level3=bad,graded,bad,,0.054305,0.945695,0.000018,0.054287,
img_01193,bad,consensus=bad;level1=bad;level2=bad;level3=bad,graded,bad,,0.011023,0.988977,0.000000,0.011023,
img_01194,bad,consensus=bad;level1=usable;level2=bad;level3=bad,graded,usable,,0.659682,0.340318,0.000386,0.659295,
img_01195,bad,consensus=bad;level1=bad;level2=bad;level3=bad,graded,bad,,0.167198,0.832802,0.000016,0.167183,
img_01196,bad,consensus=bad;level1=bad;level2=bad;level3=bad,graded,bad,,0.113132,0.886868,0.000106,0.113026,
img_01197,good,consensus=good;level1=good;level2=good;level3=good,graded,good,,0.999839,0.000161,0.941081,0.058759,
img_01198,good,consensus=good;level1=bad;level2=good;level3=good,graded,good,,0.999995,0.000005,0.992043,0.007952,
img_01199,bad,consensus=bad;level1=usable;level2=bad;level3=bad,graded,usable,,0.910394,0.089606,0.002438,0.907955,
img_01207,bad,consensus=bad;level1=usable;level2=bad;level3=bad,graded,usable,,0.935673,0.064327,0.033381,0.902292,
img_01208,bad,consensus=bad;level1=bad;level2=bad;level3=bad,graded,bad,,0.397635,0.602365,0.000373,0.397262,
img_01209,usable,consensus=usable;level1=good;level2=usable;level3=usable,graded,good,,0.999153,0.000847,0.767732,0.231421,
img_01210,bad,consensus=bad;level1=usable;level2=bad;level3=bad,graded,usable,,0.507298,0.492702,0.001351,0.505947,
img_01211,bad,consensus=bad;level1=usable;level2=bad;level3=bad,graded,usable,,0.981487,0.018513,0.141557,0.839930,
img_01212,bad,consensus=bad;level1=bad;level2=bad;level3=bad,graded,bad,,0.302668,0.697332,0.008891,0.293777,
img_01213,bad,consensus=bad;level1=usable;level2=bad;level3=bad,graded,usable,,0.795242,0.204758,0.018868,0.776374,
img_01217,good,consensus=good;level1=good;level2=usable;level3=good,graded,good,,0.999926,0.000074,0.994491,0.005435,
img_01218,good,consensus=good;level1=good;level2=good;level3=good,graded,good,,0.999974,0.000026,0.994990,0.004984,
img_01219,good,consensus=good;level1=good;level2=good;level3=good,graded,good,,0.999967,0.000033,0.980197,0.019770,
img_01220,bad,consensus=bad;level1=bad;level2=bad;level3=bad,graded,usable,,0.709172,0.290828,0.001721,0.707450,
img_01221,bad,consensus=bad;level1=bad;level2=bad;level3=bad,graded,bad,,0.083928,0.916072,0.000086,0.083842,
img_01222,good,consensus=good;level1=good;level2=bad;level3=good,graded,usable,,0.960015,0.039985,0.298694,0.661321,
img_01223,good,consensus=good;level1=good;level2=good;level3=good,graded,good,,0.999967,0.000033,0.992465,0.007503,
img_01224,bad,consensus=bad;level1=bad;level2=bad;level3=bad,graded,usable,,0.616972,0.383028,0.003998,0.612974,
img_01225,bad,consensus=bad;level1=bad;level2=bad;level3=bad,graded,usable,,0.784566,0.215434,0.016111,0.768455,
img_01226,bad,consensus=bad;level1=bad;level2=bad;level3=bad,graded,bad,,0.177759,0.822241,0.000078,0.177680,
img_01227,bad,consensus=bad;level1=bad;level2=bad;level3=bad,graded,bad,,0.000429,0.999571,0.000000,0.000429,
img_01229,bad,consensus=bad;level1=bad;level2=bad;level3=bad,graded,bad,,0.391514,0.608486,0.008057,0.383457,
img_01231,usable,consensus=usable;level1=usable;level2=bad;level3=usable,graded,good,,0.992433,0.007567,0.604279,0.388154,
img_01233,usable,consensus=usable;level1=good;level2=usable;level3=usable,graded,usable,,0.969179,0.030821,0.282653,0.686526,
img_01234,good,consensus=good;level1=good;level2=good;level3=good,graded,good,,0.999847,0.000153,0.973680,0.026167,
img_01235,bad,consensus=bad;level1=bad;level2=bad;level3=bad,graded,bad,,0.047876,0.952124,0.000029,0.047847,
img_01236,bad,consensus=bad;level1=bad;level2=bad;level3=bad,graded,bad,,0.098591,0.901409,0.000033,0.098559,
img_01237,bad,consensus=bad;level1=bad;level2=bad;level3=bad,graded,bad,,0.175954,0.824046,0.000113,0.175840,
img_01238,bad,consensus=bad;level1=usable;level2=bad;level3=bad,graded,usable,,0.608959,0.391041,0.001511,0.607448,
img_01239,bad,consensus=bad;level1=usable;level2=bad;level3=bad,graded,usable,,0.644478,0.355522,0.004345,0.640133,
img_01240,bad,consensus=bad;level1=bad;level2=bad;level3=bad,graded,bad,,0.176235,0.823765,0.019534,0.156701,
img_01241,bad,consensus=bad;level1=bad;level2=bad;level3=bad,graded,usable,,0.750832,0.249168,0.188458,0.562374,
img_01242,usable,consensus=usable;level1=usable;level2=usable;level3=usable,graded,usable,,0.968856,0.031144,0.173247,0.795609,
img_01243,usable,consensus=usable;level1=usable;level2=usable;level3=bad,graded,usable,,0.966668,0.033332,0.256663,0.710005,
img_01244,usable,consensus=usable;level1=usable;level2=usable;level3=usable,graded,usable,,0.971417,0.028583,0.172970,0.798447,
img_01245,usable,consensus=usable;level1=usable;level2=usable;level3=usable,graded,usable,,0.849352,0.150648,0.136629,0.712723,
img_01246,bad,consensus=bad;level1=usable;level2=bad;level3=bad,graded,bad,,0.404927,0.595073,0.000600,0.404326,
img_01247,bad,consensus=bad;level1=bad;level2=bad;level3=bad,graded,bad,,0.499271,0.500729,0.001030,0.498241,
img_01248,bad,consensus=bad;level1=bad;level2=bad;level3=bad,graded,bad,,0.036642,0.963358,0.000031,0.036611,
img_01250,good,consensus=good;level1=good;level2=good;level3=usable,graded,usable,,0.991117,0.008883,0.130005,0.861112,
img_01251,good,consensus=good;level1=good;level2=good;level3=usable,graded,usable,,0.993864,0.006136,0.151827,0.842038,
img_01252,bad,consensus=bad;level1=bad;level2=bad;level3=bad,graded,bad,,0.125606,0.874394,0.000177,0.125429,
img_01253,usable,consensus=usable;level1=usable;level2=usable;level3=bad,graded,usable,,0.985191,0.014809,0.019180,0.966010,
img_01254,bad,consensus=bad;level1=bad;level2=usable;level3=bad,graded,bad,,0.286139,0.713861,0.000209,0.285930,
img_01255,good,consensus=good;level1=good;level2=good;level3=good,graded,good,,0.999973,0.000027,0.971995,0.027977,
img_01256,usable,consensus=usable;level1=usable;level2=good;level3=usable,graded,usable,,0.987433,0.012567,0.408435,0.578998,
img_01257,bad,consensus=bad;level1=bad;level2=bad;level3=bad,graded,usable,,0.962014,0.037986,0.072225,0.889789,
img_01258,bad,consensus=bad;level1=bad;level2=bad;level3=bad,graded,usable,,0.965222,0.034778,0.178921,0.786301,
img_01259,good,consensus=good;level1=good;level2=good;level3=good,graded,good,,0.999963,0.000037,0.987910,0.012053,
img_01260,bad,consensus=bad;level1=bad;level2=usable;level3=bad,graded,usable,,0.958379,0.041621,0.160639,0.797739,
img_01261,usable,consensus=usable;level1=usable;level2=usable;level3=usable,graded,usable,,0.962859,0.037141,0.088230,0.874629,
img_01262,bad,consensus=bad;level1=bad;level2=bad;level3=bad,graded,bad,,0.053310,0.946690,0.000022,0.053287,
img_01263,bad,consensus=bad;level1=bad;level2=bad;level3=bad,graded,bad,,0.232841,0.767159,0.000150,0.232691,
img_01264,bad,consensus=bad;level1=usable;level2=bad;level3=bad,graded,good,,0.996294,0.003706,0.899094,0.097200,
img_01265,usable,consensus=usable;level1=usable;level2=usable;level3=bad,graded,good,,0.985960,0.014040,0.767731,0.218229,
img_01266,usable,consensus=usable;level1=good;level2=usable;level3=usable,graded,bad,,0.483214,0.516786,0.193431,0.289783,
img_01267,usable,consensus=usable;level1=usable;level2=usable;level3=bad,graded,usable,,0.735337,0.264663,0.047259,0.688078,
img_01268,good,consensus=good;level1=good;level2=good;level3=good,graded,good,,0.999989,0.000011,0.995464,0.004524,
img_01269,usable,consensus=usable;level1=good;level2=usable;level3=usable,graded,usable,,0.989930,0.010070,0.151711,0.838219,
img_01270,usable,consensus=usable;level1=usable;level2=usable;level3=bad,graded,good,,0.999891,0.000108,0.961732,0.038160,
img_01271,usable,consensus=usable;level1=usable;level2=usable;level3=usable,graded,good,,0.997213,0.002787,0.572770,0.424443,
img_01272,bad,consensus=bad;level1=bad;level2=bad;level3=bad,graded,usable,,0.808543,0.191457,0.001345,0.807198,
img_01273,bad,consensus=bad;level1=bad;level2=bad;level3=bad,graded,bad,,0.394051,0.605949,0.000201,0.393850,
img_01274,good,consensus=good;level1=good;level2=good;level3=good,graded,good,,0.999991,0.000009,0.984735,0.015256,
img_01275,bad,consensus=bad;level1=usable;level2=bad;level3=bad,graded,usable,,0.990615,0.009384,0.141522,0.849093,
img_01276,usable,consensus=usable;level1=usable;level2=usable;level3=usable,graded,usable,,0.963528,0.036472,0.457840,0.505689,
img_01277,usable,consensus=usable;level1=usable;level2=usable;level3=bad,graded,usable,,0.856735,0.143265,0.078715,0.778019,
img_01278,bad,consensus=bad;level1=bad;level2=bad;level3=bad,graded,bad,,0.015432,0.984568,0.000009,0.015423,
img_01279,bad,consensus=bad;level1=bad;level2=bad;level3=bad,graded,bad,,0.034270,0.965730,0.000003,0.034267,
img_01280,bad,consensus=bad;level1=bad;level2=bad;level3=bad,graded,bad,,0.376878,0.623122,0.000333,0.376545,
img_01281,bad,consensus=bad;level1=bad;level2=bad;level3=bad,graded,usable,,0.733701,0.266299,0.006698,0.727003,
img_01282,usable,consensus=usable;level1=usable;level2=good;level3=usable,graded,good,,0.999986,0.000014,0.988231,0.011755,
img_01283,good,consensus=good;level1=good;level2=good;level3=usable,graded,good,,0.999942,0.000058,0.973045,0.026897,
img_01284,bad,consensus=bad;level1=usable;level2=bad;level3=bad,graded,usable,,0.828799,0.171201,0.004025,0.824774,
img_01285,bad,consensus=bad;level1=bad;level2=bad;level3=bad,graded,bad,,0.008762,0.991238,0.000001,0.008761,
img_01286,good,consensus=good;level1=good;level2=good;level3=good,graded,good,,0.999759,0.000241,0.946438,0.053321,
img_01287,good,consensus=good;level1=good;level2=good;level3=good,graded,good,,0.997328,0.002672,0.849603,0.147725,
img_01288,bad,consensus=bad;level1=bad;level2=bad;level3=bad,graded,usable,,0.902726,0.097274,0.074935,0.827791,
img_01289,bad,consensus=bad;level1=usable;level2=bad;level3=bad,graded,usable,,0.787035,0.212965,0.044249,0.742786,
img_01290,good,consensus=good;level1=good;level2=good;level3=usable,graded,usable,,0.995665,0.004335,0.199606,0.796059,
img_01292,good,consensus=good;level1=good;level2=good;level3=good,graded,good,,1.000000,0.000000,0.997870,0.002130,
img_01293,usable,consensus=usable;level1=good;level2=usable;level3=usable,graded,usable,,0.998214,0.001786,0.440343,0.557871,
img_01294,bad,consensus=bad;level1=bad;level2=bad;level3=bad,graded,bad,,0.000686,0.999313,0.000000,0.000686,
img_01295,usable,consensus=usable;level1=usable;level2=usable;level3=bad,graded,good,,0.993185,0.006815,0.513101,0.480084,
img_01296,usable,consensus=usable;level1=usable;level2=usable;level3=bad,graded,good,,0.994879,0.005121,0.511442,0.483436,
img_01297,good,consensus=good;level1=good;level2=good;level3=usable,graded,good,,0.999999,0.000001,0.997340,0.002659,
img_01298,good,consensus=good;level1=good;level2=good;level3=good,graded,good,,0.999999,0.000001,0.996967,0.003032,
img_01299,usable,consensus=usable;level1=usable;level2=usable;level3=bad,graded,bad,,0.341113,0.658887,0.009751,0.331362,
img_01333,bad,consensus=bad;level1=bad;level2=bad;level3=usable,graded,bad,,0.200007,0.799993,0.000739,0.199267,
img_01338,bad,consensus=bad;level1=bad;level2=bad;level3=bad,graded,bad,,0.000989,0.999010,0.000000,0.000989,
img_01351,usable,consensus=usable;level1=usable;level2=usable;level3=bad,graded,usable,,0.989235,0.010765,0.344775,0.644460,
img_01352,usable,consensus=usable;level1=usable;level2=usable;level3=bad,graded,usable,,0.819928,0.180072,0.029058,0.790870,
img_01353,usable,consensus=usable;level1=usable;level2=usable;level3=bad,graded,usable,,0.993512,0.006488,0.266002,0.727510,
img_01354,usable,consensus=usable;level1=usable;level2=usable;level3=bad,graded,usable,,0.962639,0.037361,0.042881,0.919758,
img_01355,good,consensus=good;level1=good;level2=good;level3=usable,graded,usable,,0.997706,0.002295,0.432147,0.565558,
img_01356,bad,consensus=bad;level1=usable;level2=bad;level3=bad,graded,bad,,0.337417,0.662583,0.000148,0.337269,
img_01357,good,consensus=good;level1=good;level2=usable;level3=good,graded,good,,0.999990,0.000010,0.964613,0.035377,
img_01360,usable,consensus=usable;level1=good;level2=usable;level3=usable,graded,good,,0.998354,0.001646,0.866453,0.131901,
img_01361,usable,consensus=usable;level1=usable;level2=usable;level3=usable,graded,usable,,0.885153,0.114847,0.130540,0.754613,
img_01362,good,consensus=good;level1=good;level2=good;level3=usable,graded,good,,0.999657,0.000343,0.978034,0.021623,
img_01363,good,consensus=good;level1=good;level2=good;level3=usable,graded,good,,0.998532,0.001468,0.671060,0.327472,
img_01364,bad,consensus=bad;level1=bad;level2=bad;level3=usable,graded,usable,,0.937601,0.062399,0.102119,0.835482,
img_01365,bad,consensus=bad;level1=bad;level2=bad;level3=bad,graded,usable,,0.657221,0.342779,0.008500,0.648720,
img_01366,bad,consensus=bad;level1=bad;level2=bad;level3=bad,graded,usable,,0.965168,0.034832,0.257552,0.707617,
img_01368,usable,consensus=usable;level1=usable;level2=bad;level3=usable,graded,usable,,0.990226,0.009774,0.145736,0.844490,
img_01370,usable,consensus=usable;level1=usable;level2=usable;level3=usable,graded,usable,,0.824606,0.175394,0.004897,0.819708,
img_01371,bad,consensus=bad;level1=bad;level2=bad;level3=bad,graded,bad,,0.008963,0.991037,0.000001,0.008963,
img_01372,usable,consensus=usable;level1=usable;level2=usable;level3=bad,graded,good,,0.962966,0.037034,0.907676,0.055290,
img_01373,usable,consensus=usable;level1=usable;level2=usable;level3=bad,graded,good,,0.952408,0.047592,0.614920,0.337489,
img_01376,bad,consensus=bad;level1=bad;level2=bad;level3=bad,graded,bad,,0.044928,0.955072,0.000010,0.044918,
img_01377,bad,consensus=bad;level1=bad;level2=bad;level3=bad,graded,bad,,0.006488,0.993512,0.000000,0.006488,
img_01378,good,consensus=good;level1=good;level2=usable;level3=good,graded,good,,0.999927,0.000073,0.970944,0.028983,
img_01379,usable,consensus=usable;level1=good;level2=usable;level3=usable,graded,usable,,0.998006,0.001994,0.259368,0.738638,
img_01380,usable,consensus=usable;level1=good;level2=usable;level3=usable,graded,good,,0.999844,0.000156,0.952615,0.047229,
img_01381,usable,consensus=usable;level1=good;level2=usable;level3=usable,graded,good,,0.999267,0.000733,0.776934,0.222332,
img_01382,bad,consensus=bad;level1=usable;level2=bad;level3=bad,graded,usable,,0.917062,0.082939,0.011778,0.905284,
img_01383,usable,consensus=usable;level1=good;level2=usable;level3=usable,graded,usable,,0.979409,0.020591,0.091448,0.887961,
img_01384,usable,consensus=usable;level1=usable;level2=good;level3=usable,graded,good,,0.997896,0.002103,0.727961,0.269935,
img_01385,usable,consensus=usable;level1=usable;level2=usable;level3=bad,graded,usable,,0.990462,0.009538,0.405340,0.585122,
img_01386,usable,consensus=usable;level1=usable;level2=bad;level3=usable,graded,good,,0.990880,0.009120,0.880679,0.110201,
img_01387,usable,consensus=usable;level1=usable;level2=bad;level3=usable,graded,good,,0.992199,0.007801,0.803439,0.188760,
img_01388,bad,consensus=bad;level1=bad;level2=bad;level3=bad,graded,bad,,0.479435,0.520565,0.000489,0.478947,
img_01389,bad,consensus=bad;level1=usable;level2=bad;level3=bad,graded,usable,,0.967180,0.032820,0.203230,0.763951,
img_01390,usable,consensus=usable;level1=good;level2=usable;level3=usable,graded,good,,0.994937,0.005063,0.824034,0.170903,
img_01391,usable,consensus=usable;level1=good;level2=usable;level3=usable,graded,good,,0.992062,0.007938,0.740498,0.251564,
img_01393,usable,consensus=usable;level1=good;level2=usable;level3=usable,graded,good,,0.736180,0.263820,0.483544,0.252637,
img_01394,bad,consensus=bad;level1=bad;level2=bad;level3=bad,graded,usable,,0.795698,0.204302,0.017220,0.778477,
img_01395,bad,consensus=bad;level1=bad;level2=bad;level3=bad,graded,usable,,0.974088,0.025912,0.092241,0.881847,
img_01396,bad,consensus=bad;level1=bad;level2=bad;level3=bad,graded,usable,,0.982830,0.017170,0.245490,0.737340,
img_01397,bad,consensus=bad;level1=bad;level2=bad;level3=bad,graded,usable,,0.991147,0.008853,0.357456,0.633691,
img_01398,bad,consensus=bad;level1=usable;level2=bad;level3=bad,graded,good,,0.991868,0.008132,0.595911,0.395957,
img_01399,bad,consensus=bad;level1=bad;level2=usable;level3=bad,graded,usable,,0.929091,0.070909,0.010226,0.918865,
img_01400,bad,consensus=bad;level1=bad;level2=bad;level3=bad,graded,usable,,0.885347,0.114653,0.030600,0.854746,
img_01401,bad,consensus=bad;level1=bad;level2=bad;level3=bad,graded,usable,,0.554292,0.445708,0.005993,0.548299,
img_01402,good,consensus=good;level1=good;level2=good;level3=good,graded,usable,,0.996442,0.003558,0.497805,0.498637,
img_01403,good,consensus=good;level1=good;level2=good;level3=good,graded,good,,0.998587,0.001413,0.731964,0.266623,
img_01404,good,consensus=good;level1=good;level2=good;level3=good,graded,good,,0.999598,0.000402,0.887198,0.112400,
img_01405,usable,consensus=usable;level1=good;level2=usable;level3=usable,graded,good,,0.997303,0.002697,0.720185,0.277118,
img_01406,bad,consensus=bad;level1=bad;level2=bad;level3=bad,graded,usable,,0.950906,0.049094,0.150404,0.800503,
img_01407,good,consensus=good;level1=good;level2=usable;level3=good,graded,good,,0.999883,0.000117,0.962947,0.036936,
img_01408,usable,consensus=usable;level1=usable;level2=usable;level3=usable,graded,usable,,0.949113,0.050887,0.233933,0.715180,
img_01409,good,consensus=good;level1=good;level2=good;level3=good,graded,good,,0.999957,0.000043,0.975539,0.024417,
img_01410,usable,consensus=usable;level1=usable;level2=good;level3=usable,graded,good,,0.996313,0.003687,0.512330,0.483983,
img_01411,usable,consensus=usable;level1=usable;level2=usable;level3=usable,graded,usable,,0.989503,0.010497,0.101670,0.887833,
img_01413,bad,consensus=bad;level1=bad;level2=bad;level3=bad,graded,bad,,0.317314,0.682687,0.000081,0.317233,
img_01414,usable,consensus=usable;level1=usable;level2=usable;level3=usable,graded,usable,,0.991654,0.008346,0.429106,0.562548,
img_01415,good,consensus=good;level1=usable;level2=good;level3=good,graded,good,,0.995610,0.004390,0.756130,0.239480,
img_01416,bad,consensus=bad;level1=bad;level2=bad;level3=bad,graded,bad,,0.005685,0.994315,0.000006,0.005679,
img_01417,bad,consensus=bad;level1=bad;level2=bad;level3=bad,graded,bad,,0.000124,0.999876,0.000000,0.000124,
img_01418,usable,consensus=usable;level1=usable;level2=usable;level3=bad,graded,usable,,0.960067,0.039933,0.062987,0.897080,
img_01419,bad,consensus=bad;level1=bad;level2=bad;level3=bad,graded,bad,,0.484239,0.515761,0.000487,0.483751,
img_01420,bad,consensus=bad;level1=bad;level2=bad;level3=bad,graded,bad,,0.237473,0.762527,0.000302,0.237171,
img_01421,bad,consensus=bad;level1=bad;level2=bad;level3=bad,graded,usable,,0.540171,0.459829,0.000621,0.539550,
img_01422,bad,consensus=bad;level1=usable;level2=bad;level3=bad,graded,bad,,0.425788,0.574212,0.000265,0.425523,
img_01426,usable,consensus=usable;level1=usable;level2=bad;level3=usable,graded,bad,,0.126234,0.873766,0.011697,0.114538,
img_01427,good,consensus=good;level1=good;level2=bad;level3=good,graded,good,,0.999980,0.000020,0.986617,0.013363,
img_01428,usable,consensus=usable;level1=usable;level2=usable;level3=usable,graded,usable,,0.998263,0.001737,0.353422,0.644841,
img_01429,bad,consensus=bad;level1=usable;level2=bad;level3=bad,graded,usable,,0.792773,0.207227,0.024104,0.768669,
img_01430,bad,consensus=bad;level1=usable;level2=bad;level3=bad,graded,usable,,0.888901,0.111099,0.161311,0.727590,
img_01431,usable,consensus=usable;level1=usable;level2=usable;level3=bad,graded,usable,,0.925993,0.074007,0.010517,0.915477,
img_01432,usable,consensus=usable;level1=usable;level2=usable;level3=bad,graded,usable,,0.993028,0.006972,0.054371,0.938657,
img_01433,bad,consensus=bad;level1=bad;level2=bad;level3=bad,graded,bad,,0.178064,0.821936,0.000120,0.177944,
img_01434,bad,consensus=bad;level1=bad;level2=bad;level3=bad,graded,usable,,0.799147,0.200853,0.006594,0.792553,
img_01435,usable,consensus=usable;level1=good;level2=usable;level3=usable,graded,usable,,0.995045,0.004955,0.336409,0.658636,
img_01436,good,consensus=good;level1=good;level2=good;level3=good,graded,good,,0.999985,0.000015,0.946921,0.053063,
img_01437,usable,consensus=usable;level1=usable;level2=usable;level3=bad,graded,usable,,0.920858,0.079142,0.002359,0.918499,
img_01438,bad,consensus=bad;level1=bad;level2=bad;level3=bad,graded,bad,,0.000813,0.999187,0.000000,0.000813,
img_01439,usable,consensus=usable;level1=usable;level2=usable;level3=usable,graded,usable,,0.895271,0.104729,0.105720,0.789551,
img_01440,bad,consensus=bad;level1=bad;level2=usable;level3=bad,graded,bad,,0.252393,0.747607,0.012539,0.239854,
img_01444,good,consensus=good;level1=good;level2=good;level3=good,graded,good,,0.999978,0.000022,0.979705,0.020273,
img_01445,usable,consensus=usable;level1=usable;level2=usable;level3=bad,graded,good,,0.999422,0.000578,0.729813,0.269609,
img_01446,bad,consensus=bad;level1=usable;level2=bad;level3=bad,graded,usable,,0.835565,0.164435,0.010677,0.824889,
img_01447,usable,consensus=usable;level1=good;level2=usable;level3=usable,graded,good,,0.987985,0.012015,0.716746,0.271239,
img_01448,usable,consensus=usable;level1=good;level2=usable;level3=usable,graded,good,,0.998318,0.001681,0.830056,0.168263,
img_01450,usable,consensus=usable;level1=usable;level2=usable;level3=good,graded,good,,0.999519,0.000481,0.994402,0.005117,
img_01451,good,consensus=good;level1=good;level2=good;level3=good,graded,usable,,0.866059,0.133941,0.079777,0.786282,
img_01452,usable,consensus=usable;level1=usable;level2=usable;level3=usable,graded,usable,,0.871685,0.128314,0.009695,0.861990,
img_01453,bad,consensus=bad;level1=bad;level2=bad;level3=bad,graded,bad,,0.436180,0.563820,0.000790,0.435390,
img_01454,usable,consensus=usable;level1=usable;level2=usable;level3=usable,graded,usable,,0.988725,0.011275,0.187926,0.800799,
img_01455,usable,consensus=usable;level1=usable;level2=bad;level3=usable,graded,good,,0.998880,0.001120,0.856234,0.142646,
img_01456,good,consensus=good;level1=good;level2=good;level3=usable,graded,good,,0.999663,0.000337,0.878311,0.121353,
img_01457,usable,consensus=usable;level1=good;level2=usable;level3=usable,graded,good,,0.981761,0.018239,0.886571,0.095190,
img_01458,usable,consensus=usable;level1=usable;level2=usable;level3=bad,graded,good,,0.975986,0.024014,0.723488,0.252498,
img_01461,good,consensus=good;level1=good;level2=usable;level3=good,graded,usable,,0.996670,0.003329,0.381078,0.615592,
img_01462,good,consensus=good;level1=good;level2=good;level3=good,graded,good,,0.998859,0.001141,0.848244,0.150614,
img_01463,usable,consensus=usable;level1=usable;level2=usable;level3=bad,graded,usable,,0.923312,0.076688,0.032145,0.891167,
img_01464,bad,consensus=bad;level1=bad;level2=bad;level3=bad,graded,bad,,0.097667,0.902333,0.000099,0.097568,
img_01465,bad,consensus=bad;level1=usable;level2=bad;level3=bad,graded,usable,,0.856206,0.143794,0.046863,0.809343,
img_01466,bad,consensus=bad;level1=usable;level2=bad;level3=bad,graded,bad,,0.463989,0.536011,0.000682,0.463308,
img_01467,bad,consensus=bad;level1=usable;level2=bad;level3=bad,graded,usable,,0.771205,0.228795,0.020574,0.750631,
img_01468,bad,consensus=bad;level1=usable;level2=bad;level3=bad,graded,bad,,0.278142,0.721858,0.000921,0.277221,
img_01469,good,consensus=good;level1=usable;level2=good;level3=good,graded,good,,0.995046,0.004954,0.967604,0.027442,
img_01470,usable,consensus=usable;level1=usable;level2=usable;level3=usable,graded,bad,,0.403593,0.596407,0.007950,0.395642,
img_01471,bad,consensus=bad;level1=bad;level2=bad;level3=bad,graded,bad,,0.459977,0.540023,0.003662,0.456315,
img_01472,bad,consensus=bad;level1=usable;level2=bad;level3=bad,graded,usable,,0.541649,0.458351,0.012652,0.528997,
img_01473,usable,consensus=usable;level1=good;level2=usable;level3=usable,graded,good,,0.998421,0.001579,0.788566,0.209856,
img_01474,usable,consensus=usable;level1=usable;level2=usable;level3=usable,graded,usable,,0.570036,0.429964,0.001459,0.568577,
img_01475,usable,consensus=usable;level1=usable;level2=usable;level3=bad,graded,usable,,0.938695,0.061305,0.009857,0.928838,
img_01476,bad,consensus=bad;level1=usable;level2=bad;level3=bad,graded,usable,,0.975932,0.024068,0.081704,0.894227,
img_01477,bad,consensus=bad;level1=bad;level2=bad;level3=bad,graded,bad,,0.110607,0.889393,0.000325,0.110282,
img_01478,usable,consensus=usable;level1=usable;level2=usable;level3=usable,graded,usable,,0.994401,0.005599,0.411315,0.583085,
img_01479,bad,consensus=bad;level1=usable;level2=bad;level3=bad,graded,usable,,0.944869,0.055131,0.125162,0.819707,
img_01480,bad,consensus=bad;level1=bad;level2=bad;level3=bad,graded,bad,,0.328863,0.671137,0.000078,0.328786,
img_01481,usable,consensus=usable;level1=usable;level2=usable;level3=bad,graded,usable,,0.884658,0.115342,0.001817,0.882841,
img_01482,bad,consensus=bad;level1=bad;level2=bad;level3=bad,graded,bad,,0.422836,0.577164,0.000056,0.422780,
img_01483,good,consensus=good;level1=good;level2=good;level3=good,graded,good,,0.999941,0.000059,0.975458,0.024482,
img_01484,usable,consensus=usable;level1=usable;level2=usable;level3=usable,graded,good,,0.997527,0.002473,0.517395,0.480132,
img_01485,good,consensus=good;level1=good;level2=good;level3=good,graded,good,,0.999867,0.000133,0.948972,0.050896,
img_01486,usable,consensus=usable;level1=usable;level2=usable;level3=usable,graded,usable,,0.982307,0.017693,0.402455,0.579852,
img_01487,good,consensus=good;level1=good;level2=good;level3=good,graded,good,,0.996121,0.003879,0.688143,0.307978,
img_01488,bad,consensus=bad;level1=bad;level2=bad;level3=bad,graded,bad,,0.034794,0.965206,0.000011,0.034783,
img_01489,bad,consensus=bad;level1=bad;level2=bad;level3=bad,graded,bad,,0.000006,0.999994,0.000000,0.000006,
img_01490,usable,consensus=usable;level1=usable;level2=usable;level3=usable,graded,good,,0.998058,0.001942,0.613813,0.384245,
img_01491,good,consensus=good;level1=good;level2=good;level3=good,graded,good,,0.999483,0.000517,0.862582,0.136901,
img_01492,bad,consensus=bad;level1=usable;level2=bad;level3=bad,graded,usable,,0.949076,0.050924,0.006968,0.942108,
img_01493,usable,consensus=usable;level1=good;level2=usable;level3=usable,graded,good,,0.999699,0.000301,0.778046,0.221654,
img_01494,good,consensus=good;level1=good;level2=good;level3=usable,graded,good,,0.999941,0.000059,0.964128,0.035813,
img_01495,good,consensus=good;level1=good;level2=good;level3=good,graded,good,,0.999974,0.000026,0.971359,0.028615,
img_01496,bad,consensus=bad;level1=usable;level2=bad;level3=bad,graded,bad,,0.341714,0.658286,0.000963,0.340751,
img_01497,bad,consensus=bad;level1=bad;level2=bad;level3=bad,graded,bad,,0.014690,0.985310,0.000001,0.014689,
img_01498,usable,consensus=usable;level1=usable;level2=usable;level3=bad,graded,usable,,0.898698,0.101302,0.005270,0.893428,
img_01501,usable,consensus=usable;level1=usable;level2=usable;level3=bad,graded,usable,,0.953526,0.046474,0.014324,0.939202,
img_01502,usable,consensus=usable;level1=usable;level2=usable;level3=bad,graded,usable,,0.922406,0.077595,0.006755,0.915651,
img_01504,usable,consensus=usable;level1=usable;level2=usable;level3=bad,graded,usable,,0.977994,0.022006,0.035438,0.942556,
img_01505,usable,consensus=usable;level1=usable;level2=usable;level3=bad,graded,usable,,0.928581,0.071419,0.067889,0.860692,
img_01506,bad,consensus=bad;level1=bad;level2=bad;level3=bad,graded,bad,,0.230552,0.769448,0.000263,0.230289,
img_01509,bad,consensus=bad;level1=bad;level2=bad;level3=bad,graded,bad,,0.000071,0.999929,0.000000,0.000071,
img_01510,good,consensus=good;level1=good;level2=good;level3=good,graded,good,,0.999780,0.000220,0.956849,0.042930,
img_01511,usable,consensus=usable;level1=good;level2=usable;level3=usable,graded,good,,0.997918,0.002082,0.668784,0.329135,
img_01512,bad,consensus=bad;level1=bad;level2=bad;level3=bad,graded,bad,,0.016691,0.983309,0.000001,0.016690,
img_01513,bad,consensus=bad;level1=bad;level2=bad;level3=usable,graded,bad,,0.004430,0.995570,0.000000,0.004430,
img_01514,bad,consensus=bad;level1=bad;level2=bad;level3=bad,graded,bad,,0.000269,0.999731,0.000000,0.000269,
img_01515,bad,consensus=bad;level1=bad;level2=bad;level3=bad,graded,bad,,0.001863,0.998137,0.000000,0.001863,
img_01517,bad,consensus=bad;level1=bad;level2=bad;level3=bad,graded,bad,,0.000228,0.999772,0.000000,0.000228,
img_01518,bad,consensus=bad;level1=bad;level2=bad;level3=bad,graded,bad,,0.194448,0.805552,0.004574,0.189874,
img_01519,good,consensus=good;level1=good;level2=good;level3=good,graded,good,,0.999929,0.000071,0.980587,0.019342,
img_01520,good,consensus=good;level1=good;level2=good;level3=good,graded,good,,0.997551,0.002449,0.786723,0.210828,
img_01521,good,consensus=good;level1=good;level2=good;level3=good,graded,good,,0.999974,0.000026,0.991122,0.008852,
img_01522,good,consensus=good;level1=good;level2=good;level3=good,graded,good,,0.999915,0.000085,0.969525,0.030390,
img_01523,good,consensus=good;level1=good;level2=good;level3=usable,graded,good,,0.991398,0.008602,0.602351,0.389047,
img_01524,good,consensus=good;level1=good;level2=good;level3=usable,graded,usable,,0.956478,0.043522,0.121167,0.835311,
img_01525,good,consensus=good;level1=good;level2=good;level3=usable,graded,good,,0.884266,0.115734,0.739533,0.144732,
img_01526,good,consensus=good;level1=good;level2=good;level3=usable,graded,usable,,0.886251,0.113749,0.381651,0.504600,
img_01529,bad,consensus=bad;level1=bad;level2=bad;level3=bad,graded,bad,,0.000047,0.999953,0.000000,0.000047,
img_01530,bad,consensus=bad;level1=usable;level2=bad;level3=bad,graded,bad,,0.000103,0.999897,0.000000,0.000103,
img_01531,bad,consensus=bad;level1=usable;level2=bad;level3=bad,graded,bad,,0.406371,0.593629,0.009317,0.397054,
img_01532,bad,consensus=bad;level1=bad;level2=bad;level3=bad,graded,bad,,0.000136,0.999864,0.000000,0.000136,
img_01533,good,consensus=good;level1=good;level2=good;level3=good,graded,good,,0.998606,0.001394,0.956604,0.042002,
img_01534,bad,consensus=bad;level1=usable;level2=bad;level3=bad,graded,usable,,0.862145,0.137855,0.021076,0.841069,
img_01535,bad,consensus=bad;level1=bad;level2=bad;level3=bad,graded,usable,,0.637558,0.362442,0.002453,0.635105,
img_01536,bad,consensus=bad;level1=bad;level2=bad;level3=bad,graded,usable,,0.632522,0.367478,0.000514,0.632008,
img_01539,bad,consensus=bad;level1=bad;level2=bad;level3=bad,graded,bad,,0.084028,0.915972,0.000485,0.083543,
img_01540,bad,consensus=bad;level1=bad;level2=bad;level3=bad,graded,bad,,0.093160,0.906840,0.000075,0.093084,
img_01541,good,consensus=good;level1=good;level2=good;level3=good,graded,good,,0.999319,0.000681,0.816965,0.182354,
img_01542,good,consensus=good;level1=good;level2=good;level3=good,graded,good,,0.999737,0.000263,0.931133,0.068604,
img_01543,bad,consensus=bad;level1=usable;level2=bad;level3=bad,graded,usable,,0.866723,0.133277,0.023526,0.843197,
img_01544,bad,consensus=bad;level1=usable;level2=bad;level3=bad,graded,bad,,0.266246,0.733754,0.004899,0.261347,
img_01545,usable,consensus=usable;level1=good;level2=usable;level3=usable,graded,usable,,0.963910,0.036090,0.295966,0.667944,
img_01546,bad,consensus=bad;level1=usable;level2=bad;level3=bad,graded,usable,,0.760095,0.239905,0.001752,0.758343,
img_01547,bad,consensus=bad;level1=bad;level2=bad;level3=bad,graded,bad,,0.018682,0.981318,0.000002,0.018680,
img_01548,usable,consensus=usable;level1=usable;level2=usable;level3=bad,graded,usable,,0.669722,0.330278,0.006350,0.663372,
img_01549,bad,consensus=bad;level1=usable;level2=bad;level3=bad,graded,good,,0.995957,0.004043,0.721575,0.274382,
img_01550,usable,consensus=usable;level1=usable;level2=usable;level3=bad,graded,good,,0.996758,0.003242,0.737143,0.259616,
img_01551,good,consensus=good;level1=good;level2=usable;level3=good,graded,good,,0.999816,0.000184,0.952375,0.047441,
img_01552,good,consensus=good;level1=good;level2=good;level3=good,graded,good,,0.999837,0.000163,0.926285,0.073553,
img_01553,good,consensus=good;level1=good;level2=good;level3=good,graded,good,,0.999901,0.000099,0.919831,0.080069,
img_01554,bad,consensus=bad;level1=usable;level2=bad;level3=bad,graded,usable,,0.975526,0.024474,0.105786,0.869740,
img_01555,bad,consensus=bad;level1=usable;level2=bad;level3=bad,graded,usable,,0.966753,0.033247,0.094335,0.872418,
img_01556,bad,consensus=bad;level1=bad;level2=bad;level3=bad,graded,usable,,0.612584,0.387416,0.005648,0.606936,
img_01557,bad,consensus=bad;level1=bad;level2=bad;level3=bad,graded,usable,,0.784744,0.215255,0.000787,0.783957,
img_01558,bad,consensus=bad;level1=bad;level2=bad;level3=bad,graded,bad,,0.214428,0.785572,0.000124,0.214305,
img_01559,bad,consensus=bad;level1=bad;level2=bad;level3=bad,graded,usable,,0.561360,0.438640,0.005394,0.555966,
img_01560,bad,consensus=bad;level1=bad;level2=bad;level3=bad,graded,bad,,0.006197,0.993803,0.000002,0.006195,
img_01561,bad,consensus=bad;level1=bad;level2=bad;level3=bad,graded,usable,,0.573959,0.426041,0.001645,0.572314,
img_01562,usable,consensus=usable;level1=good;level2=usable;level3=usable,graded,usable,,0.969044,0.030956,0.036091,0.932953,
img_01563,bad,consensus=bad;level1=usable;level2=bad;level3=bad,graded,usable,,0.911417,0.088583,0.004631,0.906786,
img_01564,usable,consensus=usable;level1=usable;level2=good;level3=usable,graded,good,,0.928589,0.071411,0.797690,0.130899,
img_01565,usable,consensus=usable;level1=usable;level2=usable;level3=usable,graded,good,,0.944159,0.055841,0.752284,0.191875,
img_01569,good,consensus=good;level1=good;level2=good;level3=usable,graded,good,,0.999715,0.000285,0.852650,0.147065,
img_01570,bad,consensus=bad;level1=usable;level2=bad;level3=bad,graded,usable,,0.948527,0.051473,0.034254,0.914273,
img_01571,good,consensus=good;level1=good;level2=good;level3=good,graded,good,,0.999088,0.000912,0.933055,0.066033,
img_01573,good,consensus=good;level1=good;level2=good;level3=good,graded,good,,0.990416,0.009584,0.772583,0.217833,
img_01575,bad,consensus=bad;level1=usable;level2=bad;level3=bad,graded,bad,,0.003456,0.996544,0.000000,0.003455,
img_01576,bad,consensus=bad;level1=bad;level2=bad;level3=bad,graded,bad,,0.019738,0.980262,0.000019,0.019718,
img_01577,bad,consensus=bad;level1=bad;level2=bad;level3=bad,graded,bad,,0.000231,0.999769,0.000000,0.000231,
img_01580,bad,consensus=bad;level1=bad;level2=bad;level3=bad,graded,bad,,0.001795,0.998205,0.000000,0.001795,
img_01581,bad,consensus=bad;level1=bad;level2=bad;level3=bad,graded,usable,,0.510759,0.489241,0.009598,0.501162,
img_01582,bad,consensus=bad;level1=bad;level2=bad;level3=bad,graded,bad,,0.282725,0.717275,0.000543,0.282181,
img_01584,bad,consensus=bad;level1=bad;level2=bad;level3=bad,graded,bad,,0.000297,0.999703,0.000000,0.000297,
img_01585,bad,consensus=bad;level1=bad;level2=bad;level3=bad,graded,bad,,0.070093,0.929907,0.000098,0.069995,
img_01586,bad,consensus=bad;level1=usable;level2=bad;level3=bad,graded,usable,,0.874611,0.125389,0.147607,0.727004,
img_01587,bad,consensus=bad;level1=usable;level2=bad;level3=bad,graded,usable,,0.881502,0.118498,0.025499,0.856003,
img_01588,bad,consensus=bad;level1=usable;level2=bad;level3=bad,graded,usable,,0.920066,0.079934,0.029947,0.890119,
img_01589,bad,consensus=bad;level1=bad;level2=bad;level3=bad,graded,bad,,0.006304,0.993696,0.000000,0.006304,
img_01590,bad,consensus=bad;level1=bad;level2=bad;level3=bad,graded,bad,,0.088030,0.911970,0.000006,0.088025,
img_01591,bad,consensus=bad;level1=bad;level2=bad;level3=bad,graded,bad,,0.002946,0.997054,0.000000,0.002945,
img_01592,bad,consensus=bad;level1=bad;level2=bad;level3=bad,graded,bad,,0.000231,0.999769,0.000000,0.000231,
img_01593,bad,consensus=bad;level1=bad;level2=bad;level3=bad,graded,bad,,0.000234,0.999766,0.000000,0.000233,
img_01594,bad,consensus=bad;level1=bad;level2=bad;level3=bad,graded,bad,,0.047258,0.952742,0.000187,0.047071,
img_01595,bad,consensus=bad;level1=bad;level2=bad;level3=bad,graded,bad,,0.011567,0.988433,0.000005,0.011562,
img_01596,bad,consensus=bad;level1=bad;level2=bad;level3=bad,graded,bad,,0.003666,0.996334,0.000001,0.003665,
img_01599,good,consensus=good;level1=good;level2=good;level3=good,graded,good,,0.999972,0.000028,0.980681,0.019291,
img_01600,usable,consensus=usable;level1=good;level2=usable;level3=usable,graded,good,,0.999886,0.000114,0.917445,0.082441,
img_01601,good,consensus=good;level1=good;level2=good;level3=good,graded,good,,0.999949,0.000051,0.945494,0.054455,
img_01602,usable,consensus=usable;level1=good;level2=usable;level3=usable,graded,usable,,0.966577,0.033423,0.057293,0.909284,
img_01603,usable,consensus=usable;level1=good;level2=usable;level3=usable,graded,usable,,0.984452,0.015548,0.424343,0.560110,
img_01604,usable,consensus=usable;level1=usable;level2=usable;level3=usable,graded,usable,,0.971454,0.028546,0.192678,0.778776,
img_01605,good,consensus=good;level1=good;level2=good;level3=good,graded,good,,0.999936,0.000064,0.947232,0.052704,
img_01606,usable,consensus=usable;level1=usable;level2=usable;level3=bad,graded,usable,,0.949649,0.050351,0.076548,0.873101,
img_01607,usable,consensus=usable;level1=usable;level2=usable;level3=usable,graded,usable,,0.979239,0.020761,0.094534,0.884705,
img_01608,bad,consensus=bad;level1=bad;level2=bad;level3=bad,graded,usable,,0.881770,0.118230,0.067404,0.814367,
img_01609,usable,consensus=usable;level1=usable;level2=usable;level3=bad,graded,good,,0.999587,0.000413,0.892711,0.106877,
img_01610,bad,consensus=bad;level1=usable;level2=bad;level3=bad,graded,usable,,0.631211,0.368789,0.006725,0.624486,
img_01611,bad,consensus=bad;level1=usable;level2=bad;level3=bad,graded,bad,,0.491509,0.508491,0.002094,0.489415,
img_01612,bad,consensus=bad;level1=bad;level2=bad;level3=bad,graded,bad,,0.216305,0.783695,0.000131,0.216175,
img_01613,usable,consensus=usable;level1=good;level2=usable;level3=usable,graded,good,,0.985523,0.014477,0.663217,0.322306,
img_01614,good,consensus=good;level1=good;level2=usable;level3=good,graded,good,,0.925828,0.074172,0.667220,0.258608,
img_01620,bad,consensus=bad;level1=bad;level2=bad;level3=bad,graded,bad,,0.021266,0.978734,0.000016,0.021249,
img_01621,bad,consensus=bad;level1=usable;level2=bad;level3=bad,graded,usable,,0.560274,0.439726,0.033700,0.526574,
img_01622,bad,consensus=bad;level1=usable;level2=bad;level3=bad,graded,usable,,0.765046,0.234954,0.010347,0.754700,
img_01625,bad,consensus=bad;level1=usable;level2=bad;level3=bad,graded,usable,,0.901389,0.098611,0.038145,0.863244,
img_01626,usable,consensus=usable;level1=good;level2=usable;level3=usable,graded,good,,0.996828,0.003172,0.678484,0.318344,
img_01627,bad,consensus=bad;level1=bad;level2=bad;level3=bad,graded,usable,,0.782133,0.217867,0.016980,0.765152,
img_01630,usable,consensus=usable;level1=good;level2=usable;level3=usable,graded,usable,,0.984724,0.015276,0.251672,0.733052,
img_01635,bad,consensus=bad;level1=bad;level2=bad;level3=bad,graded,bad,,0.167277,0.832723,0.000048,0.167229,
img_01636,bad,consensus=bad;level1=bad;level2=bad;level3=bad,graded,bad,,0.060756,0.939244,0.000005,0.060750,
img_01642,usable,consensus=usable;level1=good;level2=usable;level3=usable,graded,good,,0.999134,0.000866,0.704863,0.294271,
img_01643,usable,consensus=usable;level1=good;level2=usable;level3=usable,graded,usable,,0.976114,0.023886,0.159430,0.816684,
img_01644,usable,consensus=usable;level1=good;level2=usable;level3=usable,graded,good,,0.999791,0.000209,0.948966,0.050825,
img_01645,usable,consensus=usable;level1=usable;level2=usable;level3=usable,graded,good,,0.999544,0.000456,0.932521,0.067023,
img_01646,usable,consensus=usable;level1=usable;level2=good;level3=usable,graded,usable,,0.995665,0.004335,0.395193,0.600472,
img_01647,good,consensus=good;level1=good;level2=good;level3=usable,graded,good,,0.999614,0.000386,0.813868,0.185747,
img_01648,usable,consensus=usable;level1=usable;level2=good;level3=usable,graded,usable,,0.996014,0.003986,0.380469,0.615546,
img_01649,usable,consensus=usable;level1=usable;level2=usable;level3=bad,graded,usable,,0.865678,0.134322,0.042425,0.823253,
img_01650,usable,consensus=usable;level1=usable;level2=usable;level3=bad,graded,usable,,0.989965,0.010035,0.396897,0.593068,
img_01653,usable,consensus=usable;level1=good;level2=usable;level3=usable,graded,usable,,0.941654,0.058346,0.251468,0.690186,
img_01654,bad,consensus=bad;level1=bad;level2=bad;level3=bad,graded,usable,,0.596785,0.403215,0.002438,0.594347,
img_01655,bad,consensus=bad;level1=bad;level2=bad;level3=bad,graded,bad,,0.315839,0.684161,0.001114,0.314725,
img_01656,bad,consensus=bad;level1=usable;level2=bad;level3=bad,graded,usable,,0.991681,0.008319,0.090846,0.900835,
img_01657,bad,consensus=bad;level1=usable;level2=bad;level3=bad,graded,usable,,0.944499,0.055501,0.031786,0.912713,
img_01658,bad,consensus=bad;level1=bad;level2=bad;level3=bad,graded,bad,,0.133010,0.866990,0.000136,0.132874,
img_01660,bad,consensus=bad;level1=bad;level2=bad;level3=bad,graded,bad,,0.048393,0.951607,0.000098,0.048295,
img_01661,bad,consensus=bad;level1=bad;level2=bad;level3=bad,graded,bad,,0.079031,0.920969,0.000006,0.079026,
img_01662,bad,consensus=bad;level1=bad;level2=bad;level3=bad,graded,usable,,0.777561,0.222438,0.011683,0.765879,
img_01664,bad,consensus=bad;level1=bad;level2=bad;level3=bad,graded,bad,,0.067408,0.932592,0.005071,0.062337,
img_01665,bad,consensus=bad;level1=usable;level2=bad;level3=bad,graded,usable,,0.906874,0.093126,0.008477,0.898397,
img_01666,usable,consensus=usable;level1=good;level2=usable;level3=usable,graded,usable,,0.984865,0.015135,0.115508,0.869358,
img_01667,bad,consensus=bad;level1=bad;level2=bad;level3=bad,graded,bad,,0.000073,0.999927,0.000000,0.000073,
img_01668,bad,consensus=bad;level1=bad;level2=bad;level3=bad,graded,bad,,0.000019,0.999981,0.000000,0.000019,
img_01669,good,consensus=good;level1=good;level2=usable;level3=good,graded,good,,0.999306,0.000694,0.964025,0.035281,
img_01670,usable,consensus=usable;level1=usable;level2=usable;level3=usable,graded,usable,,0.968590,0.031410,0.364062,0.604528,
img_01671,bad,consensus=bad;level1=bad;level2=bad;level3=bad,graded,usable,,0.552410,0.447590,0.000202,0.552207,
img_01672,usable,consensus=usable;level1=good;level2=usable;level3=usable,graded,usable,,0.980340,0.019660,0.213549,0.766791,
img_01673,bad,consensus=bad;level1=bad;level2=bad;level3=bad,graded,bad,,0.037568,0.962432,0.000003,0.037566,
img_01674,bad,consensus=bad;level1=usable;level2=bad;level3=bad,graded,usable,,0.906462,0.093538,0.012914,0.893548,
img_01675,good,consensus=good;level1=good;level2=usable;level3=good,graded,good,,0.999802,0.000198,0.881109,0.118693,
img_01676,good,consensus=good;level1=good;level2=good;level3=usable,graded,good,,0.995084,0.004916,0.619338,0.375746,
img_01677,usable,consensus=usable;level1=usable;level2=good;level3=usable,graded,usable,,0.971029,0.028971,0.266417,0.704612,
img_01678,usable,consensus=usable;level1=good;level2=usable;level3=usable,graded,good,,0.999950,0.000050,0.946116,0.053834,
img_01679,bad,consensus=bad;level1=usable;level2=bad;level3=bad,graded,usable,,0.621608,0.378392,0.003474,0.618134,
img_01680,bad,consensus=bad;level1=usable;level2=bad;level3=bad,graded,usable,,0.989260,0.010740,0.130635,0.858625,
img_01684,good,consensus=good;level1=good;level2=good;level3=good,graded,good,,0.999960,0.000040,0.971493,0.028467,
img_01685,good,consensus=good;level1=good;level2=usable;level3=good,graded,good,,0.999820,0.000180,0.921283,0.078536,
img_01686,good,consensus=good;level1=good;level2=good;level3=good,graded,good,,0.999845,0.000154,0.942756,0.057090,
img_01687,bad,consensus=bad;level1=bad;level2=bad;level3=bad,graded,bad,,0.404698,0.595302,0.000225,0.404473,
img_01688,bad,consensus=bad;level1=usable;level2=bad;level3=bad,graded,usable,,0.879853,0.120147,0.002259,0.877594,
img_01689,usable,consensus=usable;level1=usable;level2=usable;level3=good,graded,good,,0.994024,0.005976,0.978320,0.015703,
img_01690,usable,consensus=usable;level1=usable;level2=usable;level3=usable,graded,usable,,0.912501,0.087499,0.371051,0.541450,
img_01691,usable,consensus=usable;level1=usable;level2=usable;level3=good,graded,good,,0.999481,0.000519,0.961122,0.038359,
img_01692,usable,consensus=usable;level1=usable;level2=good;level3=usable,graded,good,,0.989727,0.010273,0.838109,0.151618,
img_01693,usable,consensus=usable;level1=good;level2=usable;level3=usable,graded,good,,0.999621,0.000379,0.954397,0.045224,
img_01694,bad,consensus=bad;level1=bad;level2=bad;level3=bad,graded,bad,,0.003185,0.996815,0.000003,0.003182,
img_01695,bad,consensus=bad;level1=bad;level2=bad;level3=bad,graded,usable,,0.774552,0.225448,0.004266,0.770286,
img_01696,good,consensus=good;level1=good;level2=usable;level3=good,graded,good,,0.999998,0.000002,0.993051,0.006947,
img_01697,good,consensus=good;level1=good;level2=good;level3=good,graded,good,,0.999959,0.000041,0.971622,0.028337,
img_01698,good,consensus=good;level1=good;level2=good;level3=good,graded,good,,0.999110,0.000890,0.701680,0.297430,
img_01699,usable,consensus=usable;level1=usable;level2=bad;level3=usable,graded,usable,,0.973128,0.026872,0.412808,0.560320,
img_01700,usable,consensus=usable;level1=usable;level2=usable;level3=usable,graded,good,,0.995273,0.004727,0.779462,0.215811,
img_01701,bad,consensus=bad;level1=usable;level2=bad;level3=bad,graded,usable,,0.730405,0.269595,0.006141,0.724264,
img_01702,bad,consensus=bad;level1=bad;level2=bad;level3=bad,graded,usable,,0.976093,0.023907,0.152231,0.823862,
img_01703,bad,consensus=bad;level1=bad;level2=bad;level3=bad,graded,usable,,0.801754,0.198246,0.103069,0.698684,
img_01704,usable,consensus=usable;level1=usable;level2=usable;level3=usable,graded,good,,0.986586,0.013414,0.810068,0.176518,
img_01705,usable,consensus=usable;level1=usable;level2=usable;level3=bad,graded,usable,,0.857567,0.142433,0.231080,0.626487,
img_01708,bad,consensus=bad;level1=usable;level2=bad;level3=bad,graded,usable,,0.983250,0.016750,0.398061,0.585188,
img_01709,bad,consensus=bad;level1=usable;level2=bad;level3=bad,graded,usable,,0.977353,0.022647,0.440968,0.536385,
img_01710,usable,consensus=usable;level1=good;level2=usable;level3=usable,graded,usable,,0.977414,0.022586,0.104831,0.872583,
img_01711,bad,consensus=bad;level1=bad;level2=bad;level3=bad,graded,usable,,0.834428,0.165572,0.006979,0.827449,
img_01712,usable,consensus=usable;level1=usable;level2=usable;level3=good,graded,good,,0.996059,0.003941,0.775888,0.220170,
img_01713,bad,consensus=bad;level1=bad;level2=bad;level3=bad,graded,bad,,0.322965,0.677035,0.001193,0.321772,
img_01714,bad,consensus=bad;level1=usable;level2=bad;level3=bad,graded,bad,,0.321382,0.678618,0.004984,0.316397,
img_01715,bad,consensus=bad;level1=bad;level2=bad;level3=bad,graded,bad,,0.035064,0.964936,0.000031,0.035034,
img_01716,bad,consensus=bad;level1=bad;level2=bad;level3=usable,graded,bad,,0.195235,0.804765,0.000585,0.194650,
img_01717,bad,consensus=bad;level1=usable;level2=bad;level3=bad,graded,bad,,0.134709,0.865291,0.000321,0.134388,
img_01718,bad,consensus=bad;level1=bad;level2=bad;level3=bad,graded,bad,,0.442026,0.557974,0.074221,0.367805,
img_01719,bad,consensus=bad;level1=bad;level2=bad;level3=bad,graded,bad,,0.055474,0.944526,0.008232,0.047242,
img_01720,bad,consensus=bad;level1=bad;level2=bad;level3=bad,graded,bad,,0.468992,0.531008,0.042748,0.426244,
img_01721,bad,consensus=bad;level1=bad;level2=bad;level3=bad,graded,bad,,0.012094,0.987906,0.000090,0.012004,
img_01722,usable,consensus=usable;level1=bad;level2=usable;level3=usable,graded,usable,,0.998443,0.001557,0.450040,0.548403,
img_01723,bad,consensus=bad;level1=bad;level2=bad;level3=bad,graded,bad,,0.000481,0.999519,0.000000,0.000481,
img_01724,bad,consensus=bad;level1=usable;level2=bad;level3=bad,graded,usable,,0.909978,0.090022,0.008697,0.901282,
img_01725,bad,consensus=bad;level1=usable;level2=bad;level3=bad,graded,usable,,0.568498,0.431502,0.000894,0.567604,
img_01726,good,consensus=good;level1=good;level2=usable;level3=good,graded,good,,0.999907,0.000093,0.965066,0.034841,
img_01727,good,consensus=good;level1=good;level2=good;level3=good,graded,good,,0.997207,0.002794,0.826494,0.170713,
img_01728,usable,consensus=usable;level1=usable;level2=usable;level3=usable,graded,good,,0.994154,0.005847,0.554630,0.439524,
img_01729,usable,consensus=usable;level1=usable;level2=usable;level3=usable,graded,good,,0.998452,0.001548,0.828156,0.170296,
img_01730,good,consensus=good;level1=good;level2=good;level3=usable,graded,good,,0.999959,0.000041,0.986415,0.013544,
img_01731,usable,consensus=usable;level1=usable;level2=usable;level3=bad,graded,usable,,0.945429,0.054571,0.049903,0.895526,
img_01732,bad,consensus=bad;level1=bad;level2=bad;level3=bad,graded,bad,,0.005744,0.994256,0.000001,0.005744,
img_01733,usable,consensus=usable;level1=usable;level2=bad;level3=usable,graded,good,,0.987394,0.012606,0.847003,0.140391,
img_01734,bad,consensus=bad;level1=bad;level2=bad;level3=bad,graded,usable,,0.904328,0.095672,0.010324,0.894004,
img_01735,bad,consensus=bad;level1=bad;level2=bad;level3=bad,graded,usable,,0.623681,0.376319,0.004464,0.619217,
img_01736,bad,consensus=bad;level1=usable;level2=bad;level3=bad,graded,usable,,0.955463,0.044537,0.036390,0.919073,
img_01737,bad,consensus=bad;level1=bad;level2=bad;level3=bad,graded,usable,,0.643301,0.356699,0.060786,0.582515,
img_01738,usable,consensus=usable;level1=usable;level2=usable;level3=bad,graded,usable,,0.908929,0.091071,0.074206,0.834723,
img_01739,usable,consensus=usable;level1=usable;level2=usable;level3=bad,graded,usable,,0.849022,0.150978,0.029293,0.819728,
img_01740,usable,consensus=usable;level1=usable;level2=usable;level3=bad,graded,usable,,0.989870,0.010130,0.479387,0.510482,
img_01741,bad,consensus=bad;level1=usable;level2=bad;level3=bad,graded,usable,,0.904545,0.095455,0.058303,0.846242,
img_01742,bad,consensus=bad;level1=bad;level2=bad;level3=bad,graded,usable,,0.879734,0.120266,0.012360,0.867374,
img_01743,good,consensus=good;level1=good;level2=good;level3=usable,graded,good,,0.999876,0.000124,0.898942,0.100934,
img_01753,usable,consensus=usable;level1=usable;level2=usable;level3=bad,graded,usable,,0.959569,0.040431,0.055712,0.903856,
img_01754,bad,consensus=bad;level1=usable;level2=bad;level3=bad,graded,usable,,0.645296,0.354704,0.004075,0.641221,
img_01755,usable,consensus=usable;level1=usable;level2=usable;level3=bad,graded,usable,,0.962443,0.037557,0.090591,0.871852,
img_01756,bad,consensus=bad;level1=bad;level2=bad;level3=bad,graded,bad,,0.227314,0.772687,0.000294,0.227019,
img_01757,usable,consensus=usable;level1=usable;level2=usable;level3=bad,graded,usable,,0.837613,0.162387,0.109560,0.728053,
img_01758,usable,consensus=usable;level1=usable;level2=usable;level3=bad,graded,usable,,0.963658,0.036342,0.237092,0.726566,
img_01759,usable,consensus=usable;level1=good;level2=usable;level3=usable,graded,usable,,0.992904,0.007096,0.359270,0.633635,
img_01760,usable,consensus=usable;level1=good;level2=usable;level3=usable,graded,good,,0.997896,0.002104,0.816781,0.181116,
img_01761,good,consensus=good;level1=good;level2=good;level3=good,graded,good,,0.999985,0.000015,0.990749,0.009236,
img_01762,good,consensus=good;level1=good;level2=good;level3=good,graded,good,,0.999984,0.000016,0.972424,0.027560,
img_01763,usable,consensus=usable;level1=good;level2=usable;level3=usable,graded,good,,0.999745,0.000254,0.794158,0.205587,
img_01764,bad,consensus=bad;level1=usable;level2=bad;level3=bad,graded,usable,,0.978674,0.021326,0.347631,0.631044,
img_01765,bad,consensus=bad;level1=usable;level2=bad;level3=bad,graded,good,,0.996782,0.003218,0.787647,0.209135,
img_01766,bad,consensus=bad;level1=good;level2=bad;level3=bad,graded,usable,,0.995829,0.004171,0.382059,0.613770,
img_01767,bad,consensus=bad;level1=usable;level2=bad;level3=bad,graded,usable,,0.902742,0.097258,0.008830,0.893912,
img_01768,usable,consensus=usable;level1=good;level2=usable;level3=usable,graded,good,,0.997243,0.002757,0.502149,0.495094,
img_01769,good,consensus=good;level1=good;level2=good;level3=good,graded,good,,0.999958,0.000042,0.917995,0.081963,
img_01770,usable,consensus=usable;level1=good;level2=usable;level3=usable,graded,usable,,0.992236,0.007764,0.350971,0.641264,
img_01771,bad,consensus=bad;level1=good;level2=bad;level3=bad,graded,good,,0.989450,0.010550,0.571433,0.418017,
img_01772,bad,consensus=bad;level1=usable;level2=bad;level3=bad,graded,usable,,0.966270,0.033730,0.081075,0.885195,
img_01773,bad,consensus=bad;level1=bad;level2=bad;level3=bad,graded,bad,,0.060883,0.939117,0.000033,0.060850,
img_01774,usable,consensus=usable;level1=usable;level2=bad;level3=usable,graded,usable,,0.993350,0.006650,0.309726,0.683624,
img_01775,bad,consensus=bad;level1=bad;level2=bad;level3=bad,graded,bad,,0.001461,0.998538,0.000000,0.001461,
img_01776,usable,consensus=usable;level1=usable;level2=usable;level3=bad,graded,usable,,0.719938,0.280062,0.050764,0.669174,
img_01777,usable,consensus=usable;level1=usable;level2=good;level3=usable,graded,usable,,0.968378,0.031622,0.297690,0.670688,
img_01778,bad,consensus=bad;level1=bad;level2=bad;level3=bad,graded,bad,,0.007324,0.992676,0.000001,0.007323,
img_01787,bad,consensus=bad;level1=bad;level2=bad;level3=bad,graded,bad,,0.025330,0.974671,0.000062,0.025267,
img_01797,bad,consensus=bad;level1=bad;level2=bad;level3=bad,graded,bad,,0.222547,0.777453,0.000241,0.222306,
img_01807,bad,consensus=bad;level1=bad;level2=bad;level3=bad,graded,bad,,0.087079,0.912921,0.000236,0.086843,
img_01808,bad,consensus=bad;level1=usable;level2=bad;level3=bad,graded,usable,,0.985209,0.014791,0.414346,0.570862,
img_01809,bad,consensus=bad;level1=bad;level2=bad;level3=bad,graded,usable,,0.621133,0.378867,0.000904,0.620229,
img_01810,bad,consensus=bad;level1=bad;level2=bad;level3=bad,graded,bad,,0.000145,0.999855,0.000000,0.000145,
img_01811,usable,consensus=usable;level1=bad;level2=usable;level3=usable,graded,usable,,0.993995,0.006005,0.280027,0.713968,
img_01812,bad,consensus=bad;level1=bad;level2=bad;level3=bad,graded,bad,,0.247551,0.752449,0.000143,0.247408,
img_01813,bad,consensus=bad;level1=usable;level2=bad;level3=bad,graded,bad,,0.349635,0.650365,0.000539,0.349096,
img_01814,bad,consensus=bad;level1=usable;level2=bad;level3=bad,graded,bad,,0.467653,0.532347,0.000908,0.466745,
img_01815,bad,consensus=bad;level1=bad;level2=bad;level3=bad,graded,bad,,0.283060,0.716940,0.000775,0.282285,
img_01816,bad,consensus=bad;level1=bad;level2=bad;level3=bad,graded,bad,,0.029826,0.970174,0.000003,0.029824,
img_01817,bad,consensus=bad;level1=bad;level2=bad;level3=bad,graded,bad,,0.406851,0.593149,0.001610,0.405241,
img_01818,bad,consensus=bad;level1=bad;level2=bad;level3=bad,graded,bad,,0.021038,0.978962,0.000004,0.021034,
img_01819,bad,consensus=bad;level1=bad;level2=bad;level3=bad,graded,bad,,0.008550,0.991450,0.000009,0.008541,
img_01820,bad,consensus=bad;level1=bad;level2=bad;level3=bad,graded,bad,,0.095516,0.904484,0.000412,0.095103,
img_01821,usable,consensus=usable;level1=usable;level2=usable;level3=bad,graded,bad,,0.083559,0.916441,0.000533,0.083026,
img_01822,usable,consensus=usable;level1=usable;level2=usable;level3=bad,graded,usable,,0.920838,0.079162,0.051746,0.869093,
img_01823,good,consensus=good;level1=good;level2=good;level3=usable,graded,good,,0.992402,0.007598,0.578784,0.413618,
img_01824,bad,consensus=bad;level1=usable;level2=bad;level3=bad,graded,usable,,0.845052,0.154948,0.016673,0.828379,
img_01825,bad,consensus=bad;level1=usable;level2=bad;level3=bad,graded,bad,,0.111980,0.888020,0.000154,0.111827,
img_01826,usable,consensus=usable;level1=usable;level2=usable;level3=bad,graded,usable,,0.602541,0.397459,0.009292,0.593250,
img_01827,usable,consensus=usable;level1=usable;level2=usable;level3=usable,graded,good,,0.987972,0.012028,0.793131,0.194841,
img_01828,bad,consensus=bad;level1=usable;level2=bad;level3=bad,graded,usable,,0.825560,0.174440,0.053089,0.772471,
img_01829,bad,consensus=bad;level1=bad;level2=bad;level3=bad,graded,bad,,0.008575,0.991425,0.000028,0.008546,
img_01830,usable,consensus=usable;level1=good;level2=usable;level3=usable,graded,good,,0.998697,0.001303,0.762911,0.235786,
img_01831,bad,consensus=bad;level1=usable;level2=bad;level3=bad,graded,bad,,0.089724,0.910276,0.003062,0.086662,
img_01832,usable,consensus=usable;level1=usable;level2=usable;level3=bad,graded,usable,,0.923452,0.076548,0.006160,0.917292,
img_01833,bad,consensus=bad;level1=bad;level2=bad;level3=bad,graded,usable,,0.815141,0.184858,0.001266,0.813875,
img_01834,good,consensus=good;level1=good;level2=good;level3=good,graded,good,,0.999985,0.000015,0.966916,0.033069,
img_01835,good,consensus=good;level1=good;level2=good;level3=usable,graded,good,,0.999932,0.000068,0.913141,0.086791,
img_01836,good,consensus=good;level1=good;level2=good;level3=good,graded,good,,0.999207,0.000793,0.952664,0.046543,
img_01837,usable,consensus=usable;level1=good;level2=usable;level3=usable,graded,good,,0.993620,0.006380,0.497655,0.495966,
img_01838,good,consensus=good;level1=good;level2=good;level3=good,graded,good,,0.999908,0.000092,0.976421,0.023487,
img_01847,bad,consensus=bad;level1=bad;level2=bad;level3=bad,graded,bad,,0.000831,0.999169,0.000001,0.000830,
img_01859,usable,consensus=usable;level1=usable;level2=usable;level3=bad,graded,usable,,0.549301,0.450699,0.032928,0.516373,
img_01861,bad,consensus=bad;level1=usable;level2=bad;level3=bad,graded,good,,0.999130,0.000871,0.503801,0.495329,
img_01862,bad,consensus=bad;level1=bad;level2=bad;level3=bad,graded,bad,,0.104107,0.895893,0.000089,0.104019,
img_01864,bad,consensus=bad;level1=usable;level2=bad;level3=bad,graded,usable,,0.920214,0.079786,0.249002,0.671212,
img_01865,bad,consensus=bad;level1=bad;level2=bad;level3=bad,graded,usable,,0.966489,0.033511,0.197587,0.768902,
img_01866,usable,consensus=usable;level1=usable;level2=usable;level3=bad,graded,usable,,0.992093,0.007907,0.403180,0.588913,
img_01868,bad,consensus=bad;level1=bad;level2=bad;level3=bad,graded,bad,,0.000396,0.999604,0.000000,0.000396,
img_01869,bad,consensus=bad;level1=bad;level2=bad;level3=bad,graded,bad,,0.087869,0.912131,0.000012,0.087857,
img_01870,bad,consensus=bad;level1=bad;level2=bad;level3=bad,graded,bad,,0.479231,0.520769,0.001110,0.478121,
img_01871,usable,consensus=usable;level1=good;level2=usable;level3=usable,graded,good,,0.999981,0.000019,0.967451,0.032530,
img_01872,good,consensus=good;level1=good;level2=good;level3=good,graded,good,,0.999501,0.000499,0.867357,0.132145,
img_01873,usable,consensus=usable;level1=good;level2=usable;level3=usable,graded,good,,0.999904,0.000096,0.885674,0.114230,
img_01884,good,consensus=good;level1=good;level2=good;level3=good,graded,good,,0.999899,0.000101,0.959640,0.040259,
img_01886,good,consensus=good;level1=good;level2=good;level3=good,graded,good,,0.999780,0.000220,0.955380,0.044401,
img_01887,usable,consensus=usable;level1=usable;level2=usable;level3=bad,graded,usable,,0.874092,0.125908,0.107998,0.766094,
img_01888,usable,consensus=usable;level1=usable;level2=usable;level3=bad,graded,usable,,0.972678,0.027322,0.350151,0.622527,
img_01889,bad,consensus=bad;level1=bad;level2=bad;level3=bad,graded,bad,,0.142910,0.857090,0.000742,0.142168,
img_01890,bad,consensus=bad;level1=usable;level2=bad;level3=bad,graded,bad,,0.299950,0.700050,0.004610,0.295340,
img_01891,usable,consensus=usable;level1=usable;level2=usable;level3=usable,graded,usable,,0.920551,0.079449,0.419771,0.500780,
img_01892,usable,consensus=usable;level1=usable;level2=usable;level3=usable,graded,usable,,0.904181,0.095819,0.198354,0.705827,
img_01893,good,consensus=good;level1=good;level2=good;level3=usable,graded,usable,,0.777693,0.222307,0.013826,0.763868,
img_01894,good,consensus=good;level1=good;level2=usable;level3=good,graded,good,,0.997980,0.002020,0.703023,0.294958,
img_01895,bad,consensus=bad;level1=usable;level2=bad;level3=bad,graded,usable,,0.813037,0.186962,0.003823,0.809215,
img_01898,good,consensus=good;level1=good;level2=usable;level3=good,graded,good,,0.999999,0.000001,0.995741,0.004257,
img_01899,good,consensus=good;level1=good;level2=good;level3=good,graded,good,,0.999988,0.000012,0.977811,0.022178,
img_01900,bad,consensus=bad;level1=bad;level2=bad;level3=bad,graded,bad,,0.023657,0.976343,0.000002,0.023655,
img_01901,usable,consensus=usable;level1=usable;level2=usable;level3=bad,graded,usable,,0.905606,0.094394,0.007708,0.897898,
img_01902,usable,consensus=usable;level1=usable;level2=bad;level3=usable,graded,good,,0.997298,0.002702,0.831300,0.165998,
img_01903,good,consensus=good;level1=good;level2=bad;level3=good,graded,good,,0.999077,0.000923,0.905169,0.093908,
img_01904,bad,consensus=bad;level1=bad;level2=bad;level3=bad,graded,bad,,0.039050,0.960950,0.000044,0.039007,
img_01906,bad,consensus=bad;level1=bad;level2=bad;level3=bad,graded,bad,,0.026453,0.973548,0.000022,0.026431,
img_01907,bad,consensus=bad;level1=bad;level2=bad;level3=bad,graded,bad,,0.001002,0.998998,0.000000,0.001002,
img_01910,usable,consensus=usable;level1=usable;level2=good;level3=usable,graded,usable,,0.640974,0.359026,0.010693,0.630282,
img_01911,usable,consensus=usable;level1=usable;level2=usable;level3=good,graded,usable,,0.953233,0.046767,0.063965,0.889267,
img_01912,bad,consensus=bad;level1=bad;level2=bad;level3=bad,graded,bad,,0.270300,0.729700,0.000182,0.270118,
img_01913,bad,consensus=bad;level1=bad;level2=bad;level3=bad,graded,bad,,0.013042,0.986958,0.000004,0.013038,
img_01914,bad,consensus=bad;level1=bad;level2=bad;level3=bad,graded,usable,,0.554353,0.445647,0.000639,0.553714,
img_01915,bad,consensus=bad;level1=bad;level2=bad;level3=bad,graded,usable,,0.587508,0.412492,0.000810,0.586698,
img_01916,bad,consensus=bad;level1=bad;level2=bad;level3=bad,graded,bad,,0.421596,0.578404,0.001112,0.420485,
img_01917,good,consensus=good;level1=usable;level2=good;level3=good,graded,good,,0.996474,0.003526,0.971629,0.024845,
img_01918,good,consensus=good;level1=good;level2=good;level3=good,graded,good,,0.998027,0.001973,0.976490,0.021537,
img_01919,bad,consensus=bad;level1=bad;level2=bad;level3=bad,graded,usable,,0.579763,0.420237,0.001201,0.578563,
img_01920,bad,consensus=bad;level1=bad;level2=bad;level3=bad,graded,bad,,0.013177,0.986823,0.000001,0.013176,
img_01921,usable,consensus=usable;level1=good;level2=usable;level3=usable,graded,good,,0.999748,0.000252,0.907564,0.092184,
img_01922,usable,consensus=usable;level1=usable;level2=usable;level3=usable,graded,good,,0.997696,0.002304,0.698969,0.298727,
img_01923,good,consensus=good;level1=good;level2=good;level3=good,graded,good,,0.994166,0.005833,0.637789,0.356377,
img_01925,usable,consensus=usable;level1=usable;level2=usable;level3=bad,graded,usable,,0.891527,0.108473,0.070482,0.821045,
img_01926,usable,consensus=usable;level1=usable;level2=bad;level3=usable,graded,usable,,0.904611,0.095389,0.027128,0.877483,
img_01927,bad,consensus=bad;level1=usable;level2=bad;level3=bad,graded,usable,,0.719994,0.280006,0.000863,0.719132,
img_01928,bad,consensus=bad;level1=bad;level2=bad;level3=bad,graded,bad,,0.272644,0.727356,0.000121,0.272522,
img_01930,bad,consensus=bad;level1=bad;level2=bad;level3=bad,graded,bad,,0.004762,0.995238,0.000000,0.004762,
img_01931,bad,consensus=bad;level1=bad;level2=bad;level3=bad,graded,bad,,0.000015,0.999985,0.000000,0.000015,
img_01932,usable,consensus=usable;level1=good;level2=usable;level3=usable,graded,good,,0.999752,0.000248,0.989188,0.010565,
img_01933,good,consensus=good;level1=usable;level2=good;level3=good,graded,good,,0.999957,0.000043,0.998342,0.001616,
img_01934,usable,consensus=usable;level1=good;level2=usable;level3=usable,graded,usable,,0.995389,0.004611,0.073691,0.921698,
img_01935,bad,consensus=bad;level1=bad;level2=bad;level3=bad,graded,bad,,0.030549,0.969451,0.000113,0.030436,
img_01937,bad,consensus=bad;level1=bad;level2=bad;level3=bad,graded,bad,,0.006311,0.993689,0.000000,0.006311,
img_01938,bad,consensus=bad;level1=bad;level2=bad;level3=bad,graded,usable,,0.574395,0.425605,0.000982,0.573413,
img_01940,good,consensus=good;level1=good;level2=good;level3=good,graded,good,,0.999984,0.000016,0.992553,0.007431,
img_01941,good,consensus=good;level1=good;level2=good;level3=good,graded,good,,0.999934,0.000066,0.984544,0.015391,
img_01942,bad,consensus=bad;level1=bad;level2=bad;level3=bad,graded,bad,,0.000564,0.999435,0.000000,0.000564,
img_01943,usable,consensus=usable;level1=usable;level2=usable;level3=bad,graded,usable,,0.861235,0.138765,0.091818,0.769418,
img_01944,good,consensus=good;level1=good;level2=good;level3=good,graded,good,,0.987837,0.012163,0.864358,0.123478,
img_01945,usable,consensus=usable;level1=usable;level2=usable;level3=bad,graded,good,,0.992772,0.007228,0.540118,0.452653,
img_01946,usable,consensus=usable;level1=usable;level2=usable;level3=bad,graded,good,,0.998583,0.001417,0.794198,0.204384,
img_01947,usable,consensus=usable;level1=usable;level2=usable;level3=good,graded,good,,0.999160,0.000840,0.855413,0.143747,
img_01948,usable,consensus=usable;level1=good;level2=usable;level3=usable,graded,usable,,0.978140,0.021860,0.413603,0.564537,
img_01949,usable,consensus=usable;level1=good;level2=usable;level3=usable,graded,good,,0.999770,0.000230,0.904660,0.095110,
img_01950,bad,consensus=bad;level1=bad;level2=bad;level3=bad,graded,bad,,0.069135,0.930865,0.000012,0.069123,
img_01951,bad,consensus=bad;level1=bad;level2=bad;level3=bad,graded,usable,,0.605077,0.394923,0.002650,0.602427,
img_01952,usable,consensus=usable;level1=good;level2=usable;level3=usable,graded,good,,0.995329,0.004670,0.554361,0.440969,
img_01953,usable,consensus=usable;level1=good;level2=usable;level3=usable,graded,good,,0.991236,0.008764,0.675935,0.315301,
img_01954,bad,consensus=bad;level1=usable;level2=bad;level3=bad,graded,usable,,0.978530,0.021470,0.104356,0.874174,
img_01955,bad,consensus=bad;level1=usable;level2=bad;level3=bad,graded,usable,,0.855785,0.144215,0.013846,0.841939,
img_01956,usable,consensus=usable;level1=usable;level2=usable;level3=bad,graded,usable,,0.952795,0.047205,0.126017,0.826777,
img_01957,bad,consensus=bad;level1=usable;level2=bad;level3=bad,graded,usable,,0.720406,0.279594,0.005220,0.715186,
img_01960,bad,consensus=bad;level1=bad;level2=bad;level3=bad,graded,usable,,0.914369,0.085631,0.007113,0.907256,
img_01961,bad,consensus=bad;level1=usable;level2=bad;level3=bad,graded,usable,,0.834177,0.165823,0.003255,0.830921,
img_01962,usable,consensus=usable;level1=usable;level2=usable;level3=bad,graded,usable,,0.991603,0.008397,0.241174,0.750430,
img_01963,usable,consensus=usable;level1=good;level2=usable;level3=usable,graded,good,,0.997387,0.002613,0.602957,0.394431,
img_01964,usable,consensus=usable;level1=usable;level2=good;level3=usable,graded,good,,0.995062,0.004938,0.617924,0.377138,
img_01965,good,consensus=good;level1=good;level2=good;level3=usable,graded,usable,,0.996321,0.003679,0.475084,0.521237,
img_01966,good,consensus=good;level1=good;level2=good;level3=good,graded,good,,0.999121,0.000879,0.678651,0.320470,
img_01968,usable,consensus=usable;level1=usable;level2=usable;level3=bad,graded,usable,,0.794980,0.205020,0.016118,0.778861,
img_01969,good,consensus=good;level1=good;level2=good;level3=good,graded,good,,0.999904,0.000096,0.881187,0.118716,
img_01970,usable,consensus=usable;level1=good;level2=usable;level3=usable,graded,good,,0.993370,0.006630,0.702581,0.290789,
img_01971,good,consensus=good;level1=good;level2=good;level3=good,graded,good,,0.999999,0.000001,0.995613,0.004386,
img_01972,good,consensus=good;level1=good;level2=good;level3=good,graded,good,,0.999980,0.000020,0.981491,0.018489,
img_01973,bad,consensus=bad;level1=bad;level2=bad;level3=bad,graded,usable,,0.909860,0.090140,0.056313,0.853547,
img_01974,bad,consensus=bad;level1=usable;level2=bad;level3=bad,graded,usable,,0.927995,0.072005,0.201071,0.726924,
img_01975,bad,consensus=bad;level1=usable;level2=bad;level3=bad,graded,bad,,0.152001,0.847999,0.009506,0.142494,
img_01976,bad,consensus=bad;level1=bad;level2=bad;level3=bad,graded,bad,,0.040075,0.959925,0.000031,0.040045,
img_01977,bad,consensus=bad;level1=bad;level2=bad;level3=bad,graded,bad,,0.001693,0.998307,0.000001,0.001692,
img_01978,bad,consensus=bad;level1=bad;level2=bad;level3=bad,graded,usable,,0.763436,0.236564,0.002856,0.760580,
img_01979,bad,consensus=bad;level1=bad;level2=bad;level3=bad,graded,bad,,0.068478,0.931522,0.000058,0.068419,
img_01981,bad,consensus=bad;level1=bad;level2=bad;level3=bad,graded,bad,,0.000079,0.999921,0.000000,0.000079,
img_01982,bad,consensus=bad;level1=bad;level2=bad;level3=bad,graded,bad,,0.000105,0.999895,0.000000,0.000105,
img_01983,bad,consensus=bad;level1=bad;level2=usable;level3=bad,graded,bad,,0.397916,0.602084,0.000498,0.397418,
img_01984,bad,consensus=bad;level1=bad;level2=usable;level3=bad,graded,usable,,0.716669,0.283331,0.002929,0.713740,
img_01985,bad,consensus=bad;level1=bad;level2=bad;level3=bad,graded,bad,,0.000346,0.999654,0.000000,0.000346,
img_01986,usable,consensus=usable;level1=usable;level2=usable;level3=bad,graded,good,,0.999281,0.000719,0.903841,0.095439,
img_01987,usable,consensus=usable;level1=usable;level2=usable;level3=usable,graded,usable,,0.976053,0.023947,0.381773,0.594280,
img_01989,bad,consensus=bad;level1=bad;level2=bad;level3=bad,graded,bad,,0.024258,0.975742,0.000002,0.024256,
img_01990,bad,consensus=bad;level1=bad;level2=bad;level3=bad,graded,bad,,0.024794,0.975206,0.000001,0.024793,
img_01991,bad,consensus=bad;level1=bad;level2=bad;level3=bad,graded,bad,,0.042405,0.957595,0.000010,0.042396,
img_01993,bad,consensus=bad;level1=bad;level2=bad;level3=bad,graded,bad,,0.080425,0.919576,0.000042,0.080383,
img_01994,good,consensus=good;level1=good;level2=good;level3=good,graded,good,,0.999942,0.000058,0.983944,0.015998,
img_01995,good,consensus=good;level1=good;level2=usable;level3=good,graded,good,,0.993494,0.006506,0.871566,0.121928,
img_01996,usable,consensus=usable;level1=usable;level2=usable;level3=usable,graded,good,,0.998383,0.001617,0.715551,0.282832,
img_01997,usable,consensus=usable;level1=usable;level2=usable;level3=bad,graded,usable,,0.938545,0.061455,0.166700,0.771845,
img_02000,good,consensus=good;level1=good;level2=good;level3=usable,graded,good,,0.999989,0.000011,0.986376,0.013613,
img_02001,good,consensus=good;level1=good;level2=good;level3=good,graded,good,,0.999992,0.000008,0.996346,0.003646,
img_02002,good,consensus=good;level1=good;level2=good;level3=good,graded,good,,0.999996,0.000004,0.989208,0.010788,
img_02003,good,consensus=good;level1=good;level2=good;level3=usable,graded,good,,0.999491,0.000509,0.744110,0.255380,
img_02004,good,consensus=good;level1=good;level2=good;level3=usable,graded,good,,0.995952,0.004048,0.918326,0.077626,
img_02005,bad,consensus=bad;level1=usable;level2=bad;level3=bad,graded,bad,,0.303289,0.696711,0.000295,0.302994,
img_02006,bad,consensus=bad;level1=bad;level2=bad;level3=bad,graded,bad,,0.200707,0.799293,0.000324,0.200383,
img_02007,usable,consensus=usable;level1=usable;level2=usable;level3=bad,graded,usable,,0.939547,0.060453,0.228210,0.711337,
img_02008,usable,consensus=usable;level1=good;level2=usable;level3=usable,graded,good,,0.999655,0.000345,0.797193,0.202462,
img_02009,good,consensus=good;level1=good;level2=good;level3=good,graded,usable,,0.996668,0.003332,0.386168,0.610500,
img_02010,good,consensus=good;level1=good;level2=good;level3=good,graded,good,,0.999957,0.000043,0.995614,0.004344,
img_02011,good,consensus=good;level1=good;level2=good;level3=good,graded,good,,0.999997,0.000003,0.992420,0.007577,
img_02012,bad,consensus=bad;level1=bad;level2=bad;level3=bad,graded,bad,,0.032201,0.967799,0.000063,0.032138,
img_02014,bad,consensus=bad;level1=bad;level2=bad;level3=bad,graded,bad,,0.366871,0.633129,0.009056,0.357815,
img_02015,good,consensus=good;level1=good;level2=good;level3=usable,graded,good,,0.987084,0.012916,0.846286,0.140798,
img_02016,bad,consensus=bad;level1=bad;level2=bad;level3=bad,graded,bad,,0.078184,0.921816,0.000038,0.078146,
img_02017,bad,consensus=bad;level1=usable;level2=bad;level3=bad,graded,bad,,0.296266,0.703734,0.000374,0.295892,
img_02018,usable,consensus=usable;level1=usable;level2=usable;level3=usable,graded,good,,0.999980,0.000020,0.990089,0.009891,
img_02019,usable,consensus=usable;level1=good;level2=usable;level3=usable,graded,good,,0.999658,0.000342,0.961799,0.037859,
img_02020,good,consensus=good;level1=good;level2=good;level3=good,graded,good,,0.999995,0.000005,0.997014,0.002981,
img_02021,good,consensus=good;level1=good;level2=good;level3=good,graded,good,,0.999808,0.000192,0.959436,0.040372,
img_02022,bad,consensus=bad;level1=bad;level2=bad;level3=bad,graded,bad,,0.007590,0.992410,0.000011,0.007579,
img_02023,usable,consensus=usable;level1=usable;level2=usable;level3=usable,graded,usable,,0.922531,0.077469,0.223193,0.699337,
img_02024,bad,consensus=bad;level1=bad;level2=usable;level3=bad,graded,bad,,0.207504,0.792496,0.003568,0.203936,
img_02025,usable,consensus=usable;level1=usable;level2=usable;level3=bad,graded,usable,,0.800772,0.199228,0.125981,0.674791,
img_02026,bad,consensus=bad;level1=usable;level2=bad;level3=bad,graded,usable,,0.911266,0.088734,0.061918,0.849348,
img_02027,bad,consensus=bad;level1=bad;level2=bad;level3=bad,graded,usable,,0.838448,0.161552,0.021832,0.816616,
img_02031,usable,consensus=usable;level1=usable;level2=usable;level3=usable,graded,usable,,0.963355,0.036645,0.133057,0.830297,
img_02032,usable,consensus=usable;level1=usable;level2=usable;level3=usable,graded,usable,,0.984178,0.015822,0.061120,0.923058,
img_02033,bad,consensus=bad;level1=usable;level2=bad;level3=bad,graded,bad,,0.471762,0.528238,0.000979,0.470782,
img_02034,usable,consensus=usable;level1=usable;level2=good;level3=usable,graded,usable,,0.976163,0.023837,0.393880,0.582283,
img_02035,usable,consensus=usable;level1=usable;level2=usable;level3=usable,graded,usable,,0.990569,0.009431,0.301125,0.689444,
img_02036,good,consensus=good;level1=usable;level2=good;level3=good,graded,good,,0.998792,0.001208,0.978550,0.020242,
img_02037,good,consensus=good;level1=good;level2=good;level3=good,graded,good,,0.999786,0.000214,0.879419,0.120367,
img_02038,bad,consensus=bad;level1=usable;level2=bad;level3=bad,graded,usable,,0.989764,0.010236,0.331101,0.658663,
img_02039,bad,consensus=bad;level1=bad;level2=bad;level3=bad,graded,bad,,0.001821,0.998179,0.000001,0.001820,
img_02041,usable,consensus=usable;level1=usable;level2=usable;level3=usable,graded,usable,,0.887004,0.112996,0.102310,0.784694,
img_02042,good,consensus=good;level1=good;level2=good;level3=good,graded,good,,0.999626,0.000374,0.889498,0.110128,
img_02043,good,consensus=good;level1=good;level2=good;level3=good,graded,good,,0.998540,0.001460,0.682066,0.316474,
img_02044,good,consensus=good;level1=good;level2=good;level3=good,graded,good,,0.999975,0.000025,0.966989,0.032986,
img_02045,good,consensus=good;level1=good;level2=good;level3=good,graded,good,,0.999520,0.000480,0.886361,0.113158,
img_02046,good,consensus=good;level1=good;level2=good;level3=good,graded,good,,0.996459,0.003541,0.564855,0.431604,
img_02047,usable,consensus=usable;level1=usable;level2=good;level3=usable,graded,good,,0.992846,0.007154,0.585917,0.406930,
img_02048,usable,consensus=usable;level1=usable;level2=usable;level3=usable,graded,usable,,0.986401,0.013599,0.094808,0.891593,
img_02049,bad,consensus=bad;level1=bad;level2=bad;level3=bad,graded,bad,,0.116640,0.883360,0.000047,0.116593,
img_02050,usable,consensus=usable;level1=good;level2=usable;level3=usable,graded,usable,,0.999574,0.000426,0.423627,0.575947,
img_02051,good,consensus=good;level1=good;level2=good;level3=good,graded,good,,0.999879,0.000121,0.792937,0.206942,
img_02052,good,consensus=good;level1=good;level2=good;level3=good,graded,good,,0.999959,0.000041,0.990004,0.009955,
img_02053,good,consensus=good;level1=good;level2=good;level3=good,graded,good,,0.999159,0.000840,0.882982,0.116177,
img_02054,good,consensus=good;level1=good;level2=good;level3=good,graded,good,,0.999999,0.000001,0.997872,0.002127,
img_02055,good,consensus=good;level1=good;level2=usable;level3=good,graded,good,,0.999995,0.000005,0.987143,0.012852,
img_02056,bad,consensus=bad;level1=usable;level2=bad;level3=bad,graded,usable,,0.995745,0.004255,0.172937,0.822808,
img_02057,good,consensus=good;level1=good;level2=bad;level3=good,graded,good,,0.999998,0.000002,0.994304,0.005694,
img_02058,good,consensus=good;level1=good;level2=good;level3=good,graded,good,,0.999998,0.000002,0.996640,0.003357,
img_02059,good,consensus=good;level1=good;level2=good;level3=good,graded,good,,0.999997,0.000003,0.996615,0.003382,
img_02063,usable,consensus=usable;level1=usable;level2=bad;level3=usable,graded,usable,,0.949852,0.050148,0.154848,0.795005,
img_02064,usable,consensus=usable;level1=usable;level2=bad;level3=usable,graded,usable,,0.986950,0.013050,0.153760,0.833190,
img_02066,good,consensus=good;level1=good;level2=usable;level3=good,graded,good,,0.998128,0.001872,0.976560,0.021569,
img_02067,good,consensus=good;level1=good;level2=good;level3=good,graded,good,,0.999131,0.000869,0.924369,0.074763,
img_02068,bad,consensus=bad;level1=bad;level2=bad;level3=bad,graded,bad,,0.035288,0.964712,0.000072,0.035216,
img_02069,bad,consensus=bad;level1=bad;level2=bad;level3=bad,graded,usable,,0.751249,0.248751,0.018756,0.732493,
img_02070,good,consensus=good;level1=good;level2=good;level3=good,graded,good,,0.999984,0.000016,0.986895,0.013089,
img_02071,good,consensus=good;level1=good;level2=good;level3=good,graded,good,,0.999905,0.000095,0.970233,0.029672,
img_02072,usable,consensus=usable;level1=usable;level2=bad;level3=usable,graded,good,,0.789287,0.210713,0.581238,0.208048,
img_02073,usable,consensus=usable;level1=usable;level2=usable;level3=usable,graded,good,,0.999089,0.000911,0.876187,0.122902,
img_02074,good,consensus=good;level1=good;level2=good;level3=good,graded,good,,0.999934,0.000066,0.961845,0.038088,
img_02075,good,consensus=good;level1=good;level2=good;level3=good,graded,good,,0.999885,0.000115,0.943435,0.056450,
img_02077,bad,consensus=bad;level1=bad;level2=bad;level3=bad,graded,bad,,0.014705,0.985295,0.000003,0.014701,
img_02078,bad,consensus=bad;level1=bad;level2=bad;level3=bad,graded,usable,,0.593940,0.406060,0.005631,0.588308,
img_02079,usable,consensus=usable;level1=usable;level2=good;level3=usable,graded,usable,,0.906088,0.093912,0.005081,0.901007,
img_02080,bad,consensus=bad;level1=usable;level2=bad;level3=bad,graded,usable,,0.748783,0.251217,0.002023,0.746760,
img_02081,usable,consensus=usable;level1=good;level2=usable;level3=usable,graded,usable,,0.942946,0.057054,0.138229,0.804717,
img_02082,good,consensus=good;level1=good;level2=usable;level3=good,graded,good,,0.946201,0.053799,0.487641,0.458560,
img_02083,good,consensus=good;level1=good;level2=usable;level3=good,graded,usable,,0.807578,0.192422,0.271975,0.535603,
img_02085,bad,consensus=bad;level1=bad;level2=bad;level3=bad,graded,bad,,0.002778,0.997222,0.000002,0.002776,
img_02086,good,consensus=good;level1=good;level2=usable;level3=good,graded,usable,,0.828661,0.171339,0.334801,0.493860,
img_02089,usable,consensus=usable;level1=usable;level2=usable;level3=good,graded,bad,,0.363102,0.636899,0.009839,0.353263,
img_02094,usable,consensus=usable;level1=usable;level2=usable;level3=usable,graded,usable,,0.985016,0.014984,0.211302,0.773714,
img_02095,bad,consensus=bad;level1=bad;level2=bad;level3=bad,graded,bad,,0.004984,0.995017,0.000000,0.004983,
img_02096,bad,consensus=bad;level1=bad;level2=bad;level3=bad,graded,bad,,0.012867,0.987133,0.000001,0.012866,
img_02097,good,consensus=good;level1=good;level2=usable;level3=good,graded,good,,0.999909,0.000091,0.976508,0.023400,
img_02098,bad,consensus=bad;level1=bad;level2=bad;level3=bad,graded,bad,,0.056245,0.943755,0.000157,0.056088,
img_02099,bad,consensus=bad;level1=bad;level2=bad;level3=bad,graded,bad,,0.067138,0.932862,0.000900,0.066238,
img_02100,bad,consensus=bad;level1=usable;level2=bad;level3=bad,graded,usable,,0.935721,0.064279,0.094058,0.841663,
img_02101,usable,consensus=usable;level1=usable;level2=usable;level3=bad,graded,usable,,0.966649,0.033351,0.031358,0.935291,
img_02102,usable,consensus=usable;level1=usable;level2=usable;level3=bad,graded,usable,,0.702122,0.297878,0.010244,0.691878,
img_02103,good,consensus=good;level1=usable;level2=good;level3=good,graded,good,,0.999825,0.000175,0.911653,0.088173,
img_02104,usable,consensus=usable;level1=usable;level2=usable;level3=bad,graded,usable,,0.986956,0.013044,0.093610,0.893346,
img_02106,bad,consensus=bad;level1=bad;level2=bad;level3=bad,graded,bad,,0.030736,0.969264,0.000102,0.030634,
img_02107,usable,consensus=usable;level1=usable;level2=usable;level3=bad,graded,good,,0.999328,0.000672,0.844315,0.155013,
img_02108,usable,consensus=usable;level1=usable;level2=usable;level3=bad,graded,good,,0.999303,0.000697,0.830478,0.168825,
img_02110,bad,consensus=bad;level1=bad;level2=bad;level3=bad,graded,usable,,0.638618,0.361382,0.000750,0.637868,
img_02111,bad,consensus=bad;level1=bad;level2=bad;level3=bad,graded,bad,,0.024252,0.975748,0.000015,0.024236,
img_02112,bad,consensus=bad;level1=bad;level2=bad;level3=bad,graded,bad,,0.171482,0.828518,0.000683,0.170799,
img_02113,usable,consensus=usable;level1=good;level2=usable;level3=usable,graded,good,,0.997689,0.002311,0.638586,0.359103,
img_02114,bad,consensus=bad;level1=bad;level2=usable;level3=bad,graded,usable,,0.909181,0.090819,0.003160,0.906021,
img_02115,usable,consensus=usable;level1=usable;level2=usable;level3=bad,graded,usable,,0.753453,0.246547,0.004319,0.749134,
img_02117,bad,consensus=bad;level1=bad;level2=bad;level3=bad,graded,bad,,0.016428,0.983572,0.000000,0.016428,
img_02118,bad,consensus=bad;level1=usable;level2=bad;level3=bad,graded,usable,,0.843192,0.156807,0.000418,0.842774,
img_02119,bad,consensus=bad;level1=bad;level2=bad;level3=bad,graded,bad,,0.076196,0.923804,0.000023,0.076173,
img_02121,usable,consensus=usable;level1=usable;level2=usable;level3=bad,graded,good,,0.996494,0.003506,0.582632,0.413863,
img_02122,bad,consensus=bad;level1=bad;level2=usable;level3=bad,graded,usable,,0.950452,0.049548,0.011209,0.939243,
img_02123,bad,consensus=bad;level1=bad;level2=bad;level3=bad,graded,bad,,0.002680,0.997320,0.000000,0.002679,
img_02124,bad,consensus=bad;level1=bad;level2=bad;level3=bad,graded,bad,,0.018696,0.981304,0.000003,0.018693,
img_02125,bad,consensus=bad;level1=bad;level2=bad;level3=bad,graded,bad,,0.000231,0.999769,0.000000,0.000231,
img_02127,good,consensus=good;level1=good;level2=good;level3=usable,graded,good,,0.999567,0.000433,0.815187,0.184380,
img_02128,usable,consensus=usable;level1=usable;level2=usable;level3=bad,graded,good,,0.996574,0.003426,0.525304,0.471271,
img_02129,usable,consensus=usable;level1=usable;level2=usable;level3=usable,graded,usable,,0.983816,0.016184,0.217489,0.766327,
img_02130,usable,consensus=usable;level1=good;level2=usable;level3=usable,graded,usable,,0.923376,0.076624,0.098268,0.825108,
img_02132,usable,consensus=usable;level1=usable;level2=usable;level3=bad,graded,usable,,0.975173,0.024827,0.281358,0.693815,
img_02133,usable,consensus=usable;level1=usable;level2=usable;level3=bad,graded,usable,,0.959391,0.040609,0.378810,0.580581,
img_02134,good,consensus=good;level1=good;level2=good;level3=good,graded,good,,0.999998,0.000002,0.998233,0.001765,
img_02135,good,consensus=good;level1=good;level2=good;level3=usable,graded,good,,0.999240,0.000760,0.879992,0.119248,
img_02136,good,consensus=good;level1=good;level2=good;level3=good,graded,good,,0.999997,0.000003,0.994426,0.005571,
img_02137,good,consensus=good;level1=good;level2=good;level3=good,graded,good,,0.999855,0.000145,0.918025,0.081831,
img_02138,bad,consensus=bad;level1=usable;level2=bad;level3=bad,graded,usable,,0.958914,0.041085,0.053827,0.905088,
img_02139,bad,consensus=bad;level1=usable;level2=bad;level3=bad,graded,usable,,0.971397,0.028603,0.172384,0.799013,
img_02140,bad,consensus=bad;level1=usable;level2=bad;level3=bad,graded,usable,,0.872632,0.127368,0.023278,0.849354,
img_02141,bad,consensus=bad;level1=usable;level2=bad;level3=bad,graded,usable,,0.717996,0.282004,0.007232,0.710764,
img_02142,good,consensus=good;level1=good;level2=usable;level3=good,graded,good,,0.999711,0.000289,0.908024,0.091687,
img_02143,good,consensus=good;level1=good;level2=good;level3=good,graded,good,,0.999997,0.000003,0.991466,0.008531,
img_02144,usable,consensus=usable;level1=usable;level2=usable;level3=usable,graded,good,,0.989545,0.010455,0.572192,0.417353,
img_02145,usable,consensus=usable;level1=usable;level2=usable;level3=usable,graded,good,,0.996950,0.003050,0.671224,0.325726,
img_02146,good,consensus=good;level1=good;level2=good;level3=good,graded,good,,0.999933,0.000067,0.953996,0.045936,
img_02147,usable,consensus=usable;level1=usable;level2=usable;level3=bad,graded,usable,,0.961429,0.038571,0.022830,0.938599,
img_02148,good,consensus=good;level1=good;level2=good;level3=good,graded,good,,0.999324,0.000676,0.809430,0.189895,
img_02149,good,consensus=good;level1=good;level2=good;level3=good,graded,good,,0.999590,0.000410,0.942476,0.057115,
img_02150,bad,consensus=bad;level1=bad;level2=bad;level3=bad,graded,bad,,0.000853,0.999147,0.000007,0.000846,
img_02151,bad,consensus=bad;level1=bad;level2=bad;level3=bad,graded,bad,,0.006687,0.993313,0.000009,0.006679,
img_02152,good,consensus=good;level1=good;level2=usable;level3=good,graded,good,,0.999785,0.000215,0.921741,0.078044,
img_02153,good,consensus=good;level1=good;level2=good;level3=usable,graded,usable,,0.985468,0.014532,0.065428,0.920040,
img_02156,bad,consensus=bad;level1=bad;level2=bad;level3=bad,graded,bad,,0.001387,0.998613,0.000000,0.001386,
img_02157,bad,consensus=bad;level1=bad;level2=bad;level3=bad,graded,bad,,0.010812,0.989188,0.000008,0.010804,
img_02158,bad,consensus=bad;level1=bad;level2=bad;level3=bad,graded,bad,,0.001507,0.998492,0.000003,0.001505,
img_02159,bad,consensus=bad;level1=bad;level2=bad;level3=usable,graded,bad,,0.017760,0.982240,0.000074,0.017686,
img_02160,usable,consensus=usable;level1=usable;level2=usable;level3=bad,graded,usable,,0.991199,0.008801,0.162009,0.829190,
img_02161,usable,consensus=usable;level1=usable;level2=usable;level3=bad,graded,usable,,0.985885,0.014115,0.309943,0.675941,
img_02162,bad,consensus=bad;level1=usable;level2=bad;level3=bad,graded,usable,,0.791455,0.208545,0.006811,0.784644,
img_02163,bad,consensus=bad;level1=bad;level2=bad;level3=bad,graded,bad,,0.001296,0.998704,0.000000,0.001296,
img_02164,bad,consensus=bad;level1=bad;level2=bad;level3=bad,graded,bad,,0.001216,0.998784,0.000000,0.001215,
img_02165,usable,consensus=usable;level1=usable;level2=usable;level3=bad,graded,good,,0.998623,0.001378,0.695260,0.303362,
img_02166,usable,consensus=usable;level1=usable;level2=usable;level3=bad,graded,usable,,0.985767,0.014233,0.258765,0.727002,
img_02167,usable,consensus=usable;level1=good;level2=usable;level3=usable,graded,usable,,0.993311,0.006689,0.082754,0.910558,
img_02168,bad,consensus=bad;level1=usable;level2=bad;level3=bad,graded,bad,,0.085551,0.914449,0.002137,0.083414,
img_02169,bad,consensus=bad;level1=bad;level2=bad;level3=bad,graded,bad,,0.000050,0.999950,0.000000,0.000050,
img_02170,bad,consensus=bad;level1=bad;level2=bad;level3=bad,graded,usable,,0.552902,0.447098,0.004115,0.548787,
img_02171,usable,consensus=usable;level1=good;level2=usable;level3=usable,graded,usable,,0.991720,0.008280,0.334612,0.657108,
img_02175,usable,consensus=usable;level1=good;level2=usable;level3=usable,graded,usable,,0.987459,0.012541,0.326274,0.661185,
img_02176,usable,consensus=usable;level1=usable;level2=usable;level3=usable,graded,usable,,0.994259,0.005741,0.496987,0.497272,
img_02177,usable,consensus=usable;level1=usable;level2=usable;level3=usable,graded,usable,,0.990367,0.009633,0.115359,0.875008,
img_02178,good,consensus=good;level1=good;level2=usable;level3=good,graded,good,,0.999895,0.000105,0.971475,0.028419,
img_02179,good,consensus=good;level1=good;level2=good;level3=good,graded,good,,0.999250,0.000750,0.841564,0.157686,
img_02180,usable,consensus=usable;level1=usable;level2=good;level3=usable,graded,usable,,0.992421,0.007579,0.222493,0.769928,
img_02181,good,consensus=good;level1=good;level2=good;level3=usable,graded,usable,,0.874407,0.125593,0.015591,0.858816,
img_02183,usable,consensus=usable;level1=usable;level2=usable;level3=usable,graded,bad,,0.195881,0.804119,0.001171,0.194710,
img_02184,usable,consensus=usable;level1=usable;level2=usable;level3=usable,graded,good,,0.997817,0.002183,0.540370,0.457447,
img_02185,usable,consensus=usable;level1=usable;level2=usable;level3=bad,graded,usable,,0.914391,0.085609,0.010664,0.903727,
img_02186,usable,consensus=usable;level1=usable;level2=usable;level3=bad,graded,usable,,0.957622,0.042379,0.025115,0.932506,
img_02187,usable,consensus=usable;level1=usable;level2=usable;level3=usable,graded,usable,,0.838505,0.161495,0.103077,0.735428,
img_02188,usable,consensus=usable;level1=usable;level2=usable;level3=usable,graded,usable,,0.702274,0.297726,0.058843,0.643430,
img_02189,bad,consensus=bad;level1=bad;level2=bad;level3=bad,graded,bad,,0.078676,0.921324,0.000072,0.078604,
img_02190,bad,consensus=bad;level1=bad;level2=bad;level3=bad,graded,bad,,0.168323,0.831677,0.000007,0.168316,
img_02191,usable,consensus=usable;level1=usable;level2=usable;level3=bad,graded,usable,,0.949968,0.050032,0.001879,0.948089,
img_02192,usable,consensus=usable;level1=usable;level2=usable;level3=bad,graded,usable,,0.954188,0.045812,0.003445,0.950743,
img_02193,bad,consensus=bad;level1=usable;level2=bad;level3=bad,graded,usable,,0.880223,0.119777,0.001171,0.879051,
img_02194,bad,consensus=bad;level1=usable;level2=bad;level3=bad,graded,usable,,0.837202,0.162798,0.001488,0.835714,
img_02195,usable,consensus=usable;level1=usable;level2=usable;level3=usable,graded,usable,,0.949261,0.050739,0.081625,0.867636,
img_02196,bad,consensus=bad;level1=bad;level2=bad;level3=bad,graded,bad,,0.336774,0.663226,0.000485,0.336288,
img_02197,good,consensus=good;level1=good;level2=good;level3=good,graded,good,,0.999968,0.000032,0.980238,0.019730,
img_02198,usable,consensus=usable;level1=usable;level2=usable;level3=bad,graded,usable,,0.639580,0.360420,0.007129,0.632450,
img_02199,bad,consensus=bad;level1=bad;level2=bad;level3=bad,graded,bad,,0.010420,0.989580,0.000006,0.010414,
img_02201,good,consensus=good;level1=good;level2=good;level3=good,graded,good,,0.999471,0.000529,0.777700,0.221771,
img_02202,good,consensus=good;level1=good;level2=good;level3=good,graded,good,,0.999711,0.000289,0.779415,0.220296,
img_02203,good,consensus=good;level1=good;level2=good;level3=good,graded,good,,0.999997,0.000003,0.992041,0.007956,
img_02204,good,consensus=good;level1=good;level2=good;level3=good,graded,good,,0.999977,0.000023,0.984113,0.015865,
img_02205,usable,consensus=usable;level1=usable;level2=usable;level3=bad,graded,usable,,0.932915,0.067085,0.208969,0.723945,
img_02206,bad,consensus=bad;level1=bad;level2=bad;level3=bad,graded,usable,,0.847582,0.152418,0.088837,0.758745,
img_02207,bad,consensus=bad;level1=usable;level2=bad;level3=bad,graded,usable,,0.776336,0.223665,0.004942,0.771393,
img_02208,bad,consensus=bad;level1=usable;level2=bad;level3=bad,graded,bad,,0.258161,0.741839,0.000872,0.257289,
img_02209,bad,consensus=bad;level1=usable;level2=bad;level3=bad,graded,usable,,0.958884,0.041116,0.216444,0.742440,
img_02210,bad,consensus=bad;level1=bad;level2=bad;level3=bad,graded,usable,,0.828184,0.171816,0.038819,0.789365,
img_02211,bad,consensus=bad;level1=usable;level2=bad;level3=bad,graded,bad,,0.475664,0.524336,0.000378,0.475286,
img_02213,bad,consensus=bad;level1=bad;level2=bad;level3=bad,graded,bad,,0.001563,0.998437,0.000000,0.001562,
img_02214,good,consensus=good;level1=good;level2=good;level3=good,graded,good,,0.999996,0.000004,0.997020,0.002976,
img_02215,good,consensus=good;level1=good;level2=good;level3=good,graded,good,,0.999890,0.000110,0.947178,0.052712,
img_02217,bad,consensus=bad;level1=bad;level2=bad;level3=bad,graded,bad,,0.033178,0.966822,0.000752,0.032426,
img_02218,bad,consensus=bad;level1=bad;level2=bad;level3=bad,graded,bad,,0.040208,0.959792,0.000183,0.040025,
img_02219,bad,consensus=bad;level1=bad;level2=bad;level3=bad,graded,bad,,0.000258,0.999742,0.000000,0.000258,
img_02220,bad,consensus=bad;level1=bad;level2=bad;level3=bad,graded,bad,,0.050849,0.949151,0.000026,0.050822,
img_02221,bad,consensus=bad;level1=usable;level2=bad;level3=bad,graded,bad,,0.461545,0.538455,0.006744,0.454801,
img_02222,bad,consensus=bad;level1=usable;level2=bad;level3=bad,graded,bad,,0.480282,0.519718,0.003698,0.476584,
img_02223,bad,consensus=bad;level1=usable;level2=bad;level3=bad,graded,bad,,0.317662,0.682338,0.002265,0.315397,
img_02224,usable,consensus=usable;level1=usable;level2=usable;level3=usable,graded,good,,0.988963,0.011037,0.772386,0.216577,
img_02225,usable,consensus=usable;level1=usable;level2=usable;level3=usable,graded,usable,,0.986026,0.013974,0.426952,0.559074,
img_02226,usable,consensus=usable;level1=usable;level2=usable;level3=usable,graded,usable,,0.963978,0.036022,0.343950,0.620028,
img_02227,good,consensus=good;level1=good;level2=good;level3=good,graded,good,,0.999996,0.000004,0.994849,0.005147,
img_02228,good,consensus=good;level1=good;level2=good;level3=good,graded,good,,0.999856,0.000144,0.966700,0.033156,
img_02229,bad,consensus=bad;level1=usable;level2=bad;level3=bad,graded,usable,,0.858902,0.141098,0.003642,0.855260,
img_02230,bad,consensus=bad;level1=bad;level2=bad;level3=bad,graded,bad,,0.473943,0.526057,0.000699,0.473244,
img_02231,usable,consensus=usable;level1=good;level2=usable;level3=usable,graded,good,,0.999021,0.000979,0.880402,0.118619,
img_02232,bad,consensus=bad;level1=bad;level2=bad;level3=bad,graded,bad,,0.142272,0.857728,0.000520,0.141752,
img_02233,good,consensus=good;level1=good;level2=good;level3=usable,graded,good,,0.999861,0.000139,0.776210,0.223652,
img_02234,good,consensus=good;level1=good;level2=good;level3=good,graded,good,,0.999931,0.000069,0.884023,0.115908,
img_02235,bad,consensus=bad;level1=usable;level2=bad;level3=bad,graded,usable,,0.826831,0.173169,0.055334,0.771497,
img_02237,usable,consensus=usable;level1=usable;level2=usable;level3=usable,graded,good,,0.996928,0.003072,0.777032,0.219896,
img_02249,bad,consensus=bad;level1=bad;level2=bad;level3=bad,graded,bad,,0.011100,0.988900,0.000001,0.011098,
img_02269,bad,consensus=bad;level1=bad;level2=bad;level3=bad,graded,bad,,0.115793,0.884207,0.000018,0.115775,
img_02282,bad,consensus=bad;level1=bad;level2=bad;level3=bad,graded,bad,,0.465266,0.534734,0.000575,0.464691,
img_02283,bad,consensus=bad;level1=bad;level2=bad;level3=bad,graded,usable,,0.537274,0.462726,0.000268,0.537006,
img_02285,bad,consensus=bad;level1=bad;level2=bad;level3=bad,graded,bad,,0.055278,0.944722,0.000010,0.055268,
img_02290,bad,consensus=bad;level1=bad;level2=usable;level3=bad,graded,usable,,0.576981,0.423019,0.001027,0.575954,
img_02291,usable,consensus=usable;level1=good;level2=usable;level3=usable,graded,good,,0.987426,0.012574,0.748110,0.239316,
img_02292,usable,consensus=usable;level1=usable;level2=usable;level3=bad,graded,usable,,0.680130,0.319870,0.000656,0.679475,
img_02293,bad,consensus=bad;level1=bad;level2=bad;level3=bad,graded,bad,,0.010590,0.989410,0.000019,0.010571,
img_02294,bad,consensus=bad;level1=bad;level2=bad;level3=bad,graded,bad,,0.014155,0.985845,0.000003,0.014152,
img_02295,bad,consensus=bad;level1=bad;level2=usable;level3=bad,graded,usable,,0.779457,0.220543,0.004708,0.774749,
img_02296,bad,consensus=bad;level1=usable;level2=bad;level3=bad,graded,usable,,0.853969,0.146031,0.039687,0.814282,
img_02297,bad,consensus=bad;level1=bad;level2=bad;level3=bad,graded,usable,,0.545000,0.455000,0.003602,0.541398,
img_02299,usable,consensus=usable;level1=usable;level2=bad;level3=usable,graded,good,,0.978068,0.021932,0.691827,0.286240,
img_02301,good,consensus=good;level1=good;level2=good;level3=good,graded,good,,0.999774,0.000226,0.961092,0.038682,
img_02302,good,consensus=good;level1=good;level2=good;level3=good,graded,good,,0.997912,0.002088,0.596143,0.401769,
img_02303,bad,consensus=bad;level1=usable;level2=bad;level3=bad,graded,usable,,0.950466,0.049534,0.104289,0.846177,
img_02304,bad,consensus=bad;level1=usable;level2=bad;level3=bad,graded,usable,,0.929429,0.070571,0.044503,0.884926,
img_02305,usable,consensus=usable;level1=usable;level2=usable;level3=usable,graded,usable,,0.975136,0.024864,0.152731,0.822405,
img_02306,bad,consensus=bad;level1=bad;level2=bad;level3=bad,graded,usable,,0.765628,0.234372,0.009388,0.756240,
img_02307,bad,consensus=bad;level1=bad;level2=bad;level3=bad,graded,bad,,0.000106,0.999894,0.000000,0.000106,
img_02308,bad,consensus=bad;level1=usable;level2=bad;level3=bad,graded,usable,,0.885472,0.114528,0.225788,0.659685,
img_02309,bad,consensus=bad;level1=bad;level2=bad;level3=bad,graded,bad,,0.250979,0.749021,0.000463,0.250515,
img_02310,bad,consensus=bad;level1=bad;level2=bad;level3=bad,graded,bad,,0.005101,0.994899,0.000000,0.005101,
img_02311,bad,consensus=bad;level1=bad;level2=bad;level3=bad,graded,bad,,0.001753,0.998247,0.000000,0.001752,
img_02312,bad,consensus=bad;level1=bad;level2=bad;level3=bad,graded,bad,,0.476419,0.523581,0.003984,0.472435,
img_02313,usable,consensus=usable;level1=usable;level2=usable;level3=bad,graded,usable,,0.898979,0.101021,0.036534,0.862444,
img_02314,usable,consensus=usable;level1=usable;level2=usable;level3=bad,graded,usable,,0.970984,0.029016,0.218673,0.752311,
img_02315,usable,consensus=usable;level1=good;level2=usable;level3=usable,graded,usable,,0.975448,0.024552,0.259266,0.716182,
img_02316,good,consensus=good;level1=good;level2=good;level3=good,graded,good,,0.999407,0.000593,0.831313,0.168094,
img_02317,good,consensus=good;level1=good;level2=good;level3=good,graded,good,,0.999351,0.000649,0.837962,0.161389,
img_02318,good,consensus=good;level1=good;level2=good;level3=usable,graded,good,,0.999831,0.000169,0.936286,0.063545,
img_02319,good,consensus=good;level1=good;level2=good;level3=usable,graded,usable,,0.993815,0.006185,0.313626,0.680189,
img_02320,good,consensus=good;level1=good;level2=good;level3=good,graded,good,,0.999997,0.000003,0.993767,0.006230,
img_02321,good,consensus=good;level1=good;level2=good;level3=good,graded,good,,0.999989,0.000011,0.990608,0.009380,
img_02322,good,consensus=good;level1=good;level2=good;level3=usable,graded,good,,0.999850,0.000150,0.886878,0.112973,
img_02323,bad,consensus=bad;level1=bad;level2=bad;level3=bad,graded,bad,,0.033896,0.966104,0.000037,0.033859,
img_02324,bad,consensus=bad;level1=usable;level2=bad;level3=bad,graded,usable,,0.750990,0.249010,0.008861,0.742129,
img_02325,bad,consensus=bad;level1=bad;level2=bad;level3=bad,graded,bad,,0.000384,0.999616,0.000000,0.000384,
img_02326,bad,consensus=bad;level1=bad;level2=bad;level3=bad,graded,bad,,0.020449,0.979551,0.000086,0.020363,
img_02327,bad,consensus=bad;level1=bad;level2=bad;level3=bad,graded,bad,,0.043470,0.956530,0.000210,0.043260,
img_02328,bad,consensus=bad;level1=bad;level2=bad;level3=bad,graded,bad,,0.000092,0.999908,0.000000,0.000092,
img_02329,usable,consensus=usable;level1=usable;level2=usable;level3=bad,graded,usable,,0.899542,0.100458,0.120176,0.779367,
img_02330,bad,consensus=bad;level1=usable;level2=bad;level3=bad,graded,usable,,0.934584,0.065416,0.027574,0.907010,
img_02331,usable,consensus=usable;level1=usable;level2=usable;level3=bad,graded,usable,,0.871526,0.128474,0.181685,0.689840,
img_02332,usable,consensus=usable;level1=usable;level2=usable;level3=bad,graded,usable,,0.669435,0.330565,0.001755,0.667680,
img_02333,bad,consensus=bad;level1=bad;level2=usable;level3=bad,graded,bad,,0.025727,0.974273,0.000012,0.025715,
img_02334,good,consensus=good;level1=good;level2=good;level3=good,graded,good,,0.999779,0.000221,0.962964,0.036815,
img_02335,good,consensus=good;level1=good;level2=good;level3=good,graded,good,,0.999985,0.000015,0.989719,0.010266,
img_02336,usable,consensus=usable;level1=usable;level2=usable;level3=usable,graded,good,,0.999620,0.000380,0.907988,0.091632,
img_02337,usable,consensus=usable;level1=good;level2=usable;level3=usable,graded,usable,,0.973093,0.026908,0.348673,0.624419,
img_02338,bad,consensus=bad;level1=bad;level2=bad;level3=bad,graded,usable,,0.765399,0.234601,0.269107,0.496293,
img_02339,bad,consensus=bad;level1=bad;level2=bad;level3=bad,graded,bad,,0.429154,0.570846,0.001884,0.427270,
img_02340,bad,consensus=bad;level1=bad;level2=bad;level3=bad,graded,bad,,0.000001,0.999999,0.000000,0.000001,
img_02342,bad,consensus=bad;level1=bad;level2=bad;level3=bad,graded,bad,,0.000001,0.999999,0.000000,0.000001,
img_02343,bad,consensus=bad;level1=bad;level2=bad;level3=bad,graded,bad,,0.009812,0.990188,0.000013,0.009799,
img_02344,bad,consensus=bad;level1=bad;level2=bad;level3=bad,graded,bad,,0.402279,0.597721,0.009355,0.392923,
img_02345,good,consensus=good;level1=good;level2=good;level3=good,graded,good,,0.999610,0.000390,0.886912,0.112698,
img_02346,good,consensus=good;level1=good;level2=good;level3=usable,graded,usable,,0.992700,0.007300,0.203561,0.789138,
img_02347,bad,consensus=bad;level1=bad;level2=bad;level3=bad,graded,bad,,0.078230,0.921770,0.000046,0.078184,
img_02358,bad,consensus=bad;level1=usable;level2=bad;level3=bad,graded,bad,,0.310814,0.689186,0.000356,0.310458,
img_02368,usable,consensus=usable;level1=usable;level2=usable;level3=usable,graded,usable,,0.996082,0.003918,0.293680,0.702402,
img_02369,good,consensus=good;level1=good;level2=good;level3=good,graded,good,,0.999966,0.000034,0.974796,0.025170,
img_02371,good,consensus=good;level1=good;level2=good;level3=good,graded,good,,0.999904,0.000096,0.871015,0.128889,
img_02372,good,consensus=good;level1=good;level2=good;level3=good,graded,good,,0.999912,0.000088,0.950168,0.049744,
img_02373,good,consensus=good;level1=good;level2=good;level3=good,graded,good,,0.999716,0.000284,0.882824,0.116892,
img_02374,bad,consensus=bad;level1=bad;level2=bad;level3=bad,graded,bad,,0.001414,0.998586,0.000000,0.001414,
img_02375,usable,consensus=usable;level1=usable;level2=usable;level3=bad,graded,usable,,0.995600,0.004400,0.406500,0.589100,
img_02376,usable,consensus=usable;level1=usable;level2=usable;level3=bad,graded,usable,,0.995632,0.004368,0.447635,0.547997,
img_02378,bad,consensus=bad;level1=bad;level2=usable;level3=bad,graded,bad,,0.020017,0.979983,0.000005,0.020012,
img_02382,bad,consensus=bad;level1=bad;level2=bad;level3=bad,graded,bad,,0.006251,0.993749,0.000002,0.006249,
img_02387,usable,consensus=usable;level1=usable;level2=usable;level3=usable,graded,usable,,0.983346,0.016654,0.241327,0.742019,
img_02389,bad,consensus=bad;level1=bad;level2=bad;level3=bad,graded,bad,,0.348302,0.651698,0.070933,0.277369,
img_02390,usable,consensus=usable;level1=usable;level2=usable;level3=usable,graded,good,,0.999938,0.000062,0.989627,0.010311,
img_02391,bad,consensus=bad;level1=bad;level2=bad;level3=bad,graded,usable,,0.841543,0.158457,0.022983,0.818560,
img_02392,bad,consensus=bad;level1=bad;level2=bad;level3=bad,graded,bad,,0.163375,0.836625,0.000489,0.162886,
img_02393,bad,consensus=bad;level1=bad;level2=bad;level3=bad,graded,usable,,0.976167,0.023833,0.108323,0.867844,
img_02394,bad,consensus=bad;level1=bad;level2=usable;level3=bad,graded,usable,,0.953493,0.046507,0.056781,0.896712,
img_02395,usable,consensus=usable;level1=usable;level2=good;level3=usable,graded,good,,0.999918,0.000083,0.914178,0.085739,
img_02396,usable,consensus=usable;level1=usable;level2=good;level3=usable,graded,good,,0.999904,0.000096,0.913211,0.086693,
img_02397,usable,consensus=usable;level1=usable;level2=usable;level3=usable,graded,good,,0.998834,0.001166,0.835530,0.163303,
img_02398,usable,consensus=usable;level1=good;level2=usable;level3=usable,graded,good,,0.998042,0.001958,0.815671,0.182372,
img_02399,bad,consensus=bad;level1=usable;level2=bad;level3=bad,graded,usable,,0.738789,0.261211,0.004782,0.734008,
img_02400,bad,consensus=bad;level1=usable;level2=bad;level3=bad,graded,usable,,0.519256,0.480744,0.000238,0.519018,
img_02404,usable,consensus=usable;level1=usable;level2=usable;level3=bad,graded,usable,,0.792540,0.207460,0.009982,0.782558,
img_02405,bad,consensus=bad;level1=usable;level2=bad;level3=bad,graded,usable,,0.665808,0.334192,0.015807,0.650001,
img_02406,bad,consensus=bad;level1=bad;level2=bad;level3=bad,graded,bad,,0.104145,0.895855,0.000126,0.104019,
img_02407,bad,consensus=bad;level1=bad;level2=bad;level3=bad,graded,usable,,0.709999,0.290001,0.003916,0.706083,
img_02408,good,consensus=good;level1=good;level2=good;level3=good,graded,good,,0.999992,0.000008,0.987547,0.012444,
img_02420,usable,consensus=usable;level1=usable;level2=usable;level3=bad,graded,usable,,0.961237,0.038763,0.105173,0.856064,
img_02421,usable,consensus=usable;level1=usable;level2=usable;level3=bad,graded,good,,0.996667,0.003333,0.738165,0.258502,
img_02427,good,consensus=good;level1=good;level2=good;level3=good,graded,good,,0.999981,0.000019,0.991557,0.008424,
img_02428,good,consensus=good;level1=good;level2=good;level3=good,graded,good,,0.998606,0.001394,0.841432,0.157173,
img_02429,usable,consensus=usable;level1=usable;level2=usable;level3=usable,graded,bad,,0.510315,0.489685,0.427153,0.083162,
img_02431,usable,consensus=usable;level1=usable;level2=usable;level3=usable,graded,usable,,0.794489,0.205511,0.200308,0.594182,
img_02433,good,consensus=good;level1=good;level2=usable;level3=good,graded,good,,0.998462,0.001538,0.783471,0.214991,
img_02434,bad,consensus=bad;level1=bad;level2=bad;level3=bad,graded,bad,,0.000360,0.999640,0.000000,0.000360,
img_02435,bad,consensus=bad;level1=bad;level2=bad;level3=bad,graded,bad,,0.000266,0.999734,0.000000,0.000266,
img_02436,bad,consensus=bad;level1=bad;level2=bad;level3=bad,graded,usable,,0.904333,0.095667,0.021547,0.882786,
img_02437,bad,consensus=bad;level1=bad;level2=bad;level3=bad,graded,usable,,0.559083,0.440917,0.000891,0.558192,
img_02438,usable,consensus=usable;level1=usable;level2=bad;level3=usable,graded,usable,,0.888758,0.111242,0.036162,0.852597,
img_02439,bad,consensus=bad;level1=bad;level2=bad;level3=bad,graded,bad,,0.013855,0.986145,0.000029,0.013826,
img_02440,bad,consensus=bad;level1=bad;level2=good;level3=bad,graded,good,,0.947217,0.052783,0.883278,0.063939,
img_02441,bad,consensus=bad;level1=bad;level2=usable;level3=bad,graded,good,,0.983042,0.016958,0.822087,0.160955,
img_02442,usable,consensus=usable;level1=good;level2=usable;level3=usable,graded,good,,0.998802,0.001198,0.594850,0.403952,
img_02443,usable,consensus=usable;level1=usable;level2=usable;level3=usable,graded,usable,,0.994753,0.005247,0.217520,0.777233,
img_02444,bad,consensus=bad;level1=bad;level2=bad;level3=bad,graded,bad,,0.008779,0.991221,0.000000,0.008779,
img_02445,bad,consensus=bad;level1=bad;level2=bad;level3=bad,graded,bad,,0.038123,0.961877,0.000006,0.038117,
img_02446,good,consensus=good;level1=good;level2=good;level3=good,graded,good,,0.998750,0.001250,0.649969,0.348781,
img_02447,good,consensus=good;level1=good;level2=good;level3=good,graded,good,,0.999456,0.000544,0.769818,0.229638,
img_02448,usable,consensus=usable;level1=usable;level2=usable;level3=bad,graded,good,,0.993261,0.006739,0.517833,0.475428,
img_02449,good,consensus=good;level1=good;level2=good;level3=usable,graded,usable,,0.968453,0.031547,0.473608,0.494846,
img_02450,bad,consensus=bad;level1=bad;level2=bad;level3=bad,graded,bad,,0.001080,0.998920,0.000003,0.001077,
img_02451,bad,consensus=bad;level1=bad;level2=bad;level3=bad,graded,bad,,0.000392,0.999608,0.000001,0.000391,
img_02452,usable,consensus=usable;level1=usable;level2=usable;level3=usable,graded,usable,,0.917960,0.082040,0.016486,0.901473,
img_02453,good,consensus=good;level1=good;level2=good;level3=good,graded,good,,0.999995,0.000005,0.995237,0.004758,
img_02454,good,consensus=good;level1=good;level2=good;level3=good,graded,good,,0.999989,0.000011,0.981208,0.018781,
img_02455,usable,consensus=usable;level1=usable;level2=good;level3=usable,graded,usable,,0.987839,0.012161,0.320731,0.667108,
img_02456,bad,consensus=bad;level1=bad;level2=bad;level3=bad,graded,bad,,0.004512,0.995488,0.000006,0.004506,
img_02459,good,consensus=good;level1=good;level2=usable;level3=good,graded,good,,0.999009,0.000991,0.738627,0.260382,
img_02460,usable,consensus=usable;level1=good;level2=usable;level3=usable,graded,usable,,0.991535,0.008465,0.134070,0.857464,
img_02461,bad,consensus=bad;level1=bad;level2=bad;level3=bad,graded,bad,,0.000422,0.999578,0.000000,0.000422,
img_02463,bad,consensus=bad;level1=bad;level2=bad;level3=bad,graded,bad,,0.000067,0.999933,0.000000,0.000067,
img_02464,bad,consensus=bad;level1=usable;level2=bad;level3=bad,graded,usable,,0.771664,0.228336,0.029382,0.742283,
img_02465,bad,consensus=bad;level1=bad;level2=bad;level3=bad,graded,bad,,0.010684,0.989316,0.000000,0.010684,
img_02466,usable,consensus=usable;level1=usable;level2=usable;level3=bad,graded,usable,,0.932930,0.067070,0.220756,0.712174,
img_02467,good,consensus=good;level1=good;level2=usable;level3=good,graded,usable,,0.990058,0.009942,0.438931,0.551127,
img_02468,bad,consensus=bad;level1=bad;level2=bad;level3=bad,graded,bad,,0.222470,0.777530,0.000184,0.222287,
img_02469,bad,consensus=bad;level1=bad;level2=bad;level3=bad,graded,bad,,0.413533,0.586467,0.000720,0.412814,
img_02470,usable,consensus=usable;level1=bad;level2=usable;level3=usable,graded,usable,,0.608149,0.391851,0.015092,0.593057,
img_02471,bad,consensus=bad;level1=bad;level2=bad;level3=bad,graded,bad,,0.042132,0.957868,0.000048,0.042084,
img_02472,bad,consensus=bad;level1=bad;level2=bad;level3=bad,graded,bad,,0.000054,0.999946,0.000000,0.000054,
img_02473,bad,consensus=bad;level1=bad;level2=usable;level3=bad,graded,bad,,0.235103,0.764897,0.001797,0.233307,
img_02474,bad,consensus=bad;level1=bad;level2=usable;level3=bad,graded,bad,,0.394597,0.605404,0.011365,0.383232,
img_02475,bad,consensus=bad;level1=bad;level2=bad;level3=bad,graded,bad,,0.378019,0.621981,0.000444,0.377574,
img_02476,bad,consensus=bad;level1=bad;level2=bad;level3=bad,graded,bad,,0.448926,0.551074,0.000521,0.448405,
img_02477,bad,consensus=bad;level1=bad;level2=usable;level3=bad,graded,usable,,0.965274,0.034726,0.044375,0.920899,
img_02480,bad,consensus=bad;level1=usable;level2=bad;level3=bad,graded,good,,0.970769,0.029231,0.758298,0.212471,
img_02481,bad,consensus=bad;level1=bad;level2=bad;level3=bad,graded,good,,0.999398,0.000602,0.904949,0.094448,
img_02482,good,consensus=good;level1=good;level2=good;level3=good,graded,good,,0.999919,0.000081,0.964238,0.035681,
img_02483,good,consensus=good;level1=usable;level2=good;level3=good,graded,good,,0.999947,0.000053,0.987314,0.012633,
img_02484,good,consensus=good;level1=good;level2=good;level3=usable,graded,good,,0.999890,0.000110,0.964352,0.035538,
img_02485,good,consensus=good;level1=good;level2=usable;level3=good,graded,good,,0.999711,0.000289,0.845906,0.153805,
img_02486,usable,consensus=usable;level1=good;level2=usable;level3=usable,graded,usable,,0.995550,0.004450,0.186572,0.808979,
img_02487,usable,consensus=usable;level1=good;level2=usable;level3=usable,graded,good,,0.999913,0.000087,0.959391,0.040521,
img_02488,usable,consensus=usable;level1=good;level2=usable;level3=usable,graded,good,,0.998860,0.001140,0.528764,0.470096,
img_02489,good,consensus=good;level1=good;level2=bad;level3=good,graded,good,,0.998602,0.001398,0.523727,0.474874,
img_02490,usable,consensus=usable;level1=usable;level2=usable;level3=bad,graded,usable,,0.947730,0.052270,0.067868,0.879862,
img_02491,bad,consensus=bad;level1=usable;level2=bad;level3=bad,graded,usable,,0.922337,0.077663,0.021614,0.900723,
img_02492,usable,consensus=usable;level1=usable;level2=usable;level3=usable,graded,usable,,0.979833,0.020167,0.025268,0.954565,
img_02493,usable,consensus=usable;level1=usable;level2=usable;level3=usable,graded,usable,,0.978394,0.021606,0.008846,0.969548,
img_02494,usable,consensus=usable;level1=good;level2=usable;level3=usable,graded,usable,,0.988373,0.011627,0.097557,0.890816,
img_02495,usable,consensus=usable;level1=good;level2=usable;level3=usable,graded,good,,0.998098,0.001902,0.525210,0.472888,
img_02496,good,consensus=good;level1=good;level2=good;level3=usable,graded,good,,0.997919,0.002081,0.538229,0.459690,
img_02497,usable,consensus=usable;level1=good;level2=usable;level3=usable,graded,good,,0.998675,0.001325,0.677903,0.320772,
img_02498,usable,consensus=usable;level1=good;level2=usable;level3=usable,graded,usable,,0.966327,0.033673,0.453941,0.512386,
img_02499,good,consensus=good;level1=good;level2=good;level3=usable,graded,usable,,0.979747,0.020253,0.287370,0.692377,
img_02500,usable,consensus=usable;level1=good;level2=usable;level3=usable,graded,usable,,0.939444,0.060556,0.111029,0.828415,
img_02503,bad,consensus=bad;level1=usable;level2=bad;level3=bad,graded,usable,,0.620833,0.379167,0.002935,0.617898,
img_02504,usable,consensus=usable;level1=usable;level2=usable;level3=bad,graded,usable,,0.794029,0.205971,0.005898,0.788132,
img_02505,usable,consensus=usable;level1=usable;level2=good;level3=usable,graded,usable,,0.883118,0.116882,0.110929,0.772189,
img_02506,usable,consensus=usable;level1=usable;level2=good;level3=usable,graded,usable,,0.717455,0.282545,0.024407,0.693048,
img_02507,good,consensus=good;level1=good;level2=good;level3=usable,graded,good,,0.999528,0.000472,0.856969,0.142559,
img_02508,usable,consensus=usable;level1=usable;level2=usable;level3=usable,graded,usable,,0.994677,0.005323,0.426902,0.567774,
img_02509,bad,consensus=bad;level1=bad;level2=bad;level3=bad,graded,bad,,0.138981,0.861019,0.002573,0.136408,
img_02510,usable,consensus=usable;level1=usable;level2=usable;level3=bad,graded,usable,,0.995790,0.004210,0.054879,0.940912,
img_02511,usable,consensus=usable;level1=good;level2=usable;level3=usable,graded,good,,0.999300,0.000700,0.648377,0.350923,
img_02512,good,consensus=good;level1=good;level2=good;level3=good,graded,good,,0.999998,0.000002,0.996835,0.003163,
img_02513,good,consensus=good;level1=good;level2=good;level3=good,graded,good,,0.999934,0.000066,0.977818,0.022116,
img_02514,bad,consensus=bad;level1=bad;level2=usable;level3=bad,graded,bad,,0.151277,0.848723,0.000977,0.150300,
img_02515,good,consensus=good;level1=good;level2=usable;level3=good,graded,good,,0.998542,0.001458,0.837796,0.160746,
img_02516,good,consensus=good;level1=usable;level2=good;level3=good,graded,good,,0.999993,0.000007,0.990522,0.009472,
img_02517,good,consensus=good;level1=good;level2=good;level3=good,graded,good,,0.999997,0.000003,0.995250,0.004747,
img_02518,bad,consensus=bad;level1=bad;level2=bad;level3=bad,graded,bad,,0.015776,0.984224,0.000044,0.015732,
img_02519,usable,consensus=usable;level1=usable;level2=usable;level3=bad,graded,usable,,0.987314,0.012686,0.093815,0.893499,
img_02520,good,consensus=good;level1=usable;level2=good;level3=good,graded,good,,0.993003,0.006997,0.816660,0.176343,
img_02522,good,consensus=good;level1=good;level2=good;level3=good,graded,good,,0.998890,0.001110,0.601818,0.397072,
img_02523,good,consensus=good;level1=good;level2=good;level3=good,graded,usable,,0.982966,0.017034,0.366717,0.616249,
img_02524,bad,consensus=bad;level1=bad;level2=bad;level3=bad,graded,bad,,0.030686,0.969314,0.000009,0.030677,
img_02525,usable,consensus=usable;level1=good;level2=usable;level3=usable,graded,usable,,0.994648,0.005352,0.149467,0.845181,
img_02526,bad,consensus=bad;level1=bad;level2=bad;level3=bad,graded,bad,,0.008913,0.991087,0.000000,0.008912,
img_02527,bad,consensus=bad;level1=bad;level2=bad;level3=bad,graded,usable,,0.557875,0.442125,0.000081,0.557794,
img_02528,bad,consensus=bad;level1=bad;level2=bad;level3=bad,graded,bad,,0.000141,0.999859,0.000000,0.000141,
img_02529,bad,consensus=bad;level1=bad;level2=bad;level3=bad,graded,bad,,0.000713,0.999287,0.000000,0.000713,
img_02531,good,consensus=good;level1=good;level2=good;level3=good,graded,good,,0.999116,0.000884,0.897917,0.101199,
img_02532,good,consensus=good;level1=good;level2=good;level3=good,graded,good,,0.999554,0.000446,0.877602,0.121952,
img_02533,usable,consensus=usable;level1=good;level2=usable;level3=usable,graded,usable,,0.980361,0.019639,0.268592,0.711768,
img_02534,usable,consensus=usable;level1=good;level2=usable;level3=usable,graded,bad,,0.460151,0.539849,0.094017,0.366135,
img_02535,good,consensus=good;level1=good;level2=good;level3=good,graded,good,,0.999356,0.000644,0.876308,0.123048,
img_02536,bad,consensus=bad;level1=bad;level2=usable;level3=bad,graded,bad,,0.212586,0.787414,0.000055,0.212531,
img_02537,bad,consensus=bad;level1=bad;level2=bad;level3=bad,graded,bad,,0.001975,0.998025,0.000000,0.001975,
img_02538,usable,consensus=usable;level1=usable;level2=bad;level3=usable,graded,usable,,0.993789,0.006211,0.330273,0.663516,
img_02539,bad,consensus=bad;level1=usable;level2=bad;level3=bad,graded,usable,,0.854065,0.145935,0.017785,0.836280,
img_02540,usable,consensus=usable;level1=usable;level2=usable;level3=bad,graded,usable,,0.978249,0.021751,0.173538,0.804711,
img_02543,usable,consensus=usable;level1=usable;level2=usable;level3=usable,graded,usable,,0.992186,0.007814,0.396865,0.595322,
img_02544,usable,consensus=usable;level1=usable;level2=good;level3=usable,graded,usable,,0.994045,0.005955,0.383272,0.610773,
img_02545,usable,consensus=usable;level1=usable;level2=usable;level3=usable,graded,good,,0.998083,0.001917,0.784826,0.213257,
img_02546,usable,consensus=usable;level1=usable;level2=good;level3=usable,graded,good,,0.998514,0.001486,0.891592,0.106922,
img_02547,bad,consensus=bad;level1=bad;level2=bad;level3=bad,graded,bad,,0.276059,0.723941,0.000374,0.275685,
img_02548,usable,consensus=usable;level1=usable;level2=good;level3=usable,graded,usable,,0.989820,0.010180,0.161617,0.828203,
img_02549,usable,consensus=usable;level1=usable;level2=usable;level3=bad,graded,usable,,0.952146,0.047854,0.089489,0.862657,
img_02550,usable,consensus=usable;level1=usable;level2=usable;level3=bad,graded,usable,,0.859624,0.140376,0.038680,0.820944,
img_02551,usable,consensus=usable;level1=usable;level2=usable;level3=usable,graded,usable,,0.986442,0.013558,0.442603,0.543839,
img_02552,usable,consensus=usable;level1=good;level2=usable;level3=usable,graded,good,,0.994595,0.005405,0.536488,0.458107,
img_02553,usable,consensus=usable;level1=usable;level2=usable;level3=usable,graded,usable,,0.991712,0.008288,0.307196,0.684516,
img_02554,usable,consensus=usable;level1=usable;level2=good;level3=usable,graded,good,,0.996769,0.003231,0.549267,0.447502,
img_02555,bad,consensus=bad;level1=bad;level2=bad;level3=bad,graded,bad,,0.036443,0.963556,0.000013,0.036431,
img_02556,usable,consensus=usable;level1=usable;level2=usable;level3=usable,graded,usable,,0.740860,0.259140,0.041130,0.699730,
img_02557,bad,consensus=bad;level1=bad;level2=bad;level3=bad,graded,bad,,0.000213,0.999788,0.000000,0.000212,
img_02559,bad,consensus=bad;level1=bad;level2=bad;level3=bad,graded,bad,,0.000715,0.999285,0.000000,0.000715,
img_02560,usable,consensus=usable;level1=usable;level2=good;level3=usable,graded,good,,0.998806,0.001194,0.509530,0.489277,
img_02561,usable,consensus=usable;level1=usable;level2=usable;level3=usable,graded,usable,,0.997221,0.002779,0.370034,0.627187,
img_02562,bad,consensus=bad;level1=bad;level2=bad;level3=bad,graded,bad,,0.125875,0.874125,0.000571,0.125305,
img_02563,usable,consensus=usable;level1=usable;level2=usable;level3=usable,graded,usable,,0.970667,0.029333,0.173490,0.797177,
img_02564,usable,consensus=usable;level1=usable;level2=usable;level3=usable,graded,good,,0.999266,0.000734,0.886375,0.112892,
img_02565,usable,consensus=usable;level1=good;level2=usable;level3=usable,graded,good,,0.995422,0.004578,0.814145,0.181276,
img_02566,good,consensus=good;level1=good;level2=good;level3=usable,graded,good,,0.994108,0.005892,0.718123,0.275985,
img_02567,usable,consensus=usable;level1=usable;level2=usable;level3=good,graded,good,,0.996673,0.003327,0.773012,0.223662,
img_02568,usable,consensus=usable;level1=usable;level2=usable;level3=usable,graded,good,,0.996853,0.003147,0.865903,0.130950,
img_02569,usable,consensus=usable;level1=usable;level2=usable;level3=bad,graded,usable,,0.992181,0.007819,0.074185,0.917995,
img_02570,usable,consensus=usable;level1=usable;level2=usable;level3=bad,graded,usable,,0.986243,0.013757,0.216977,0.769267,
img_02571,usable,consensus=usable;level1=good;level2=usable;level3=usable,graded,good,,0.999919,0.000081,0.915110,0.084810,
img_02572,usable,consensus=usable;level1=good;level2=usable;level3=usable,graded,good,,0.999746,0.000254,0.883288,0.116458,
img_02573,bad,consensus=bad;level1=bad;level2=bad;level3=bad,graded,bad,,0.015489,0.984511,0.000016,0.015472,
img_02574,bad,consensus=bad;level1=bad;level2=bad;level3=bad,graded,bad,,0.001360,0.998640,0.000000,0.001360,
img_02575,good,consensus=good;level1=good;level2=good;level3=good,graded,good,,0.999993,0.000007,0.982719,0.017274,
img_02576,good,consensus=good;level1=good;level2=good;level3=good,graded,good,,0.999957,0.000043,0.976428,0.023529,
img_02577,good,consensus=good;level1=good;level2=good;level3=good,graded,good,,0.999986,0.000014,0.990958,0.009029,
img_02578,usable,consensus=usable;level1=usable;level2=bad;level3=usable,graded,good,,0.999887,0.000113,0.957813,0.042074,
img_02579,bad,consensus=bad;level1=usable;level2=bad;level3=bad,graded,usable,,0.985625,0.014375,0.333499,0.652127,
img_02580,bad,consensus=bad;level1=bad;level2=bad;level3=bad,graded,usable,,0.866088,0.133912,0.014189,0.851899,
img_02581,bad,consensus=bad;level1=bad;level2=bad;level3=bad,graded,bad,,0.000113,0.999887,0.000000,0.000113,
img_02582,bad,consensus=bad;level1=bad;level2=bad;level3=bad,graded,bad,,0.003853,0.996147,0.000006,0.003846,
img_02583,good,consensus=good;level1=good;level2=good;level3=usable,graded,usable,,0.729407,0.270593,0.105354,0.624053,
img_02584,bad,consensus=bad;level1=usable;level2=bad;level3=bad,graded,bad,,0.140550,0.859450,0.000264,0.140287,
img_02587,usable,consensus=usable;level1=usable;level2=usable;level3=usable,graded,usable,,0.954962,0.045038,0.062794,0.892168,
img_02588,usable,consensus=usable;level1=usable;level2=usable;level3=bad,graded,usable,,0.968882,0.031118,0.093508,0.875375,
img_02589,usable,consensus=usable;level1=good;level2=usable;level3=usable,graded,good,,0.999978,0.000022,0.976204,0.023773,
img_02590,good,consensus=good;level1=good;level2=good;level3=good,graded,good,,0.999998,0.000002,0.997737,0.002261,
img_02591,good,consensus=good;level1=good;level2=good;level3=good,graded,good,,0.999993,0.000007,0.988410,0.011583,
img_02592,good,consensus=good;level1=good;level2=good;level3=good,graded,good,,0.999997,0.000003,0.991397,0.008600,
img_02593,usable,consensus=usable;level1=good;level2=usable;level3=usable,graded,good,,0.999921,0.000079,0.914607,0.085314,
img_02594,usable,consensus=usable;level1=usable;level2=usable;level3=bad,graded,usable,,0.984352,0.015648,0.151681,0.832671,
img_02595,good,consensus=good;level1=good;level2=good;level3=usable,graded,good,,0.999922,0.000078,0.915286,0.084635,
img_02597,bad,consensus=bad;level1=usable;level2=bad;level3=bad,graded,usable,,0.997587,0.002413,0.262917,0.734670,
img_02599,bad,consensus=bad;level1=usable;level2=bad;level3=bad,graded,bad,,0.094205,0.905795,0.000013,0.094192,
img_02600,bad,consensus=bad;level1=usable;level2=bad;level3=bad,graded,usable,,0.612788,0.387212,0.006666,0.606122,
img_02601,bad,consensus=bad;level1=bad;level2=bad;level3=bad,graded,bad,,0.477039,0.522961,0.000248,0.476791,
img_02602,good,consensus=good;level1=good;level2=usable;level3=good,graded,good,,0.998776,0.001224,0.858824,0.139951,
img_02603,good,consensus=good;level1=good;level2=good;level3=good,graded,good,,0.999955,0.000045,0.913292,0.086662,
img_02604,good,consensus=good;level1=good;level2=good;level3=good,graded,good,,0.999857,0.000143,0.977381,0.022476,
img_02605,bad,consensus=bad;level1=bad;level2=bad;level3=bad,graded,bad,,0.465002,0.534998,0.002463,0.462539,
img_02606,usable,consensus=usable;level1=good;level2=usable;level3=usable,graded,good,,0.999768,0.000232,0.931876,0.067892,
img_02607,bad,consensus=bad;level1=bad;level2=usable;level3=bad,graded,usable,,0.911257,0.088743,0.030717,0.880540,
img_02608,usable,consensus=usable;level1=usable;level2=usable;level3=usable,graded,usable,,0.946147,0.053853,0.255925,0.690222,
img_02609,usable,consensus=usable;level1=usable;level2=usable;level3=bad,graded,usable,,0.926540,0.073460,0.128861,0.797679,
img_02610,usable,consensus=usable;level1=usable;level2=usable;level3=usable,graded,usable,,0.905411,0.094589,0.032995,0.872417,
img_02611,usable,consensus=usable;level1=usable;level2=usable;level3=usable,graded,usable,,0.716555,0.283445,0.020294,0.696262,
img_02612,bad,consensus=bad;level1=bad;level2=bad;level3=bad,graded,usable,,0.669847,0.330153,0.001357,0.668490,
img_02652,usable,consensus=usable;level1=usable;level2=usable;level3=good,graded,good,,0.998327,0.001673,0.915676,0.082651,
img_02656,usable,consensus=usable;level1=usable;level2=usable;level3=good,graded,good,,0.997158,0.002842,0.975018,0.022140,
img_02724,usable,consensus=usable;level1=good;level2=usable;level3=usable,graded,good,,0.999647,0.000353,0.861777,0.137869,
img_02743,bad,consensus=bad;level1=bad;level2=bad;level3=bad,graded,bad,,0.006774,0.993226,0.000002,0.006772,
img_02744,bad,consensus=bad;level1=bad;level2=bad;level3=bad,graded,bad,,0.433060,0.566940,0.014975,0.418085,
img_02745,usable,consensus=usable;level1=usable;level2=usable;level3=bad,graded,usable,,0.994972,0.005028,0.368903,0.626069,
img_02747,bad,consensus=bad;level1=bad;level2=bad;level3=bad,graded,bad,,0.000047,0.999953,0.000000,0.000047,
img_02748,usable,consensus=usable;level1=usable;level2=good;level3=usable,graded,usable,,0.977822,0.022178,0.075345,0.902477,
img_02749,usable,consensus=usable;level1=usable;level2=good;level3=usable,graded,usable,,0.910462,0.089538,0.040482,0.869980,
img_02750,usable,consensus=usable;level1=good;level2=usable;level3=usable,graded,usable,,0.992636,0.007364,0.332375,0.660261,
img_02751,bad,consensus=bad;level1=bad;level2=usable;level3=bad,graded,usable,,0.941683,0.058317,0.024938,0.916745,
img_02752,usable,consensus=usable;level1=usable;level2=usable;level3=usable,graded,usable,,0.698166,0.301833,0.077690,0.620477,
img_02763,bad,consensus=bad;level1=bad;level2=bad;level3=bad,graded,bad,,0.001949,0.998051,0.000000,0.001949,
img_02829,usable,consensus=usable;level1=usable;level2=usable;level3=good,graded,usable,,0.987326,0.012674,0.056908,0.930418,
img_02873,bad,consensus=bad;level1=bad;level2=bad;level3=bad,graded,bad,,0.000518,0.999482,0.000000,0.000518,
img_02909,bad,consensus=bad;level1=bad;level2=bad;level3=usable,graded,bad,,0.056446,0.943554,0.000429,0.056017,
img_03128,usable,consensus=usable;level1=bad;level2=usable;level3=usable,graded,bad,,0.025477,0.974523,0.000045,0.025431,
img_03178,usable,consensus=usable;level1=bad;level2=usable;level3=usable,graded,bad,,0.070229,0.929771,0.000207,0.070022,
img_03189,usable,consensus=usable;level1=usable;level2=usable;level3=good,graded,usable,,0.995045,0.004955,0.250848,0.744197,
img_03285,usable,consensus=usable;level1=usable;level2=usable;level3=good,graded,usable,,0.961699,0.038301,0.411678,0.550021,
img_03322,usable,consensus=usable;level1=usable;level2=usable;level3=good,graded,usable,,0.772370,0.227630,0.006560,0.765811,
img_03355,bad,consensus=bad;level1=bad;level2=bad;level3=bad,graded,bad,,0.000502,0.999498,0.000000,0.000502,
img_03361,bad,consensus=bad;level1=bad;level2=bad;level3=bad,graded,bad,,0.055544,0.944455,0.000111,0.055433,
img_03424,usable,consensus=usable;level1=bad;level2=usable;level3=usable,graded,usable,,0.788327,0.211673,0.357039,0.431288,
img_03595,good,consensus=good;level1=good;level2=good;level3=good,graded,good,,0.999717,0.000283,0.922161,0.077556,
img_03716,bad,consensus=bad;level1=bad;level2=bad;level3=bad,graded,bad,,0.106512,0.893488,0.012820,0.093692,
img_03718,bad,consensus=bad;level1=bad;level2=bad;level3=bad,graded,bad,,0.004629,0.995372,0.000024,0.004605,
img_03723,usable,consensus=usable;level1=usable;level2=bad;level3=usable,graded,usable,,0.995021,0.004979,0.087440,0.907581,
img_03727,bad,consensus=bad;level1=bad;level2=bad;level3=bad,graded,bad,,0.057251,0.942748,0.000016,0.057236,
img_03745,bad,consensus=bad;level1=bad;level2=bad;level3=bad,graded,usable,,0.775017,0.224983,0.010766,0.764251,
img_03750,usable,consensus=usable;level1=bad;level2=usable;level3=usable,graded,good,,0.996174,0.003826,0.895505,0.100669,
img_03756,good,consensus=good;level1=usable;level2=good;level3=good,graded,good,,0.999939,0.000061,0.977682,0.022257,
img_03764,usable,consensus=usable;level1=good;level2=usable;level3=usable,graded,usable,,0.871634,0.128366,0.073648,0.797986,
img_03776,usable,consensus=usable;level1=usable;level2=usable;level3=good,graded,usable,,0.865178,0.134822,0.209949,0.655230,
img_03779,usable,consensus=usable;level1=bad;level2=usable;level3=usable,graded,usable,,0.986614,0.013386,0.072416,0.914198,
img_03792,bad,consensus=bad;level1=usable;level2=bad;level3=bad,graded,bad,,0.134097,0.865903,0.000049,0.134047,
img_03794,usable,consensus=usable;level1=good;level2=usable;level3=usable,graded,usable,,0.905140,0.094860,0.029605,0.875535,
img_03812,bad,consensus=bad;level1=bad;level2=bad;level3=usable,graded,bad,,0.324389,0.675611,0.008768,0.315621,
img_03821,usable,consensus=usable;level1=usable;level2=bad;level3=usable,graded,bad,,0.344097,0.655903,0.003557,0.340539,
img_03830,bad,consensus=bad;level1=bad;level2=bad;level3=bad,graded,bad,,0.165537,0.834463,0.000123,0.165414,
img_03836,bad,consensus=bad;level1=usable;level2=bad;level3=bad,graded,bad,,0.000961,0.999039,0.000000,0.000961,
img_03849,good,consensus=good;level1=usable;level2=good;level3=good,graded,good,,0.999903,0.000097,0.900821,0.099082,
img_03863,bad,consensus=bad;level1=usable;level2=bad;level3=bad,graded,usable,,0.609697,0.390303,0.003045,0.606653,
img_03869,good,consensus=good;level1=good;level2=good;level3=good,graded,good,,0.999985,0.000014,0.989385,0.010601,
img_03873,bad,consensus=bad;level1=bad;level2=bad;level3=bad,graded,bad,,0.000810,0.999190,0.000000,0.000810,
img_03890,usable,consensus=usable;level1=bad;level2=usable;level3=good,graded,good,,0.997231,0.002769,0.513517,0.483714,
img_03949,usable,consensus=usable;level1=usable;level2=good;level3=usable,graded,good,,0.999003,0.000997,0.882682,0.116321,
img_03995,usable,consensus=usable;level1=usable;level2=usable;level3=usable,graded,usable,,0.766195,0.233805,0.160732,0.605463,
img_04121,bad,consensus=bad;level1=bad;level2=bad;level3=bad,graded,bad,,0.002305,0.997695,0.000000,0.002305,
img_04132,usable,consensus=usable;level1=bad;level2=usable;level3=usable,graded,usable,,0.769403,0.230597,0.053926,0.715477,
img_04157,bad,consensus=bad;level1=bad;level2=bad;level3=bad,graded,bad,,0.000707,0.999292,0.000000,0.000707,
img_04180,bad,consensus=bad;level1=bad;level2=bad;level3=bad,graded,bad,,0.000474,0.999526,0.000001,0.000473,
img_04228,bad,consensus=bad;level1=bad;level2=bad;level3=usable,graded,usable,,0.795546,0.204454,0.015298,0.780248,
img_04239,usable,consensus=usable;level1=usable;level2=usable;level3=good,graded,good,,0.999984,0.000016,0.981035,0.018949,
img_04245,good,consensus=good;level1=good;level2=usable;level3=good,graded,usable,,0.968361,0.031639,0.070832,0.897529,
img_04264,usable,consensus=usable;level1=usable;level2=bad;level3=usable,graded,bad,,0.277038,0.722962,0.043133,0.233905,
img_04305,bad,consensus=bad;level1=bad;level2=bad;level3=good,graded,usable,,0.935357,0.064643,0.283504,0.651852,
img_04366,bad,consensus=bad;level1=bad;level2=bad;level3=usable,graded,usable,,0.541436,0.458564,0.000996,0.540440,
img_04416,bad,consensus=bad;level1=bad;level2=bad;level3=bad,graded,bad,,0.000258,0.999742,0.000000,0.000257,
img_04448,good,consensus=good;level1=usable;level2=good;level3=good,graded,usable,,0.989568,0.010432,0.134650,0.854919,
img_04507,usable,consensus=usable;level1=usable;level2=usable;level3=good,graded,bad,,0.183858,0.816142,0.000599,0.183259,
img_04518,bad,consensus=bad;level1=bad;level2=bad;level3=usable,graded,usable,,0.970014,0.029986,0.092271,0.877743,
img_04525,usable,consensus=usable;level1=bad;level2=usable;level3=good,graded,good,,0.999355,0.000645,0.847236,0.152120,
img_04563,bad,consensus=bad;level1=bad;level2=bad;level3=usable,graded,usable,,0.954482,0.045518,0.116316,0.838166,
img_04597,bad,consensus=bad;level1=bad;level2=bad;level3=bad,graded,bad,,0.003493,0.996507,0.000001,0.003493,
img_04599,bad,consensus=bad;level1=usable;level2=bad;level3=bad,graded,bad,,0.003939,0.996061,0.000003,0.003936,
img_04627,usable,consensus=usable;level1=usable;level2=usable;level3=usable,graded,usable,,0.949662,0.050338,0.016027,0.933636,
img_04645,bad,consensus=bad;level1=bad;level2=bad;level3=usable,graded,usable,,0.612274,0.387726,0.012452,0.599822,
img_04658,bad,consensus=bad;level1=bad;level2=bad;level3=usable,graded,good,,0.943890,0.056110,0.495344,0.448547,
img_04718,usable,consensus=usable;level1=bad;level2=usable;level3=usable,graded,usable,,0.881937,0.118063,0.303645,0.578292,
img_04738,bad,consensus=bad;level1=usable;level2=bad;level3=bad,graded,bad,,0.374746,0.625254,0.000055,0.374691,
img_04741,good,consensus=good;level1=usable;level2=good;level3=good,graded,good,,0.999193,0.000807,0.823337,0.175856,
img_04750,bad,consensus=bad;level1=bad;level2=bad;level3=usable,graded,usable,,0.996775,0.003225,0.382283,0.614492,
img_04758,bad,consensus=bad;level1=bad;level2=bad;level3=usable,graded,bad,,0.058259,0.941741,0.000029,0.058229,
img_04772,usable,consensus=usable;level1=usable;level2=usable;level3=good,graded,good,,0.764763,0.235237,0.553636,0.211127,
img_04790,bad,consensus=bad;level1=bad;level2=bad;level3=usable,graded,usable,,0.951127,0.048873,0.042361,0.908766,
img_04825,usable,consensus=usable;level1=bad;level2=usable;level3=usable,graded,usable,,0.998150,0.001850,0.308557,0.689592,
img_04840,bad,consensus=bad;level1=bad;level2=usable;level3=bad,graded,bad,,0.015787,0.984213,0.000885,0.014902,
img_04843,bad,consensus=bad;level1=bad;level2=bad;level3=bad,graded,bad,,0.038052,0.961948,0.000002,0.038051,
img_04856,bad,consensus=bad;level1=bad;level2=bad;level3=bad,graded,bad,,0.089930,0.910070,0.000077,0.089853,
img_04877,usable,consensus=usable;level1=usable;level2=usable;level3=good,graded,good,,0.999943,0.000057,0.982022,0.017921,
img_04884,bad,consensus=bad;level1=bad;level2=bad;level3=usable,graded,good,,0.991446,0.008554,0.693594,0.297852,
img_04979,bad,consensus=bad;level1=bad;level2=bad;level3=usable,graded,bad,,0.397428,0.602573,0.019799,0.377629,
img_05002,bad,consensus=bad;level1=bad;level2=bad;level3=usable,graded,bad,,0.013677,0.986323,0.000084,0.013593,
img_05007,bad,consensus=bad;level1=bad;level2=bad;level3=usable,graded,usable,,0.938724,0.061276,0.131030,0.807694,
img_05065,bad,consensus=bad;level1=bad;level2=bad;level3=usable,graded,usable,,0.758847,0.241153,0.001114,0.757734,
img_05090,good,consensus=good;level1=good;level2=good;level3=good,graded,good,,0.991578,0.008422,0.557021,0.434558,
img_05106,bad,consensus=bad;level1=bad;level2=bad;level3=usable,graded,bad,,0.009979,0.990022,0.000002,0.009977,
img_05123,bad,consensus=bad;level1=bad;level2=bad;level3=usable,graded,usable,,0.754256,0.245744,0.024062,0.730194,
img_05132,usable,consensus=usable;level1=bad;level2=usable;level3=usable,graded,usable,,0.991002,0.008998,0.190364,0.800638,
img_05148,usable,consensus=usable;level1=usable;level2=usable;level3=good,graded,good,,0.995394,0.004606,0.748185,0.247209,
img_05162,bad,consensus=bad;level1=bad;level2=bad;level3=bad,graded,bad,,0.003863,0.996136,0.000000,0.003863,
img_05164,bad,consensus=bad;level1=bad;level2=bad;level3=usable,graded,usable,,0.969189,0.030811,0.294346,0.674844,
img_05166,usable,consensus=usable;level1=usable;level2=bad;level3=usable,graded,usable,,0.619804,0.380196,0.008207,0.611597,
img_05191,usable,consensus=usable;level1=usable;level2=usable;level3=good,graded,bad,,0.422026,0.577974,0.001548,0.420478,
img_05192,usable,consensus=usable;level1=bad;level2=usable;level3=usable,graded,usable,,0.642243,0.357757,0.001590,0.640653,
img_05226,usable,consensus=usable;level1=usable;level2=bad;level3=usable,graded,usable,,0.518889,0.481111,0.000251,0.518637,
img_05239,bad,consensus=bad;level1=bad;level2=bad;level3=bad,graded,bad,,0.000530,0.999470,0.000000,0.000530,
img_05251,usable,consensus=usable;level1=bad;level2=usable;level3=usable,graded,bad,,0.168578,0.831422,0.018039,0.150539,
img_05266,bad,consensus=bad;level1=bad;level2=bad;level3=good,graded,usable,,0.949222,0.050778,0.006526,0.942696,
img_05293,bad,consensus=bad;level1=bad;level2=bad;level3=usable,graded,good,,0.627234,0.372767,0.487255,0.139979,
img_05299,bad,consensus=bad;level1=bad;level2=bad;level3=usable,graded,bad,,0.057640,0.942360,0.000016,0.057624,
img_05300,bad,consensus=bad;level1=bad;level2=bad;level3=bad,graded,bad,,0.000076,0.999924,0.000000,0.000076,
img_05415,good,consensus=good;level1=usable;level2=good;level3=good,graded,good,,0.996769,0.003232,0.904718,0.092051,
img_05417,usable,consensus=usable;level1=usable;level2=usable;level3=good,graded,usable,,0.988161,0.011839,0.419617,0.568544,
img_05430,usable,consensus=usable;level1=usable;level2=usable;level3=bad,graded,usable,,0.912167,0.087833,0.029238,0.882929,
img_05466,usable,consensus=usable;level1=usable;level2=usable;level3=usable,graded,usable,,0.962070,0.037930,0.005391,0.956678,
img_05470,usable,consensus=usable;level1=bad;level2=usable;level3=usable,graded,usable,,0.555087,0.444913,0.005848,0.549239,
img_05471,usable,consensus=usable;level1=usable;level2=usable;level3=good,graded,good,,0.998822,0.001178,0.806028,0.192794,
img_05474,bad,consensus=bad;level1=bad;level2=bad;level3=bad,graded,bad,,0.057865,0.942135,0.000001,0.057863,
img_05496,bad,consensus=bad;level1=bad;level2=bad;level3=usable,graded,bad,,0.239916,0.760084,0.000294,0.239621,
img_05502,good,consensus=good;level1=usable;level2=good;level3=good,graded,bad,,0.296314,0.703686,0.030541,0.265772,
img_05520,usable,consensus=usable;level1=bad;level2=usable;level3=usable,graded,usable,,0.848809,0.151191,0.021311,0.827498,
img_05523,usable,consensus=usable;level1=bad;level2=usable;level3=usable,graded,usable,,0.913543,0.086457,0.100764,0.812779,
img_05553,good,consensus=good;level1=good;level2=good;level3=good,graded,good,,0.999017,0.000983,0.620844,0.378173,
img_05564,usable,consensus=usable;level1=usable;level2=usable;level3=good,graded,good,,0.999945,0.000055,0.975365,0.024580,
img_05577,bad,consensus=bad;level1=bad;level2=bad;level3=bad,graded,bad,,0.000538,0.999462,0.000000,0.000538,
img_05578,bad,consensus=bad;level1=bad;level2=bad;level3=usable,graded,usable,,0.976357,0.023643,0.329493,0.646864,
img_05592,bad,consensus=bad;level1=bad;level2=bad;level3=usable,graded,usable,,0.694468,0.305532,0.000289,0.694179,
img_05596,good,consensus=good;level1=good;level2=good;level3=good,graded,good,,0.999967,0.000033,0.981801,0.018166,
img_05618,usable,consensus=usable;level1=bad;level2=usable;level3=usable,graded,usable,,0.975024,0.024976,0.257306,0.717718,
img_05624,good,consensus=good;level1=good;level2=usable;level3=good,graded,good,,0.994888,0.005112,0.743875,0.251014,
img_05636,usable,consensus=usable;level1=usable;level2=bad;level3=usable,graded,usable,,0.961185,0.038815,0.353692,0.607492,
img_05661,good,consensus=good;level1=usable;level2=good;level3=good,graded,usable,,0.996257,0.003743,0.406120,0.590137,
img_05675,bad,consensus=bad;level1=bad;level2=bad;level3=usable,graded,bad,,0.004992,0.995008,0.000003,0.004990,
img_05721,bad,consensus=bad;level1=bad;level2=bad;level3=usable,graded,good,,0.999612,0.000388,0.733548,0.266063,
img_05728,good,consensus=good;level1=good;level2=usable;level3=good,graded,usable,,0.992868,0.007132,0.413624,0.579244,
img_05796,usable,consensus=usable;level1=usable;level2=usable;level3=good,graded,good,,0.978334,0.021666,0.910869,0.067465,
img_05802,good,consensus=good;level1=good;level2=good;level3=good,graded,good,,0.999998,0.000002,0.997978,0.002020,
img_05809,bad,consensus=bad;level1=bad;level2=bad;level3=usable,graded,usable,,0.986773,0.013227,0.180581,0.806192,
img_05830,good,consensus=good;level1=good;level2=usable;level3=good,graded,good,,0.998591,0.001409,0.736521,0.262070,
img_05837,usable,consensus=usable;level1=usable;level2=bad;level3=usable,graded,usable,,0.961323,0.038676,0.445350,0.515974,
img_05844,bad,consensus=bad;level1=bad;level2=bad;level3=bad,graded,bad,,0.059471,0.940529,0.000010,0.059461,
img_05856,bad,consensus=bad;level1=usable;level2=bad;level3=bad,graded,usable,,0.883906,0.116094,0.012571,0.871334,
img_05862,bad,consensus=bad;level1=bad;level2=bad;level3=bad,graded,usable,,0.722652,0.277348,0.012131,0.710521,
img_05880,bad,consensus=bad;level1=bad;level2=bad;level3=good,graded,usable,,0.950666,0.049334,0.021637,0.929029,
img_05915,bad,consensus=bad;level1=bad;level2=bad;level3=usable,graded,bad,,0.054470,0.945530,0.000114,0.054356,
img_05925,usable,consensus=usable;level1=usable;level2=usable;level3=usable,graded,usable,,0.855982,0.144018,0.020729,0.835253,
img_05976,usable,consensus=usable;level1=usable;level2=good;level3=usable,graded,bad,,0.279300,0.720700,0.000530,0.278769,
img_05980,good,consensus=good;level1=good;level2=good;level3=good,graded,usable,,0.998688,0.001312,0.488254,0.510434,
img_05982,bad,consensus=bad;level1=usable;level2=bad;level3=bad,graded,usable,,0.792966,0.207034,0.008831,0.784136,
img_06018,good,consensus=good;level1=usable;level2=good;level3=good,graded,good,,0.999362,0.000638,0.898645,0.100718,
img_06043,bad,consensus=bad;level1=bad;level2=bad;level3=bad,graded,bad,,0.004910,0.995090,0.000000,0.004910,
img_06097,good,consensus=good;level1=good;level2=good;level3=good,graded,good,,0.999988,0.000012,0.984251,0.015737,
img_06136,usable,consensus=usable;level1=bad;level2=usable;level3=usable,graded,usable,,0.980515,0.019485,0.230344,0.750171,
img_06174,usable,consensus=usable;level1=usable;level2=usable;level3=usable,graded,usable,,0.990270,0.009730,0.110695,0.879575,
img_06181,good,consensus=good;level1=good;level2=good;level3=good,graded,good,,0.999877,0.000123,0.933618,0.066259,
img_06183,good,consensus=good;level1=good;level2=good;level3=good,graded,good,,0.999469,0.000531,0.638924,0.360546,
img_06211,good,consensus=good;level1=bad;level2=good;level3=good,graded,usable,,0.600998,0.399002,0.019375,0.581623,
img_06233,usable,consensus=usable;level1=bad;level2=usable;level3=usable,graded,good,,0.999350,0.000650,0.890896,0.108454,
img_06246,usable,consensus=usable;level1=usable;level2=usable;level3=good,graded,good,,0.999714,0.000286,0.914378,0.085335,
img_06249,usable,consensus=usable;level1=bad;level2=usable;level3=usable,graded,good,,0.999950,0.000050,0.978571,0.021378,
img_06323,bad,consensus=bad;level1=bad;level2=bad;level3=bad,graded,bad,,0.002483,0.997517,0.000000,0.002482,
img_06352,bad,consensus=bad;level1=bad;level2=bad;level3=bad,graded,bad,,0.002104,0.997896,0.000000,0.002103,
img_06385,good,consensus=good;level1=usable;level2=good;level3=good,graded,good,,0.999980,0.000019,0.996860,0.003120,
img_06387,usable,consensus=usable;level1=good;level2=usable;level3=usable,graded,bad,,0.140357,0.859643,0.000136,0.140221,
img_06436,good,consensus=good;level1=usable;level2=good;level3=good,graded,usable,,0.982000,0.018000,0.178828,0.803172,
img_06456,good,consensus=good;level1=usable;level2=good;level3=good,graded,good,,0.999975,0.000025,0.987377,0.012598,
img_06481,good,consensus=good;level1=usable;level2=good;level3=good,graded,good,,0.999641,0.000359,0.973888,0.025753,
img_06485,usable,consensus=usable;level1=usable;level2=usable;level3=usable,graded,bad,,0.332441,0.667559,0.000869,0.331573,
img_06509,good,consensus=good;level1=usable;level2=good;level3=good,graded,good,,0.999982,0.000018,0.990059,0.009923,
img_06520,usable,consensus=usable;level1=usable;level2=usable;level3=good,graded,good,,0.997814,0.002186,0.675602,0.322211,
img_06565,usable,consensus=usable;level1=usable;level2=usable;level3=usable,graded,good,,0.999420,0.000580,0.910429,0.088991,
img_06584,bad,consensus=bad;level1=bad;level2=bad;level3=bad,graded,bad,,0.101794,0.898206,0.000363,0.101431,
img_06655,usable,consensus=usable;level1=usable;level2=usable;level3=usable,graded,good,,0.999947,0.000053,0.988056,0.011891,
img_06658,bad,consensus=bad;level1=bad;level2=usable;level3=bad,graded,usable,,0.982483,0.017517,0.383797,0.598686,
img_06659,usable,consensus=usable;level1=usable;level2=usable;level3=good,graded,usable,,0.982431,0.017569,0.252864,0.729567,
img_06710,good,consensus=good;level1=usable;level2=good;level3=good,graded,usable,,0.888199,0.111801,0.392267,0.495931,
img_06736,good,consensus=good;level1=usable;level2=good;level3=good,graded,usable,,0.771147,0.228853,0.006096,0.765051,
img_06739,usable,consensus=usable;level1=usable;level2=usable;level3=usable,graded,usable,,0.803900,0.196100,0.015722,0.788178,
img_06741,good,consensus=good;level1=good;level2=good;level3=good,graded,usable,,0.947092,0.052908,0.117457,0.829634,
img_06774,usable,consensus=usable;level1=usable;level2=bad;level3=usable,graded,good,,0.997916,0.002084,0.532136,0.465780,
img_06777,good,consensus=good;level1=good;level2=usable;level3=good,graded,good,,0.996587,0.003413,0.658013,0.338574,
img_06831,usable,consensus=usable;level1=usable;level2=usable;level3=good,graded,usable,,0.990637,0.009363,0.209351,0.781286,
img_06837,good,consensus=good;level1=usable;level2=good;level3=good,graded,good,,0.997083,0.002918,0.877302,0.119781,
img_06897,usable,consensus=usable;level1=usable;level2=usable;level3=good,graded,usable,,0.994440,0.005560,0.273752,0.720688,
img_06916,good,consensus=good;level1=good;level2=usable;level3=good,graded,good,,0.999637,0.000363,0.890037,0.109600,
img_06927,usable,consensus=usable;level1=usable;level2=usable;level3=good,graded,good,,0.999704,0.000296,0.872782,0.126923,
img_06929,good,consensus=good;level1=good;level2=good;level3=good,graded,good,,0.997983,0.002017,0.801600,0.196383,
img_06960,bad,consensus=bad;level1=bad;level2=bad;level3=usable,graded,usable,,0.956353,0.043647,0.034119,0.922234,
img_06962,bad,consensus=bad;level1=bad;level2=bad;level3=usable,graded,usable,,0.919002,0.080998,0.006480,0.912522,
img_07055,usable,consensus=usable;level1=usable;level2=usable;level3=good,graded,good,,0.998766,0.001234,0.885438,0.113328,
img_07074,usable,consensus=usable;level1=usable;level2=usable;level3=usable,graded,usable,,0.910464,0.089536,0.031576,0.878888,
img_07084,usable,consensus=usable;level1=bad;level2=usable;level3=usable,graded,bad,,0.462735,0.537265,0.000488,0.462247,
img_07142,usable,consensus=usable;level1=usable;level2=bad;level3=usable,graded,usable,,0.913516,0.086484,0.259301,0.654215,
img_07215,good,consensus=good;level1=good;level2=usable;level3=good,graded,good,,1.000000,0.000000,0.999492,0.000508,
img_07217,usable,consensus=usable;level1=usable;level2=usable;level3=usable,graded,bad,,0.229910,0.770090,0.003951,0.225959,
img_07223,usable,consensus=usable;level1=usable;level2=usable;level3=good,graded,good,,0.999708,0.000292,0.885011,0.114697,
img_07226,usable,consensus=usable;level1=usable;level2=usable;level3=usable,graded,usable,,0.600295,0.399705,0.004563,0.595732,
img_07244,usable,consensus=usable;level1=usable;level2=usable;level3=good,graded,good,,0.999683,0.000317,0.957259,0.042425,
img_07268,usable,consensus=usable;level1=usable;level2=bad;level3=usable,graded,usable,,0.947645,0.052355,0.008056,0.939589,
img_07381,bad,consensus=bad;level1=bad;level2=bad;level3=usable,graded,bad,,0.404828,0.595172,0.059750,0.345078,
img_07398,usable,consensus=usable;level1=usable;level2=usable;level3=good,graded,good,,0.999950,0.000050,0.990975,0.008975,
img_07406,usable,consensus=usable;level1=usable;level2=usable;level3=usable,graded,usable,,0.824925,0.175075,0.045666,0.779259,
img_07422,bad,consensus=bad;level1=bad;level2=bad;level3=bad,graded,bad,,0.000038,0.999962,0.000000,0.000038,
img_07428,bad,consensus=bad;level1=bad;level2=bad;level3=bad,graded,bad,,0.001586,0.998415,0.000000,0.001585,
img_07434,usable,consensus=usable;level1=usable;level2=usable;level3=usable,graded,usable,,0.994837,0.005163,0.446341,0.548497,
img_07474,good,consensus=good;level1=good;level2=good;level3=good,graded,good,,0.999984,0.000016,0.978701,0.021283,
img_07477,usable,consensus=usable;level1=usable;level2=bad;level3=usable,graded,usable,,0.776497,0.223503,0.005239,0.771258,
img_07539,usable,consensus=usable;level1=usable;level2=bad;level3=usable,graded,usable,,0.801530,0.198470,0.009489,0.792042,
img_07574,bad,consensus=bad;level1=bad;level2=bad;level3=usable,graded,usable,,0.799571,0.200429,0.021073,0.778498,
img_07594,usable,consensus=usable;level1=usable;level2=bad;level3=usable,graded,good,,0.999664,0.000336,0.951804,0.047860,
img_07609,usable,consensus=usable;level1=usable;level2=usable;level3=good,graded,usable,,0.953290,0.046710,0.305785,0.647505,
img_07636,usable,consensus=usable;level1=usable;level2=usable;level3=usable,graded,bad,,0.485439,0.514561,0.009010,0.476428,
img_07711,good,consensus=good;level1=usable;level2=good;level3=good,graded,good,,0.998618,0.001382,0.598272,0.400346,
img_07828,good,consensus=good;level1=usable;level2=good;level3=good,graded,good,,0.998293,0.001707,0.979299,0.018993,
img_07891,bad,consensus=bad;level1=bad;level2=bad;level3=bad,graded,bad,,0.003794,0.996206,0.000000,0.003794,
img_07915,usable,consensus=usable;level1=bad;level2=usable;level3=usable,graded,good,,0.999486,0.000514,0.929668,0.069818,
img_07929,usable,consensus=usable;level1=usable;level2=usable;level3=good,graded,good,,0.953555,0.046445,0.518771,0.434784,
img_07953,good,consensus=good;level1=bad;level2=good;level3=good,graded,usable,,0.956013,0.043988,0.147438,0.808575,
img_08063,bad,consensus=bad;level1=bad;level2=usable;level3=bad,graded,bad,,0.401106,0.598894,0.003955,0.397151,
img_08084,good,consensus=good;level1=good;level2=good;level3=good,graded,good,,0.996924,0.003076,0.794091,0.202833,
img_08094,good,consensus=good;level1=usable;level2=good;level3=good,graded,usable,,0.998364,0.001636,0.320913,0.677451,
img_08116,good,consensus=good;level1=good;level2=good;level3=good,graded,good,,0.999890,0.000110,0.957191,0.042699,
img_08804,good,consensus=good;level1=usable;level2=good;level3=good,graded,good,,0.999997,0.000003,0.997888,0.002109,
img_08808,usable,consensus=usable;level1=good;level2=usable;level3=usable,graded,good,,0.999982,0.000018,0.986700,0.013282,
img_08812,good,consensus=good;level1=usable;level2=good;level3=good,graded,good,,0.999977,0.000023,0.982343,0.017634,
img_08820,bad,consensus=bad;level1=bad;level2=bad;level3=bad,graded,bad,,0.019603,0.980397,0.000001,0.019602,
img_08821,bad,consensus=bad;level1=bad;level2=bad;level3=bad,graded,bad,,0.024535,0.975465,0.000002,0.024533,
img_08830,bad,consensus=bad;level1=usable;level2=bad;level3=bad,graded,usable,,0.803319,0.196681,0.002978,0.800341,
img_08838,bad,consensus=bad;level1=usable;level2=bad;level3=bad,graded,bad,,0.288966,0.711034,0.011964,0.277002,
img_08839,good,consensus=good;level1=good;level2=usable;level3=good,graded,good,,1.000000,0.000000,0.999608,0.000391,
img_08843,good,consensus=good;level1=good;level2=good;level3=good,graded,good,,1.000000,0.000000,0.999439,0.000561,
img_08852,bad,consensus=bad;level1=usable;level2=bad;level3=bad,graded,usable,,0.888713,0.111287,0.022276,0.866437,
img_08857,bad,consensus=bad;level1=usable;level2=bad;level3=bad,graded,usable,,0.825242,0.174758,0.030157,0.795084,
img_08858,bad,consensus=bad;level1=bad;level2=bad;level3=usable,graded,usable,,0.755111,0.244889,0.012297,0.742814,
img_08861,usable,consensus=usable;level1=usable;level2=usable;level3=usable,graded,good,,0.999770,0.000230,0.655787,0.343983,
img_08868,bad,consensus=bad;level1=bad;level2=bad;level3=bad,graded,usable,,0.903894,0.096106,0.012722,0.891171,
img_08869,bad,consensus=bad;level1=usable;level2=bad;level3=bad,graded,usable,,0.855113,0.144887,0.004851,0.850262,
img_08914,bad,consensus=bad;level1=usable;level2=bad;level3=bad,graded,usable,,0.974616,0.025384,0.439220,0.535396,
img_08920,usable,consensus=usable;level1=usable;level2=usable;level3=usable,graded,good,,0.999909,0.000091,0.923131,0.076778,
img_08933,bad,consensus=bad;level1=bad;level2=bad;level3=bad,graded,bad,,0.011478,0.988522,0.000041,0.011437,
img_08936,bad,consensus=bad;level1=bad;level2=bad;level3=bad,graded,bad,,0.030505,0.969495,0.000184,0.030322,
img_08952,bad,consensus=bad;level1=bad;level2=bad;level3=bad,graded,bad,,0.108573,0.891427,0.000015,0.108558,
img_08958,usable,consensus=usable;level1=usable;level2=usable;level3=bad,graded,good,,0.998134,0.001866,0.737836,0.260298,
img_09007,bad,consensus=bad;level1=bad;level2=bad;level3=bad,graded,bad,,0.094305,0.905695,0.002333,0.091971,
img_09008,bad,consensus=bad;level1=bad;level2=bad;level3=bad,graded,usable,,0.984909,0.015091,0.472678,0.512231,
img_09010,good,consensus=good;level1=good;level2=good;level3=good,graded,good,,1.000000,0.000000,0.999679,0.000321,
img_09050,bad,consensus=bad;level1=usable;level2=bad;level3=bad,graded,usable,,0.798489,0.201511,0.036826,0.761663,
img_09060,good,consensus=good;level1=good;level2=usable;level3=good,graded,good,,0.999946,0.000054,0.987299,0.012648,
img_09174,bad,consensus=bad;level1=bad;level2=bad;level3=usable,graded,bad,,0.001046,0.998954,0.000005,0.001041,
img_09212,usable,consensus=usable;level1=usable;level2=usable;level3=good,graded,good,,0.999983,0.000017,0.983240,0.016742,
img_09239,usable,consensus=usable;level1=bad;level2=usable;level3=good,graded,good,,0.999989,0.000011,0.983793,0.016196,
img_09241,bad,consensus=bad;level1=bad;level2=bad;level3=bad,graded,bad,,0.007004,0.992996,0.000001,0.007004,
img_09245,bad,consensus=bad;level1=bad;level2=bad;level3=bad,graded,usable,,0.875203,0.124797,0.016640,0.858563,
img_09256,bad,consensus=bad;level1=bad;level2=bad;level3=bad,graded,usable,,0.739744,0.260256,0.003196,0.736547,
img_09316,bad,consensus=bad;level1=bad;level2=bad;level3=usable,graded,usable,,0.944440,0.055560,0.263180,0.681260,
img_09320,bad,consensus=bad;level1=bad;level2=bad;level3=usable,graded,bad,,0.210401,0.789599,0.000231,0.210170,
img_09328,bad,consensus=bad;level1=bad;level2=bad;level3=bad,graded,usable,,0.894849,0.105151,0.149857,0.744992,
img_09330,good,consensus=good;level1=good;level2=good;level3=usable,graded,good,,0.999816,0.000184,0.861400,0.138416,
img_09402,usable,consensus=usable;level1=usable;level2=usable;level3=usable,graded,usable,,0.905339,0.094661,0.056786,0.848553,
img_09406,bad,consensus=bad;level1=usable;level2=bad;level3=bad,graded,bad,,0.033239,0.966762,0.000026,0.033213,
img_09441,good,consensus=good;level1=good;level2=good;level3=good,graded,good,,1.000000,0.000000,0.999810,0.000190,
img_09444,good,consensus=good;level1=good;level2=good;level3=good,graded,good,,1.000000,0.000000,0.999645,0.000355,
img_09445,good,consensus=good;level1=good;level2=good;level3=good,graded,good,,0.999976,0.000024,0.987298,0.012678,
img_09453,good,consensus=good;level1=good;level2=usable;level3=good,graded,good,,0.999997,0.000003,0.995418,0.004579,
img_09456,bad,consensus=bad;level1=bad;level2=bad;level3=bad,graded,bad,,0.002705,0.997294,0.000000,0.002705,
img_09463,bad,consensus=bad;level1=bad;level2=bad;level3=bad,graded,good,,0.925673,0.074327,0.497107,0.428566,
img_09491,good,consensus=good;level1=good;level2=good;level3=good,graded,good,,1.000000,0.000000,0.999655,0.000345,
img_09495,bad,consensus=bad;level1=bad;level2=bad;level3=bad,graded,bad,,0.400780,0.599220,0.006506,0.394274,
img_09499,good,consensus=good;level1=good;level2=good;level3=good,graded,good,,1.000000,0.000000,0.998927,0.001072,
img_09506,good,consensus=good;level1=good;level2=good;level3=good,graded,good,,1.000000,0.000000,0.999238,0.000762,
img_09510,good,consensus=good;level1=good;level2=good;level3=good,graded,good,,0.999999,0.000001,0.998650,0.001348,
img_09535,good,consensus=good;level1=good;level2=good;level3=good,graded,good,,1.000000,0.000000,0.999763,0.000237,
img_09537,bad,consensus=bad;level1=bad;level2=bad;level3=bad,graded,bad,,0.328811,0.671189,0.000165,0.328646,
img_09549,bad,consensus=bad;level1=bad;level2=bad;level3=bad,graded,bad,,0.006205,0.993795,0.000082,0.006123,
img_09559,bad,consensus=bad;level1=bad;level2=bad;level3=usable,graded,bad,,0.016045,0.983955,0.000057,0.015988,
img_09565,usable,consensus=usable;level1=usable;level2=usable;level3=good,graded,good,,0.999798,0.000202,0.872426,0.127372,
img_09573,good,consensus=good;level1=good;level2=good;level3=good,graded,good,,1.000000,0.000000,0.999621,0.000379,
img_09578,usable,consensus=usable;level1=usable;level2=bad;level3=usable,graded,usable,,0.841104,0.158896,0.018432,0.822672,
img_09585,usable,consensus=usable;level1=usable;level2=usable;level3=good,graded,good,,0.999750,0.000250,0.947649,0.052100,
img_09610,usable,consensus=usable;level1=usable;level2=bad;level3=usable,graded,good,,0.995890,0.004110,0.636049,0.359841,
img_09621,good,consensus=good;level1=good;level2=good;level3=good,graded,good,,1.000000,0.000000,0.999759,0.000241,
img_09622,good,consensus=good;level1=good;level2=good;level3=good,graded,good,,0.999999,0.000001,0.998951,0.001048,
img_09625,good,consensus=good;level1=good;level2=usable;level3=good,graded,good,,0.999985,0.000015,0.983189,0.016796,
img_09626,good,consensus=good;level1=good;level2=usable;level3=good,graded,good,,0.999943,0.000057,0.947371,0.052573,
img_09644,good,consensus=good;level1=good;level2=good;level3=good,graded,good,,0.999999,0.000001,0.998591,0.001408,
img_09645,usable,consensus=usable;level1=usable;level2=usable;level3=good,graded,usable,,0.989505,0.010495,0.434808,0.554698,
img_09649,usable,consensus=usable;level1=usable;level2=usable;level3=good,graded,usable,,0.971227,0.028773,0.127804,0.843424,
img_09651,usable,consensus=usable;level1=usable;level2=usable;level3=bad,graded,usable,,0.969971,0.030030,0.234795,0.735175,
img_09652,usable,consensus=usable;level1=usable;level2=bad;level3=usable,graded,usable,,0.855023,0.144977,0.007215,0.847808,
img_09670,good,consensus=good;level1=good;level2=good;level3=good,graded,good,,0.999999,0.000001,0.998763,0.001236,
img_09681,bad,consensus=bad;level1=bad;level2=bad;level3=bad,graded,bad,,0.001014,0.998986,0.000001,0.001014,
img_09686,usable,consensus=usable;level1=usable;level2=usable;level3=good,graded,good,,0.999865,0.000135,0.938836,0.061029,
img_09691,bad,consensus=bad;level1=bad;level2=bad;level3=bad,graded,bad,,0.057166,0.942834,0.000048,0.057118,
img_09699,good,consensus=good;level1=good;level2=good;level3=good,graded,good,,1.000000,0.000000,0.999652,0.000348,
img_09700,bad,consensus=bad;level1=usable;level2=bad;level3=bad,graded,good,,0.999900,0.000100,0.934067,0.065833,
img_09707,good,consensus=good;level1=usable;level2=good;level3=good,graded,good,,1.000000,0.000000,0.999777,0.000223,
img_09711,bad,consensus=bad;level1=usable;level2=bad;level3=bad,graded,usable,,0.735918,0.264082,0.024272,0.711647,
img_09714,bad,consensus=bad;level1=usable;level2=bad;level3=bad,graded,good,,0.988029,0.011971,0.502468,0.485561,
img_09715,usable,consensus=usable;level1=usable;level2=usable;level3=usable,graded,usable,,0.991566,0.008434,0.267740,0.723826,
img_09719,bad,consensus=bad;level1=usable;level2=bad;level3=bad,graded,usable,,0.937830,0.062170,0.002345,0.935484,
img_09730,good,consensus=good;level1=good;level2=good;level3=good,graded,good,,1.000000,0.000000,0.999616,0.000383,
img_09731,good,consensus=good;level1=good;level2=good;level3=good,graded,good,,0.999997,0.000003,0.998066,0.001930,
img_09742,bad,consensus=bad;level1=bad;level2=bad;level3=good,graded,usable,,0.740705,0.259295,0.037626,0.703079,
img_09746,good,consensus=good;level1=good;level2=usable;level3=good,graded,good,,0.999999,0.000001,0.998181,0.001818,
img_09750,bad,consensus=bad;level1=bad;level2=bad;level3=bad,graded,bad,,0.004523,0.995477,0.000000,0.004523,
img_09752,bad,consensus=bad;level1=usable;level2=bad;level3=bad,graded,usable,,0.941849,0.058151,0.025379,0.916470,
img_09759,bad,consensus=bad;level1=usable;level2=bad;level3=bad,graded,good,,0.999769,0.000231,0.835832,0.163937,
img_09784,bad,consensus=bad;level1=bad;level2=bad;level3=bad,graded,usable,,0.724170,0.275830,0.228474,0.495696,
img_09788,bad,consensus=bad;level1=usable;level2=bad;level3=bad,graded,bad,,0.084949,0.915051,0.009293,0.075656,
img_09798,good,consensus=good;level1=good;level2=usable;level3=good,graded,good,,0.999999,0.000001,0.999226,0.000774,
img_09804,good,consensus=good;level1=good;level2=usable;level3=good,graded,good,,0.999368,0.000632,0.909652,0.089716,
img_09806,bad,consensus=bad;level1=bad;level2=bad;level3=bad,graded,bad,,0.018335,0.981665,0.000040,0.018295,
img_09808,usable,consensus=usable;level1=good;level2=usable;level3=usable,graded,good,,0.997688,0.002312,0.646266,0.351422,
img_09827,usable,consensus=usable;level1=usable;level2=bad;level3=usable,graded,good,,0.999959,0.000041,0.980127,0.019832,
img_09840,good,consensus=good;level1=good;level2=good;level3=good,graded,good,,1.000000,0.000000,0.999525,0.000475,
img_09845,bad,consensus=bad;level1=bad;level2=bad;level3=bad,graded,bad,,0.000416,0.999584,0.000000,0.000416,
img_09855,bad,consensus=bad;level1=bad;level2=bad;level3=bad,graded,bad,,0.016525,0.983475,0.000004,0.016521,
img_09860,bad,consensus=bad;level1=bad;level2=bad;level3=bad,graded,bad,,0.235658,0.764342,0.001705,0.233952,
img_09863,bad,consensus=bad;level1=bad;level2=bad;level3=bad,graded,bad,,0.017694,0.982305,0.000043,0.017652,
img_09887,bad,consensus=bad;level1=bad;level2=bad;level3=bad,graded,bad,,0.002540,0.997460,0.000000,0.002540,
img_09890,bad,consensus=bad;level1=bad;level2=bad;level3=bad,graded,bad,,0.027669,0.972331,0.000003,0.027666,
img_09900,bad,consensus=bad;level1=bad;level2=bad;level3=bad,graded,usable,,0.702578,0.297422,0.002640,0.699938,
img_09903,bad,consensus=bad;level1=bad;level2=bad;level3=bad,graded,bad,,0.001582,0.998418,0.000000,0.001581,
img_09914,bad,consensus=bad;level1=bad;level2=bad;level3=bad,graded,good,,0.984020,0.015980,0.605196,0.378824,
img_09930,usable,consensus=usable;level1=usable;level2=usable;level3=good,graded,good,,0.999999,0.000001,0.998062,0.001937,
img_09951,usable,consensus=usable;level1=usable;level2=usable;level3=usable,graded,good,,0.999290,0.000710,0.581567,0.417722,
img_09958,good,consensus=good;level1=good;level2=good;level3=good,graded,good,,0.999925,0.000075,0.975592,0.024334,
img_09972,bad,consensus=bad;level1=usable;level2=bad;level3=bad,graded,usable,,0.937410,0.062590,0.038456,0.898953,
img_09975,usable,consensus=usable;level1=usable;level2=usable;level3=bad,graded,usable,,0.944073,0.055927,0.010326,0.933746,
img_09986,usable,consensus=usable;level1=usable;level2=usable;level3=bad,graded,usable,,0.980996,0.019004,0.084138,0.896857,
img_09991,bad,consensus=bad;level1=bad;level2=bad;level3=bad,graded,bad,,0.057484,0.942516,0.000020,0.057464,
img_10007,good,consensus=good;level1=good;level2=good;level3=good,graded,good,,0.999999,0.000001,0.999413,0.000586,
img_10026,good,consensus=good;level1=good;level2=usable;level3=good,graded,good,,1.000000,0.000000,0.999723,0.000277,
img_10029,good,consensus=good;level1=good;level2=usable;level3=good,graded,good,,0.999772,0.000228,0.927775,0.071997,
img_10033,good,consensus=good;level1=good;level2=good;level3=good,graded,good,,0.999999,0.000001,0.997083,0.002917,
img_10049,bad,consensus=bad;level1=usable;level2=bad;level3=bad,graded,usable,,0.994902,0.005098,0.318212,0.676690,
img_10051,usable,consensus=usable;level1=usable;level2=bad;level3=usable,graded,good,,0.999347,0.000653,0.690604,0.308743,
img_10069,bad,consensus=bad;level1=usable;level2=bad;level3=bad,graded,usable,,0.654158,0.345842,0.001941,0.652217,
img_10083,good,consensus=good;level1=good;level2=good;level3=good,graded,good,,0.999996,0.000005,0.990806,0.009190,
img_10090,bad,consensus=bad;level1=usable;level2=bad;level3=bad,graded,good,,0.992785,0.007215,0.532583,0.460202,
img_10126,bad,consensus=bad;level1=usable;level2=bad;level3=bad,graded,usable,,0.977069,0.022931,0.026703,0.950367,
img_10130,good,consensus=good;level1=good;level2=good;level3=good,graded,good,,0.999999,0.000001,0.997499,0.002500,
img_10143,bad,consensus=bad;level1=bad;level2=bad;level3=bad,graded,bad,,0.000948,0.999052,0.000000,0.000948,
img_10145,bad,consensus=bad;level1=bad;level2=usable;level3=bad,graded,usable,,0.615697,0.384302,0.004722,0.610976,
img_10156,good,consensus=good;level1=good;level2=usable;level3=good,graded,good,,0.999995,0.000005,0.994723,0.005272,
img_10170,good,consensus=good;level1=good;level2=good;level3=good,graded,good,,1.000000,0.000000,0.998059,0.001941,
img_10196,good,consensus=good;level1=good;level2=good;level3=good,graded,good,,1.000000,0.000000,0.998713,0.001287,
img_10199,bad,consensus=bad;level1=bad;level2=bad;level3=bad,graded,bad,,0.011080,0.988920,0.000001,0.011080,
img_10216,usable,consensus=usable;level1=usable;level2=usable;level3=usable,graded,usable,,0.980580,0.019420,0.032621,0.947960,
img_10225,good,consensus=good;level1=good;level2=good;level3=good,graded,good,,1.000000,0.000000,0.999580,0.000419,
img_10258,good,consensus=good;level1=good;level2=good;level3=good,graded,good,,0.999999,0.000001,0.998089,0.001910,
img_10267,good,consensus=good;level1=good;level2=good;level3=usable,graded,good,,0.999830,0.000170,0.911812,0.088017,
img_10290,good,consensus=good;level1=good;level2=good;level3=good,graded,good,,1.000000,0.000000,0.998945,0.001055,
img_10295,bad,consensus=bad;level1=good;level2=bad;level3=bad,graded,usable,,0.996981,0.003019,0.174308,0.822674,
img_10324,good,consensus=good;level1=good;level2=good;level3=good,graded,good,,1.000000,0.000000,0.999349,0.000650,
img_10328,good,consensus=good;level1=good;level2=good;level3=good,graded,good,,1.000000,0.000000,0.998990,0.001009,
img_10337,good,consensus=good;level1=good;level2=good;level3=good,graded,good,,0.999996,0.000004,0.988576,0.011420,
img_10371,bad,consensus=bad;level1=bad;level2=bad;level3=bad,graded,bad,,0.007371,0.992629,0.000003,0.007368,
img_10372,usable,consensus=usable;level1=usable;level2=usable;level3=usable,graded,good,,0.999993,0.000007,0.989719,0.010274,
img_10396,bad,consensus=bad;level1=bad;level2=bad;level3=bad,graded,usable,,0.809554,0.190446,0.183281,0.626273,
img_10404,usable,consensus=usable;level1=usable;level2=usable;level3=bad,graded,good,,0.999391,0.000610,0.798039,0.201352,
img_10408,good,consensus=good;level1=good;level2=good;level3=good,graded,good,,1.000000,0.000000,0.999526,0.000474,
img_10415,usable,consensus=usable;level1=usable;level2=usable;level3=usable,graded,good,,0.999511,0.000489,0.807915,0.191596,
img_10419,bad,consensus=bad;level1=bad;level2=bad;level3=bad,graded,bad,,0.085667,0.914333,0.000302,0.085365,
img_10425,usable,consensus=usable;level1=usable;level2=usable;level3=usable,graded,good,,0.999949,0.000051,0.947481,0.052468,
