key,subset,split,reader,native_side,outcome,resampling,artery_dice,vein_dice,vessels_dice,artery_cldice,vein_cldice,vessels_cldice,artery_betti,vein_betti,vessels_betti,said_artery_px,said_vein_px,truth_artery_px,truth_vein_px,note
enrich_enrich012enrich01220210728_001,enrich,unspecified,expert,2200,graded,"probabilities to native, bilinear, thresholded there, and these numbers were measured from the masks that run kept",0.762162,0.832909,0.816190,0.688224,0.792559,0.766816,93.000000,129.000000,247.000000,120936,168061,174072,208631,
enrich_enrich012enrich01220210728_002,enrich,unspecified,expert,2200,graded,"probabilities to native, bilinear, thresholded there, and these numbers were measured from the masks that run kept",0.827010,0.825779,0.838561,0.783655,0.772027,0.796438,64.000000,77.000000,159.000000,131269,157101,164246,201760,
enrich_enrich016enrich01620210803_003,enrich,unspecified,expert,2200,graded,"probabilities to native, bilinear, thresholded there, and these numbers were measured from the masks that run kept",0.764908,0.838800,0.808381,0.690431,0.754973,0.725057,68.000000,32.000000,126.000000,114397,139055,171104,178358,
enrich_enrich016enrich01620210803_005,enrich,unspecified,expert,2201,graded,"probabilities to native, bilinear, thresholded there, and these numbers were measured from the masks that run kept",0.798302,0.838621,0.825879,0.731114,0.757510,0.750719,52.000000,69.000000,141.000000,122459,142808,166304,176745,
enrich_enrich023enrich02320210812_001,enrich,unspecified,expert,2200,graded,"probabilities to native, bilinear, thresholded there, and these numbers were measured from the masks that run kept",0.796667,0.836106,0.825498,0.706407,0.811213,0.767912,83.000000,130.000000,241.000000,127131,141962,173647,172204,
enrich_enrich023enrich02320210812_002,enrich,unspecified,expert,2200,graded,"probabilities to native, bilinear, thresholded there, and these numbers were measured from the masks that run kept",0.854381,0.833810,0.856911,0.871075,0.800112,0.853951,44.000000,44.000000,112.000000,123548,123871,149054,146464,
enrich_enrich027enrich02720210818_001,enrich,unspecified,expert,2199,graded,"probabilities to native, bilinear, thresholded there, and these numbers were measured from the masks that run kept",0.834615,0.872244,0.870454,0.806864,0.841023,0.846635,47.000000,40.000000,95.000000,169737,212847,214797,243491,
enrich_enrich030enrich03020210821_001,enrich,unspecified,expert,2200,graded,"probabilities to native, bilinear, thresholded there, and these numbers were measured from the masks that run kept",0.849709,0.850956,0.861093,0.812915,0.841277,0.840062,141.000000,93.000000,243.000000,177226,190662,220816,225409,
enrich_enrich030enrich03020210821_002,enrich,unspecified,expert,2199,graded,"probabilities to native, bilinear, thresholded there, and these numbers were measured from the masks that run kept",0.843187,0.845288,0.851490,0.796301,0.798819,0.806525,97.000000,71.000000,185.000000,173232,174621,214995,214593,
enrich_enrich031enrich03120210824_001,enrich,unspecified,expert,2200,graded,"probabilities to native, bilinear, thresholded there, and these numbers were measured from the masks that run kept",0.859900,0.847756,0.862466,0.820009,0.781413,0.814332,62.000000,72.000000,162.000000,177804,183464,210106,227921,
enrich_enrich031enrich03120210824_002,enrich,unspecified,expert,2200,graded,"probabilities to native, bilinear, thresholded there, and these numbers were measured from the masks that run kept",0.835061,0.855322,0.854104,0.815444,0.841437,0.838346,121.000000,91.000000,218.000000,163705,208291,203921,245716,
enrich_enrich032enrich03220210824_001,enrich,unspecified,expert,2200,graded,"probabilities to native, bilinear, thresholded there, and these numbers were measured from the masks that run kept",0.852161,0.873722,0.872639,0.859196,0.873752,0.878462,96.000000,124.000000,229.000000,165493,178501,186781,198729,
enrich_enrich032enrich03220210824_002,enrich,unspecified,expert,2200,graded,"probabilities to native, bilinear, thresholded there, and these numbers were measured from the masks that run kept",0.858433,0.877981,0.877283,0.831973,0.849639,0.856402,53.000000,84.000000,158.000000,170627,178925,199932,202655,
enrich_enrich033enrich03320210825_001,enrich,unspecified,expert,2200,graded,"probabilities to native, bilinear, thresholded there, and these numbers were measured from the masks that run kept",0.791316,0.837433,0.829725,0.763466,0.809596,0.802542,130.000000,80.000000,245.000000,143851,156926,189318,191331,
enrich_enrich033enrich03320210825_007,enrich,unspecified,expert,2200,graded,"probabilities to native, bilinear, thresholded there, and these numbers were measured from the masks that run kept",0.810713,0.838833,0.850122,0.801071,0.819702,0.851300,120.000000,84.000000,229.000000,158124,188980,198409,213982,
enrich_enrich034enrich03420210825_001,enrich,unspecified,expert,2200,graded,"probabilities to native, bilinear, thresholded there, and these numbers were measured from the masks that run kept",0.810758,0.854392,0.845434,0.769119,0.831504,0.819704,166.000000,129.000000,341.000000,162445,184715,222491,226911,
enrich_enrich034enrich03420210825_003,enrich,unspecified,expert,2200,graded,"probabilities to native, bilinear, thresholded there, and these numbers were measured from the masks that run kept",0.879091,0.862120,0.879078,0.897702,0.848042,0.883170,76.000000,79.000000,178.000000,174233,186418,193556,202412,
enrich_enrich035enrich03520210826_001,enrich,unspecified,expert,2199,graded,"probabilities to native, bilinear, thresholded there, and these numbers were measured from the masks that run kept",0.836088,0.874510,0.865771,0.787855,0.832603,0.824607,88.000000,70.000000,190.000000,187946,196968,235775,228507,
enrich_enrich035enrich03520210826_002,enrich,unspecified,expert,2200,graded,"probabilities to native, bilinear, thresholded there, and these numbers were measured from the masks that run kept",0.835408,0.870706,0.868805,0.778004,0.827152,0.828219,104.000000,112.000000,231.000000,194942,210970,227714,243645,
enrich_enrich039enrich03920210901_001,enrich,unspecified,expert,2200,graded,"probabilities to native, bilinear, thresholded there, and these numbers were measured from the masks that run kept",0.839386,0.828386,0.845360,0.799693,0.786825,0.811771,116.000000,112.000000,259.000000,155250,151759,193705,177020,
enrich_enrich039enrich03920210901_002,enrich,unspecified,expert,2200,graded,"probabilities to native, bilinear, thresholded there, and these numbers were measured from the masks that run kept",0.863333,0.829398,0.864554,0.841309,0.764864,0.833488,59.000000,128.000000,216.000000,167882,154452,188745,174799,
enrich_enrich044enrich04420210907_003,enrich,unspecified,expert,2200,graded,"probabilities to native, bilinear, thresholded there, and these numbers were measured from the masks that run kept",0.867403,0.886986,0.885829,0.836180,0.853676,0.856476,57.000000,62.000000,155.000000,163146,187789,191001,209852,
enrich_enrich110enrich11020220808_001,enrich,unspecified,expert,2200,graded,"probabilities to native, bilinear, thresholded there, and these numbers were measured from the masks that run kept",0.808561,0.809988,0.837505,0.789802,0.769742,0.826159,10.000000,28.000000,52.000000,137756,142605,177785,180538,
enrich_enrich113enrich11320220826_001,enrich,unspecified,expert,2200,graded,"probabilities to native, bilinear, thresholded there, and these numbers were measured from the masks that run kept",0.813928,0.833559,0.831215,0.757032,0.785604,0.782100,46.000000,72.000000,147.000000,134718,146358,174980,186763,
enrich_enrich113enrich11320220826_002,enrich,unspecified,expert,2200,graded,"probabilities to native, bilinear, thresholded there, and these numbers were measured from the masks that run kept",0.798896,0.780950,0.796426,0.751446,0.701289,0.736906,76.000000,62.000000,167.000000,116509,126284,163515,186576,
enrich_enrich125enrich12520221114_001,enrich,unspecified,expert,2200,graded,"probabilities to native, bilinear, thresholded there, and these numbers were measured from the masks that run kept",0.744644,0.798178,0.778958,0.699681,0.736666,0.725443,122.000000,93.000000,243.000000,132225,146024,206941,209676,
enrich_enrich129enrich12920221118_002,enrich,unspecified,expert,2198,graded,"probabilities to native, bilinear, thresholded there, and these numbers were measured from the masks that run kept",0.728445,0.858548,0.806735,0.713347,0.755693,0.746036,56.000000,34.000000,112.000000,106284,151095,171917,179067,
enrich_enrich133enrich13320230118_001,enrich,unspecified,expert,2200,graded,"probabilities to native, bilinear, thresholded there, and these numbers were measured from the masks that run kept",0.798697,0.827997,0.837813,0.738394,0.788975,0.800357,109.000000,128.000000,256.000000,133609,165764,181021,193375,
enrich_enrich133enrich13320230118_002,enrich,unspecified,expert,2200,graded,"probabilities to native, bilinear, thresholded there, and these numbers were measured from the masks that run kept",0.827189,0.866871,0.872208,0.841346,0.855183,0.891632,40.000000,31.000000,89.000000,140026,144387,162072,152557,
enrich_enrich135enrich13520230201_002,enrich,unspecified,expert,2200,graded,"probabilities to native, bilinear, thresholded there, and these numbers were measured from the masks that run kept",0.842498,0.832580,0.845618,0.838512,0.745900,0.803826,26.000000,25.000000,89.000000,120671,128466,143306,152002,
enrich_enrich136enrich13620230210_002,enrich,unspecified,expert,2200,graded,"probabilities to native, bilinear, thresholded there, and these numbers were measured from the masks that run kept",0.850047,0.873072,0.874753,0.858714,0.863729,0.873078,33.000000,18.000000,62.000000,113590,136183,132947,144117,
enrich_enrich137enrich13720230216_002,enrich,unspecified,expert,2200,graded,"probabilities to native, bilinear, thresholded there, and these numbers were measured from the masks that run kept",0.803125,0.810934,0.821017,0.791342,0.794442,0.818796,31.000000,32.000000,79.000000,125896,116245,178408,154460,
enrich_enrich138enrich13820230217_002,enrich,unspecified,expert,2200,graded,"probabilities to native, bilinear, thresholded there, and these numbers were measured from the masks that run kept",0.713140,0.806528,0.799926,0.635820,0.697927,0.716353,69.000000,88.000000,193.000000,90506,140207,148123,165816,
enrich_enrich139enrich13920230217_002,enrich,unspecified,expert,2198,graded,"probabilities to native, bilinear, thresholded there, and these numbers were measured from the masks that run kept",0.783215,0.843136,0.828158,0.755329,0.760525,0.775676,53.000000,64.000000,130.000000,103018,142017,141671,168118,
enrich_enrich140enrich14020230222_001,enrich,unspecified,expert,2200,graded,"probabilities to native, bilinear, thresholded there, and these numbers were measured from the masks that run kept",0.706953,0.778844,0.768611,0.672653,0.730620,0.733021,100.000000,95.000000,242.000000,110746,163705,184954,233052,
enrich_enrich141enrich14120230223_005,enrich,unspecified,expert,2200,graded,"probabilities to native, bilinear, thresholded there, and these numbers were measured from the masks that run kept",0.714422,0.814762,0.805473,0.663921,0.753415,0.762818,60.000000,49.000000,130.000000,93010,158023,143629,179904,
enrich_enrich143enrich14320230302_003,enrich,unspecified,expert,2200,graded,"probabilities to native, bilinear, thresholded there, and these numbers were measured from the masks that run kept",0.713692,0.793689,0.773702,0.723878,0.652298,0.713532,80.000000,30.000000,148.000000,90484,121855,149768,166205,
enrich_enrich144enrich14420230315_004,enrich,unspecified,expert,2200,graded,"probabilities to native, bilinear, thresholded there, and these numbers were measured from the masks that run kept",0.828650,0.829199,0.834755,0.807233,0.791782,0.808381,62.000000,54.000000,124.000000,118279,140079,159469,188532,
enrich_enrich147enrich14720230420_004,enrich,unspecified,expert,2199,graded,"probabilities to native, bilinear, thresholded there, and these numbers were measured from the masks that run kept",0.774769,0.812797,0.808091,0.733925,0.701553,0.744669,50.000000,61.000000,144.000000,115489,119782,154274,147960,
enrich_enrich150enrich15020230511_002,enrich,unspecified,expert,2201,graded,"probabilities to native, bilinear, thresholded there, and these numbers were measured from the masks that run kept",0.847283,0.868001,0.874450,0.799765,0.841566,0.844309,88.000000,123.000000,244.000000,190769,215269,217593,233742,
enrich_enrich151enrich15120230526_003,enrich,unspecified,expert,2200,graded,"probabilities to native, bilinear, thresholded there, and these numbers were measured from the masks that run kept",0.727941,0.813823,0.782453,0.697363,0.749838,0.732673,57.000000,64.000000,140.000000,105526,124929,178324,172669,
enrich_enrich153enrich15320230602_005,enrich,unspecified,expert,2201,graded,"probabilities to native, bilinear, thresholded there, and these numbers were measured from the masks that run kept",0.790111,0.866130,0.852785,0.783629,0.843832,0.838807,40.000000,21.000000,74.000000,112266,137983,160640,152135,
enrich_enrich154enrich15420230607_005,enrich,unspecified,expert,2200,graded,"probabilities to native, bilinear, thresholded there, and these numbers were measured from the masks that run kept",0.795956,0.874852,0.853892,0.767361,0.834092,0.821954,49.000000,46.000000,115.000000,119882,158498,150515,180318,
enrich_enrich155enrich15520230621_004,enrich,unspecified,expert,2199,graded,"probabilities to native, bilinear, thresholded there, and these numbers were measured from the masks that run kept",0.808508,0.813021,0.836856,0.800331,0.775051,0.823357,63.000000,38.000000,129.000000,148540,153842,196424,184725,
enrich_enrich157enrich15720230623_005,enrich,unspecified,expert,2198,graded,"probabilities to native, bilinear, thresholded there, and these numbers were measured from the masks that run kept",0.725021,0.747289,0.754226,0.705031,0.658570,0.697841,66.000000,54.000000,158.000000,98795,134408,159854,203697,
enrich_enrich5enrich520210720_001,enrich,unspecified,expert,2200,graded,"probabilities to native, bilinear, thresholded there, and these numbers were measured from the masks that run kept",0.810794,0.867263,0.861655,0.780093,0.846667,0.841972,125.000000,112.000000,256.000000,170646,219127,204633,241753,
enrich_enrich5enrich520210720_002,enrich,unspecified,expert,2200,graded,"probabilities to native, bilinear, thresholded there, and these numbers were measured from the masks that run kept",0.816033,0.838108,0.851677,0.779842,0.762211,0.807877,235.000000,94.000000,359.000000,161901,201698,200881,227557,
enrich_enrich6enrich620210720_001,enrich,unspecified,expert,2198,graded,"probabilities to native, bilinear, thresholded there, and these numbers were measured from the masks that run kept",0.838185,0.850123,0.850254,0.824531,0.837081,0.838848,84.000000,70.000000,176.000000,140231,167339,173449,195025,
enrich_enrich7enrich720210720_001,enrich,unspecified,expert,2200,graded,"probabilities to native, bilinear, thresholded there, and these numbers were measured from the masks that run kept",0.803509,0.839757,0.838090,0.726146,0.760812,0.774273,121.000000,96.000000,246.000000,168524,173731,213488,205255,
enrich_enrich7enrich720210720_003,enrich,unspecified,expert,2201,graded,"probabilities to native, bilinear, thresholded there, and these numbers were measured from the masks that run kept",0.816420,0.829953,0.838075,0.752409,0.731585,0.772455,95.000000,120.000000,250.000000,164655,165478,215184,198015,
enrich_les047enrich04620210908_002,enrich,unspecified,expert,2200,graded,"probabilities to native, bilinear, thresholded there, and these numbers were measured from the masks that run kept",0.830997,0.879702,0.866991,0.811550,0.861900,0.848893,96.000000,85.000000,202.000000,151224,189425,194864,207973,
enrich_les285enrich13120230111_002,enrich,unspecified,expert,2200,graded,"probabilities to native, bilinear, thresholded there, and these numbers were measured from the masks that run kept",0.781907,0.817217,0.806287,0.752658,0.803682,0.783775,28.000000,27.000000,75.000000,90530,123445,132755,168612,
enrich_les285enrich13120230111_005,enrich,unspecified,expert,2200,graded,"probabilities to native, bilinear, thresholded there, and these numbers were measured from the masks that run kept",0.759803,0.831559,0.808117,0.714841,0.814939,0.776192,65.000000,59.000000,157.000000,91751,150253,140296,195180,
enrich_les313enrich08320220103_001,enrich,unspecified,expert,2200,graded,"probabilities to native, bilinear, thresholded there, and these numbers were measured from the masks that run kept",0.750217,0.822467,0.802165,0.735218,0.771643,0.769812,45.000000,24.000000,87.000000,102229,147488,153401,187998,
enrich_les326enrich08120220103_002,enrich,unspecified,expert,2200,graded,"probabilities to native, bilinear, thresholded there, and these numbers were measured from the masks that run kept",0.733943,0.803761,0.776954,0.722255,0.727282,0.729803,59.000000,16.000000,93.000000,82401,99998,130779,132688,
enrich_les329enrich08420220110_002,enrich,unspecified,expert,2200,graded,"probabilities to native, bilinear, thresholded there, and these numbers were measured from the masks that run kept",0.710032,0.671036,0.759437,0.715833,0.611265,0.734152,53.000000,35.000000,106.000000,103192,92586,133662,161937,
enrich_les345enrich07720211220_001,enrich,unspecified,expert,2200,graded,"probabilities to native, bilinear, thresholded there, and these numbers were measured from the masks that run kept",0.771773,0.854837,0.834527,0.802869,0.837065,0.834889,68.000000,29.000000,110.000000,89736,131592,117755,144821,
enrich_les347enrich08020211223_001,enrich,unspecified,expert,2200,graded,"probabilities to native, bilinear, thresholded there, and these numbers were measured from the masks that run kept",0.839245,0.852401,0.857828,0.831303,0.783295,0.817561,64.000000,44.000000,127.000000,107512,123886,134167,146095,
enrich_les353enrich09420220222_001,enrich,unspecified,expert,2200,graded,"probabilities to native, bilinear, thresholded there, and these numbers were measured from the masks that run kept",0.765480,0.832927,0.811537,0.759632,0.760438,0.765983,29.000000,19.000000,64.000000,68235,113124,98625,147079,
enrich_les359enrich06920211104_002,enrich,unspecified,expert,2200,graded,"probabilities to native, bilinear, thresholded there, and these numbers were measured from the masks that run kept",0.646600,0.830115,0.815922,0.625207,0.784394,0.790090,40.000000,63.000000,116.000000,58547,132031,100723,135450,
enrich_les372enrich07420211129_002,enrich,unspecified,expert,2200,graded,"probabilities to native, bilinear, thresholded there, and these numbers were measured from the masks that run kept",0.767332,0.765609,0.796709,0.832154,0.745817,0.837218,59.000000,46.000000,122.000000,84615,94304,116758,139860,
enrich_les378enrich07520211129_002,enrich,unspecified,expert,2199,graded,"probabilities to native, bilinear, thresholded there, and these numbers were measured from the masks that run kept",0.785477,0.870476,0.857898,0.816379,0.875098,0.883698,36.000000,29.000000,70.000000,87169,115204,111462,118344,
enrich_les380enrich07920211221_002,enrich,unspecified,expert,2200,graded,"probabilities to native, bilinear, thresholded there, and these numbers were measured from the masks that run kept",0.833260,0.875965,0.865405,0.868370,0.861807,0.874583,30.000000,34.000000,65.000000,81579,123563,103194,144249,
enrich_les393enrich05820211005_002,enrich,unspecified,expert,2201,graded,"probabilities to native, bilinear, thresholded there, and these numbers were measured from the masks that run kept",0.797209,0.856459,0.868350,0.799398,0.805182,0.845073,86.000000,64.000000,161.000000,100256,150573,115459,158383,
enrich_les39enrich12720221116_001,enrich,unspecified,expert,2201,graded,"probabilities to native, bilinear, thresholded there, and these numbers were measured from the masks that run kept",0.809661,0.852570,0.841491,0.778939,0.820118,0.813652,137.000000,91.000000,240.000000,136674,154492,186444,183885,
enrich_les39enrich12720221116_002,enrich,unspecified,expert,2199,graded,"probabilities to native, bilinear, thresholded there, and these numbers were measured from the masks that run kept",0.795166,0.834996,0.821430,0.769560,0.785239,0.791845,93.000000,72.000000,185.000000,113423,127642,160696,159502,
enrich_les409enrich06420211025_003,enrich,unspecified,expert,2199,graded,"probabilities to native, bilinear, thresholded there, and these numbers were measured from the masks that run kept",0.829035,0.863743,0.853403,0.789323,0.826811,0.813115,22.000000,23.000000,53.000000,119056,144009,150057,158912,
enrich_les414enrich04220210907_002,enrich,unspecified,expert,2200,graded,"probabilities to native, bilinear, thresholded there, and these numbers were measured from the masks that run kept",0.837958,0.853159,0.859909,0.800157,0.771919,0.820080,76.000000,122.000000,213.000000,123363,130054,143586,139619,
enrich_les418enrich05220210927_001,enrich,unspecified,expert,2198,graded,"probabilities to native, bilinear, thresholded there, and these numbers were measured from the masks that run kept",0.720814,0.787532,0.763961,0.643216,0.705684,0.692135,95.000000,81.000000,207.000000,122554,126330,198139,184507,
enrich_les454enrich05420210928_002,enrich,unspecified,expert,2199,graded,"probabilities to native, bilinear, thresholded there, and these numbers were measured from the masks that run kept",0.735530,0.815731,0.787706,0.704974,0.746141,0.740714,48.000000,23.000000,92.000000,91791,110069,143585,150875,
enrich_les457enrich04920210920_003,enrich,unspecified,expert,2201,graded,"probabilities to native, bilinear, thresholded there, and these numbers were measured from the masks that run kept",0.825996,0.864870,0.860350,0.814004,0.840986,0.841909,34.000000,46.000000,98.000000,115020,157835,132669,173468,
enrich_les460enrich06820211104_002,enrich,unspecified,expert,2200,graded,"probabilities to native, bilinear, thresholded there, and these numbers were measured from the masks that run kept",0.747491,0.835011,0.798749,0.773150,0.785488,0.783131,44.000000,20.000000,77.000000,78989,110891,124556,135525,
enrich_les467enrich06520211025_002,enrich,unspecified,expert,2200,graded,"probabilities to native, bilinear, thresholded there, and these numbers were measured from the masks that run kept",0.815938,0.864587,0.858733,0.827322,0.804413,0.835262,18.000000,23.000000,53.000000,98360,126479,126635,140504,
enrich_les468enrich03620210830_004,enrich,unspecified,expert,2199,graded,"probabilities to native, bilinear, thresholded there, and these numbers were measured from the masks that run kept",0.595504,0.860685,0.763195,0.658892,0.864181,0.784950,29.000000,18.000000,54.000000,64133,128352,138136,149027,
enrich_les486enrich00220210719_001,enrich,unspecified,expert,2201,graded,"probabilities to native, bilinear, thresholded there, and these numbers were measured from the masks that run kept",0.710709,0.846386,0.796799,0.642220,0.798172,0.755132,44.000000,51.000000,107.000000,80380,111785,130463,120284,
enrich_les486enrich00220210719_003,enrich,unspecified,expert,2199,graded,"probabilities to native, bilinear, thresholded there, and these numbers were measured from the masks that run kept",0.706907,0.799677,0.779352,0.713041,0.730120,0.759291,57.000000,35.000000,110.000000,71966,95688,119751,109865,
enrich_les487enrich11720220921_001,enrich,unspecified,expert,2200,graded,"probabilities to native, bilinear, thresholded there, and these numbers were measured from the masks that run kept",0.831091,0.868012,0.867740,0.868501,0.799309,0.863479,36.000000,61.000000,107.000000,84014,113747,99807,125259,
enrich_les488enrich02420210816_002,enrich,unspecified,expert,2200,graded,"probabilities to native, bilinear, thresholded there, and these numbers were measured from the masks that run kept",0.752377,0.845181,0.817906,0.723425,0.811163,0.792534,64.000000,63.000000,154.000000,110461,152479,164489,174381,
enrich_les489enrich00320210719_002,enrich,unspecified,expert,2199,graded,"probabilities to native, bilinear, thresholded there, and these numbers were measured from the masks that run kept",0.708812,0.824146,0.806176,0.656794,0.740885,0.762843,96.000000,84.000000,206.000000,78844,127999,123881,149413,
enrich_les505enrich01020210726_002,enrich,unspecified,expert,2201,graded,"probabilities to native, bilinear, thresholded there, and these numbers were measured from the masks that run kept",0.843960,0.834891,0.845001,0.786060,0.819803,0.809250,59.000000,42.000000,124.000000,137542,168236,163707,165877,
enrich_les506enrich00820210726_003,enrich,unspecified,expert,2200,graded,"probabilities to native, bilinear, thresholded there, and these numbers were measured from the masks that run kept",0.757578,0.798825,0.796207,0.726182,0.724344,0.748600,91.000000,70.000000,178.000000,98131,127284,145366,159978,
enrich_les510enrich04720210913_003,enrich,unspecified,expert,2200,graded,"probabilities to native, bilinear, thresholded there, and these numbers were measured from the masks that run kept",0.815496,0.760098,0.804479,0.805320,0.750883,0.800234,32.000000,22.000000,71.000000,116149,183348,152306,179826,
enrich_les512enrich01720210804_001,enrich,unspecified,expert,2200,graded,"probabilities to native, bilinear, thresholded there, and these numbers were measured from the masks that run kept",0.814859,0.847300,0.852856,0.806511,0.837119,0.850563,77.000000,67.000000,159.000000,117614,146160,136246,163676,
enrich_les512enrich01720210804_002,enrich,unspecified,expert,2199,graded,"probabilities to native, bilinear, thresholded there, and these numbers were measured from the masks that run kept",0.800985,0.841712,0.839430,0.798556,0.797198,0.817739,72.000000,89.000000,185.000000,100617,122900,130124,142326,
enrich_les514enrich01520210802_003,enrich,unspecified,expert,2200,graded,"probabilities to native, bilinear, thresholded there, and these numbers were measured from the masks that run kept",0.768537,0.860872,0.830342,0.766986,0.824636,0.806217,39.000000,28.000000,93.000000,95762,152043,128313,172147,
enrich_les522enrich05020210921_002,enrich,unspecified,expert,2200,graded,"probabilities to native, bilinear, thresholded there, and these numbers were measured from the masks that run kept",0.847797,0.889864,0.879684,0.839153,0.842922,0.852915,33.000000,50.000000,101.000000,120620,160944,134618,169900,
enrich_les524enrich01320210802_002,enrich,unspecified,expert,2199,graded,"probabilities to native, bilinear, thresholded there, and these numbers were measured from the masks that run kept",0.852252,0.854338,0.862736,0.839886,0.795588,0.827627,58.000000,57.000000,141.000000,133395,144984,160450,177064,
enrich_les525enrich03720210830_002,enrich,unspecified,expert,2200,graded,"probabilities to native, bilinear, thresholded there, and these numbers were measured from the masks that run kept",0.774262,0.838258,0.815072,0.747804,0.778581,0.772433,141.000000,108.000000,288.000000,105742,135353,156084,176878,
enrich_les531enrich02820210817_002,enrich,unspecified,expert,2200,graded,"probabilities to native, bilinear, thresholded there, and these numbers were measured from the masks that run kept",0.779642,0.794678,0.794431,0.736360,0.731094,0.741645,51.000000,77.000000,154.000000,92548,120397,129264,163099,
enrich_les537enrich01120210727_002,enrich,unspecified,expert,2200,graded,"probabilities to native, bilinear, thresholded there, and these numbers were measured from the masks that run kept",0.785262,0.819220,0.813406,0.745202,0.716111,0.751023,33.000000,83.000000,146.000000,104770,114605,149456,153931,
enrich_les556enrich08620220117_002,enrich,unspecified,expert,2200,graded,"probabilities to native, bilinear, thresholded there, and these numbers were measured from the masks that run kept",0.694081,0.728768,0.741524,0.692534,0.682793,0.739427,61.000000,60.000000,148.000000,117044,142551,199550,223807,
enrich_les556enrich08620220117_003,enrich,unspecified,expert,2199,graded,"probabilities to native, bilinear, thresholded there, and these numbers were measured from the masks that run kept",0.822434,0.856838,0.855802,0.782317,0.815856,0.821484,23.000000,54.000000,126.000000,161460,173398,203277,201296,
enrich_les562enrich04320210907_001,enrich,unspecified,expert,2200,graded,"probabilities to native, bilinear, thresholded there, and these numbers were measured from the masks that run kept",0.713446,0.837645,0.807053,0.760764,0.778572,0.791465,44.000000,19.000000,82.000000,85384,136785,133559,155432,
enrich_les567enrich02120210809_004,enrich,unspecified,expert,2198,graded,"probabilities to native, bilinear, thresholded there, and these numbers were measured from the masks that run kept",0.753893,0.836596,0.826524,0.781737,0.796333,0.836329,75.000000,50.000000,145.000000,81939,128385,111948,136254,
enrich_les577enrich11820220921_002,enrich,unspecified,expert,2200,graded,"probabilities to native, bilinear, thresholded there, and these numbers were measured from the masks that run kept",0.830979,0.863221,0.859988,0.836444,0.807009,0.834404,47.000000,54.000000,132.000000,118367,153149,144169,176382,
enrich_les577enrich11820220921_003,enrich,unspecified,expert,2199,graded,"probabilities to native, bilinear, thresholded there, and these numbers were measured from the masks that run kept",0.831768,0.855901,0.855400,0.817848,0.808666,0.829398,80.000000,66.000000,162.000000,135211,172863,160535,195516,
enrich_les586enrich08920220125_001,enrich,unspecified,expert,2198,graded,"probabilities to native, bilinear, thresholded there, and these numbers were measured from the masks that run kept",0.799896,0.856758,0.841378,0.759505,0.822038,0.804849,62.000000,109.000000,187.000000,129563,179482,177297,222977,
enrich_les586enrich08920220125_002,enrich,unspecified,expert,2200,graded,"probabilities to native, bilinear, thresholded there, and these numbers were measured from the masks that run kept",0.781310,0.850450,0.841727,0.735657,0.808190,0.807201,54.000000,130.000000,198.000000,133140,161992,176568,202074,
enrich_les595enrich09620220310_004,enrich,unspecified,expert,2199,graded,"probabilities to native, bilinear, thresholded there, and these numbers were measured from the masks that run kept",0.833011,0.868257,0.859812,0.821088,0.804816,0.822286,46.000000,33.000000,89.000000,130806,131049,164753,143257,
enrich_les607enrich11920221003_003,enrich,unspecified,expert,2200,graded,"probabilities to native, bilinear, thresholded there, and these numbers were measured from the masks that run kept",0.843319,0.864380,0.862379,0.797330,0.793174,0.806684,91.000000,53.000000,161.000000,132119,160139,158791,182333,
enrich_les616enrich09520220310_002,enrich,unspecified,expert,2200,graded,"probabilities to native, bilinear, thresholded there, and these numbers were measured from the masks that run kept",0.754866,0.777545,0.787302,0.747984,0.758776,0.782115,26.000000,40.000000,76.000000,90504,124326,141002,146992,
enrich_les617enrich11520220902_001,enrich,unspecified,expert,2198,graded,"probabilities to native, bilinear, thresholded there, and these numbers were measured from the masks that run kept",0.792099,0.821086,0.820713,0.786610,0.787172,0.806910,69.000000,68.000000,161.000000,109893,156072,129769,163483,
enrich_les617enrich11520220902_002,enrich,unspecified,expert,2200,graded,"probabilities to native, bilinear, thresholded there, and these numbers were measured from the masks that run kept",0.749880,0.841628,0.822212,0.721133,0.765504,0.780577,57.000000,41.000000,115.000000,88424,127112,121135,131071,
enrich_les625enrich9820220328_002,enrich,unspecified,expert,2200,graded,"probabilities to native, bilinear, thresholded there, and these numbers were measured from the masks that run kept",0.806713,0.834094,0.833040,0.806507,0.758978,0.799077,31.000000,28.000000,88.000000,117812,128053,153127,152292,
enrich_les644enrich09720220321_001,enrich,unspecified,expert,2199,graded,"probabilities to native, bilinear, thresholded there, and these numbers were measured from the masks that run kept",0.835307,0.809642,0.833554,0.822388,0.749457,0.793175,24.000000,58.000000,95.000000,114920,124693,133051,152921,
enrich_les661enrich11420220831_002,enrich,unspecified,expert,2199,graded,"probabilities to native, bilinear, thresholded there, and these numbers were measured from the masks that run kept",0.755667,0.755131,0.764043,0.741155,0.658261,0.712234,111.000000,82.000000,249.000000,99440,104423,152687,164664,
enrich_les664enrich10420220509_002,enrich,unspecified,expert,2199,graded,"probabilities to native, bilinear, thresholded there, and these numbers were measured from the masks that run kept",0.816066,0.839106,0.853550,0.784297,0.834070,0.838010,31.000000,66.000000,118.000000,147149,156193,186307,194354,
enrich_les683enrich11220220822_002,enrich,unspecified,expert,2200,graded,"probabilities to native, bilinear, thresholded there, and these numbers were measured from the masks that run kept",0.829988,0.827656,0.853106,0.810948,0.810897,0.838868,79.000000,51.000000,156.000000,148140,185052,168578,196568,
enrich_les687enrich10520220516_001,enrich,unspecified,expert,2201,graded,"probabilities to native, bilinear, thresholded there, and these numbers were measured from the masks that run kept",0.789601,0.835396,0.825444,0.787459,0.829836,0.823951,96.000000,96.000000,219.000000,112213,152294,153658,196889,
enrich_les687enrich10520220516_002,enrich,unspecified,expert,2200,graded,"probabilities to native, bilinear, thresholded there, and these numbers were measured from the masks that run kept",0.803922,0.832543,0.838257,0.816724,0.824427,0.840287,67.000000,55.000000,137.000000,115238,129166,148397,165829,
enrich_les700enrich10120220502_001,enrich,unspecified,expert,2199,graded,"probabilities to native, bilinear, thresholded there, and these numbers were measured from the masks that run kept",0.720979,0.809521,0.791500,0.669370,0.745850,0.741274,75.000000,41.000000,129.000000,83951,107135,132341,127127,
fives_100_d,fives,unspecified,expert,1418,graded,"probabilities to native, bilinear, thresholded there, and these numbers were measured from the masks that run kept",0.623709,0.763820,0.793702,0.607466,0.709422,0.780890,52.000000,32.000000,93.000000,40391,55899,53050,83304,
fives_105_g,fives,unspecified,expert,1418,graded,"probabilities to native, bilinear, thresholded there, and these numbers were measured from the masks that run kept",0.729172,0.849405,0.816262,0.695879,0.817310,0.792311,24.000000,31.000000,75.000000,49635,74469,75101,85005,
fives_106_g,fives,unspecified,expert,1417,graded,"probabilities to native, bilinear, thresholded there, and these numbers were measured from the masks that run kept",0.823761,0.855707,0.857515,0.758665,0.806667,0.813760,29.000000,51.000000,97.000000,69945,89235,83755,97385,
fives_107_g,fives,unspecified,expert,1417,graded,"probabilities to native, bilinear, thresholded there, and these numbers were measured from the masks that run kept",0.827320,0.846870,0.845087,0.811073,0.834375,0.833750,36.000000,71.000000,126.000000,74807,97708,81824,100320,
fives_109_g,fives,unspecified,expert,1418,graded,"probabilities to native, bilinear, thresholded there, and these numbers were measured from the masks that run kept",0.827552,0.847576,0.873992,0.827948,0.851386,0.890149,27.000000,33.000000,67.000000,60568,89042,69715,81180,
fives_110_g,fives,unspecified,expert,1417,graded,"probabilities to native, bilinear, thresholded there, and these numbers were measured from the masks that run kept",0.762035,0.859815,0.837089,0.734366,0.864176,0.830295,38.000000,42.000000,101.000000,45707,74536,64204,76308,
fives_112_g,fives,unspecified,expert,1417,graded,"probabilities to native, bilinear, thresholded there, and these numbers were measured from the masks that run kept",0.512734,0.708789,0.664378,0.474186,0.657414,0.643250,16.000000,64.000000,90.000000,23932,49808,63197,70713,
fives_115_g,fives,unspecified,expert,1418,graded,"probabilities to native, bilinear, thresholded there, and these numbers were measured from the masks that run kept",0.691554,0.831340,0.796665,0.669971,0.825631,0.793809,21.000000,40.000000,71.000000,39936,79531,60623,83774,
fives_116_g,fives,unspecified,expert,1419,graded,"probabilities to native, bilinear, thresholded there, and these numbers were measured from the masks that run kept",0.292536,0.565235,0.481742,0.338506,0.570267,0.508777,13.000000,20.000000,45.000000,11259,29873,54121,73277,
fives_117_g,fives,unspecified,expert,1418,graded,"probabilities to native, bilinear, thresholded there, and these numbers were measured from the masks that run kept",0.644191,0.791616,0.766381,0.601469,0.747880,0.733749,39.000000,60.000000,115.000000,35449,63682,60538,73003,
fives_118_g,fives,unspecified,expert,1421,graded,"probabilities to native, bilinear, thresholded there, and these numbers were measured from the masks that run kept",0.859462,0.881044,0.882931,0.853704,0.898394,0.898255,60.000000,42.000000,101.000000,72617,88991,78652,86569,
fives_120_g,fives,unspecified,expert,1417,graded,"probabilities to native, bilinear, thresholded there, and these numbers were measured from the masks that run kept",0.765243,0.879207,0.833050,0.744309,0.882997,0.820979,16.000000,18.000000,47.000000,54228,73930,76533,78016,
fives_124_g,fives,unspecified,expert,1418,graded,"probabilities to native, bilinear, thresholded there, and these numbers were measured from the masks that run kept",0.402049,0.690581,0.617577,0.425563,0.696843,0.642773,18.000000,18.000000,52.000000,16538,38420,51409,64030,
fives_125_g,fives,unspecified,expert,1417,graded,"probabilities to native, bilinear, thresholded there, and these numbers were measured from the masks that run kept",0.749381,0.856808,0.831383,0.734106,0.793505,0.796622,16.000000,22.000000,46.000000,46045,80849,65826,95823,
fives_126_g,fives,unspecified,expert,1421,graded,"probabilities to native, bilinear, thresholded there, and these numbers were measured from the masks that run kept",0.307838,0.717154,0.638582,0.414875,0.742273,0.706222,46.000000,47.000000,97.000000,18044,41826,52935,62980,
fives_128_g,fives,unspecified,expert,1418,graded,"probabilities to native, bilinear, thresholded there, and these numbers were measured from the masks that run kept",0.641917,0.809735,0.758857,0.679848,0.801007,0.778751,10.000000,58.000000,73.000000,30117,51281,56240,67338,
fives_12_a,fives,unspecified,expert,1422,graded,"probabilities to native, bilinear, thresholded there, and these numbers were measured from the masks that run kept",0.786284,0.850207,0.845418,0.798066,0.827855,0.853065,22.000000,35.000000,66.000000,53413,74234,67902,83330,
fives_131_g,fives,unspecified,expert,1420,graded,"probabilities to native, bilinear, thresholded there, and these numbers were measured from the masks that run kept",0.780525,0.817782,0.853392,0.751740,0.794505,0.863047,21.000000,51.000000,83.000000,67744,85838,75206,79629,
fives_132_g,fives,unspecified,expert,1418,graded,"probabilities to native, bilinear, thresholded there, and these numbers were measured from the masks that run kept",0.358524,0.805930,0.666333,0.377417,0.776939,0.643446,19.000000,48.000000,82.000000,10879,50747,48124,66479,
fives_134_g,fives,unspecified,expert,1419,graded,"probabilities to native, bilinear, thresholded there, and these numbers were measured from the masks that run kept",0.708627,0.819974,0.790974,0.686233,0.776344,0.757794,44.000000,29.000000,96.000000,50485,67343,72536,81013,
fives_139_g,fives,unspecified,expert,1421,graded,"probabilities to native, bilinear, thresholded there, and these numbers were measured from the masks that run kept",0.799680,0.862791,0.853780,0.761044,0.835604,0.824818,30.000000,50.000000,101.000000,66359,106452,79842,107790,
fives_13_a,fives,unspecified,expert,1422,graded,"probabilities to native, bilinear, thresholded there, and these numbers were measured from the masks that run kept",0.711939,0.772951,0.802793,0.693897,0.712995,0.791199,51.000000,40.000000,112.000000,55197,68231,66805,87735,
fives_140_g,fives,unspecified,expert,1417,graded,"probabilities to native, bilinear, thresholded there, and these numbers were measured from the masks that run kept",0.370537,0.729823,0.616916,0.361341,0.711968,0.598414,42.000000,31.000000,81.000000,11469,36531,44153,54365,
fives_141_g,fives,unspecified,expert,1418,graded,"probabilities to native, bilinear, thresholded there, and these numbers were measured from the masks that run kept",0.660957,0.800327,0.778849,0.644865,0.762061,0.766946,54.000000,59.000000,132.000000,39434,65605,68564,75220,
fives_14_a,fives,unspecified,expert,1421,graded,"probabilities to native, bilinear, thresholded there, and these numbers were measured from the masks that run kept",0.798904,0.849227,0.861596,0.830365,0.853842,0.885657,37.000000,56.000000,100.000000,59039,76538,65449,84757,
fives_151_n,fives,unspecified,expert,1419,graded,"probabilities to native, bilinear, thresholded there, and these numbers were measured from the masks that run kept",0.727884,0.787444,0.792430,0.624968,0.705428,0.717728,17.000000,69.000000,101.000000,52707,75496,72148,92897,
fives_156_n,fives,unspecified,expert,1421,graded,"probabilities to native, bilinear, thresholded there, and these numbers were measured from the masks that run kept",0.682807,0.763036,0.748565,0.631699,0.717426,0.708912,23.000000,34.000000,61.000000,28317,44288,48466,60517,
fives_157_n,fives,unspecified,expert,1416,graded,"probabilities to native, bilinear, thresholded there, and these numbers were measured from the masks that run kept",0.642208,0.812663,0.775193,0.566454,0.809405,0.762740,42.000000,64.000000,123.000000,45768,76049,79179,85553,
fives_15_a,fives,unspecified,expert,1419,graded,"probabilities to native, bilinear, thresholded there, and these numbers were measured from the masks that run kept",0.742429,0.855577,0.835340,0.734115,0.833880,0.835602,39.000000,57.000000,98.000000,48965,74650,66052,81018,
fives_160_n,fives,unspecified,expert,1418,graded,"probabilities to native, bilinear, thresholded there, and these numbers were measured from the masks that run kept",0.791233,0.847735,0.851394,0.764418,0.849145,0.850912,35.000000,55.000000,100.000000,64447,90360,79455,88677,
fives_161_n,fives,unspecified,expert,1418,graded,"probabilities to native, bilinear, thresholded there, and these numbers were measured from the masks that run kept",0.742252,0.827693,0.827441,0.711203,0.800634,0.814026,10.000000,55.000000,83.000000,46312,77720,64680,82639,
fives_162_n,fives,unspecified,expert,1419,graded,"probabilities to native, bilinear, thresholded there, and these numbers were measured from the masks that run kept",0.719915,0.844026,0.800163,0.708910,0.819737,0.779153,35.000000,40.000000,98.000000,56612,75571,73320,83109,
fives_163_n,fives,unspecified,expert,1418,graded,"probabilities to native, bilinear, thresholded there, and these numbers were measured from the masks that run kept",0.650425,0.774141,0.749302,0.614595,0.724809,0.725894,24.000000,83.000000,122.000000,35351,57878,57413,74147,
fives_164_n,fives,unspecified,expert,1417,graded,"probabilities to native, bilinear, thresholded there, and these numbers were measured from the masks that run kept",0.544463,0.800578,0.714305,0.478898,0.794439,0.687033,17.000000,35.000000,58.000000,28102,60139,63739,69887,
fives_165_n,fives,unspecified,expert,1418,graded,"probabilities to native, bilinear, thresholded there, and these numbers were measured from the masks that run kept",0.710918,0.722842,0.761942,0.660638,0.701890,0.733522,44.000000,92.000000,142.000000,57853,80752,79648,103529,
fives_166_n,fives,unspecified,expert,1418,graded,"probabilities to native, bilinear, thresholded there, and these numbers were measured from the masks that run kept",0.664715,0.684150,0.736154,0.609651,0.646349,0.718518,30.000000,73.000000,117.000000,61709,63867,84835,89725,
fives_167_n,fives,unspecified,expert,1418,graded,"probabilities to native, bilinear, thresholded there, and these numbers were measured from the masks that run kept",0.573264,0.648028,0.662709,0.498630,0.612436,0.633774,18.000000,70.000000,97.000000,35156,48881,69466,77061,
fives_168_n,fives,unspecified,expert,1419,graded,"probabilities to native, bilinear, thresholded there, and these numbers were measured from the masks that run kept",0.547784,0.664709,0.638115,0.496961,0.645468,0.626195,9.000000,68.000000,90.000000,31433,49699,67073,73931,
fives_169_n,fives,unspecified,expert,1417,graded,"probabilities to native, bilinear, thresholded there, and these numbers were measured from the masks that run kept",0.616886,0.820721,0.742267,0.626481,0.818153,0.747063,22.000000,53.000000,97.000000,42060,66992,81214,82825,
fives_16_a,fives,unspecified,expert,1422,graded,"probabilities to native, bilinear, thresholded there, and these numbers were measured from the masks that run kept",0.686048,0.818493,0.797079,0.681130,0.777024,0.793533,54.000000,34.000000,93.000000,48255,62202,69110,76509,
fives_170_n,fives,unspecified,expert,1417,graded,"probabilities to native, bilinear, thresholded there, and these numbers were measured from the masks that run kept",0.623159,0.792599,0.745123,0.559726,0.763410,0.712844,20.000000,46.000000,79.000000,37367,64726,74505,82327,
fives_172_n,fives,unspecified,expert,1419,graded,"probabilities to native, bilinear, thresholded there, and these numbers were measured from the masks that run kept",0.798027,0.800597,0.859913,0.776930,0.818321,0.891587,63.000000,61.000000,129.000000,79892,94355,84313,85181,
fives_176_n,fives,unspecified,expert,1420,graded,"probabilities to native, bilinear, thresholded there, and these numbers were measured from the masks that run kept",0.748194,0.654287,0.749727,0.698607,0.649997,0.752162,41.000000,79.000000,136.000000,68102,67156,80993,95748,
fives_17_a,fives,unspecified,expert,1419,graded,"probabilities to native, bilinear, thresholded there, and these numbers were measured from the masks that run kept",0.839225,0.874597,0.871082,0.872070,0.873071,0.890354,12.000000,40.000000,69.000000,53737,81610,64453,86241,
fives_1_a,fives,unspecified,expert,1419,graded,"probabilities to native, bilinear, thresholded there, and these numbers were measured from the masks that run kept",0.769134,0.826545,0.848608,0.740985,0.787881,0.841228,20.000000,49.000000,85.000000,71277,92558,86698,103504,
fives_22_a,fives,unspecified,expert,1424,graded,"probabilities to native, bilinear, thresholded there, and these numbers were measured from the masks that run kept",0.831219,0.859181,0.863692,0.845790,0.868009,0.881641,39.000000,53.000000,104.000000,67176,80472,73906,83668,
fives_23_a,fives,unspecified,expert,1424,graded,"probabilities to native, bilinear, thresholded there, and these numbers were measured from the masks that run kept",0.839665,0.853841,0.865044,0.863834,0.862494,0.883377,30.000000,62.000000,103.000000,66645,80436,73568,84056,
fives_25_a,fives,unspecified,expert,1421,graded,"probabilities to native, bilinear, thresholded there, and these numbers were measured from the masks that run kept",0.730946,0.792807,0.813632,0.740433,0.789475,0.822634,60.000000,40.000000,105.000000,44150,54841,60052,65660,
fives_26_a,fives,unspecified,expert,1422,graded,"probabilities to native, bilinear, thresholded there, and these numbers were measured from the masks that run kept",0.876734,0.877616,0.887451,0.868619,0.890188,0.896264,29.000000,54.000000,85.000000,70576,86498,72318,85518,
fives_28_a,fives,unspecified,expert,1421,graded,"probabilities to native, bilinear, thresholded there, and these numbers were measured from the masks that run kept",0.579042,0.785705,0.736799,0.553958,0.719980,0.708687,21.000000,28.000000,62.000000,36040,56041,67690,78218,
fives_2_a,fives,unspecified,expert,1418,graded,"probabilities to native, bilinear, thresholded there, and these numbers were measured from the masks that run kept",0.840494,0.851668,0.865511,0.823867,0.850759,0.869059,35.000000,45.000000,99.000000,71371,88712,77163,91222,
fives_30_a,fives,unspecified,expert,1419,graded,"probabilities to native, bilinear, thresholded there, and these numbers were measured from the masks that run kept",0.819253,0.783143,0.816678,0.780998,0.786474,0.810062,30.000000,50.000000,82.000000,46099,58967,55950,79304,
fives_33_a,fives,unspecified,expert,1420,graded,"probabilities to native, bilinear, thresholded there, and these numbers were measured from the masks that run kept",0.778385,0.816379,0.846486,0.803068,0.804951,0.858032,68.000000,76.000000,153.000000,96573,112547,96478,123782,
fives_34_a,fives,unspecified,expert,1421,graded,"probabilities to native, bilinear, thresholded there, and these numbers were measured from the masks that run kept",0.451851,0.736826,0.747453,0.496223,0.681228,0.732429,17.000000,14.000000,47.000000,35576,55496,47500,79483,
fives_35_a,fives,unspecified,expert,1419,graded,"probabilities to native, bilinear, thresholded there, and these numbers were measured from the masks that run kept",0.872779,0.882127,0.888568,0.862516,0.883410,0.896545,49.000000,83.000000,139.000000,72240,90211,77837,91425,
fives_36_a,fives,unspecified,expert,1420,graded,"probabilities to native, bilinear, thresholded there, and these numbers were measured from the masks that run kept",0.800511,0.856220,0.859883,0.782532,0.852958,0.860438,66.000000,49.000000,131.000000,74027,77856,84834,84392,
fives_39_a,fives,unspecified,expert,1422,graded,"probabilities to native, bilinear, thresholded there, and these numbers were measured from the masks that run kept",0.622354,0.766795,0.756384,0.611783,0.661190,0.700693,45.000000,45.000000,112.000000,36796,58487,59188,79576,
fives_3_a,fives,unspecified,expert,1418,graded,"probabilities to native, bilinear, thresholded there, and these numbers were measured from the masks that run kept",0.826587,0.871098,0.879222,0.837652,0.880162,0.890118,55.000000,85.000000,155.000000,98111,114912,105195,118350,
fives_58_d,fives,unspecified,expert,1421,graded,"probabilities to native, bilinear, thresholded there, and these numbers were measured from the masks that run kept",0.556068,0.712940,0.777337,0.558953,0.683271,0.778056,63.000000,69.000000,142.000000,47818,56071,58705,85450,
fives_59_d,fives,unspecified,expert,1420,graded,"probabilities to native, bilinear, thresholded there, and these numbers were measured from the masks that run kept",0.512188,0.696604,0.750610,0.513130,0.626679,0.731862,75.000000,37.000000,139.000000,49812,54125,67110,89466,
fives_67_d,fives,unspecified,expert,1417,graded,"probabilities to native, bilinear, thresholded there, and these numbers were measured from the masks that run kept",0.458281,0.639010,0.610534,0.360816,0.542283,0.546683,17.000000,30.000000,60.000000,18509,34317,47887,58655,
fives_68_d,fives,unspecified,expert,1418,graded,"probabilities to native, bilinear, thresholded there, and these numbers were measured from the masks that run kept",0.635650,0.814452,0.763809,0.600460,0.817444,0.763793,21.000000,34.000000,66.000000,30914,61034,59145,78984,
fives_69_d,fives,unspecified,expert,1421,graded,"probabilities to native, bilinear, thresholded there, and these numbers were measured from the masks that run kept",0.847044,0.870928,0.874234,0.851127,0.859521,0.878760,29.000000,53.000000,95.000000,65688,78336,77870,82070,
fives_70_d,fives,unspecified,expert,1419,graded,"probabilities to native, bilinear, thresholded there, and these numbers were measured from the masks that run kept",0.764802,0.806059,0.840697,0.768011,0.754680,0.836212,34.000000,35.000000,80.000000,55616,61341,64674,78098,
fives_72_d,fives,unspecified,expert,1418,graded,"probabilities to native, bilinear, thresholded there, and these numbers were measured from the masks that run kept",0.735577,0.809840,0.783295,0.697306,0.766534,0.742700,29.000000,56.000000,111.000000,42465,59477,66217,77034,
fives_73_d,fives,unspecified,expert,1422,graded,"probabilities to native, bilinear, thresholded there, and these numbers were measured from the masks that run kept",0.710291,0.819846,0.820071,0.724876,0.798294,0.822340,29.000000,21.000000,69.000000,43953,64742,62319,74672,
fives_77_d,fives,unspecified,expert,1419,graded,"probabilities to native, bilinear, thresholded there, and these numbers were measured from the masks that run kept",0.686316,0.840118,0.818598,0.675977,0.825341,0.814357,28.000000,27.000000,70.000000,46289,77287,60417,87778,
fives_79_d,fives,unspecified,expert,1420,graded,"probabilities to native, bilinear, thresholded there, and these numbers were measured from the masks that run kept",0.518915,0.817016,0.757024,0.499182,0.774112,0.720967,22.000000,43.000000,70.000000,28457,70648,57877,92443,
fives_80_d,fives,unspecified,expert,1419,graded,"probabilities to native, bilinear, thresholded there, and these numbers were measured from the masks that run kept",0.610004,0.726455,0.762464,0.533282,0.638258,0.708010,34.000000,40.000000,83.000000,32874,53626,46273,86088,
fives_81_d,fives,unspecified,expert,1420,graded,"probabilities to native, bilinear, thresholded there, and these numbers were measured from the masks that run kept",0.726073,0.784192,0.818807,0.729612,0.778675,0.816369,33.000000,38.000000,78.000000,52874,58703,65833,74068,
fives_84_d,fives,unspecified,expert,1421,graded,"probabilities to native, bilinear, thresholded there, and these numbers were measured from the masks that run kept",0.613651,0.740471,0.755904,0.607488,0.714201,0.738604,36.000000,44.000000,89.000000,40497,62087,57047,89287,
fives_86_d,fives,unspecified,expert,1419,graded,"probabilities to native, bilinear, thresholded there, and these numbers were measured from the masks that run kept",0.697263,0.861968,0.830992,0.621097,0.815468,0.788833,30.000000,36.000000,78.000000,29847,73501,46589,88041,
fives_87_d,fives,unspecified,expert,1420,graded,"probabilities to native, bilinear, thresholded there, and these numbers were measured from the masks that run kept",0.616597,0.830867,0.769090,0.557547,0.738117,0.716650,13.000000,41.000000,70.000000,33305,68527,66728,78387,
fives_89_d,fives,unspecified,expert,1421,graded,"probabilities to native, bilinear, thresholded there, and these numbers were measured from the masks that run kept",0.830940,0.863846,0.870374,0.822311,0.841347,0.860703,49.000000,45.000000,91.000000,51195,75672,62096,78279,
fives_92_d,fives,unspecified,expert,1420,graded,"probabilities to native, bilinear, thresholded there, and these numbers were measured from the masks that run kept",0.601182,0.809188,0.750218,0.560223,0.733611,0.694317,33.000000,34.000000,78.000000,35679,64559,64344,78493,
grape_grape102_os_1,grape,unspecified,expert,1420,graded,"probabilities to native, bilinear, thresholded there, and these numbers were measured from the masks that run kept",0.633771,0.829143,0.778767,0.627849,0.813565,0.778911,23.000000,41.000000,75.000000,34894,55019,58796,62787,
grape_grape105_od_2,grape,unspecified,expert,1420,graded,"probabilities to native, bilinear, thresholded there, and these numbers were measured from the masks that run kept",0.728737,0.771711,0.801295,0.709800,0.707592,0.771365,59.000000,43.000000,120.000000,52946,64901,70764,85658,
grape_grape106_os_3,grape,unspecified,expert,1409,graded,"probabilities to native, bilinear, thresholded there, and these numbers were measured from the masks that run kept",0.798748,0.861540,0.845962,0.755132,0.837766,0.823210,45.000000,63.000000,131.000000,59113,67664,78545,75092,
grape_grape107_os_1,grape,unspecified,expert,1420,graded,"probabilities to native, bilinear, thresholded there, and these numbers were measured from the masks that run kept",0.814204,0.848151,0.851918,0.784303,0.856913,0.855301,25.000000,28.000000,61.000000,59497,82455,66356,85192,
grape_grape108_od_3,grape,unspecified,expert,1422,graded,"probabilities to native, bilinear, thresholded there, and these numbers were measured from the masks that run kept",0.779589,0.818939,0.818958,0.763069,0.821086,0.824878,65.000000,59.000000,139.000000,78140,88023,88440,87973,
grape_grape10_od_2,grape,unspecified,expert,1419,graded,"probabilities to native, bilinear, thresholded there, and these numbers were measured from the masks that run kept",0.451496,0.667385,0.616984,0.399865,0.663934,0.615708,18.000000,28.000000,52.000000,15914,33140,41092,61555,
grape_grape111_od_6,grape,unspecified,expert,1409,graded,"probabilities to native, bilinear, thresholded there, and these numbers were measured from the masks that run kept",0.743168,0.833675,0.836841,0.715750,0.811736,0.839838,54.000000,94.000000,150.000000,74135,87416,92153,91517,
grape_grape112_od_1,grape,unspecified,expert,1418,graded,"probabilities to native, bilinear, thresholded there, and these numbers were measured from the masks that run kept",0.740197,0.864345,0.826690,0.697830,0.842632,0.796103,41.000000,50.000000,106.000000,46236,79195,69371,84478,
grape_grape113_os_4,grape,unspecified,expert,1419,graded,"probabilities to native, bilinear, thresholded there, and these numbers were measured from the masks that run kept",0.818217,0.840164,0.855420,0.800455,0.811760,0.849347,34.000000,46.000000,91.000000,61074,79033,70671,85911,
grape_grape114_os_1,grape,unspecified,expert,1421,graded,"probabilities to native, bilinear, thresholded there, and these numbers were measured from the masks that run kept",0.803530,0.862899,0.852492,0.770134,0.848731,0.841288,40.000000,64.000000,123.000000,58409,94799,71448,95295,
grape_grape116_os_1,grape,unspecified,expert,1421,graded,"probabilities to native, bilinear, thresholded there, and these numbers were measured from the masks that run kept",0.664861,0.803189,0.796258,0.639030,0.761724,0.778744,46.000000,31.000000,96.000000,39747,60668,52901,70788,
grape_grape120_od_1,grape,unspecified,expert,1422,graded,"probabilities to native, bilinear, thresholded there, and these numbers were measured from the masks that run kept",0.728436,0.829703,0.804396,0.716662,0.859104,0.818593,36.000000,42.000000,99.000000,47293,73186,65222,76212,
grape_grape121_os_1,grape,unspecified,expert,1420,graded,"probabilities to native, bilinear, thresholded there, and these numbers were measured from the masks that run kept",0.519033,0.753109,0.679852,0.544526,0.703793,0.676589,26.000000,30.000000,70.000000,29800,50500,71026,75811,
grape_grape122_os_6,grape,unspecified,expert,1408,graded,"probabilities to native, bilinear, thresholded there, and these numbers were measured from the masks that run kept",0.700250,0.826804,0.795585,0.653149,0.822134,0.786075,69.000000,80.000000,170.000000,47468,72054,72729,82147,
grape_grape123_os_5,grape,unspecified,expert,1408,graded,"probabilities to native, bilinear, thresholded there, and these numbers were measured from the masks that run kept",0.768279,0.834162,0.823682,0.743483,0.831667,0.816470,75.000000,65.000000,166.000000,53346,73062,78114,88674,
grape_grape126_os_1,grape,unspecified,expert,1419,graded,"probabilities to native, bilinear, thresholded there, and these numbers were measured from the masks that run kept",0.760572,0.805029,0.832576,0.743626,0.772846,0.824483,45.000000,24.000000,85.000000,69380,86813,82724,100830,
grape_grape127_os_5,grape,unspecified,expert,1418,graded,"probabilities to native, bilinear, thresholded there, and these numbers were measured from the masks that run kept",0.499282,0.763900,0.701863,0.483283,0.741447,0.676768,72.000000,62.000000,155.000000,29032,55794,62167,77014,
grape_grape128_od_3,grape,unspecified,expert,1410,graded,"probabilities to native, bilinear, thresholded there, and these numbers were measured from the masks that run kept",0.759957,0.788867,0.787015,0.755519,0.778702,0.784614,37.000000,71.000000,121.000000,32934,50432,50197,69753,
grape_grape12_os_4,grape,unspecified,expert,1418,graded,"probabilities to native, bilinear, thresholded there, and these numbers were measured from the masks that run kept",0.737570,0.853623,0.836561,0.733915,0.851146,0.838999,33.000000,36.000000,76.000000,47740,88921,65372,93792,
grape_grape131_od_4,grape,unspecified,expert,1409,graded,"probabilities to native, bilinear, thresholded there, and these numbers were measured from the masks that run kept",0.799916,0.861801,0.845918,0.816591,0.876998,0.866935,86.000000,65.000000,172.000000,64760,89160,77265,89742,
grape_grape132_od_1,grape,unspecified,expert,1417,graded,"probabilities to native, bilinear, thresholded there, and these numbers were measured from the masks that run kept",0.675669,0.810095,0.776311,0.650358,0.819668,0.773670,41.000000,43.000000,100.000000,33983,61508,56739,72306,
grape_grape134_od_5,grape,unspecified,expert,1408,graded,"probabilities to native, bilinear, thresholded there, and these numbers were measured from the masks that run kept",0.808164,0.821040,0.842509,0.818829,0.814563,0.858571,61.000000,75.000000,159.000000,73987,86883,78383,88095,
grape_grape136_os_3,grape,unspecified,expert,1409,graded,"probabilities to native, bilinear, thresholded there, and these numbers were measured from the masks that run kept",0.838814,0.885402,0.872407,0.818098,0.882958,0.865919,48.000000,46.000000,106.000000,67993,83542,79346,90266,
grape_grape138_od_4,grape,unspecified,expert,1408,graded,"probabilities to native, bilinear, thresholded there, and these numbers were measured from the masks that run kept",0.810200,0.845535,0.843912,0.757294,0.828048,0.824418,53.000000,76.000000,149.000000,56871,67377,71406,73542,
grape_grape139_od_1,grape,unspecified,expert,1420,graded,"probabilities to native, bilinear, thresholded there, and these numbers were measured from the masks that run kept",0.832255,0.847839,0.869015,0.869093,0.869974,0.911615,63.000000,46.000000,126.000000,75752,89066,74238,85519,
grape_grape140_od_1,grape,unspecified,expert,1420,graded,"probabilities to native, bilinear, thresholded there, and these numbers were measured from the masks that run kept",0.638369,0.784900,0.752972,0.571539,0.717354,0.688985,30.000000,59.000000,107.000000,32025,60813,56745,75347,
grape_grape141_od_4,grape,unspecified,expert,1418,graded,"probabilities to native, bilinear, thresholded there, and these numbers were measured from the masks that run kept",0.767060,0.840837,0.831532,0.714106,0.811925,0.797501,52.000000,59.000000,138.000000,71033,88759,84741,93319,
grape_grape143_od_3,grape,unspecified,expert,1419,graded,"probabilities to native, bilinear, thresholded there, and these numbers were measured from the masks that run kept",0.766897,0.816993,0.832124,0.743777,0.815285,0.832705,50.000000,44.000000,115.000000,68673,74613,78541,82277,
grape_grape144_os_1,grape,unspecified,expert,1418,graded,"probabilities to native, bilinear, thresholded there, and these numbers were measured from the masks that run kept",0.772183,0.813577,0.826439,0.762090,0.821575,0.828824,80.000000,63.000000,169.000000,56460,76231,68886,88164,
grape_grape17_os_1,grape,unspecified,expert,1418,graded,"probabilities to native, bilinear, thresholded there, and these numbers were measured from the masks that run kept",0.825114,0.846142,0.864251,0.799047,0.849362,0.868750,57.000000,56.000000,114.000000,72742,91699,84526,92211,
grape_grape18_od_3,grape,unspecified,expert,1409,graded,"probabilities to native, bilinear, thresholded there, and these numbers were measured from the masks that run kept",0.744842,0.828621,0.829711,0.748661,0.840668,0.849881,63.000000,83.000000,149.000000,46408,59341,60079,67349,
grape_grape20_od_1,grape,unspecified,expert,1419,graded,"probabilities to native, bilinear, thresholded there, and these numbers were measured from the masks that run kept",0.765444,0.840523,0.823099,0.730632,0.855981,0.817232,33.000000,28.000000,92.000000,55695,83066,70096,84965,
grape_grape23_od_2,grape,unspecified,expert,1421,graded,"probabilities to native, bilinear, thresholded there, and these numbers were measured from the masks that run kept",0.781595,0.854320,0.843740,0.802933,0.846735,0.861339,42.000000,75.000000,144.000000,49868,73421,61558,79421,
grape_grape24_od_1,grape,unspecified,expert,1421,graded,"probabilities to native, bilinear, thresholded there, and these numbers were measured from the masks that run kept",0.774938,0.797042,0.829773,0.726325,0.783523,0.833538,61.000000,113.000000,194.000000,74860,100090,88175,99069,
grape_grape25_os_1,grape,unspecified,expert,1419,graded,"probabilities to native, bilinear, thresholded there, and these numbers were measured from the masks that run kept",0.833394,0.871452,0.880194,0.825365,0.855404,0.888004,45.000000,63.000000,122.000000,70506,93696,80119,99570,
grape_grape27_od_2,grape,unspecified,expert,1419,graded,"probabilities to native, bilinear, thresholded there, and these numbers were measured from the masks that run kept",0.857676,0.885570,0.890772,0.864488,0.914654,0.913946,37.000000,48.000000,90.000000,62953,93006,68768,89629,
grape_grape30_od_3,grape,unspecified,expert,1409,graded,"probabilities to native, bilinear, thresholded there, and these numbers were measured from the masks that run kept",0.669265,0.771931,0.776857,0.653810,0.709093,0.771226,38.000000,91.000000,139.000000,36349,54085,56278,73144,
grape_grape31_os_3,grape,unspecified,expert,1409,graded,"probabilities to native, bilinear, thresholded there, and these numbers were measured from the masks that run kept",0.816338,0.873297,0.862840,0.796780,0.855309,0.846017,44.000000,54.000000,118.000000,59233,93349,71899,99701,
grape_grape32_od_1,grape,unspecified,expert,1417,graded,"probabilities to native, bilinear, thresholded there, and these numbers were measured from the masks that run kept",0.339785,0.609303,0.546086,0.334023,0.567647,0.550421,15.000000,43.000000,64.000000,14509,30375,52969,60995,
grape_grape34_os_2,grape,unspecified,expert,1419,graded,"probabilities to native, bilinear, thresholded there, and these numbers were measured from the masks that run kept",0.698605,0.758796,0.772278,0.685754,0.757218,0.777423,59.000000,105.000000,182.000000,51908,60880,72268,77758,
grape_grape35_od_1,grape,unspecified,expert,1419,graded,"probabilities to native, bilinear, thresholded there, and these numbers were measured from the masks that run kept",0.782592,0.855487,0.841273,0.793651,0.870691,0.852223,58.000000,53.000000,126.000000,59314,88156,79310,89434,
grape_grape36_os_3,grape,unspecified,expert,1408,graded,"probabilities to native, bilinear, thresholded there, and these numbers were measured from the masks that run kept",0.842492,0.881075,0.877096,0.802047,0.890622,0.869919,26.000000,40.000000,70.000000,57326,61784,70464,66768,
grape_grape37_od_4,grape,unspecified,expert,1409,graded,"probabilities to native, bilinear, thresholded there, and these numbers were measured from the masks that run kept",0.766060,0.841157,0.821007,0.773119,0.844833,0.830856,90.000000,62.000000,167.000000,54579,74686,76262,83760,
grape_grape38_od_3,grape,unspecified,expert,1419,graded,"probabilities to native, bilinear, thresholded there, and these numbers were measured from the masks that run kept",0.773140,0.790343,0.800190,0.766796,0.783581,0.793823,43.000000,62.000000,128.000000,50838,67173,67301,79905,
grape_grape39_od_3,grape,unspecified,expert,1418,graded,"probabilities to native, bilinear, thresholded there, and these numbers were measured from the masks that run kept",0.793044,0.840588,0.844747,0.780141,0.841683,0.843820,82.000000,47.000000,173.000000,70845,89944,78027,98831,
grape_grape40_od_1,grape,unspecified,expert,1421,graded,"probabilities to native, bilinear, thresholded there, and these numbers were measured from the masks that run kept",0.766837,0.858267,0.849492,0.751000,0.875420,0.852766,55.000000,42.000000,113.000000,48858,74987,63291,81321,
grape_grape42_od_1,grape,unspecified,expert,1419,graded,"probabilities to native, bilinear, thresholded there, and these numbers were measured from the masks that run kept",0.817263,0.866437,0.851773,0.832082,0.858224,0.857568,22.000000,38.000000,72.000000,53624,66562,67561,71860,
grape_grape43_od_3,grape,unspecified,expert,1419,graded,"probabilities to native, bilinear, thresholded there, and these numbers were measured from the masks that run kept",0.672217,0.814521,0.799927,0.685375,0.806871,0.811087,44.000000,35.000000,96.000000,43375,70310,64730,77944,
grape_grape44_os_1,grape,unspecified,expert,1420,graded,"probabilities to native, bilinear, thresholded there, and these numbers were measured from the masks that run kept",0.727760,0.795688,0.826566,0.689100,0.722414,0.804442,36.000000,37.000000,91.000000,57879,68104,70721,86625,
grape_grape45_od_2,grape,unspecified,expert,1418,graded,"probabilities to native, bilinear, thresholded there, and these numbers were measured from the masks that run kept",0.709997,0.816840,0.795864,0.730149,0.783411,0.798166,14.000000,31.000000,57.000000,42193,55812,61092,65945,
grape_grape46_od_4,grape,unspecified,expert,1420,graded,"probabilities to native, bilinear, thresholded there, and these numbers were measured from the masks that run kept",0.794425,0.861128,0.856781,0.806642,0.855169,0.858385,30.000000,46.000000,98.000000,55855,86230,67847,96031,
grape_grape48_od_1,grape,unspecified,expert,1418,graded,"probabilities to native, bilinear, thresholded there, and these numbers were measured from the masks that run kept",0.594312,0.815392,0.737281,0.596937,0.791298,0.719748,36.000000,47.000000,97.000000,32133,49540,63820,59220,
grape_grape49_os_1,grape,unspecified,expert,1423,graded,"probabilities to native, bilinear, thresholded there, and these numbers were measured from the masks that run kept",0.778906,0.850821,0.832485,0.732646,0.844727,0.810561,27.000000,73.000000,108.000000,61684,82103,80328,87505,
grape_grape4_os_3,grape,unspecified,expert,1408,graded,"probabilities to native, bilinear, thresholded there, and these numbers were measured from the masks that run kept",0.702375,0.812096,0.774612,0.655717,0.774272,0.745653,17.000000,45.000000,79.000000,37217,53462,64028,68994,
grape_grape51_od_4,grape,unspecified,expert,1409,graded,"probabilities to native, bilinear, thresholded there, and these numbers were measured from the masks that run kept",0.676282,0.807959,0.775822,0.654143,0.792310,0.762219,36.000000,62.000000,113.000000,34048,52774,54418,65784,
grape_grape53_os_2,grape,unspecified,expert,1420,graded,"probabilities to native, bilinear, thresholded there, and these numbers were measured from the masks that run kept",0.785509,0.841204,0.843426,0.796395,0.853957,0.862003,52.000000,61.000000,120.000000,45369,69483,59139,73203,
grape_grape55_od_1,grape,unspecified,expert,1420,graded,"probabilities to native, bilinear, thresholded there, and these numbers were measured from the masks that run kept",0.363733,0.610246,0.649833,0.427549,0.602988,0.679366,43.000000,31.000000,82.000000,33597,32290,58509,64212,
grape_grape58_od_2,grape,unspecified,expert,1420,graded,"probabilities to native, bilinear, thresholded there, and these numbers were measured from the masks that run kept",0.746134,0.842660,0.813921,0.705434,0.809963,0.777523,71.000000,69.000000,164.000000,46369,70552,68018,80090,
grape_grape5_os_6,grape,unspecified,expert,1409,graded,"probabilities to native, bilinear, thresholded there, and these numbers were measured from the masks that run kept",0.751665,0.821284,0.824982,0.717498,0.765859,0.800119,90.000000,31.000000,129.000000,43749,58454,60920,71148,
grape_grape60_os_1,grape,unspecified,expert,1420,graded,"probabilities to native, bilinear, thresholded there, and these numbers were measured from the masks that run kept",0.496733,0.772951,0.729431,0.435180,0.710559,0.678033,19.000000,20.000000,49.000000,38910,64247,72828,91098,
grape_grape61_os_3,grape,unspecified,expert,1420,graded,"probabilities to native, bilinear, thresholded there, and these numbers were measured from the masks that run kept",0.764340,0.796016,0.823511,0.701985,0.759939,0.793235,58.000000,75.000000,158.000000,79971,76977,97607,96326,
grape_grape63_od_1,grape,unspecified,expert,1418,graded,"probabilities to native, bilinear, thresholded there, and these numbers were measured from the masks that run kept",0.669053,0.855033,0.801901,0.651007,0.861756,0.797440,34.000000,41.000000,77.000000,35702,63907,60401,71800,
grape_grape67_os_3,grape,unspecified,expert,1421,graded,"probabilities to native, bilinear, thresholded there, and these numbers were measured from the masks that run kept",0.780822,0.814359,0.820008,0.773316,0.787752,0.811596,38.000000,41.000000,99.000000,61567,80431,75673,90943,
grape_grape68_os_1,grape,unspecified,expert,1421,graded,"probabilities to native, bilinear, thresholded there, and these numbers were measured from the masks that run kept",0.843493,0.846852,0.867484,0.813782,0.834095,0.859736,47.000000,62.000000,119.000000,70391,86318,80752,99287,
grape_grape6_od_2,grape,unspecified,expert,1420,graded,"probabilities to native, bilinear, thresholded there, and these numbers were measured from the masks that run kept",0.467266,0.781922,0.737350,0.468614,0.758742,0.705949,74.000000,47.000000,140.000000,30329,66578,56431,81470,
grape_grape70_od_1,grape,unspecified,expert,1421,graded,"probabilities to native, bilinear, thresholded there, and these numbers were measured from the masks that run kept",0.255014,0.780748,0.642794,0.241552,0.785924,0.615096,83.000000,47.000000,154.000000,8115,55998,45937,74938,
grape_grape71_os_1,grape,unspecified,expert,1422,graded,"probabilities to native, bilinear, thresholded there, and these numbers were measured from the masks that run kept",0.700528,0.855481,0.807168,0.674667,0.824978,0.786172,36.000000,30.000000,80.000000,39931,70672,66089,78014,
grape_grape73_os_4,grape,unspecified,expert,1409,graded,"probabilities to native, bilinear, thresholded there, and these numbers were measured from the masks that run kept",0.712260,0.764952,0.779279,0.707658,0.789059,0.798268,43.000000,51.000000,108.000000,43405,49668,57940,66721,
grape_grape74_os_1,grape,unspecified,expert,1419,graded,"probabilities to native, bilinear, thresholded there, and these numbers were measured from the masks that run kept",0.669503,0.834452,0.790501,0.606771,0.792708,0.749425,30.000000,75.000000,113.000000,34825,62911,60592,72258,
grape_grape75_od_3,grape,unspecified,expert,1417,graded,"probabilities to native, bilinear, thresholded there, and these numbers were measured from the masks that run kept",0.779595,0.779235,0.809504,0.780366,0.760567,0.810463,38.000000,77.000000,128.000000,58391,67061,76851,83484,
grape_grape76_os_1,grape,unspecified,expert,1421,graded,"probabilities to native, bilinear, thresholded there, and these numbers were measured from the masks that run kept",0.804712,0.853649,0.859855,0.780129,0.851117,0.846374,40.000000,57.000000,112.000000,66789,79097,80568,78586,
grape_grape77_os_3,grape,unspecified,expert,1420,graded,"probabilities to native, bilinear, thresholded there, and these numbers were measured from the masks that run kept",0.823278,0.869911,0.860663,0.827410,0.866769,0.864429,54.000000,100.000000,161.000000,67691,81887,80383,87020,
grape_grape7_os_1,grape,unspecified,expert,1421,graded,"probabilities to native, bilinear, thresholded there, and these numbers were measured from the masks that run kept",0.821537,0.875193,0.870581,0.818876,0.897824,0.883393,69.000000,81.000000,158.000000,64434,94677,70995,93526,
grape_grape81_os_1,grape,unspecified,expert,1421,graded,"probabilities to native, bilinear, thresholded there, and these numbers were measured from the masks that run kept",0.768753,0.824914,0.808691,0.778498,0.766735,0.779830,31.000000,37.000000,66.000000,42471,58476,58875,73339,
grape_grape82_os_4,grape,unspecified,expert,1419,graded,"probabilities to native, bilinear, thresholded there, and these numbers were measured from the masks that run kept",0.825944,0.856420,0.859987,0.815846,0.868325,0.871938,41.000000,68.000000,119.000000,64174,81083,77097,80172,
grape_grape83_os_2,grape,unspecified,expert,1420,graded,"probabilities to native, bilinear, thresholded there, and these numbers were measured from the masks that run kept",0.830615,0.842017,0.850367,0.815950,0.826856,0.838848,38.000000,66.000000,116.000000,60238,71247,72076,80579,
grape_grape84_os_1,grape,unspecified,expert,1421,graded,"probabilities to native, bilinear, thresholded there, and these numbers were measured from the masks that run kept",0.819171,0.833872,0.837233,0.803485,0.811987,0.823895,26.000000,59.000000,94.000000,50492,72091,61614,80376,
grape_grape86_os_1,grape,unspecified,expert,1421,graded,"probabilities to native, bilinear, thresholded there, and these numbers were measured from the masks that run kept",0.680917,0.838606,0.795991,0.695220,0.828614,0.794389,80.000000,62.000000,160.000000,36269,66953,61226,83201,
grape_grape87_od_1,grape,unspecified,expert,1425,graded,"probabilities to native, bilinear, thresholded there, and these numbers were measured from the masks that run kept",0.791013,0.856052,0.847905,0.732067,0.858124,0.829656,37.000000,35.000000,83.000000,53094,71758,66717,72357,
grape_grape8_od_1,grape,unspecified,expert,1422,graded,"probabilities to native, bilinear, thresholded there, and these numbers were measured from the masks that run kept",0.779113,0.862904,0.837858,0.789082,0.876766,0.847650,27.000000,44.000000,87.000000,52341,80475,69708,81163,
grape_grape90_od_1,grape,unspecified,expert,1420,graded,"probabilities to native, bilinear, thresholded there, and these numbers were measured from the masks that run kept",0.692971,0.842096,0.817708,0.663227,0.796861,0.798680,41.000000,66.000000,124.000000,40710,79099,63938,84602,
grape_grape91_od_1,grape,unspecified,expert,1419,graded,"probabilities to native, bilinear, thresholded there, and these numbers were measured from the masks that run kept",0.831560,0.875010,0.867639,0.789324,0.883772,0.856583,12.000000,62.000000,87.000000,59652,84241,71148,87293,
grape_grape92_od_1,grape,unspecified,expert,1419,graded,"probabilities to native, bilinear, thresholded there, and these numbers were measured from the masks that run kept",0.821619,0.835941,0.838445,0.799894,0.815896,0.822526,41.000000,62.000000,109.000000,57317,68290,70275,79498,
grape_grape94_od_3,grape,unspecified,expert,1420,graded,"probabilities to native, bilinear, thresholded there, and these numbers were measured from the masks that run kept",0.740296,0.858913,0.827524,0.729362,0.836505,0.815609,51.000000,57.000000,128.000000,52277,76399,72176,83864,
grape_grape95_os_8,grape,unspecified,expert,1419,graded,"probabilities to native, bilinear, thresholded there, and these numbers were measured from the masks that run kept",0.697478,0.806084,0.782348,0.688829,0.769417,0.758657,37.000000,33.000000,93.000000,39345,73284,59884,84568,
grape_grape98_os_1,grape,unspecified,expert,1421,graded,"probabilities to native, bilinear, thresholded there, and these numbers were measured from the masks that run kept",0.813378,0.873232,0.867499,0.793353,0.893519,0.874443,44.000000,38.000000,102.000000,54609,77794,66250,80645,
magreb_fimage10prime,magreb,unspecified,expert,1448,graded,"probabilities to native, bilinear, thresholded there, and these numbers were measured from the masks that run kept",0.854033,0.859454,0.876987,0.850851,0.860162,0.889114,100.000000,42.000000,142.000000,63954,74348,70350,84127,
magreb_fimage11prime,magreb,unspecified,expert,1453,graded,"probabilities to native, bilinear, thresholded there, and these numbers were measured from the masks that run kept",0.766123,0.750124,0.817229,0.802561,0.706506,0.843357,40.000000,23.000000,74.000000,42524,48208,51889,57004,
magreb_fimage12prime,magreb,unspecified,expert,1445,graded,"probabilities to native, bilinear, thresholded there, and these numbers were measured from the masks that run kept",0.780893,0.851029,0.836836,0.797518,0.852323,0.847999,31.000000,54.000000,95.000000,51305,84808,67774,96133,
magreb_fimage13prime,magreb,unspecified,expert,1450,graded,"probabilities to native, bilinear, thresholded there, and these numbers were measured from the masks that run kept",0.858142,0.851121,0.874066,0.853641,0.845354,0.878739,94.000000,95.000000,181.000000,61564,69464,69722,77864,
magreb_fimage14prime,magreb,unspecified,expert,1456,graded,"probabilities to native, bilinear, thresholded there, and these numbers were measured from the masks that run kept",0.847213,0.853267,0.867116,0.851401,0.856816,0.875136,74.000000,72.000000,158.000000,65326,85091,74457,95516,
magreb_fimage16prime,magreb,unspecified,expert,1453,graded,"probabilities to native, bilinear, thresholded there, and these numbers were measured from the masks that run kept",0.832626,0.843096,0.847046,0.829260,0.851936,0.851366,55.000000,89.000000,164.000000,57715,71238,69533,82984,
magreb_fimage17prime,magreb,unspecified,expert,1453,graded,"probabilities to native, bilinear, thresholded there, and these numbers were measured from the masks that run kept",0.792793,0.831902,0.863522,0.793971,0.798496,0.883347,57.000000,82.000000,160.000000,70650,80130,68539,80009,
magreb_fimage18prime,magreb,unspecified,expert,1450,graded,"probabilities to native, bilinear, thresholded there, and these numbers were measured from the masks that run kept",0.849744,0.854021,0.865645,0.869970,0.846536,0.876970,36.000000,60.000000,96.000000,68867,79947,71387,84262,
magreb_fimage1prime,magreb,unspecified,expert,1453,graded,"probabilities to native, bilinear, thresholded there, and these numbers were measured from the masks that run kept",0.850604,0.868808,0.867734,0.860176,0.905643,0.892424,81.000000,54.000000,140.000000,50064,61082,61666,68339,
magreb_fimage22prime,magreb,unspecified,expert,1453,graded,"probabilities to native, bilinear, thresholded there, and these numbers were measured from the masks that run kept",0.802373,0.847867,0.854690,0.772709,0.815722,0.820894,38.000000,34.000000,77.000000,56828,70667,72795,84119,
magreb_fimage24prime,magreb,unspecified,expert,1452,graded,"probabilities to native, bilinear, thresholded there, and these numbers were measured from the masks that run kept",0.813781,0.812807,0.836600,0.834838,0.822198,0.862028,48.000000,84.000000,149.000000,69471,75123,77313,82004,
magreb_fimage26prime,magreb,unspecified,expert,1411,graded,"probabilities to native, bilinear, thresholded there, and these numbers were measured from the masks that run kept",0.804214,0.776589,0.816767,0.806215,0.736969,0.811227,18.000000,51.000000,79.000000,66028,63892,78155,84704,
magreb_fimage27prime,magreb,unspecified,expert,1447,graded,"probabilities to native, bilinear, thresholded there, and these numbers were measured from the masks that run kept",0.789639,0.848985,0.844225,0.804680,0.874760,0.865230,161.000000,126.000000,289.000000,53303,69350,66149,75543,
magreb_fimage28prime,magreb,unspecified,expert,1457,graded,"probabilities to native, bilinear, thresholded there, and these numbers were measured from the masks that run kept",0.618730,0.791352,0.761636,0.663615,0.746091,0.750303,51.000000,58.000000,123.000000,34559,68787,59036,94905,
magreb_fimage29prime,magreb,unspecified,expert,1446,graded,"probabilities to native, bilinear, thresholded there, and these numbers were measured from the masks that run kept",0.868903,0.883391,0.900213,0.881296,0.884657,0.915400,61.000000,46.000000,108.000000,75984,78465,80618,80099,
magreb_fimage2prime,magreb,unspecified,expert,1448,graded,"probabilities to native, bilinear, thresholded there, and these numbers were measured from the masks that run kept",0.774760,0.819388,0.827155,0.758457,0.850661,0.845094,89.000000,87.000000,188.000000,52739,67338,68261,74314,
magreb_fimage30prime,magreb,unspecified,expert,1449,graded,"probabilities to native, bilinear, thresholded there, and these numbers were measured from the masks that run kept",0.594292,0.820581,0.785955,0.619509,0.795731,0.795393,49.000000,37.000000,103.000000,28265,64664,50040,83587,
magreb_fimage33prime,magreb,unspecified,expert,1452,graded,"probabilities to native, bilinear, thresholded there, and these numbers were measured from the masks that run kept",0.843553,0.852988,0.865739,0.832588,0.867132,0.873678,88.000000,113.000000,200.000000,56674,71260,61609,76184,
magreb_fimage34prime,magreb,unspecified,expert,1450,graded,"probabilities to native, bilinear, thresholded there, and these numbers were measured from the masks that run kept",0.848348,0.852513,0.886306,0.817082,0.836828,0.871642,42.000000,49.000000,95.000000,58309,69173,69226,77809,
magreb_fimage36prime,magreb,unspecified,expert,1452,graded,"probabilities to native, bilinear, thresholded there, and these numbers were measured from the masks that run kept",0.861085,0.836822,0.884541,0.838817,0.799735,0.865467,54.000000,66.000000,126.000000,79618,75067,87664,89116,
magreb_fimage37prime,magreb,unspecified,expert,1446,graded,"probabilities to native, bilinear, thresholded there, and these numbers were measured from the masks that run kept",0.757233,0.846447,0.863784,0.722794,0.817160,0.860426,55.000000,43.000000,96.000000,49396,78214,55956,85716,
magreb_fimage40prime,magreb,unspecified,expert,1450,graded,"probabilities to native, bilinear, thresholded there, and these numbers were measured from the masks that run kept",0.861169,0.863303,0.874818,0.881326,0.853008,0.887346,47.000000,56.000000,103.000000,67848,76566,70615,84045,
magreb_fimage41prime,magreb,unspecified,expert,1451,graded,"probabilities to native, bilinear, thresholded there, and these numbers were measured from the masks that run kept",0.867421,0.862929,0.874491,0.872245,0.839313,0.865080,31.000000,65.000000,110.000000,73079,78970,77676,89315,
magreb_fimage43prime,magreb,unspecified,expert,1453,graded,"probabilities to native, bilinear, thresholded there, and these numbers were measured from the masks that run kept",0.814934,0.839715,0.858092,0.817483,0.804132,0.835236,37.000000,34.000000,75.000000,56828,70667,70905,84519,
magreb_fimage44prime,magreb,unspecified,expert,1453,graded,"probabilities to native, bilinear, thresholded there, and these numbers were measured from the masks that run kept",0.836789,0.817625,0.850683,0.779677,0.738536,0.797403,36.000000,50.000000,91.000000,56936,57727,63883,74923,
magreb_fimage46prime,magreb,unspecified,expert,1452,graded,"probabilities to native, bilinear, thresholded there, and these numbers were measured from the masks that run kept",0.823166,0.844659,0.847904,0.824529,0.863098,0.860098,85.000000,74.000000,162.000000,65971,74002,77932,83001,
magreb_fimage47prime,magreb,unspecified,expert,1449,graded,"probabilities to native, bilinear, thresholded there, and these numbers were measured from the masks that run kept",0.834268,0.836422,0.861730,0.860102,0.832653,0.883931,27.000000,38.000000,90.000000,77454,81428,86455,92465,
magreb_fimage5prime,magreb,unspecified,expert,1452,graded,"probabilities to native, bilinear, thresholded there, and these numbers were measured from the masks that run kept",0.764339,0.808963,0.816800,0.751905,0.799749,0.814063,123.000000,62.000000,195.000000,60559,70380,69153,75194,
magreb_fimage6prime,magreb,unspecified,expert,1454,graded,"probabilities to native, bilinear, thresholded there, and these numbers were measured from the masks that run kept",0.874353,0.879106,0.893872,0.870108,0.905459,0.906748,68.000000,39.000000,112.000000,71531,81055,74234,84238,
magreb_fimage7prime,magreb,unspecified,expert,1454,graded,"probabilities to native, bilinear, thresholded there, and these numbers were measured from the masks that run kept",0.827869,0.865972,0.862421,0.838965,0.887496,0.878782,74.000000,55.000000,142.000000,60444,82247,64844,83562,
magreb_fimage9prime,magreb,unspecified,expert,1450,graded,"probabilities to native, bilinear, thresholded there, and these numbers were measured from the masks that run kept",0.701414,0.770723,0.797336,0.726836,0.736860,0.792956,48.000000,45.000000,100.000000,28570,50643,33824,64628,
magreb_mimage10prime,magreb,unspecified,expert,1425,graded,"probabilities to native, bilinear, thresholded there, and these numbers were measured from the masks that run kept",0.832544,0.806211,0.838098,0.831009,0.751503,0.818444,42.000000,80.000000,135.000000,49679,57956,63461,79348,
magreb_mimage11prime,magreb,unspecified,expert,1453,graded,"probabilities to native, bilinear, thresholded there, and these numbers were measured from the masks that run kept",0.849699,0.861606,0.889652,0.833347,0.843245,0.889387,44.000000,30.000000,78.000000,63790,74280,74379,82808,
magreb_mimage12prime,magreb,unspecified,expert,1430,graded,"probabilities to native, bilinear, thresholded there, and these numbers were measured from the masks that run kept",0.851381,0.821336,0.871080,0.855186,0.777462,0.868225,20.000000,71.000000,95.000000,64819,57346,76004,72915,
magreb_mimage13prime,magreb,unspecified,expert,1424,graded,"probabilities to native, bilinear, thresholded there, and these numbers were measured from the masks that run kept",0.829132,0.871110,0.862631,0.834478,0.886540,0.875320,89.000000,127.000000,223.000000,53577,76636,66814,84292,
magreb_mimage14prime,magreb,unspecified,expert,1428,graded,"probabilities to native, bilinear, thresholded there, and these numbers were measured from the masks that run kept",0.795658,0.824303,0.841839,0.848886,0.823828,0.879473,39.000000,40.000000,93.000000,45199,51787,58265,69496,
magreb_mimage15prime,magreb,unspecified,expert,1417,graded,"probabilities to native, bilinear, thresholded there, and these numbers were measured from the masks that run kept",0.815008,0.841409,0.846755,0.812929,0.865293,0.858613,81.000000,64.000000,153.000000,43600,66037,51042,71083,
magreb_mimage16prime,magreb,unspecified,expert,1427,graded,"probabilities to native, bilinear, thresholded there, and these numbers were measured from the masks that run kept",0.768959,0.817705,0.840044,0.747405,0.807767,0.840629,77.000000,95.000000,166.000000,46512,61797,55327,71882,
magreb_mimage17prime,magreb,unspecified,expert,1424,graded,"probabilities to native, bilinear, thresholded there, and these numbers were measured from the masks that run kept",0.757954,0.730087,0.758089,0.766136,0.789012,0.793831,109.000000,100.000000,215.000000,43535,47393,60065,68122,
magreb_mimage18prime,magreb,unspecified,expert,1425,graded,"probabilities to native, bilinear, thresholded there, and these numbers were measured from the masks that run kept",0.787642,0.829354,0.834975,0.773518,0.847918,0.836778,132.000000,144.000000,278.000000,45472,51829,58428,61599,
magreb_mimage19prime,magreb,unspecified,expert,1425,graded,"probabilities to native, bilinear, thresholded there, and these numbers were measured from the masks that run kept",0.775271,0.753100,0.825172,0.781601,0.730439,0.829154,61.000000,68.000000,133.000000,55771,61594,51616,74433,
magreb_mimage20prime,magreb,unspecified,expert,1447,graded,"probabilities to native, bilinear, thresholded there, and these numbers were measured from the masks that run kept",0.838647,0.852813,0.852731,0.844769,0.878307,0.867512,136.000000,128.000000,280.000000,53738,65696,66551,71293,
magreb_mimage21prime,magreb,unspecified,expert,1445,graded,"probabilities to native, bilinear, thresholded there, and these numbers were measured from the masks that run kept",0.813332,0.832336,0.834769,0.833415,0.867912,0.866790,88.000000,123.000000,222.000000,49334,65574,61103,76621,
magreb_mimage22prime,magreb,unspecified,expert,1423,graded,"probabilities to native, bilinear, thresholded there, and these numbers were measured from the masks that run kept",0.801928,0.856193,0.845728,0.825183,0.886161,0.867840,65.000000,73.000000,160.000000,65427,84331,76451,90487,
magreb_mimage23prime,magreb,unspecified,expert,1456,graded,"probabilities to native, bilinear, thresholded there, and these numbers were measured from the masks that run kept",0.782682,0.830804,0.853848,0.783539,0.780550,0.841356,50.000000,93.000000,153.000000,78653,102776,97191,108453,
magreb_mimage24prime,magreb,unspecified,expert,1424,graded,"probabilities to native, bilinear, thresholded there, and these numbers were measured from the masks that run kept",0.851564,0.890780,0.891239,0.846613,0.870935,0.893197,87.000000,69.000000,164.000000,91171,92314,104246,100279,
magreb_mimage25prime,magreb,unspecified,expert,1429,graded,"probabilities to native, bilinear, thresholded there, and these numbers were measured from the masks that run kept",0.846329,0.861190,0.868398,0.843955,0.871972,0.875476,90.000000,95.000000,189.000000,59074,71427,72532,87293,
magreb_mimage26prime,magreb,unspecified,expert,1423,graded,"probabilities to native, bilinear, thresholded there, and these numbers were measured from the masks that run kept",0.843338,0.871908,0.871729,0.855906,0.888349,0.885583,106.000000,83.000000,204.000000,64529,83631,72569,88144,
magreb_mimage29prime,magreb,unspecified,expert,1424,graded,"probabilities to native, bilinear, thresholded there, and these numbers were measured from the masks that run kept",0.623095,0.645698,0.701610,0.589778,0.627268,0.684439,64.000000,80.000000,173.000000,47460,49606,73430,84181,
magreb_mimage2prime,magreb,unspecified,expert,1445,graded,"probabilities to native, bilinear, thresholded there, and these numbers were measured from the masks that run kept",0.711277,0.767773,0.779077,0.709093,0.739536,0.781761,83.000000,102.000000,195.000000,36684,57995,52055,71374,
magreb_mimage30prime,magreb,unspecified,expert,1439,graded,"probabilities to native, bilinear, thresholded there, and these numbers were measured from the masks that run kept",0.576266,0.719643,0.736927,0.564101,0.668097,0.712207,47.000000,34.000000,98.000000,22242,40062,29616,61405,
magreb_mimage31prime,magreb,unspecified,expert,1445,graded,"probabilities to native, bilinear, thresholded there, and these numbers were measured from the masks that run kept",0.725144,0.778258,0.791299,0.701854,0.750463,0.787185,92.000000,73.000000,169.000000,36688,57999,51038,68594,
magreb_mimage32prime,magreb,unspecified,expert,1425,graded,"probabilities to native, bilinear, thresholded there, and these numbers were measured from the masks that run kept",0.733665,0.698176,0.752579,0.692371,0.667124,0.733802,95.000000,62.000000,149.000000,49133,47252,65497,73179,
magreb_mimage33prime,magreb,unspecified,expert,1426,graded,"probabilities to native, bilinear, thresholded there, and these numbers were measured from the masks that run kept",0.790367,0.686033,0.794752,0.786964,0.642801,0.805429,21.000000,37.000000,57.000000,42638,40347,46556,59138,
magreb_mimage35prime,magreb,unspecified,expert,1427,graded,"probabilities to native, bilinear, thresholded there, and these numbers were measured from the masks that run kept",0.772345,0.806664,0.824503,0.795969,0.730907,0.814628,32.000000,39.000000,87.000000,51757,55518,58225,67537,
magreb_mimage37prime,magreb,unspecified,expert,1432,graded,"probabilities to native, bilinear, thresholded there, and these numbers were measured from the masks that run kept",0.634139,0.706025,0.744595,0.626930,0.641558,0.729147,49.000000,27.000000,83.000000,35141,39639,53603,64635,
magreb_mimage38prime,magreb,unspecified,expert,1424,graded,"probabilities to native, bilinear, thresholded there, and these numbers were measured from the masks that run kept",0.840344,0.856499,0.871893,0.867372,0.859293,0.896865,28.000000,44.000000,79.000000,53744,59292,64867,66756,
magreb_mimage39prime,magreb,unspecified,expert,1420,graded,"probabilities to native, bilinear, thresholded there, and these numbers were measured from the masks that run kept",0.845644,0.881136,0.891596,0.880465,0.893279,0.914437,56.000000,66.000000,134.000000,52712,69691,55518,74314,
magreb_mimage3prime,magreb,unspecified,expert,1425,graded,"probabilities to native, bilinear, thresholded there, and these numbers were measured from the masks that run kept",0.832367,0.821493,0.873000,0.834507,0.793899,0.872302,38.000000,47.000000,104.000000,69037,66692,78953,85078,
magreb_mimage41prime,magreb,unspecified,expert,1426,graded,"probabilities to native, bilinear, thresholded there, and these numbers were measured from the masks that run kept",0.808219,0.844751,0.856079,0.802969,0.862788,0.868332,94.000000,109.000000,202.000000,55114,69482,68793,84239,
magreb_mimage42prime,magreb,unspecified,expert,1425,graded,"probabilities to native, bilinear, thresholded there, and these numbers were measured from the masks that run kept",0.845091,0.846245,0.858069,0.874475,0.865234,0.878951,84.000000,110.000000,208.000000,51878,70115,61582,80026,
magreb_mimage43prime,magreb,unspecified,expert,1449,graded,"probabilities to native, bilinear, thresholded there, and these numbers were measured from the masks that run kept",0.747782,0.806246,0.811211,0.743264,0.760766,0.789666,64.000000,62.000000,127.000000,40137,63838,51502,72634,
magreb_mimage44prime,magreb,unspecified,expert,1448,graded,"probabilities to native, bilinear, thresholded there, and these numbers were measured from the masks that run kept",0.725199,0.746742,0.766794,0.737466,0.745418,0.777371,82.000000,92.000000,181.000000,39634,49638,55140,74812,
magreb_mimage46prime,magreb,unspecified,expert,1452,graded,"probabilities to native, bilinear, thresholded there, and these numbers were measured from the masks that run kept",0.681961,0.663063,0.761056,0.642763,0.631321,0.737199,44.000000,69.000000,120.000000,56503,46561,64674,70179,
magreb_mimage4prime,magreb,unspecified,expert,1456,graded,"probabilities to native, bilinear, thresholded there, and these numbers were measured from the masks that run kept",0.826474,0.814493,0.868666,0.808917,0.781143,0.856456,65.000000,63.000000,124.000000,70857,64567,81852,81600,
magreb_mimage6prime,magreb,unspecified,expert,1449,graded,"probabilities to native, bilinear, thresholded there, and these numbers were measured from the masks that run kept",0.881958,0.832774,0.867716,0.914512,0.842312,0.893795,52.000000,54.000000,121.000000,47141,63061,54272,75303,
magreb_mimage8prime,magreb,unspecified,expert,1445,graded,"probabilities to native, bilinear, thresholded there, and these numbers were measured from the masks that run kept",0.817125,0.761649,0.851626,0.777126,0.671609,0.839244,31.000000,48.000000,81.000000,65775,55270,67059,82636,
magreb_mimage9prime,magreb,unspecified,expert,1428,graded,"probabilities to native, bilinear, thresholded there, and these numbers were measured from the masks that run kept",0.871400,0.828447,0.883555,0.889865,0.834977,0.910332,22.000000,21.000000,40.000000,59078,66698,61482,79583,
mbrset_1000_3,mbrset,unspecified,expert,1445,graded,"probabilities to native, bilinear, thresholded there, and these numbers were measured from the masks that run kept",0.695834,0.743603,0.828830,0.706021,0.724484,0.845474,81.000000,77.000000,161.000000,70260,77533,76045,91993,
mbrset_1005_1,mbrset,unspecified,expert,1445,graded,"probabilities to native, bilinear, thresholded there, and these numbers were measured from the masks that run kept",0.506290,0.530789,0.640492,0.493338,0.552872,0.656304,76.000000,71.000000,166.000000,51856,38075,82652,81140,
mbrset_1009_3,mbrset,unspecified,expert,1445,graded,"probabilities to native, bilinear, thresholded there, and these numbers were measured from the masks that run kept",0.678984,0.689206,0.747464,0.651663,0.637176,0.723847,63.000000,62.000000,158.000000,55661,69583,73376,106550,
mbrset_100_3,mbrset,unspecified,expert,1449,graded,"probabilities to native, bilinear, thresholded there, and these numbers were measured from the masks that run kept",0.347287,0.323696,0.356539,0.310973,0.253259,0.317211,8.000000,16.000000,44.000000,16778,16437,65805,79956,
mbrset_1011_3,mbrset,unspecified,expert,1445,graded,"probabilities to native, bilinear, thresholded there, and these numbers were measured from the masks that run kept",0.707977,0.661056,0.825478,0.700780,0.554137,0.844471,48.000000,50.000000,105.000000,74290,36740,67935,59751,
mbrset_1015_3,mbrset,unspecified,expert,1443,graded,"probabilities to native, bilinear, thresholded there, and these numbers were measured from the masks that run kept",0.768446,0.801694,0.819939,0.774877,0.773912,0.828361,34.000000,48.000000,95.000000,58899,77516,77592,88490,
mbrset_1016_1,mbrset,unspecified,expert,1443,graded,"probabilities to native, bilinear, thresholded there, and these numbers were measured from the masks that run kept",0.722476,0.716917,0.788009,0.717164,0.714188,0.822295,49.000000,56.000000,107.000000,58113,71879,72593,66310,
mbrset_1017_3,mbrset,unspecified,expert,1445,graded,"probabilities to native, bilinear, thresholded there, and these numbers were measured from the masks that run kept",0.596743,0.646012,0.705089,0.625442,0.638935,0.724415,63.000000,82.000000,159.000000,54591,58219,78602,82831,
mbrset_1018_1,mbrset,unspecified,expert,1446,graded,"probabilities to native, bilinear, thresholded there, and these numbers were measured from the masks that run kept",0.556216,0.607553,0.649809,0.501537,0.534589,0.615599,39.000000,39.000000,83.000000,27901,35342,45966,69406,
mbrset_1019_3,mbrset,unspecified,expert,1442,graded,"probabilities to native, bilinear, thresholded there, and these numbers were measured from the masks that run kept",0.695790,0.756891,0.740476,0.685824,0.717969,0.723839,49.000000,54.000000,105.000000,51117,60004,79408,79308,
mbrset_1020_3,mbrset,unspecified,expert,1445,graded,"probabilities to native, bilinear, thresholded there, and these numbers were measured from the masks that run kept",0.759169,0.758386,0.834974,0.771908,0.730586,0.838899,38.000000,77.000000,116.000000,64551,59420,66811,79686,
mbrset_1025_1,mbrset,unspecified,expert,1444,graded,"probabilities to native, bilinear, thresholded there, and these numbers were measured from the masks that run kept",0.596552,0.684714,0.749285,0.566525,0.623254,0.731655,29.000000,66.000000,99.000000,40466,59830,57849,75964,
mbrset_1027_3,mbrset,unspecified,expert,1445,graded,"probabilities to native, bilinear, thresholded there, and these numbers were measured from the masks that run kept",0.603013,0.623904,0.801373,0.570252,0.538800,0.807156,35.000000,59.000000,103.000000,69756,42828,53190,80380,
mbrset_1029_3,mbrset,unspecified,expert,1445,graded,"probabilities to native, bilinear, thresholded there, and these numbers were measured from the masks that run kept",0.489480,0.695192,0.696900,0.506937,0.653670,0.697243,42.000000,63.000000,115.000000,32703,49594,50998,78641,
mbrset_1031_1,mbrset,unspecified,expert,1445,graded,"probabilities to native, bilinear, thresholded there, and these numbers were measured from the masks that run kept",0.835380,0.889580,0.890865,0.829389,0.925158,0.914156,24.000000,39.000000,72.000000,67032,86370,78212,88227,
mbrset_1053_1,mbrset,unspecified,expert,1443,graded,"probabilities to native, bilinear, thresholded there, and these numbers were measured from the masks that run kept",0.779541,0.807391,0.827578,0.805146,0.772644,0.833026,29.000000,56.000000,89.000000,49391,83240,53195,94389,
mbrset_1060_1,mbrset,unspecified,expert,1445,graded,"probabilities to native, bilinear, thresholded there, and these numbers were measured from the masks that run kept",0.385700,0.638212,0.591453,0.366717,0.570260,0.564487,41.000000,46.000000,93.000000,19962,36551,57746,59671,
mbrset_1098_1,mbrset,unspecified,expert,1447,graded,"probabilities to native, bilinear, thresholded there, and these numbers were measured from the masks that run kept",0.560815,0.634573,0.721325,0.525047,0.604359,0.733740,41.000000,40.000000,83.000000,28495,38145,42220,56766,
mbrset_10_3,mbrset,unspecified,expert,1445,graded,"probabilities to native, bilinear, thresholded there, and these numbers were measured from the masks that run kept",0.609830,0.674404,0.714045,0.612474,0.582174,0.699533,83.000000,26.000000,116.000000,51905,50972,70129,76542,
mbrset_110_1,mbrset,unspecified,expert,1438,graded,"probabilities to native, bilinear, thresholded there, and these numbers were measured from the masks that run kept",0.525145,0.569359,0.648050,0.506718,0.500754,0.622638,48.000000,50.000000,113.000000,35808,38350,58901,80640,
mbrset_215_3,mbrset,unspecified,expert,1445,graded,"probabilities to native, bilinear, thresholded there, and these numbers were measured from the masks that run kept",0.567243,0.469370,0.614796,0.520968,0.468720,0.606706,51.000000,42.000000,104.000000,37139,24391,56863,68934,
mbrset_227_1,mbrset,unspecified,expert,1446,graded,"probabilities to native, bilinear, thresholded there, and these numbers were measured from the masks that run kept",0.550965,0.670367,0.780524,0.564686,0.597058,0.773069,58.000000,41.000000,98.000000,46037,45432,45330,61763,
mbrset_257_1,mbrset,unspecified,expert,1443,graded,"probabilities to native, bilinear, thresholded there, and these numbers were measured from the masks that run kept",0.513325,0.659678,0.638232,0.498352,0.634978,0.629978,50.000000,45.000000,102.000000,32320,49336,66101,77338,
mbrset_258_3,mbrset,unspecified,expert,1446,graded,"probabilities to native, bilinear, thresholded there, and these numbers were measured from the masks that run kept",0.784968,0.781215,0.847175,0.819441,0.765243,0.871134,44.000000,75.000000,135.000000,85920,86601,98034,91588,
mbrset_280_3,mbrset,unspecified,expert,1441,graded,"probabilities to native, bilinear, thresholded there, and these numbers were measured from the masks that run kept",0.816069,0.803832,0.845496,0.798438,0.791172,0.849798,55.000000,64.000000,126.000000,68540,92192,70262,95999,
mbrset_285_3,mbrset,unspecified,expert,1446,graded,"probabilities to native, bilinear, thresholded there, and these numbers were measured from the masks that run kept",0.783606,0.777119,0.841863,0.806596,0.790021,0.861672,50.000000,51.000000,96.000000,57064,55393,60952,70145,
mbrset_4_1,mbrset,unspecified,expert,1446,graded,"probabilities to native, bilinear, thresholded there, and these numbers were measured from the masks that run kept",0.539578,0.613392,0.611337,0.502061,0.577777,0.588573,20.000000,38.000000,70.000000,23493,43541,47581,83174,
messidor_messidor20051019_38557_0100_pp,messidor,unspecified,expert,1383,graded,"probabilities to native, bilinear, thresholded there, and these numbers were measured from the masks that run kept",0.805821,0.811002,0.831878,0.791273,0.849020,0.848177,58.000000,75.000000,151.000000,60685,87757,65678,93367,
messidor_messidor20051020_43808_0100_pp,messidor,unspecified,expert,1383,graded,"probabilities to native, bilinear, thresholded there, and these numbers were measured from the masks that run kept",0.842144,0.873018,0.872955,0.830570,0.873973,0.871752,83.000000,71.000000,162.000000,63707,94230,79278,103720,
messidor_messidor20051020_43832_0100_pp,messidor,unspecified,expert,1383,graded,"probabilities to native, bilinear, thresholded there, and these numbers were measured from the masks that run kept",0.835953,0.861924,0.865758,0.813067,0.861496,0.858023,57.000000,51.000000,125.000000,63104,88594,79770,101453,
messidor_messidor20051020_43882_0100_pp,messidor,unspecified,expert,1387,graded,"probabilities to native, bilinear, thresholded there, and these numbers were measured from the masks that run kept",0.817947,0.834544,0.842096,0.827258,0.848700,0.858183,78.000000,84.000000,191.000000,82599,94519,87165,94504,
messidor_messidor20051020_43906_0100_pp,messidor,unspecified,expert,1386,graded,"probabilities to native, bilinear, thresholded there, and these numbers were measured from the masks that run kept",0.849937,0.828397,0.851627,0.887598,0.869722,0.894517,86.000000,82.000000,182.000000,78714,90828,76867,84629,
messidor_messidor20051020_44261_0100_pp,messidor,unspecified,expert,1384,graded,"probabilities to native, bilinear, thresholded there, and these numbers were measured from the masks that run kept",0.843069,0.850995,0.860729,0.826649,0.840511,0.846525,88.000000,55.000000,161.000000,72782,76883,86963,90239,
messidor_messidor20051020_44284_0100_pp,messidor,unspecified,expert,1385,graded,"probabilities to native, bilinear, thresholded there, and these numbers were measured from the masks that run kept",0.856694,0.837169,0.864609,0.836894,0.814104,0.850200,76.000000,69.000000,165.000000,78160,78042,91805,90034,
messidor_messidor20051020_44338_0100_pp,messidor,unspecified,expert,1384,graded,"probabilities to native, bilinear, thresholded there, and these numbers were measured from the masks that run kept",0.783286,0.808149,0.836286,0.725358,0.732189,0.794258,29.000000,69.000000,116.000000,70340,81940,83300,107144,
messidor_messidor20051020_44400_0100_pp,messidor,unspecified,expert,1383,graded,"probabilities to native, bilinear, thresholded there, and these numbers were measured from the masks that run kept",0.810262,0.811442,0.849664,0.800560,0.784479,0.846843,100.000000,70.000000,181.000000,65393,72954,71027,88906,
messidor_messidor20051020_44636_0100_pp,messidor,unspecified,expert,1384,graded,"probabilities to native, bilinear, thresholded there, and these numbers were measured from the masks that run kept",0.870393,0.876877,0.888978,0.874058,0.885372,0.893942,71.000000,59.000000,143.000000,70333,77773,79728,83716,
messidor_messidor20051020_44714_0100_pp,messidor,unspecified,expert,1382,graded,"probabilities to native, bilinear, thresholded there, and these numbers were measured from the masks that run kept",0.841862,0.831243,0.863777,0.812529,0.798605,0.845482,98.000000,105.000000,218.000000,81595,81987,92885,102005,
messidor_messidor20051020_44762_0100_pp,messidor,unspecified,expert,1383,graded,"probabilities to native, bilinear, thresholded there, and these numbers were measured from the masks that run kept",0.848761,0.855004,0.862049,0.845787,0.865802,0.867321,89.000000,47.000000,157.000000,70794,95578,77488,96924,
messidor_messidor20051020_44782_0100_pp,messidor,unspecified,expert,1383,graded,"probabilities to native, bilinear, thresholded there, and these numbers were measured from the masks that run kept",0.870528,0.880159,0.882402,0.858369,0.894160,0.887050,114.000000,74.000000,207.000000,66676,84781,75231,90317,
messidor_messidor20051020_44901_0100_pp,messidor,unspecified,expert,1382,graded,"probabilities to native, bilinear, thresholded there, and these numbers were measured from the masks that run kept",0.847660,0.849540,0.862005,0.844394,0.877535,0.882051,46.000000,41.000000,103.000000,63751,80379,66950,82156,
messidor_messidor20051020_44923_0100_pp,messidor,unspecified,expert,1383,graded,"probabilities to native, bilinear, thresholded there, and these numbers were measured from the masks that run kept",0.858373,0.835543,0.853746,0.855300,0.830701,0.852611,34.000000,78.000000,135.000000,67866,81576,72693,87708,
messidor_messidor20051020_44982_0100_pp,messidor,unspecified,expert,1384,graded,"probabilities to native, bilinear, thresholded there, and these numbers were measured from the masks that run kept",0.852958,0.878251,0.876618,0.842753,0.878172,0.878703,119.000000,118.000000,248.000000,70222,77030,82707,79481,
messidor_messidor20051020_45004_0100_pp,messidor,unspecified,expert,1385,graded,"probabilities to native, bilinear, thresholded there, and these numbers were measured from the masks that run kept",0.843221,0.846100,0.857180,0.833078,0.819072,0.843810,52.000000,52.000000,118.000000,72500,73490,83765,86562,
messidor_messidor20051020_45050_0100_pp,messidor,unspecified,expert,1385,graded,"probabilities to native, bilinear, thresholded there, and these numbers were measured from the masks that run kept",0.773572,0.844812,0.830290,0.758393,0.812873,0.809165,56.000000,99.000000,173.000000,48104,73991,57404,84120,
messidor_messidor20051020_45068_0100_pp,messidor,unspecified,expert,1385,graded,"probabilities to native, bilinear, thresholded there, and these numbers were measured from the masks that run kept",0.796002,0.819019,0.827528,0.781191,0.754581,0.797844,106.000000,120.000000,232.000000,43239,65499,50404,81992,
messidor_messidor20051020_45137_0100_pp,messidor,unspecified,expert,1384,graded,"probabilities to native, bilinear, thresholded there, and these numbers were measured from the masks that run kept",0.844102,0.857948,0.872695,0.835014,0.838297,0.860223,97.000000,124.000000,241.000000,77176,97241,86553,108704,
messidor_messidor20051020_52801_0100_pp,messidor,unspecified,expert,1383,graded,"probabilities to native, bilinear, thresholded there, and these numbers were measured from the masks that run kept",0.838496,0.858089,0.858919,0.812119,0.865368,0.854172,73.000000,64.000000,152.000000,61763,98321,71144,101931,
messidor_messidor20051020_53062_0100_pp,messidor,unspecified,expert,1382,graded,"probabilities to native, bilinear, thresholded there, and these numbers were measured from the masks that run kept",0.863698,0.883385,0.886547,0.852415,0.877816,0.885144,103.000000,100.000000,213.000000,73399,89135,86789,101269,
messidor_messidor20051020_53178_0100_pp,messidor,unspecified,expert,1382,graded,"probabilities to native, bilinear, thresholded there, and these numbers were measured from the masks that run kept",0.851722,0.870068,0.874540,0.810359,0.852285,0.855158,65.000000,42.000000,138.000000,69327,84654,84357,101366,
messidor_messidor20051020_56592_0100_pp,messidor,unspecified,expert,1384,graded,"probabilities to native, bilinear, thresholded there, and these numbers were measured from the masks that run kept",0.830968,0.847316,0.865015,0.815029,0.844023,0.866747,67.000000,82.000000,165.000000,71070,71781,84599,84503,
messidor_messidor20051020_56791_0100_pp,messidor,unspecified,expert,1384,graded,"probabilities to native, bilinear, thresholded there, and these numbers were measured from the masks that run kept",0.830330,0.857569,0.864716,0.808134,0.854707,0.856321,66.000000,93.000000,170.000000,71292,89142,78858,97404,
messidor_messidor20051020_57157_0100_pp,messidor,unspecified,expert,1384,graded,"probabilities to native, bilinear, thresholded there, and these numbers were measured from the masks that run kept",0.820733,0.833321,0.853412,0.810948,0.825089,0.853276,73.000000,75.000000,163.000000,69948,94247,81268,98315,
messidor_messidor20051020_57566_0100_pp,messidor,unspecified,expert,1383,graded,"probabilities to native, bilinear, thresholded there, and these numbers were measured from the masks that run kept",0.858173,0.864341,0.885298,0.868752,0.863451,0.889427,132.000000,152.000000,294.000000,73213,90902,83993,100342,
messidor_messidor20051020_57622_0100_pp,messidor,unspecified,expert,1382,graded,"probabilities to native, bilinear, thresholded there, and these numbers were measured from the masks that run kept",0.815030,0.880227,0.863329,0.765059,0.836568,0.818508,91.000000,83.000000,192.000000,65013,101214,84238,116589,
messidor_messidor20051020_57761_0100_pp,messidor,unspecified,expert,1386,graded,"probabilities to native, bilinear, thresholded there, and these numbers were measured from the masks that run kept",0.824899,0.830052,0.851007,0.809701,0.825568,0.851036,37.000000,25.000000,86.000000,68197,80028,77125,94978,
messidor_messidor20051020_58065_0100_pp,messidor,unspecified,expert,1383,graded,"probabilities to native, bilinear, thresholded there, and these numbers were measured from the masks that run kept",0.811645,0.806439,0.827424,0.801918,0.825598,0.831001,88.000000,57.000000,157.000000,63333,64954,72246,70533,
messidor_messidor20051020_61757_0100_pp,messidor,unspecified,expert,1384,graded,"probabilities to native, bilinear, thresholded there, and these numbers were measured from the masks that run kept",0.846343,0.872472,0.875738,0.828251,0.863983,0.862356,50.000000,68.000000,137.000000,61789,96616,73747,104853,
messidor_messidor20051020_61804_0100_pp,messidor,unspecified,expert,1381,graded,"probabilities to native, bilinear, thresholded there, and these numbers were measured from the masks that run kept",0.822468,0.864645,0.864156,0.790103,0.847709,0.846005,80.000000,72.000000,173.000000,61427,92907,74802,105135,
messidor_messidor20051020_62014_0100_pp,messidor,unspecified,expert,1381,graded,"probabilities to native, bilinear, thresholded there, and these numbers were measured from the masks that run kept",0.781135,0.835967,0.830458,0.767735,0.814009,0.814299,38.000000,59.000000,108.000000,46988,58409,64496,71534,
messidor_messidor20051020_62337_0100_pp,messidor,unspecified,expert,1383,graded,"probabilities to native, bilinear, thresholded there, and these numbers were measured from the masks that run kept",0.823888,0.813668,0.858151,0.818554,0.772101,0.842966,35.000000,106.000000,158.000000,62710,68756,68502,83977,
messidor_messidor20051020_62461_0100_pp,messidor,unspecified,expert,1388,graded,"probabilities to native, bilinear, thresholded there, and these numbers were measured from the masks that run kept",0.837766,0.805122,0.853990,0.834138,0.784297,0.860626,97.000000,63.000000,172.000000,75400,68744,78335,80585,
messidor_messidor20051020_62510_0100_pp,messidor,unspecified,expert,1389,graded,"probabilities to native, bilinear, thresholded there, and these numbers were measured from the masks that run kept",0.869909,0.836907,0.866919,0.875390,0.833276,0.869983,35.000000,72.000000,124.000000,71500,69419,79033,79367,
messidor_messidor20051020_62577_0100_pp,messidor,unspecified,expert,1384,graded,"probabilities to native, bilinear, thresholded there, and these numbers were measured from the masks that run kept",0.818701,0.868624,0.859269,0.788434,0.852180,0.839807,92.000000,76.000000,193.000000,68758,92862,86439,105698,
messidor_messidor20051020_62615_0100_pp,messidor,unspecified,expert,1384,graded,"probabilities to native, bilinear, thresholded there, and these numbers were measured from the masks that run kept",0.858266,0.877519,0.879614,0.857224,0.863401,0.875182,105.000000,84.000000,204.000000,73460,95774,86071,105318,
messidor_messidor20051020_62878_0100_pp,messidor,unspecified,expert,1384,graded,"probabilities to native, bilinear, thresholded there, and these numbers were measured from the masks that run kept",0.836425,0.826135,0.853727,0.809848,0.799902,0.831766,37.000000,68.000000,118.000000,60226,70068,73003,86853,
messidor_messidor20051020_63045_0100_pp,messidor,unspecified,expert,1383,graded,"probabilities to native, bilinear, thresholded there, and these numbers were measured from the masks that run kept",0.873496,0.839323,0.872136,0.841613,0.774321,0.839548,39.000000,69.000000,117.000000,60906,66674,70094,82582,
messidor_messidor20051020_63337_0100_pp,messidor,unspecified,expert,1384,graded,"probabilities to native, bilinear, thresholded there, and these numbers were measured from the masks that run kept",0.875612,0.849677,0.873131,0.887450,0.836857,0.876889,58.000000,47.000000,131.000000,77987,75724,84512,82249,
messidor_messidor20051020_63711_0100_pp,messidor,unspecified,expert,1383,graded,"probabilities to native, bilinear, thresholded there, and these numbers were measured from the masks that run kept",0.858128,0.849659,0.874398,0.861426,0.859254,0.884187,113.000000,84.000000,204.000000,74751,91260,84533,97644,
messidor_messidor20051020_63829_0100_pp,messidor,unspecified,expert,1383,graded,"probabilities to native, bilinear, thresholded there, and these numbers were measured from the masks that run kept",0.852723,0.868531,0.870409,0.850764,0.886530,0.875733,93.000000,93.000000,206.000000,72837,92928,83202,97467,
messidor_messidor20051020_63936_0100_pp,messidor,unspecified,expert,1382,graded,"probabilities to native, bilinear, thresholded there, and these numbers were measured from the masks that run kept",0.858587,0.884921,0.885165,0.838064,0.875811,0.876342,57.000000,67.000000,133.000000,67866,83598,83697,93724,
messidor_messidor20051020_64007_0100_pp,messidor,unspecified,expert,1384,graded,"probabilities to native, bilinear, thresholded there, and these numbers were measured from the masks that run kept",0.800645,0.837225,0.859710,0.769708,0.810536,0.837064,110.000000,96.000000,219.000000,61775,78444,70888,98211,
messidor_messidor20051020_64388_0100_pp,messidor,unspecified,expert,1385,graded,"probabilities to native, bilinear, thresholded there, and these numbers were measured from the masks that run kept",0.889931,0.876920,0.891114,0.917874,0.912195,0.922118,78.000000,66.000000,142.000000,72592,82354,72862,82580,
messidor_messidor20051020_64518_0100_pp,messidor,unspecified,expert,1386,graded,"probabilities to native, bilinear, thresholded there, and these numbers were measured from the masks that run kept",0.832149,0.847960,0.855547,0.825865,0.842366,0.850450,66.000000,95.000000,176.000000,56863,76591,72710,93325,
messidor_messidor20051020_64570_0100_pp,messidor,unspecified,expert,1386,graded,"probabilities to native, bilinear, thresholded there, and these numbers were measured from the masks that run kept",0.848013,0.862397,0.862707,0.860086,0.865198,0.865748,89.000000,82.000000,190.000000,62430,78064,76549,89599,
messidor_messidor20051020_64653_0100_pp,messidor,unspecified,expert,1384,graded,"probabilities to native, bilinear, thresholded there, and these numbers were measured from the masks that run kept",0.809350,0.853306,0.844053,0.774921,0.799145,0.798786,52.000000,54.000000,143.000000,62641,89624,80543,106894,
messidor_messidor20051020_64703_0100_pp,messidor,unspecified,expert,1385,graded,"probabilities to native, bilinear, thresholded there, and these numbers were measured from the masks that run kept",0.840621,0.864136,0.863852,0.806785,0.847088,0.839977,64.000000,68.000000,150.000000,61987,88818,76846,103219,
messidor_messidor20051020_64836_0100_pp,messidor,unspecified,expert,1382,graded,"probabilities to native, bilinear, thresholded there, and these numbers were measured from the masks that run kept",0.835612,0.862754,0.858501,0.837876,0.856848,0.856361,28.000000,22.000000,69.000000,58224,77802,71968,90786,
messidor_messidor20051020_64945_0100_pp,messidor,unspecified,expert,1384,graded,"probabilities to native, bilinear, thresholded there, and these numbers were measured from the masks that run kept",0.849479,0.851049,0.858782,0.823013,0.838789,0.840701,77.000000,110.000000,203.000000,69029,88683,80684,102192,
messidor_messidor20051021_36380_0100_pp,messidor,unspecified,expert,1384,graded,"probabilities to native, bilinear, thresholded there, and these numbers were measured from the masks that run kept",0.741550,0.845523,0.831703,0.738544,0.874485,0.842519,64.000000,82.000000,170.000000,47580,77522,59644,82372,
messidor_messidor20051021_36476_0100_pp,messidor,unspecified,expert,1383,graded,"probabilities to native, bilinear, thresholded there, and these numbers were measured from the masks that run kept",0.798697,0.850651,0.839417,0.775085,0.849574,0.832516,91.000000,61.000000,165.000000,50270,84995,63658,90748,
messidor_messidor20051021_39222_0100_pp,messidor,unspecified,expert,1385,graded,"probabilities to native, bilinear, thresholded there, and these numbers were measured from the masks that run kept",0.829099,0.836203,0.867893,0.826692,0.787796,0.863100,34.000000,23.000000,61.000000,71145,73874,79843,92356,
messidor_messidor20051021_39314_0100_pp,messidor,unspecified,expert,1387,graded,"probabilities to native, bilinear, thresholded there, and these numbers were measured from the masks that run kept",0.884298,0.874113,0.887104,0.879997,0.870067,0.889519,112.000000,82.000000,191.000000,65549,80336,73558,92994,
messidor_messidor20051021_39661_0100_pp,messidor,unspecified,expert,1384,graded,"probabilities to native, bilinear, thresholded there, and these numbers were measured from the masks that run kept",0.861105,0.867965,0.889673,0.859438,0.881450,0.903912,83.000000,91.000000,170.000000,95710,89681,107666,97292,
messidor_messidor20051021_39719_0100_pp,messidor,unspecified,expert,1383,graded,"probabilities to native, bilinear, thresholded there, and these numbers were measured from the masks that run kept",0.868724,0.872125,0.883327,0.846214,0.854534,0.867661,99.000000,83.000000,203.000000,92140,95500,108331,106322,
messidor_messidor20051021_39845_0100_pp,messidor,unspecified,expert,1382,graded,"probabilities to native, bilinear, thresholded there, and these numbers were measured from the masks that run kept",0.830861,0.824434,0.853645,0.829958,0.806391,0.858792,198.000000,146.000000,350.000000,74783,81501,88917,94251,
messidor_messidor20051021_40018_0100_pp,messidor,unspecified,expert,1382,graded,"probabilities to native, bilinear, thresholded there, and these numbers were measured from the masks that run kept",0.865000,0.834060,0.860449,0.857119,0.812145,0.847026,45.000000,56.000000,125.000000,70044,74917,80000,87937,
messidor_messidor20051021_40074_0100_pp,messidor,unspecified,expert,1383,graded,"probabilities to native, bilinear, thresholded there, and these numbers were measured from the masks that run kept",0.852922,0.877418,0.870864,0.832128,0.881043,0.862597,61.000000,55.000000,132.000000,71850,78044,84108,83065,
messidor_messidor20051021_40248_0100_pp,messidor,unspecified,expert,1384,graded,"probabilities to native, bilinear, thresholded there, and these numbers were measured from the masks that run kept",0.774080,0.757862,0.806010,0.731098,0.736049,0.775487,80.000000,88.000000,178.000000,60575,58336,72946,80209,
messidor_messidor20051021_40377_0100_pp,messidor,unspecified,expert,1385,graded,"probabilities to native, bilinear, thresholded there, and these numbers were measured from the masks that run kept",0.823847,0.834333,0.855391,0.748806,0.785527,0.810005,67.000000,107.000000,191.000000,64692,80347,81102,90671,
messidor_messidor20051021_40450_0100_pp,messidor,unspecified,expert,1384,graded,"probabilities to native, bilinear, thresholded there, and these numbers were measured from the masks that run kept",0.862039,0.861378,0.876850,0.848595,0.846087,0.864899,35.000000,66.000000,109.000000,66503,80130,75878,91783,
messidor_messidor20051021_51418_0100_pp,messidor,unspecified,expert,1384,graded,"probabilities to native, bilinear, thresholded there, and these numbers were measured from the masks that run kept",0.793497,0.828823,0.836047,0.766112,0.792127,0.817644,44.000000,49.000000,101.000000,62642,79851,83443,103153,
messidor_messidor20051021_51561_0100_pp,messidor,unspecified,expert,1384,graded,"probabilities to native, bilinear, thresholded there, and these numbers were measured from the masks that run kept",0.869650,0.869906,0.885249,0.878120,0.870677,0.898402,100.000000,103.000000,206.000000,70392,79979,78638,86478,
papila_ret002od,papila,unspecified,expert,1448,graded,"probabilities to native, bilinear, thresholded there, and these numbers were measured from the masks that run kept",0.772888,0.812869,0.820943,0.760746,0.805494,0.818384,27.000000,31.000000,62.000000,58735,71920,87633,94156,
papila_ret004os,papila,unspecified,expert,1448,graded,"probabilities to native, bilinear, thresholded there, and these numbers were measured from the masks that run kept",0.833928,0.844586,0.855869,0.879905,0.801579,0.870893,16.000000,15.000000,34.000000,65950,68948,86821,87801,
papila_ret006od,papila,unspecified,expert,1448,graded,"probabilities to native, bilinear, thresholded there, and these numbers were measured from the masks that run kept",0.295350,0.489837,0.407590,0.333050,0.575985,0.457404,7.000000,25.000000,38.000000,10348,20183,58980,61191,
papila_ret007os,papila,unspecified,expert,1448,graded,"probabilities to native, bilinear, thresholded there, and these numbers were measured from the masks that run kept",0.794496,0.842455,0.869979,0.770758,0.822564,0.858143,30.000000,40.000000,80.000000,81616,90499,114380,105927,
papila_ret008od,papila,unspecified,expert,1448,graded,"probabilities to native, bilinear, thresholded there, and these numbers were measured from the masks that run kept",0.462948,0.760967,0.637562,0.566530,0.775047,0.677468,34.000000,8.000000,54.000000,23826,50251,78665,80007,
papila_ret015os,papila,unspecified,expert,1449,graded,"probabilities to native, bilinear, thresholded there, and these numbers were measured from the masks that run kept",0.630732,0.802322,0.768465,0.626864,0.813899,0.791559,21.000000,16.000000,44.000000,43615,72690,79997,92720,
papila_ret016os,papila,unspecified,expert,1447,graded,"probabilities to native, bilinear, thresholded there, and these numbers were measured from the masks that run kept",0.067928,0.155948,0.124026,0.067646,0.260763,0.189887,13.000000,40.000000,52.000000,2070,7191,58877,83698,
papila_ret018os,papila,unspecified,expert,1449,graded,"probabilities to native, bilinear, thresholded there, and these numbers were measured from the masks that run kept",0.826304,0.832220,0.868526,0.843928,0.833790,0.885588,49.000000,33.000000,93.000000,67830,73090,83083,95226,
papila_ret019os,papila,unspecified,expert,1448,graded,"probabilities to native, bilinear, thresholded there, and these numbers were measured from the masks that run kept",0.491781,0.700562,0.640301,0.570386,0.752999,0.706111,28.000000,12.000000,43.000000,25470,46385,72537,81618,
papila_ret020od,papila,unspecified,expert,1448,graded,"probabilities to native, bilinear, thresholded there, and these numbers were measured from the masks that run kept",0.346284,0.674489,0.541086,0.367009,0.660355,0.533343,14.000000,12.000000,30.000000,11888,30590,56322,59244,
papila_ret021os,papila,unspecified,expert,1448,graded,"probabilities to native, bilinear, thresholded there, and these numbers were measured from the masks that run kept",0.774573,0.854118,0.844276,0.788724,0.812742,0.842547,28.000000,33.000000,59.000000,62862,69841,92075,80513,
papila_ret023od,papila,unspecified,expert,1449,graded,"probabilities to native, bilinear, thresholded there, and these numbers were measured from the masks that run kept",0.704353,0.759118,0.759234,0.754679,0.740524,0.781540,16.000000,23.000000,43.000000,37373,45172,59584,66945,
papila_ret026od,papila,unspecified,expert,1448,graded,"probabilities to native, bilinear, thresholded there, and these numbers were measured from the masks that run kept",0.809490,0.844238,0.851676,0.786773,0.863884,0.855666,23.000000,25.000000,51.000000,55391,69914,70592,89091,
papila_ret038od,papila,unspecified,expert,1448,graded,"probabilities to native, bilinear, thresholded there, and these numbers were measured from the masks that run kept",0.814804,0.822834,0.864912,0.783419,0.758419,0.839740,31.000000,48.000000,99.000000,74799,84678,98747,99595,
papila_ret041od,papila,unspecified,expert,1448,graded,"probabilities to native, bilinear, thresholded there, and these numbers were measured from the masks that run kept",0.662365,0.760310,0.759384,0.650707,0.723443,0.750776,11.000000,38.000000,55.000000,37034,60807,70985,78060,
papila_ret044os,papila,unspecified,expert,1448,graded,"probabilities to native, bilinear, thresholded there, and these numbers were measured from the masks that run kept",0.523747,0.818797,0.752339,0.601398,0.775622,0.774400,17.000000,10.000000,33.000000,23269,58508,63796,70154,
papila_ret047od,papila,unspecified,expert,1448,graded,"probabilities to native, bilinear, thresholded there, and these numbers were measured from the masks that run kept",0.626778,0.791083,0.750015,0.700025,0.759178,0.781938,11.000000,18.000000,35.000000,29756,42428,64255,55544,
papila_ret048od,papila,unspecified,expert,1449,graded,"probabilities to native, bilinear, thresholded there, and these numbers were measured from the masks that run kept",0.577846,0.810886,0.757602,0.588205,0.830978,0.784606,34.000000,22.000000,58.000000,26845,62476,58946,74833,
papila_ret050od,papila,unspecified,expert,1448,graded,"probabilities to native, bilinear, thresholded there, and these numbers were measured from the masks that run kept",0.688777,0.746977,0.752549,0.678377,0.711820,0.732805,22.000000,101.000000,135.000000,48637,60804,85839,92692,
papila_ret053os,papila,unspecified,expert,1449,graded,"probabilities to native, bilinear, thresholded there, and these numbers were measured from the masks that run kept",0.061289,0.330588,0.216764,0.110115,0.367747,0.261740,32.000000,9.000000,52.000000,1947,11702,56008,58960,
papila_ret056os,papila,unspecified,expert,1448,graded,"probabilities to native, bilinear, thresholded there, and these numbers were measured from the masks that run kept",0.222150,0.542287,0.420780,0.317956,0.709511,0.547684,12.000000,11.000000,29.000000,6811,24522,54508,65552,
papila_ret057od,papila,unspecified,expert,1449,graded,"probabilities to native, bilinear, thresholded there, and these numbers were measured from the masks that run kept",0.639091,0.714554,0.699285,0.792655,0.788280,0.827699,28.000000,27.000000,61.000000,42519,56598,88974,93227,
papila_ret062od,papila,unspecified,expert,1448,graded,"probabilities to native, bilinear, thresholded there, and these numbers were measured from the masks that run kept",0.687129,0.785938,0.760928,0.736576,0.745741,0.773070,19.000000,9.000000,48.000000,47066,58379,87101,81548,
papila_ret064os,papila,unspecified,expert,1448,graded,"probabilities to native, bilinear, thresholded there, and these numbers were measured from the masks that run kept",0.744586,0.787414,0.798742,0.816833,0.745287,0.830039,28.000000,10.000000,42.000000,52076,53687,78273,79981,
papila_ret067os,papila,unspecified,expert,1448,graded,"probabilities to native, bilinear, thresholded there, and these numbers were measured from the masks that run kept",0.861081,0.830775,0.879469,0.870827,0.790214,0.884675,20.000000,29.000000,49.000000,77077,82925,92835,105463,
papila_ret073os,papila,unspecified,expert,1449,graded,"probabilities to native, bilinear, thresholded there, and these numbers were measured from the masks that run kept",0.322834,0.621330,0.492543,0.454611,0.620308,0.556076,31.000000,7.000000,48.000000,14105,28374,69009,62032,
papila_ret074od,papila,unspecified,expert,1448,graded,"probabilities to native, bilinear, thresholded there, and these numbers were measured from the masks that run kept",0.608738,0.776244,0.722504,0.689041,0.781891,0.759214,32.000000,44.000000,87.000000,26094,47393,55685,63840,
papila_ret077os,papila,unspecified,expert,1448,graded,"probabilities to native, bilinear, thresholded there, and these numbers were measured from the masks that run kept",0.657711,0.854083,0.792614,0.650001,0.781254,0.764411,19.000000,14.000000,36.000000,39340,60433,73518,77008,
papila_ret079od,papila,unspecified,expert,1448,graded,"probabilities to native, bilinear, thresholded there, and these numbers were measured from the masks that run kept",0.671945,0.695989,0.742377,0.720231,0.649374,0.747176,18.000000,20.000000,50.000000,50003,59930,94232,93107,
papila_ret081od,papila,unspecified,expert,1448,graded,"probabilities to native, bilinear, thresholded there, and these numbers were measured from the masks that run kept",0.786851,0.847208,0.840503,0.786161,0.820543,0.836013,16.000000,21.000000,45.000000,63072,77317,84252,94374,
papila_ret084os,papila,unspecified,expert,1448,graded,"probabilities to native, bilinear, thresholded there, and these numbers were measured from the masks that run kept",0.232677,0.327804,0.292813,0.295234,0.356625,0.333027,13.000000,18.000000,34.000000,7304,13179,54997,65850,
papila_ret088od,papila,unspecified,expert,1448,graded,"probabilities to native, bilinear, thresholded there, and these numbers were measured from the masks that run kept",0.318533,0.724272,0.554584,0.408139,0.757376,0.589368,9.000000,14.000000,30.000000,12159,35715,63764,58940,
papila_ret089od,papila,unspecified,expert,1448,graded,"probabilities to native, bilinear, thresholded there, and these numbers were measured from the masks that run kept",0.697769,0.756326,0.765604,0.755524,0.738993,0.777278,39.000000,24.000000,67.000000,34509,45289,59204,65531,
papila_ret090od,papila,unspecified,expert,1448,graded,"probabilities to native, bilinear, thresholded there, and these numbers were measured from the masks that run kept",0.618100,0.762473,0.699345,0.677790,0.774702,0.725740,18.000000,10.000000,32.000000,28993,39531,63018,62049,
papila_ret091os,papila,unspecified,expert,1448,graded,"probabilities to native, bilinear, thresholded there, and these numbers were measured from the masks that run kept",0.576904,0.792625,0.718082,0.617998,0.692115,0.680241,8.000000,19.000000,34.000000,24676,50560,60118,74016,
papila_ret092os,papila,unspecified,expert,1448,graded,"probabilities to native, bilinear, thresholded there, and these numbers were measured from the masks that run kept",0.728361,0.898129,0.846317,0.781758,0.901427,0.857256,13.000000,7.000000,22.000000,36249,64786,59945,66979,
papila_ret096od,papila,unspecified,expert,1448,graded,"probabilities to native, bilinear, thresholded there, and these numbers were measured from the masks that run kept",0.472327,0.767155,0.645346,0.485969,0.725260,0.626559,6.000000,8.000000,20.000000,20940,44527,66546,69463,
papila_ret101od,papila,unspecified,expert,1448,graded,"probabilities to native, bilinear, thresholded there, and these numbers were measured from the masks that run kept",0.762438,0.816771,0.801956,0.823547,0.749179,0.793460,22.000000,20.000000,51.000000,52712,64608,81998,89276,
papila_ret102od,papila,unspecified,expert,1448,graded,"probabilities to native, bilinear, thresholded there, and these numbers were measured from the masks that run kept",0.746195,0.840158,0.835888,0.671964,0.810324,0.810087,28.000000,23.000000,58.000000,57392,72592,79717,91789,
papila_ret104os,papila,unspecified,expert,1448,graded,"probabilities to native, bilinear, thresholded there, and these numbers were measured from the masks that run kept",0.667009,0.782605,0.755190,0.717405,0.749539,0.766114,50.000000,28.000000,88.000000,51631,54861,100280,76071,
papila_ret105os,papila,unspecified,expert,1448,graded,"probabilities to native, bilinear, thresholded there, and these numbers were measured from the masks that run kept",0.199663,0.634747,0.482916,0.233452,0.725764,0.536644,17.000000,16.000000,38.000000,6874,37277,60199,76176,
papila_ret113os,papila,unspecified,expert,1448,graded,"probabilities to native, bilinear, thresholded there, and these numbers were measured from the masks that run kept",0.483241,0.783291,0.675555,0.563114,0.809758,0.710968,21.000000,28.000000,59.000000,22124,52639,67380,76105,
papila_ret114os,papila,unspecified,expert,1448,graded,"probabilities to native, bilinear, thresholded there, and these numbers were measured from the masks that run kept",0.555415,0.747017,0.705706,0.536807,0.719530,0.688214,17.000000,23.000000,45.000000,30496,62232,70009,90450,
papila_ret120od,papila,unspecified,expert,1448,graded,"probabilities to native, bilinear, thresholded there, and these numbers were measured from the masks that run kept",0.774815,0.778110,0.805632,0.759065,0.735976,0.803473,20.000000,36.000000,74.000000,55168,59289,81773,87333,
papila_ret133od,papila,unspecified,expert,1448,graded,"probabilities to native, bilinear, thresholded there, and these numbers were measured from the masks that run kept",0.213816,0.532305,0.390163,0.209337,0.544089,0.394903,9.000000,20.000000,44.000000,9513,25695,79470,70513,
papila_ret140os,papila,unspecified,expert,1448,graded,"probabilities to native, bilinear, thresholded there, and these numbers were measured from the masks that run kept",0.634509,0.699637,0.737482,0.596692,0.620821,0.712840,32.000000,63.000000,107.000000,45087,53617,87031,79695,
papila_ret146od,papila,unspecified,expert,1448,graded,"probabilities to native, bilinear, thresholded there, and these numbers were measured from the masks that run kept",0.645908,0.798295,0.738015,0.684495,0.785695,0.745887,12.000000,11.000000,31.000000,50660,58902,103464,80708,
papila_ret155os,papila,unspecified,expert,1448,graded,"probabilities to native, bilinear, thresholded there, and these numbers were measured from the masks that run kept",0.768637,0.844914,0.834915,0.749200,0.780361,0.811760,35.000000,29.000000,76.000000,57113,73106,82222,95929,
papila_ret168os,papila,unspecified,expert,1447,graded,"probabilities to native, bilinear, thresholded there, and these numbers were measured from the masks that run kept",0.000000,0.000000,0.000000,0.000000,0.000000,0.000000,70.000000,0.000000,81.000000,0,0,75445,88935,
papila_ret171os,papila,unspecified,expert,1447,graded,"probabilities to native, bilinear, thresholded there, and these numbers were measured from the masks that run kept",0.000000,0.052773,0.025799,0.000000,0.076123,0.036822,2.000000,0.000000,18.000000,0,1591,66098,58705,
papila_ret172od,papila,unspecified,expert,1448,graded,"probabilities to native, bilinear, thresholded there, and these numbers were measured from the masks that run kept",0.513188,0.620326,0.586732,0.547805,0.631060,0.600177,22.000000,32.000000,75.000000,29908,40812,84479,85154,
papila_ret174os,papila,unspecified,expert,1448,graded,"probabilities to native, bilinear, thresholded there, and these numbers were measured from the masks that run kept",0.773129,0.823441,0.824259,0.806270,0.837810,0.859314,18.000000,22.000000,41.000000,55321,65822,84847,83998,
papila_ret177os,papila,unspecified,expert,1449,graded,"probabilities to native, bilinear, thresholded there, and these numbers were measured from the masks that run kept",0.649094,0.737608,0.748123,0.653475,0.627959,0.735046,14.000000,17.000000,35.000000,46566,51599,85683,75501,
papila_ret178os,papila,unspecified,expert,1449,graded,"probabilities to native, bilinear, thresholded there, and these numbers were measured from the masks that run kept",0.665119,0.806238,0.773593,0.676350,0.784956,0.785666,22.000000,35.000000,61.000000,43158,58508,82657,78201,
papila_ret180od,papila,unspecified,expert,1448,graded,"probabilities to native, bilinear, thresholded there, and these numbers were measured from the masks that run kept",0.769399,0.808346,0.842462,0.768672,0.730818,0.835474,37.000000,53.000000,109.000000,70403,68620,99228,88679,
papila_ret181os,papila,unspecified,expert,1448,graded,"probabilities to native, bilinear, thresholded there, and these numbers were measured from the masks that run kept",0.779584,0.827559,0.840393,0.776131,0.797372,0.846340,34.000000,34.000000,76.000000,62812,63731,88189,84273,
papila_ret184od,papila,unspecified,expert,1448,graded,"probabilities to native, bilinear, thresholded there, and these numbers were measured from the masks that run kept",0.700007,0.807271,0.795014,0.722926,0.779675,0.792825,17.000000,9.000000,35.000000,41811,62619,69885,83332,
papila_ret193os,papila,unspecified,expert,1448,graded,"probabilities to native, bilinear, thresholded there, and these numbers were measured from the masks that run kept",0.460993,0.739006,0.624595,0.475772,0.745855,0.627045,9.000000,13.000000,24.000000,26581,49986,84271,81810,
papila_ret203od,papila,unspecified,expert,1449,graded,"probabilities to native, bilinear, thresholded there, and these numbers were measured from the masks that run kept",0.709303,0.718864,0.784926,0.744311,0.732988,0.817632,40.000000,38.000000,82.000000,47270,64641,77396,87460,
papila_ret204os,papila,unspecified,expert,1449,graded,"probabilities to native, bilinear, thresholded there, and these numbers were measured from the masks that run kept",0.685754,0.784191,0.758882,0.759566,0.895859,0.850913,20.000000,33.000000,49.000000,58055,68901,105059,96018,
papila_ret208od,papila,unspecified,expert,1449,graded,"probabilities to native, bilinear, thresholded there, and these numbers were measured from the masks that run kept",0.823034,0.867539,0.868979,0.834391,0.855770,0.858169,17.000000,17.000000,36.000000,63114,85538,87898,101566,
papila_ret225od,papila,unspecified,expert,1448,graded,"probabilities to native, bilinear, thresholded there, and these numbers were measured from the masks that run kept",0.497584,0.757288,0.665240,0.537117,0.723712,0.658717,10.000000,16.000000,35.000000,24928,53867,73367,82068,
papila_ret228os,papila,unspecified,expert,1449,graded,"probabilities to native, bilinear, thresholded there, and these numbers were measured from the masks that run kept",0.778468,0.804628,0.856806,0.822623,0.813478,0.883286,23.000000,48.000000,75.000000,71156,78981,98526,88940,
papila_ret229od,papila,unspecified,expert,1448,graded,"probabilities to native, bilinear, thresholded there, and these numbers were measured from the masks that run kept",0.000000,0.000000,0.000000,0.000000,0.000000,0.000000,1.000000,0.000000,9.000000,0,0,54170,57962,
papila_ret232os,papila,unspecified,expert,1449,graded,"probabilities to native, bilinear, thresholded there, and these numbers were measured from the masks that run kept",0.632277,0.789590,0.759601,0.623353,0.774416,0.740986,13.000000,18.000000,42.000000,36396,71640,76099,102924,
papila_ret233os,papila,unspecified,expert,1449,graded,"probabilities to native, bilinear, thresholded there, and these numbers were measured from the masks that run kept",0.712508,0.777454,0.789254,0.726265,0.704661,0.782588,25.000000,18.000000,33.000000,43595,58449,68662,79311,
papila_ret235os,papila,unspecified,expert,1448,graded,"probabilities to native, bilinear, thresholded there, and these numbers were measured from the masks that run kept",0.625452,0.823651,0.758204,0.630671,0.742026,0.718545,29.000000,28.000000,64.000000,47636,71785,98121,97039,
papila_ret241od,papila,unspecified,expert,1448,graded,"probabilities to native, bilinear, thresholded there, and these numbers were measured from the masks that run kept",0.766814,0.787158,0.817083,0.788319,0.814925,0.850714,34.000000,33.000000,91.000000,64765,69806,90480,100099,
papila_ret246od,papila,unspecified,expert,1448,graded,"probabilities to native, bilinear, thresholded there, and these numbers were measured from the masks that run kept",0.176984,0.412075,0.312922,0.178482,0.501478,0.348082,6.000000,15.000000,30.000000,7053,18999,71779,71902,
papila_ret248od,papila,unspecified,expert,1449,graded,"probabilities to native, bilinear, thresholded there, and these numbers were measured from the masks that run kept",0.699324,0.774623,0.786538,0.684985,0.730548,0.777170,26.000000,23.000000,58.000000,39502,47086,65917,64008,
papila_ret258od,papila,unspecified,expert,1448,graded,"probabilities to native, bilinear, thresholded there, and these numbers were measured from the masks that run kept",0.768859,0.782300,0.819131,0.774899,0.723467,0.816319,30.000000,30.000000,77.000000,67590,76261,93186,113822,
papila_ret260os,papila,unspecified,expert,1449,graded,"probabilities to native, bilinear, thresholded there, and these numbers were measured from the masks that run kept",0.852413,0.844198,0.876455,0.861250,0.826713,0.891391,19.000000,31.000000,55.000000,85833,79162,107456,96420,
papila_ret266od,papila,unspecified,expert,1448,graded,"probabilities to native, bilinear, thresholded there, and these numbers were measured from the masks that run kept",0.539409,0.730296,0.678290,0.551264,0.717645,0.664338,28.000000,22.000000,66.000000,27592,60412,73578,100635,
papila_ret269od,papila,unspecified,expert,1448,graded,"probabilities to native, bilinear, thresholded there, and these numbers were measured from the masks that run kept",0.741794,0.832370,0.829713,0.738224,0.777952,0.818246,26.000000,40.000000,67.000000,53792,70769,82510,88021,
papila_ret271os,papila,unspecified,expert,1447,graded,"probabilities to native, bilinear, thresholded there, and these numbers were measured from the masks that run kept",0.386477,0.625383,0.558448,0.321206,0.666983,0.556920,33.000000,22.000000,72.000000,21637,45706,84967,92929,
papila_ret273os,papila,unspecified,expert,1449,graded,"probabilities to native, bilinear, thresholded there, and these numbers were measured from the masks that run kept",0.767466,0.833437,0.851424,0.754124,0.790939,0.858776,48.000000,36.000000,84.000000,58775,73661,82555,91304,
papila_ret276od,papila,unspecified,expert,1448,graded,"probabilities to native, bilinear, thresholded there, and these numbers were measured from the masks that run kept",0.850121,0.844255,0.880033,0.860521,0.805114,0.887291,33.000000,28.000000,68.000000,72187,67375,87875,81734,
papila_ret277od,papila,unspecified,expert,1449,graded,"probabilities to native, bilinear, thresholded there, and these numbers were measured from the masks that run kept",0.715488,0.825818,0.782810,0.800798,0.807479,0.812326,9.000000,21.000000,37.000000,36204,47830,62523,65299,
trend_11_l,trend,unspecified,expert,2177,graded,"probabilities to native, bilinear, thresholded there, and these numbers were measured from the masks that run kept",0.545746,0.778758,0.696071,0.537824,0.741073,0.675907,18.000000,16.000000,52.000000,66399,110477,137531,128940,
trend_15_l,trend,unspecified,expert,2177,graded,"probabilities to native, bilinear, thresholded there, and these numbers were measured from the masks that run kept",0.600180,0.730514,0.710222,0.567970,0.695359,0.697937,67.000000,66.000000,155.000000,102937,149230,159651,172007,
trend_16_r,trend,unspecified,expert,2177,graded,"probabilities to native, bilinear, thresholded there, and these numbers were measured from the masks that run kept",0.735875,0.806075,0.798341,0.760194,0.788897,0.812501,50.000000,32.000000,92.000000,105427,129730,147964,143994,
trend_17_l,trend,unspecified,expert,2177,graded,"probabilities to native, bilinear, thresholded there, and these numbers were measured from the masks that run kept",0.690479,0.770790,0.788854,0.703546,0.709296,0.786076,45.000000,55.000000,106.000000,113720,134105,171085,162702,
trend_17_r,trend,unspecified,expert,2177,graded,"probabilities to native, bilinear, thresholded there, and these numbers were measured from the masks that run kept",0.734266,0.803720,0.792141,0.739501,0.791103,0.802011,50.000000,80.000000,146.000000,122002,155079,173926,163430,
trend_1_l,trend,unspecified,expert,2177,graded,"probabilities to native, bilinear, thresholded there, and these numbers were measured from the masks that run kept",0.551970,0.641267,0.653197,0.501888,0.581179,0.597128,51.000000,46.000000,138.000000,96217,136599,153688,161726,
trend_20_l,trend,unspecified,expert,2177,graded,"probabilities to native, bilinear, thresholded there, and these numbers were measured from the masks that run kept",0.595043,0.631081,0.647991,0.584455,0.586793,0.638569,21.000000,51.000000,83.000000,53467,80092,90926,127726,
trend_22_r,trend,unspecified,expert,2177,graded,"probabilities to native, bilinear, thresholded there, and these numbers were measured from the masks that run kept",0.677286,0.813575,0.772842,0.701722,0.756018,0.754533,31.000000,69.000000,121.000000,75400,133376,128499,165419,
trend_23_r,trend,unspecified,expert,2177,graded,"probabilities to native, bilinear, thresholded there, and these numbers were measured from the masks that run kept",0.628391,0.762762,0.739879,0.588204,0.732289,0.710798,43.000000,36.000000,100.000000,73818,130290,128241,150841,
trend_24_l,trend,unspecified,expert,2177,graded,"probabilities to native, bilinear, thresholded there, and these numbers were measured from the masks that run kept",0.616065,0.701124,0.710996,0.606621,0.678136,0.713591,28.000000,13.000000,47.000000,78010,101268,116674,144118,
trend_24_r,trend,unspecified,expert,2177,graded,"probabilities to native, bilinear, thresholded there, and these numbers were measured from the masks that run kept",0.618000,0.736210,0.703050,0.663049,0.742273,0.721155,17.000000,11.000000,50.000000,67973,111199,123972,142112,
trend_25_r,trend,unspecified,expert,2177,graded,"probabilities to native, bilinear, thresholded there, and these numbers were measured from the masks that run kept",0.645566,0.658534,0.699951,0.600618,0.649605,0.696280,103.000000,48.000000,167.000000,106256,144938,141124,163119,
trend_26_l,trend,unspecified,expert,2177,graded,"probabilities to native, bilinear, thresholded there, and these numbers were measured from the masks that run kept",0.710148,0.792030,0.779806,0.666202,0.730423,0.739314,38.000000,89.000000,150.000000,113812,149697,168515,180475,
trend_26_r,trend,unspecified,expert,2177,graded,"probabilities to native, bilinear, thresholded there, and these numbers were measured from the masks that run kept",0.631427,0.760833,0.722503,0.578769,0.717610,0.674794,52.000000,54.000000,146.000000,96814,143702,142026,147889,
trend_28_r,trend,unspecified,expert,2177,graded,"probabilities to native, bilinear, thresholded there, and these numbers were measured from the masks that run kept",0.668080,0.733783,0.736785,0.614389,0.658723,0.685342,49.000000,42.000000,130.000000,111621,169588,182149,221168,
trend_2_r,trend,unspecified,expert,2177,graded,"probabilities to native, bilinear, thresholded there, and these numbers were measured from the masks that run kept",0.573020,0.674559,0.664485,0.526041,0.618940,0.624766,41.000000,56.000000,125.000000,75860,108560,133075,145790,
trend_30_r,trend,unspecified,expert,2177,graded,"probabilities to native, bilinear, thresholded there, and these numbers were measured from the masks that run kept",0.607217,0.701319,0.695059,0.642885,0.698295,0.721025,44.000000,60.000000,128.000000,126669,195668,127283,177894,
trend_31_r,trend,unspecified,expert,2177,graded,"probabilities to native, bilinear, thresholded there, and these numbers were measured from the masks that run kept",0.535404,0.674062,0.649100,0.591689,0.684374,0.688185,37.000000,37.000000,99.000000,115530,156289,114177,160047,
trend_32_r,trend,unspecified,expert,2177,graded,"probabilities to native, bilinear, thresholded there, and these numbers were measured from the masks that run kept",0.599339,0.658547,0.642559,0.552362,0.646980,0.624911,91.000000,59.000000,185.000000,95011,129914,135256,142167,
trend_33_l,trend,unspecified,expert,2177,graded,"probabilities to native, bilinear, thresholded there, and these numbers were measured from the masks that run kept",0.717273,0.786071,0.782244,0.666713,0.785258,0.767499,25.000000,53.000000,111.000000,118811,176707,166818,207055,
trend_33_r,trend,unspecified,expert,2177,graded,"probabilities to native, bilinear, thresholded there, and these numbers were measured from the masks that run kept",0.664738,0.784664,0.753709,0.676946,0.775913,0.759698,29.000000,60.000000,114.000000,111628,187215,146624,192787,
trend_35_l,trend,unspecified,expert,2177,graded,"probabilities to native, bilinear, thresholded there, and these numbers were measured from the masks that run kept",0.740202,0.781275,0.783981,0.653088,0.717023,0.726697,51.000000,34.000000,110.000000,137949,145565,192358,164592,
trend_37_l,trend,unspecified,expert,2177,graded,"probabilities to native, bilinear, thresholded there, and these numbers were measured from the masks that run kept",0.686701,0.758050,0.752161,0.671388,0.673971,0.723996,29.000000,29.000000,79.000000,90141,133438,146553,167732,
trend_38_l,trend,unspecified,expert,2177,graded,"probabilities to native, bilinear, thresholded there, and these numbers were measured from the masks that run kept",0.585852,0.664673,0.668954,0.580906,0.613560,0.637339,55.000000,43.000000,131.000000,83010,117916,154388,194716,
trend_38_r,trend,unspecified,expert,2177,graded,"probabilities to native, bilinear, thresholded there, and these numbers were measured from the masks that run kept",0.642253,0.775915,0.732245,0.604466,0.734072,0.700753,31.000000,34.000000,88.000000,106586,149891,178333,178859,
trend_39_l,trend,unspecified,expert,2177,graded,"probabilities to native, bilinear, thresholded there, and these numbers were measured from the masks that run kept",0.671338,0.757167,0.778973,0.665823,0.772126,0.794681,103.000000,71.000000,192.000000,115187,184603,166668,182201,
trend_39_r,trend,unspecified,expert,2177,graded,"probabilities to native, bilinear, thresholded there, and these numbers were measured from the masks that run kept",0.733225,0.791933,0.782543,0.718231,0.795781,0.783177,121.000000,63.000000,210.000000,135192,178016,187604,183171,
trend_3_r,trend,unspecified,expert,2177,graded,"probabilities to native, bilinear, thresholded there, and these numbers were measured from the masks that run kept",0.657598,0.773979,0.768589,0.660743,0.760981,0.782344,49.000000,64.000000,132.000000,95379,161039,125519,174647,
trend_40_l,trend,unspecified,expert,2177,graded,"probabilities to native, bilinear, thresholded there, and these numbers were measured from the masks that run kept",0.615324,0.696536,0.717773,0.648128,0.707990,0.732852,39.000000,31.000000,84.000000,89774,121906,116774,120307,
trend_40_r,trend,unspecified,expert,2177,graded,"probabilities to native, bilinear, thresholded there, and these numbers were measured from the masks that run kept",0.624715,0.682020,0.701794,0.595633,0.592107,0.651610,30.000000,52.000000,99.000000,101563,106142,150158,139367,
trend_42_l,trend,unspecified,expert,2177,graded,"probabilities to native, bilinear, thresholded there, and these numbers were measured from the masks that run kept",0.681245,0.778577,0.780493,0.686418,0.706515,0.751580,70.000000,58.000000,140.000000,105942,141281,143108,156778,
trend_42_r,trend,unspecified,expert,2177,graded,"probabilities to native, bilinear, thresholded there, and these numbers were measured from the masks that run kept",0.748807,0.773629,0.788760,0.770599,0.729864,0.784944,57.000000,48.000000,111.000000,110273,139902,145721,167204,
trend_45_l,trend,unspecified,expert,2177,graded,"probabilities to native, bilinear, thresholded there, and these numbers were measured from the masks that run kept",0.483051,0.633493,0.618955,0.463617,0.651713,0.620736,36.000000,34.000000,103.000000,79458,143693,156426,150138,
trend_46_l,trend,unspecified,expert,2177,graded,"probabilities to native, bilinear, thresholded there, and these numbers were measured from the masks that run kept",0.575568,0.660970,0.746488,0.514386,0.623329,0.727285,37.000000,39.000000,87.000000,88477,119585,117358,149686,
trend_46_r,trend,unspecified,expert,2177,graded,"probabilities to native, bilinear, thresholded there, and these numbers were measured from the masks that run kept",0.683892,0.698462,0.705565,0.627031,0.606971,0.641767,35.000000,95.000000,136.000000,89934,120586,132952,164529,
trend_4_l,trend,unspecified,expert,2177,graded,"probabilities to native, bilinear, thresholded there, and these numbers were measured from the masks that run kept",0.612036,0.699875,0.689347,0.537205,0.631893,0.619365,48.000000,50.000000,114.000000,64506,96043,97602,121953,
trend_4_r,trend,unspecified,expert,2177,graded,"probabilities to native, bilinear, thresholded there, and these numbers were measured from the masks that run kept",0.528026,0.717014,0.681057,0.500409,0.721264,0.681357,44.000000,69.000000,117.000000,46353,103599,100208,122299,
trend_5_l,trend,unspecified,expert,2177,graded,"probabilities to native, bilinear, thresholded there, and these numbers were measured from the masks that run kept",0.686523,0.721772,0.729382,0.636813,0.643476,0.671939,35.000000,61.000000,106.000000,83214,126114,113531,177015,
trend_6_r,trend,unspecified,expert,2177,graded,"probabilities to native, bilinear, thresholded there, and these numbers were measured from the masks that run kept",0.650959,0.767465,0.728483,0.657692,0.725029,0.713112,56.000000,46.000000,111.000000,91080,142259,163154,196641,
trend_7_l,trend,unspecified,expert,2177,graded,"probabilities to native, bilinear, thresholded there, and these numbers were measured from the masks that run kept",0.702923,0.794734,0.773713,0.669455,0.770580,0.748350,47.000000,38.000000,122.000000,117745,167145,160900,182708,
trend_9_r,trend,unspecified,expert,2177,graded,"probabilities to native, bilinear, thresholded there, and these numbers were measured from the masks that run kept",0.649352,0.744647,0.749849,0.673347,0.686068,0.736235,39.000000,31.000000,91.000000,81960,139699,131847,179193,
trend_n10c_r,trend,unspecified,expert,2172,graded,"probabilities to native, bilinear, thresholded there, and these numbers were measured from the masks that run kept",0.700643,0.749560,0.786167,0.694433,0.715007,0.787972,39.000000,63.000000,120.000000,114007,152780,168482,141422,
trend_n11c_l,trend,unspecified,expert,2175,graded,"probabilities to native, bilinear, thresholded there, and these numbers were measured from the masks that run kept",0.621875,0.762604,0.805035,0.621159,0.726322,0.795036,40.000000,44.000000,103.000000,93579,190545,167152,177009,
trend_n11c_r,trend,unspecified,expert,2173,graded,"probabilities to native, bilinear, thresholded there, and these numbers were measured from the masks that run kept",0.771376,0.818325,0.825707,0.789082,0.838375,0.847767,31.000000,32.000000,72.000000,139673,182349,179139,179837,
trend_n3c_r,trend,unspecified,expert,2173,graded,"probabilities to native, bilinear, thresholded there, and these numbers were measured from the masks that run kept",0.615312,0.753889,0.727170,0.619581,0.710253,0.707222,46.000000,70.000000,133.000000,62326,102147,112460,134360,
trend_n4c_l,trend,unspecified,expert,2171,graded,"probabilities to native, bilinear, thresholded there, and these numbers were measured from the masks that run kept",0.579545,0.698871,0.753347,0.537885,0.680613,0.765980,65.000000,39.000000,119.000000,73042,154356,130811,157295,
trend_n5c_r,trend,unspecified,expert,2175,graded,"probabilities to native, bilinear, thresholded there, and these numbers were measured from the masks that run kept",0.684749,0.737124,0.765266,0.670701,0.697141,0.739815,24.000000,48.000000,95.000000,117743,195976,148153,191983,
trend_n9c_r,trend,unspecified,expert,2173,graded,"probabilities to native, bilinear, thresholded there, and these numbers were measured from the masks that run kept",0.662795,0.760736,0.763757,0.572205,0.756017,0.736960,32.000000,62.000000,113.000000,88911,153510,113589,148127,
