key,subset,split,native_side,reader,outcome,resampling,said_disc_width,said_disc_height,said_disc_radius,said_disc_center_x,said_disc_center_y,truth_disc_width,truth_disc_height,truth_disc_radius,truth_disc_center_x,truth_disc_center_y,disc_dice,disc_center_offset,disc_center_offset_diameters,disc_width_error,disc_height_error,disc_radius_error,said_cup_width,said_cup_height,said_cup_radius,said_cup_center_x,said_cup_center_y,truth_cup_width,truth_cup_height,truth_cup_radius,truth_cup_center_x,truth_cup_center_y,cup_dice,cup_center_offset,cup_center_offset_diameters,cup_width_error,cup_height_error,cup_radius_error,said_vertical_ratio,truth_vertical_ratio,cup_vertical_ratio_error,said_area_ratio,truth_area_ratio,cup_area_ratio_error,cup_outside_its_disc,note
100_od_1,main,unspecified,2102,expert1,graded,"probabilities to native, bilinear, thresholded there, and these numbers were measured from the outlines that run kept",229.000000,254.000000,120.522833,1528.539137,975.098435,207.000000,246.000000,112.657231,1525.964160,978.063779,0.932005,3.927311,0.017430,22.000000,8.000000,7.865602,99.000000,101.000000,49.942730,1525.241960,982.796452,77.000000,91.000000,39.043387,1522.471915,975.726665,0.756594,7.593092,0.033700,22.000000,10.000000,10.899343,0.397638,0.369919,0.027719,0.171714,0.120109,0.051605,0.000000,
100_od_2,main,unspecified,2104,expert1,graded,"probabilities to native, bilinear, thresholded there, and these numbers were measured from the outlines that run kept",230.000000,259.000000,121.689821,1542.695133,1042.108142,218.000000,247.000000,116.280554,1539.065846,1045.898300,0.950652,5.247573,0.022564,12.000000,12.000000,5.409266,97.000000,99.000000,49.191379,1539.089582,1048.522757,68.000000,88.000000,38.406354,1518.105093,1052.731765,0.659529,21.402442,0.092029,29.000000,11.000000,10.785025,0.382239,0.356275,0.025964,0.163407,0.109092,0.054315,0.000000,
100_od_3,main,unspecified,2101,expert1,graded,"probabilities to native, bilinear, thresholded there, and these numbers were measured from the outlines that run kept",227.000000,251.000000,119.275069,1515.808475,971.043362,202.000000,247.000000,109.943165,1519.395139,971.860115,0.918711,3.678483,0.016729,25.000000,4.000000,9.331903,98.000000,98.000000,49.281887,1512.156488,980.192661,75.000000,93.000000,40.613813,1503.583558,967.762833,0.744146,15.099527,0.068670,23.000000,5.000000,8.668074,0.390438,0.376518,0.013920,0.170716,0.136462,0.034255,0.000000,
100_od_4,main,unspecified,2103,expert1,graded,"probabilities to native, bilinear, thresholded there, and these numbers were measured from the outlines that run kept",228.000000,256.000000,120.250495,1526.078080,1043.330083,203.000000,243.000000,112.546984,1521.239408,1045.528346,0.930394,5.314612,0.023611,25.000000,13.000000,7.703511,100.000000,106.000000,51.446542,1520.172820,1050.280818,67.000000,58.000000,30.481905,1532.215485,1040.283316,0.519672,15.651703,0.069534,33.000000,48.000000,20.964637,0.414062,0.238683,0.175379,0.183037,0.073353,0.109684,0.000000,
100_od_5,main,unspecified,1572,expert1,graded,"probabilities to native, bilinear, thresholded there, and these numbers were measured from the outlines that run kept",176.000000,195.000000,92.399717,1062.442920,780.968123,154.000000,178.000000,82.786051,1063.295295,780.241280,0.890576,1.120198,0.006766,22.000000,17.000000,9.613667,79.000000,83.000000,40.672552,1053.982682,785.727343,67.000000,61.000000,32.267501,1062.139407,791.095384,0.760038,9.764631,0.058975,12.000000,22.000000,8.405051,0.425641,0.342697,0.082944,0.193759,0.151920,0.041838,0.000000,
100_os_1,main,unspecified,2102,expert1,graded,"probabilities to native, bilinear, thresholded there, and these numbers were measured from the outlines that run kept",250.000000,283.000000,132.601357,529.729430,971.785134,223.000000,270.000000,123.302210,531.863451,978.328392,0.926506,6.882461,0.027909,27.000000,13.000000,9.299146,114.000000,133.000000,61.594931,532.860643,972.068966,46.000000,50.000000,22.154770,544.824254,967.373541,0.229106,12.852043,0.052116,68.000000,83.000000,39.440161,0.469965,0.185185,0.284779,0.215771,0.032284,0.183487,0.000000,
100_os_2,main,unspecified,2101,expert1,graded,"probabilities to native, bilinear, thresholded there, and these numbers were measured from the outlines that run kept",250.000000,280.000000,131.788697,542.331940,937.050455,227.000000,267.000000,122.805554,541.886553,942.656219,0.928009,5.623430,0.022896,23.000000,13.000000,8.983143,108.000000,123.000000,58.428362,546.046154,936.701352,79.000000,123.000000,49.078008,565.772962,930.999604,0.723486,20.534285,0.083605,29.000000,0.000000,9.350354,0.439286,0.460674,-0.021388,0.196558,0.159712,0.036846,0.000000,
100_os_3,main,unspecified,2103,expert1,graded,"probabilities to native, bilinear, thresholded there, and these numbers were measured from the outlines that run kept",245.000000,278.000000,130.102901,528.190063,945.532712,208.000000,263.000000,116.998284,529.701167,946.743512,0.894189,1.936356,0.008275,37.000000,15.000000,13.104617,119.000000,131.000000,62.188947,535.123951,946.714239,86.000000,100.000000,44.528107,535.501686,932.829186,0.677839,13.890190,0.059361,33.000000,31.000000,17.660840,0.471223,0.380228,0.090995,0.228482,0.144847,0.083635,0.000000,
100_os_4,main,unspecified,2102,expert1,graded,"probabilities to native, bilinear, thresholded there, and these numbers were measured from the outlines that run kept",245.000000,273.000000,128.979958,534.758204,910.946846,221.000000,264.000000,120.491136,531.824096,915.832383,0.930859,5.698901,0.023649,24.000000,9.000000,8.488822,111.000000,124.000000,59.175392,539.425052,910.821198,48.000000,65.000000,25.909758,532.558084,910.766714,0.321739,6.867184,0.028497,63.000000,59.000000,33.265635,0.454212,0.246212,0.208000,0.210493,0.046240,0.164253,0.000000,
100_os_5,main,unspecified,1572,expert1,graded,"probabilities to native, bilinear, thresholded there, and these numbers were measured from the outlines that run kept",188.000000,209.000000,99.018085,468.135186,723.507142,165.000000,190.000000,89.197285,467.028366,725.301860,0.895819,2.108569,0.011820,23.000000,19.000000,9.820800,89.000000,99.000000,46.963488,476.605282,723.779333,77.000000,97.000000,43.155894,484.072295,725.687404,0.873709,7.706946,0.043202,12.000000,2.000000,3.807594,0.473684,0.510526,-0.036842,0.224953,0.234087,-0.009134,0.000000,
101_od_1,main,unspecified,1530,expert1,graded,"probabilities to native, bilinear, thresholded there, and these numbers were measured from the outlines that run kept",184.000000,218.000000,99.898206,1189.279886,696.607457,183.000000,203.000000,95.361392,1188.703455,700.888025,0.948983,4.319206,0.022647,1.000000,15.000000,4.536814,133.000000,163.000000,73.312089,1184.273616,696.299793,118.000000,164.000000,68.010006,1182.263574,704.500379,0.890438,8.443333,0.044270,15.000000,-1.000000,5.302083,0.747706,0.807882,-0.060175,0.538562,0.508628,0.029934,0.000000,
101_od_6,main,unspecified,2099,expert1,graded,"probabilities to native, bilinear, thresholded there, and these numbers were measured from the outlines that run kept",248.000000,286.000000,132.957353,1620.609857,985.020815,226.000000,272.000000,122.184500,1620.177779,996.082706,0.907543,11.070326,0.045302,22.000000,14.000000,10.772854,163.000000,204.000000,91.184278,1619.215153,985.799242,118.000000,164.000000,69.232292,1631.171072,996.543100,0.731344,16.074032,0.065778,45.000000,40.000000,21.951986,0.713287,0.602941,0.110346,0.470344,0.321059,0.149284,0.000000,
101_od_7,main,unspecified,1572,expert1,graded,"probabilities to native, bilinear, thresholded there, and these numbers were measured from the outlines that run kept",199.000000,240.000000,108.803782,1189.898981,705.896158,174.000000,218.000000,97.366438,1186.619649,705.876708,0.889390,3.279390,0.016840,25.000000,22.000000,11.437344,140.000000,179.000000,79.016760,1183.201275,707.641550,96.000000,134.000000,56.528868,1196.850384,708.939436,0.677076,13.710678,0.070408,44.000000,45.000000,22.487892,0.745833,0.614679,0.131154,0.527413,0.337071,0.190341,0.000000,
101_os_1,main,unspecified,1529,expert1,graded,"probabilities to native, bilinear, thresholded there, and these numbers were measured from the outlines that run kept",202.000000,218.000000,104.234694,379.171418,749.057540,189.000000,206.000000,95.957022,378.600062,751.908183,0.917444,2.907338,0.015149,13.000000,12.000000,8.277672,128.000000,154.000000,71.002760,376.173822,750.411163,118.000000,134.000000,62.830560,374.884293,750.213917,0.878329,1.304528,0.006797,10.000000,20.000000,8.172201,0.706422,0.650485,0.055937,0.464008,0.428734,0.035274,0.000000,
101_os_6,main,unspecified,2102,expert1,graded,"probabilities to native, bilinear, thresholded there, and these numbers were measured from the outlines that run kept",276.000000,283.000000,138.955668,547.157682,1006.278536,273.000000,263.000000,131.059674,545.033690,1011.124402,0.937865,5.290913,0.020185,3.000000,20.000000,7.895994,159.000000,200.000000,88.922078,535.333843,1007.891953,148.000000,178.000000,79.350412,538.608817,1006.121480,0.886558,3.722905,0.014203,11.000000,22.000000,9.571666,0.706714,0.676806,0.029908,0.409512,0.366573,0.042939,0.000000,
101_os_7,main,unspecified,1572,expert1,graded,"probabilities to native, bilinear, thresholded there, and these numbers were measured from the outlines that run kept",222.000000,236.000000,114.079357,442.019053,784.387697,201.000000,214.000000,101.544721,440.891585,788.677286,0.884128,4.435285,0.021839,21.000000,22.000000,12.534636,140.000000,175.000000,78.934135,442.323797,784.562276,121.000000,157.000000,67.789673,444.094757,781.600540,0.848961,3.450823,0.016992,19.000000,18.000000,11.144462,0.741525,0.733645,0.007881,0.478757,0.445669,0.033089,0.000000,
102_os_1,main,unspecified,1531,expert1,graded,"probabilities to native, bilinear, thresholded there, and these numbers were measured from the outlines that run kept",203.000000,219.000000,103.655922,771.783321,833.862272,199.000000,231.000000,106.495921,771.439573,838.708195,0.958853,4.858100,0.022809,4.000000,-12.000000,-2.839999,132.000000,152.000000,69.514476,770.371517,830.092418,180.000000,189.000000,93.098120,773.068310,837.453414,0.715916,7.839448,0.036806,-48.000000,-37.000000,-23.583644,0.694064,0.818182,-0.124118,0.449741,0.764216,-0.314475,0.000000,
103_od_1,main,unspecified,1534,expert1,graded,"probabilities to native, bilinear, thresholded there, and these numbers were measured from the outlines that run kept",180.000000,269.000000,106.243056,863.037365,674.025154,256.000000,269.000000,131.578398,818.497978,682.884519,0.740626,45.411952,0.172566,-76.000000,0.000000,-25.335342,119.000000,189.000000,71.195271,847.358641,678.595014,206.000000,228.000000,107.230164,813.186945,682.248235,0.611908,34.366421,0.130593,-87.000000,-39.000000,-36.034893,0.702602,0.847584,-0.144981,0.449057,0.664148,-0.215091,0.000000,
103_os_1,main,unspecified,1533,expert1,graded,"probabilities to native, bilinear, thresholded there, and these numbers were measured from the outlines that run kept",268.000000,239.000000,110.480364,760.331847,651.308507,254.000000,268.000000,130.686330,778.606132,670.735943,0.780057,26.671609,0.102044,14.000000,-29.000000,-20.205966,143.000000,166.000000,69.998172,750.803027,652.062821,229.000000,230.000000,115.424695,783.461641,677.082189,0.537766,41.140659,0.157402,-86.000000,-64.000000,-45.426523,0.694561,0.858209,-0.163648,0.401424,0.780076,-0.378653,0.000000,
104_od_1,main,unspecified,2106,expert1,graded,"probabilities to native, bilinear, thresholded there, and these numbers were measured from the outlines that run kept",254.000000,259.000000,119.777063,1572.719199,960.641455,259.000000,285.000000,135.648589,1549.551698,965.013130,0.834717,23.576358,0.086902,-5.000000,-26.000000,-15.871525,140.000000,128.000000,65.833938,1561.065658,965.950132,95.000000,102.000000,47.982657,1560.958385,960.738283,0.693846,5.212953,0.019215,45.000000,26.000000,17.851281,0.494208,0.357895,0.136314,0.302101,0.125123,0.176978,0.000000,
104_os_1,main,unspecified,2103,expert1,graded,"probabilities to native, bilinear, thresholded there, and these numbers were measured from the outlines that run kept",266.000000,214.000000,113.709048,593.940423,854.148424,325.000000,254.000000,143.842898,638.417018,868.565475,0.755581,46.754880,0.162521,-59.000000,-40.000000,-30.133850,55.000000,54.000000,25.848258,620.013816,869.875655,102.000000,96.000000,50.085928,654.013450,876.133739,0.354509,34.570779,0.120169,-47.000000,-42.000000,-24.237670,0.252336,0.377953,-0.125616,0.051674,0.121242,-0.069568,0.000000,
105_od_1,main,unspecified,1529,expert1,graded,"probabilities to native, bilinear, thresholded there, and these numbers were measured from the outlines that run kept",204.000000,273.000000,118.239116,1196.602309,761.998042,168.000000,254.000000,101.782678,1206.509494,768.468383,0.851243,11.832905,0.058128,36.000000,19.000000,16.456438,116.000000,133.000000,62.283566,1191.827111,759.423812,91.000000,122.000000,53.153726,1197.057458,771.044953,0.811375,12.743918,0.062604,25.000000,11.000000,9.129840,0.487179,0.480315,0.006865,0.277475,0.272722,0.004754,0.000000,
105_od_2,main,unspecified,2102,expert1,graded,"probabilities to native, bilinear, thresholded there, and these numbers were measured from the outlines that run kept",284.000000,374.000000,162.813423,1608.501609,1078.291914,240.000000,350.000000,144.531673,1618.037211,1083.042255,0.881454,10.653330,0.036855,44.000000,24.000000,18.281750,162.000000,186.000000,86.919993,1601.601264,1074.204087,113.000000,141.000000,61.911935,1606.862564,1076.988042,0.673170,5.952452,0.020592,49.000000,45.000000,25.008058,0.497326,0.402857,0.094469,0.285009,0.183494,0.101515,0.000000,
105_od_3,main,unspecified,2099,expert1,graded,"probabilities to native, bilinear, thresholded there, and these numbers were measured from the outlines that run kept",284.000000,379.000000,164.144267,1627.402540,1087.868935,253.000000,343.000000,146.735938,1631.805242,1085.030676,0.888356,5.238273,0.017849,31.000000,36.000000,17.408328,163.000000,185.000000,86.379986,1618.614692,1084.102769,128.000000,160.000000,72.618454,1615.753124,1085.053359,0.828184,3.015327,0.010275,35.000000,25.000000,13.761532,0.488127,0.466472,0.021654,0.276933,0.244918,0.032015,0.000000,
105_od_5,main,unspecified,2099,expert1,graded,"probabilities to native, bilinear, thresholded there, and these numbers were measured from the outlines that run kept",288.000000,380.000000,164.817730,1648.426149,1057.803811,231.000000,342.000000,139.402786,1664.755287,1066.627688,0.834076,18.560753,0.066572,57.000000,38.000000,25.414943,161.000000,188.000000,87.414799,1642.815005,1053.656586,101.000000,146.000000,60.286502,1647.996409,1055.347784,0.644648,5.450423,0.019549,60.000000,42.000000,27.128298,0.494737,0.426901,0.067836,0.281295,0.187024,0.094271,0.000000,
105_od_6,main,unspecified,2100,expert1,graded,"probabilities to native, bilinear, thresholded there, and these numbers were measured from the outlines that run kept",289.000000,375.000000,164.939356,1643.850983,1082.026969,243.000000,346.000000,146.782570,1646.285746,1095.733830,0.879552,13.921425,0.047422,46.000000,29.000000,18.156785,169.000000,193.000000,90.169781,1636.812865,1080.321027,126.000000,177.000000,73.550503,1638.753575,1086.207885,0.797640,6.198503,0.021115,43.000000,16.000000,16.619278,0.514667,0.511561,0.003106,0.298864,0.251086,0.047778,0.000000,
105_od_7,main,unspecified,1572,expert1,graded,"probabilities to native, bilinear, thresholded there, and these numbers were measured from the outlines that run kept",216.000000,291.000000,125.197978,1160.124871,786.441301,187.000000,282.000000,116.246332,1161.220503,796.098014,0.907433,9.718668,0.041802,29.000000,9.000000,8.951647,129.000000,148.000000,68.905082,1150.755967,785.834808,99.000000,126.000000,55.362495,1154.952955,787.984318,0.784600,4.715411,0.020282,30.000000,22.000000,13.542586,0.508591,0.446809,0.061783,0.302906,0.226816,0.076090,0.000000,
105_od_8,main,unspecified,1572,expert1,graded,"probabilities to native, bilinear, thresholded there, and these numbers were measured from the outlines that run kept",206.000000,282.000000,120.911764,1121.506216,814.301269,164.000000,250.000000,100.975751,1133.316090,818.363699,0.821744,12.489054,0.061842,42.000000,32.000000,19.936013,120.000000,138.000000,64.359666,1111.285100,811.521709,80.000000,119.000000,48.148218,1113.890018,809.802691,0.717678,3.120997,0.015454,40.000000,19.000000,16.211447,0.489362,0.476000,0.013362,0.283329,0.227366,0.055962,0.000000,
105_os_1,main,unspecified,1529,expert1,graded,"probabilities to native, bilinear, thresholded there, and these numbers were measured from the outlines that run kept",230.000000,273.000000,124.459762,391.703395,715.227663,210.000000,250.000000,112.861892,387.451933,714.210635,0.902426,4.371415,0.019366,20.000000,23.000000,11.597870,131.000000,145.000000,69.029696,394.047161,712.784703,125.000000,127.000000,63.615972,402.197184,715.818546,0.887155,8.696384,0.038527,6.000000,18.000000,5.413724,0.531136,0.508000,0.023136,0.307620,0.317715,-0.010095,0.000000,
105_os_2,main,unspecified,2104,expert1,graded,"probabilities to native, bilinear, thresholded there, and these numbers were measured from the outlines that run kept",321.000000,374.000000,172.324595,515.193532,970.959246,278.000000,348.000000,153.747614,506.151760,973.685909,0.886425,9.443958,0.030713,43.000000,26.000000,18.576981,186.000000,207.000000,98.099250,520.797043,969.846591,154.000000,170.000000,79.886137,522.705222,971.156317,0.797462,2.314418,0.007527,32.000000,37.000000,18.213113,0.553476,0.488506,0.064970,0.324069,0.269977,0.054092,0.000000,
105_os_3,main,unspecified,2100,expert1,graded,"probabilities to native, bilinear, thresholded there, and these numbers were measured from the outlines that run kept",321.000000,379.000000,173.172200,521.608022,959.537108,305.000000,359.000000,163.123981,524.636322,963.465154,0.940284,4.959853,0.015203,16.000000,20.000000,10.048219,181.000000,199.000000,94.956644,525.959720,956.328238,163.000000,160.000000,80.962680,540.717622,952.537319,0.814554,15.237019,0.046704,18.000000,39.000000,13.993964,0.525066,0.445682,0.079384,0.300673,0.246340,0.054333,0.000000,
105_os_4,main,unspecified,2100,expert1,graded,"probabilities to native, bilinear, thresholded there, and these numbers were measured from the outlines that run kept",316.000000,379.000000,171.772335,510.122671,970.627078,276.000000,353.000000,156.221437,503.382309,972.588006,0.904963,7.019809,0.022467,40.000000,26.000000,15.550898,181.000000,204.000000,95.631383,514.677874,966.554767,134.000000,156.000000,73.136033,524.320102,961.479469,0.738070,10.896385,0.034875,47.000000,48.000000,22.495350,0.538259,0.441926,0.096332,0.309952,0.219170,0.090782,0.000000,
105_os_5,main,unspecified,2100,expert1,graded,"probabilities to native, bilinear, thresholded there, and these numbers were measured from the outlines that run kept",319.000000,376.000000,171.989010,525.654166,965.665250,280.000000,353.000000,156.408779,518.285993,969.149841,0.905327,8.150604,0.026055,39.000000,23.000000,15.580230,185.000000,205.000000,97.377880,530.738335,963.789090,178.000000,178.000000,88.313243,544.040405,964.572566,0.862448,13.325123,0.042597,7.000000,27.000000,9.064637,0.545213,0.504249,0.040963,0.320567,0.318808,0.001759,0.000000,
105_os_6,main,unspecified,1571,expert1,graded,"probabilities to native, bilinear, thresholded there, and these numbers were measured from the outlines that run kept",240.000000,292.000000,130.981931,444.146035,739.937901,212.000000,271.000000,118.050519,438.931911,741.991549,0.896426,5.603977,0.023736,28.000000,21.000000,12.931412,149.000000,162.000000,77.091918,453.173478,740.388249,124.000000,147.000000,66.385242,454.344240,740.142362,0.851581,1.196305,0.005067,25.000000,15.000000,10.706676,0.554795,0.542435,0.012359,0.346414,0.316233,0.030181,0.000000,
105_os_7,main,unspecified,1571,expert1,graded,"probabilities to native, bilinear, thresholded there, and these numbers were measured from the outlines that run kept",235.000000,285.000000,128.424719,491.307504,753.647566,207.000000,228.000000,107.034065,481.556834,747.555500,0.819794,11.497341,0.053709,28.000000,57.000000,21.390654,138.000000,158.000000,73.660779,501.313505,752.895694,111.000000,111.000000,53.473149,501.128020,744.126127,0.690230,8.771528,0.040975,27.000000,47.000000,20.187629,0.554386,0.486842,0.067544,0.328984,0.249590,0.079394,0.000000,
106_od_1,main,unspecified,1535,expert1,graded,"probabilities to native, bilinear, thresholded there, and these numbers were measured from the outlines that run kept",261.000000,257.000000,128.760127,1179.789978,787.844984,255.000000,262.000000,128.381337,1179.475637,780.757566,0.960525,7.094386,0.027630,6.000000,-5.000000,0.378791,175.000000,184.000000,88.333064,1176.251458,777.880186,189.000000,188.000000,95.058829,1171.663485,769.302839,0.902289,9.727301,0.037884,-14.000000,-4.000000,-6.725765,0.715953,0.717557,-0.001604,0.470635,0.548253,-0.077619,0.000000,
106_od_4,main,unspecified,1572,expert1,graded,"probabilities to native, bilinear, thresholded there, and these numbers were measured from the outlines that run kept",272.000000,277.000000,137.301073,883.027168,777.178931,251.000000,274.000000,130.477914,878.931138,776.317553,0.949054,4.185622,0.016040,21.000000,3.000000,6.823160,185.000000,200.000000,96.336094,876.326451,768.238682,182.000000,194.000000,95.762768,872.000833,769.359111,0.947728,4.468370,0.017123,3.000000,6.000000,0.573326,0.722022,0.708029,0.013992,0.492300,0.538666,-0.046365,0.000000,
106_os_1,main,unspecified,1535,expert1,graded,"probabilities to native, bilinear, thresholded there, and these numbers were measured from the outlines that run kept",248.000000,268.000000,129.074937,358.042740,697.725831,240.000000,261.000000,125.385978,358.250471,704.804155,0.956955,7.081371,0.028238,8.000000,7.000000,3.688959,151.000000,165.000000,79.063073,364.237142,693.169926,128.000000,131.000000,64.571985,360.453622,693.810596,0.800257,3.837379,0.015302,23.000000,34.000000,14.491089,0.615672,0.501916,0.113756,0.375201,0.265210,0.109990,0.000000,
106_os_3,main,unspecified,1573,expert1,graded,"probabilities to native, bilinear, thresholded there, and these numbers were measured from the outlines that run kept",255.000000,287.000000,135.074810,610.028716,858.951046,234.000000,263.000000,124.468713,610.224528,858.116044,0.918407,0.857654,0.003445,21.000000,24.000000,10.606097,156.000000,166.000000,79.802418,613.144449,852.759884,142.000000,147.000000,72.695122,613.351644,842.073545,0.890491,10.688347,0.042936,14.000000,19.000000,7.107296,0.578397,0.558935,0.019462,0.349047,0.341107,0.007940,0.000000,
107_od_1,main,unspecified,1531,expert1,graded,"probabilities to native, bilinear, thresholded there, and these numbers were measured from the outlines that run kept",209.000000,206.000000,103.870658,1099.856734,686.887889,200.000000,187.000000,97.127494,1102.697574,689.562709,0.931058,3.901927,0.020087,9.000000,19.000000,6.743164,99.000000,97.000000,48.892814,1093.285486,687.311851,87.000000,87.000000,44.205253,1101.401694,682.026877,0.855594,9.685235,0.049858,12.000000,10.000000,4.687561,0.470874,0.465241,0.005633,0.221567,0.207140,0.014427,0.000000,
107_os_1,main,unspecified,1532,expert1,graded,"probabilities to native, bilinear, thresholded there, and these numbers were measured from the outlines that run kept",205.000000,210.000000,103.201981,418.721937,791.243873,200.000000,196.000000,98.607363,414.752709,795.039087,0.947740,5.491668,0.027846,5.000000,14.000000,4.594617,84.000000,87.000000,42.841275,419.886750,791.932015,78.000000,72.000000,36.689679,416.671317,790.909671,0.844222,3.374047,0.017108,6.000000,15.000000,6.151596,0.414286,0.367347,0.046939,0.172325,0.138442,0.033883,0.000000,
108_od_1,main,unspecified,1528,expert1,graded,"probabilities to native, bilinear, thresholded there, and these numbers were measured from the outlines that run kept",240.000000,275.000000,129.053974,887.511305,788.123579,229.000000,262.000000,122.253517,884.214593,784.497955,0.942837,4.900352,0.020042,11.000000,13.000000,6.800457,164.000000,170.000000,82.868676,877.239918,783.873644,136.000000,147.000000,69.845668,888.272543,779.562573,0.827859,11.845005,0.048444,28.000000,23.000000,13.023008,0.618182,0.561069,0.057113,0.412323,0.326405,0.085919,0.000000,
108_od_2,main,unspecified,1531,expert1,graded,"probabilities to native, bilinear, thresholded there, and these numbers were measured from the outlines that run kept",244.000000,274.000000,129.971942,1173.140343,732.099265,225.000000,262.000000,120.932823,1175.546871,731.126042,0.928041,2.595870,0.010733,19.000000,12.000000,9.039119,151.000000,171.000000,80.771774,1168.630269,731.113339,148.000000,155.000000,74.950203,1174.086525,726.797144,0.900115,6.957030,0.028764,3.000000,16.000000,5.821571,0.624088,0.591603,0.032485,0.386207,0.384111,0.002095,0.000000,
108_od_3,main,unspecified,1531,expert1,graded,"probabilities to native, bilinear, thresholded there, and these numbers were measured from the outlines that run kept",244.000000,273.000000,129.675266,1167.479765,733.807810,227.000000,262.000000,123.708135,1167.557448,733.894172,0.952926,0.116160,0.000469,17.000000,11.000000,5.967131,138.000000,157.000000,72.469268,1165.691557,732.943572,158.000000,152.000000,78.343163,1163.349704,728.801162,0.896845,4.758554,0.019233,-20.000000,5.000000,-5.873895,0.575092,0.580153,-0.005061,0.312315,0.401057,-0.088741,0.000000,
108_os_1,main,unspecified,1529,expert1,graded,"probabilities to native, bilinear, thresholded there, and these numbers were measured from the outlines that run kept",221.000000,287.000000,126.637627,677.237486,687.569846,219.000000,278.000000,122.310785,680.624282,685.456594,0.956952,3.992020,0.016319,2.000000,9.000000,4.326843,139.000000,164.000000,75.620348,688.512107,690.741887,131.000000,158.000000,68.978955,692.715815,688.752743,0.906207,4.650576,0.019011,8.000000,6.000000,6.641394,0.571429,0.568345,0.003083,0.356576,0.318056,0.038520,0.000000,
108_os_2,main,unspecified,1529,expert1,graded,"probabilities to native, bilinear, thresholded there, and these numbers were measured from the outlines that run kept",223.000000,295.000000,129.163686,316.664695,762.045886,210.000000,281.000000,120.533397,308.750712,767.675343,0.926082,9.711947,0.040287,13.000000,14.000000,8.630289,154.000000,172.000000,79.322327,328.006577,765.145849,115.000000,150.000000,64.352246,323.576633,766.071560,0.793849,4.525631,0.018773,39.000000,22.000000,14.970080,0.583051,0.533808,0.049243,0.377146,0.285044,0.092102,0.000000,
108_os_3,main,unspecified,1529,expert1,graded,"probabilities to native, bilinear, thresholded there, and these numbers were measured from the outlines that run kept",225.000000,292.000000,129.788132,350.067007,749.197884,208.000000,273.000000,119.505689,345.471460,749.983752,0.917648,4.662257,0.019506,17.000000,19.000000,10.282443,136.000000,162.000000,73.492055,357.845120,752.268270,140.000000,183.000000,80.422252,358.836458,752.934347,0.908681,1.194324,0.004997,-4.000000,-21.000000,-6.930197,0.554795,0.670330,-0.115535,0.320635,0.452872,-0.132237,0.000000,
109_od_1,main,unspecified,2101,expert1,graded,"probabilities to native, bilinear, thresholded there, and these numbers were measured from the outlines that run kept",294.000000,302.000000,149.402686,1586.965504,1003.326835,280.000000,284.000000,138.748202,1580.121083,1008.705832,0.925431,8.705153,0.031370,14.000000,18.000000,10.654483,147.000000,148.000000,72.710446,1588.074899,1005.727618,85.000000,74.000000,39.874276,1594.684885,997.897297,0.462414,10.247235,0.036927,62.000000,74.000000,32.836170,0.490066,0.260563,0.229503,0.236852,0.082591,0.154261,0.000000,
109_od_3,main,unspecified,2102,expert1,graded,"probabilities to native, bilinear, thresholded there, and these numbers were measured from the outlines that run kept",292.000000,301.000000,148.667970,1577.847874,1020.074457,268.000000,280.000000,137.774357,1574.739356,1018.772492,0.924048,3.370163,0.012231,24.000000,21.000000,10.893613,151.000000,149.000000,73.762259,1577.362137,1020.949746,97.000000,94.000000,46.956710,1576.155334,1013.619316,0.576769,7.429103,0.026961,54.000000,55.000000,26.805550,0.495017,0.335714,0.159302,0.246169,0.116161,0.130009,0.000000,
109_os_1,main,unspecified,2101,expert1,graded,"probabilities to native, bilinear, thresholded there, and these numbers were measured from the outlines that run kept",331.000000,293.000000,153.507267,469.951668,921.885452,341.000000,268.000000,146.119656,469.094251,928.073484,0.935254,6.247152,0.021377,-10.000000,25.000000,7.387610,147.000000,136.000000,69.128766,474.891427,919.146473,132.000000,110.000000,58.018334,477.579574,913.609929,0.826403,6.154629,0.021060,15.000000,26.000000,11.110433,0.464164,0.410448,0.053716,0.202796,0.157657,0.045139,0.000000,
109_os_3,main,unspecified,2101,expert1,graded,"probabilities to native, bilinear, thresholded there, and these numbers were measured from the outlines that run kept",323.000000,283.000000,149.724053,519.344944,897.183015,318.000000,255.000000,140.424283,519.151318,899.562995,0.933847,2.387844,0.008502,5.000000,28.000000,9.299770,153.000000,140.000000,72.541706,524.781696,893.145536,153.000000,105.000000,61.185313,528.496471,885.480911,0.815325,8.517395,0.030327,0.000000,35.000000,11.356392,0.494700,0.411765,0.082935,0.234743,0.189850,0.044893,0.000000,
10_od_1,main,unspecified,2103,expert1,graded,"probabilities to native, bilinear, thresholded there, and these numbers were measured from the outlines that run kept",296.000000,325.000000,155.372526,1594.064504,1016.336801,278.000000,305.000000,144.864946,1597.240349,1015.512203,0.930090,3.281152,0.011325,18.000000,20.000000,10.507580,176.000000,189.000000,91.304633,1590.114853,1012.136922,165.000000,163.000000,80.822989,1585.795926,1004.103011,0.878489,9.121231,0.031482,11.000000,26.000000,10.481644,0.581538,0.534426,0.047112,0.345332,0.311274,0.034058,0.000000,
10_od_2,main,unspecified,2100,expert1,graded,"probabilities to native, bilinear, thresholded there, and these numbers were measured from the outlines that run kept",298.000000,325.000000,155.730634,1603.934873,974.241383,280.000000,289.000000,144.458977,1603.076449,973.050702,0.925009,1.467861,0.005081,18.000000,36.000000,11.271656,178.000000,192.000000,92.089152,1600.250582,967.622288,158.000000,169.000000,82.582016,1593.794866,964.605181,0.886679,7.125953,0.024664,20.000000,23.000000,9.507137,0.590769,0.584775,0.005994,0.349678,0.326800,0.022879,0.000000,
10_os_1,main,unspecified,2101,expert1,graded,"probabilities to native, bilinear, thresholded there, and these numbers were measured from the outlines that run kept",283.000000,339.000000,154.686750,501.648805,952.168906,260.000000,317.000000,145.148119,502.497394,950.727650,0.936438,1.672519,0.005761,23.000000,22.000000,9.538631,176.000000,208.000000,93.877824,501.686351,954.447539,168.000000,189.000000,89.297150,493.451399,953.313041,0.916607,8.312732,0.028635,8.000000,19.000000,4.580674,0.613569,0.596215,0.017355,0.368315,0.378488,-0.010173,0.000000,
10_os_2,main,unspecified,2100,expert1,graded,"probabilities to native, bilinear, thresholded there, and these numbers were measured from the outlines that run kept",282.000000,338.000000,154.544699,516.715742,999.819682,271.000000,326.000000,148.241283,515.958574,1000.436137,0.957729,0.976382,0.003293,11.000000,12.000000,6.303416,170.000000,208.000000,93.009181,515.828200,1002.696067,171.000000,190.000000,91.539651,507.413599,1000.986971,0.920638,8.586415,0.028961,-1.000000,18.000000,1.469530,0.615385,0.582822,0.032563,0.362196,0.381312,-0.019116,0.000000,
110_od_1,main,unspecified,2101,expert1,graded,"probabilities to native, bilinear, thresholded there, and these numbers were measured from the outlines that run kept",334.000000,332.000000,164.365188,1608.193713,1127.196128,316.000000,303.000000,156.533889,1611.329549,1134.342423,0.946414,7.804037,0.024928,18.000000,29.000000,7.831299,212.000000,198.000000,100.227450,1598.249026,1129.719414,146.000000,162.000000,77.995001,1602.068966,1135.385223,0.752279,6.833252,0.021827,66.000000,36.000000,22.232448,0.596386,0.534653,0.061732,0.371838,0.248266,0.123572,0.000000,
110_od_2,main,unspecified,2101,expert1,graded,"probabilities to native, bilinear, thresholded there, and these numbers were measured from the outlines that run kept",337.000000,324.000000,164.280924,1544.667009,1046.496049,329.000000,293.000000,156.477958,1546.022503,1050.934727,0.951116,4.641037,0.014830,8.000000,31.000000,7.802966,205.000000,176.000000,92.613056,1537.556224,1055.531099,192.000000,164.000000,90.486934,1539.754733,1051.223769,0.954034,4.835963,0.015453,13.000000,12.000000,2.126122,0.543210,0.559727,-0.016517,0.317812,0.334399,-0.016587,0.000000,
110_od_3,main,unspecified,1572,expert1,graded,"probabilities to native, bilinear, thresholded there, and these numbers were measured from the outlines that run kept",268.000000,264.000000,132.190233,1109.371350,790.786910,244.000000,237.000000,120.955194,1109.464949,793.786519,0.911411,3.001069,0.012406,24.000000,27.000000,11.235039,193.000000,202.000000,97.570549,1094.594624,796.013608,117.000000,100.000000,54.671106,1132.582215,780.749521,0.477887,40.939583,0.169234,76.000000,102.000000,42.899443,0.765152,0.421941,0.343211,0.544802,0.204299,0.340503,0.000000,
110_od_4,main,unspecified,1565,expert1,graded,"probabilities to native, bilinear, thresholded there, and these numbers were measured from the outlines that run kept",230.000000,229.000000,114.211817,1022.591630,801.356003,223.000000,210.000000,108.147947,1025.355623,804.482446,0.945499,4.173045,0.019293,7.000000,19.000000,6.063870,162.000000,170.000000,81.483900,1012.723189,805.958243,110.000000,101.000000,53.511828,1035.896398,793.356158,0.602646,26.378214,0.121954,52.000000,69.000000,27.972072,0.742358,0.480952,0.261406,0.509004,0.244829,0.264175,0.000000,
110_os_1,main,unspecified,2097,expert1,graded,"probabilities to native, bilinear, thresholded there, and these numbers were measured from the outlines that run kept",353.000000,331.000000,169.755449,514.412290,1087.445792,344.000000,304.000000,159.642724,508.267442,1089.803337,0.933358,6.581578,0.020613,9.000000,27.000000,10.112724,184.000000,153.000000,83.303504,517.504335,1077.875786,166.000000,153.000000,79.590735,556.272599,1070.484850,0.714594,39.466496,0.123609,18.000000,0.000000,3.712770,0.462236,0.503289,-0.041054,0.240813,0.248557,-0.007745,0.000000,
110_os_2,main,unspecified,2096,expert1,graded,"probabilities to native, bilinear, thresholded there, and these numbers were measured from the outlines that run kept",352.000000,328.000000,169.173166,512.368286,1058.119485,311.000000,300.000000,151.124896,516.402202,1060.272167,0.887660,4.572365,0.015128,41.000000,28.000000,18.048270,199.000000,171.000000,91.152855,519.407118,1051.259242,149.000000,128.000000,67.625129,545.431893,1035.831350,0.681591,30.254070,0.100096,50.000000,43.000000,23.527725,0.521341,0.426667,0.094675,0.290320,0.200237,0.090083,0.000000,
110_os_3,main,unspecified,1571,expert1,graded,"probabilities to native, bilinear, thresholded there, and these numbers were measured from the outlines that run kept",274.000000,266.000000,133.846176,433.089195,831.405750,258.000000,252.000000,125.145847,434.632962,833.406305,0.930842,2.526942,0.010096,16.000000,14.000000,8.700329,170.000000,147.000000,78.420323,443.709472,827.124586,106.000000,108.000000,53.108793,455.292969,813.885340,0.628863,17.591334,0.070283,64.000000,39.000000,25.311530,0.552632,0.428571,0.124060,0.343277,0.180094,0.163183,0.000000,
110_os_4,main,unspecified,1572,expert1,graded,"probabilities to native, bilinear, thresholded there, and these numbers were measured from the outlines that run kept",278.000000,265.000000,134.608588,435.251212,810.156665,243.000000,239.000000,117.763004,436.030504,811.686329,0.867094,1.716732,0.007289,35.000000,26.000000,16.845584,163.000000,144.000000,75.958443,448.064107,806.566700,122.000000,113.000000,58.629587,462.211223,790.514214,0.714054,21.396803,0.090847,41.000000,31.000000,17.328856,0.543396,0.472803,0.070593,0.318425,0.247865,0.070559,0.000000,
111_od_1,main,unspecified,1529,expert1,graded,"probabilities to native, bilinear, thresholded there, and these numbers were measured from the outlines that run kept",171.000000,221.000000,97.083241,1181.998244,781.286930,167.000000,221.000000,91.046285,1181.732471,783.576185,0.925609,2.304630,0.012656,4.000000,0.000000,6.036956,90.000000,99.000000,46.990591,1176.829177,778.420787,67.000000,77.000000,34.783558,1176.967903,774.854512,0.707953,3.568972,0.019600,23.000000,22.000000,12.207034,0.447964,0.348416,0.099548,0.234279,0.145957,0.088322,0.000000,
111_od_6,main,unspecified,1572,expert1,graded,"probabilities to native, bilinear, thresholded there, and these numbers were measured from the outlines that run kept",181.000000,230.000000,101.364317,1194.070324,761.397627,165.000000,218.000000,93.161351,1193.995599,767.650847,0.911378,6.253667,0.033564,16.000000,12.000000,8.202966,90.000000,103.000000,48.138300,1187.645055,758.983104,83.000000,82.000000,40.227944,1188.151259,757.314516,0.822388,1.743683,0.009358,7.000000,21.000000,7.910357,0.447826,0.376147,0.071679,0.225534,0.186459,0.039074,0.000000,
111_os_1,main,unspecified,1528,expert1,graded,"probabilities to native, bilinear, thresholded there, and these numbers were measured from the outlines that run kept",177.000000,237.000000,101.215045,296.264790,700.388640,170.000000,229.000000,94.983457,294.763786,700.738383,0.935649,1.541211,0.008113,7.000000,8.000000,6.231588,92.000000,106.000000,49.352885,298.584684,701.651986,76.000000,88.000000,38.398065,301.526123,702.685665,0.754152,3.117780,0.016412,16.000000,18.000000,10.954820,0.447257,0.384279,0.062978,0.237758,0.163427,0.074331,0.000000,
111_os_6,main,unspecified,1572,expert1,graded,"probabilities to native, bilinear, thresholded there, and these numbers were measured from the outlines that run kept",210.000000,249.000000,109.989479,368.331948,791.856759,159.000000,222.000000,93.050240,357.157237,798.885960,0.834297,13.201660,0.070938,51.000000,27.000000,16.939239,90.000000,101.000000,47.512669,367.915539,796.841512,77.000000,82.000000,39.541600,370.712134,796.381515,0.818394,2.834174,0.015229,13.000000,19.000000,7.971069,0.405622,0.369369,0.036253,0.186602,0.180582,0.006021,0.000000,
112_od_1,main,unspecified,1529,expert1,graded,"probabilities to native, bilinear, thresholded there, and these numbers were measured from the outlines that run kept",143.000000,190.000000,79.560734,1202.468923,757.651664,120.000000,168.000000,65.390035,1197.083228,769.782997,0.802905,13.273091,0.101492,23.000000,22.000000,14.170699,83.000000,85.000000,42.148398,1189.983157,765.447769,79.000000,83.000000,36.784988,1195.651611,768.439191,0.787022,6.409366,0.049009,4.000000,2.000000,5.363410,0.447368,0.494048,-0.046679,0.280650,0.316459,-0.035810,0.000000,
112_od_5,main,unspecified,2102,expert1,graded,"probabilities to native, bilinear, thresholded there, and these numbers were measured from the outlines that run kept",201.000000,274.000000,113.038027,1625.375343,1035.836605,150.000000,240.000000,89.436062,1634.481117,1048.295515,0.769837,15.431772,0.086273,51.000000,34.000000,23.601965,107.000000,101.000000,48.539981,1616.256822,1039.076871,66.000000,95.000000,37.240786,1625.522148,1031.059445,0.714687,12.252567,0.068499,41.000000,6.000000,11.299195,0.368613,0.395833,-0.027220,0.184395,0.173385,0.011010,0.000000,
112_os_1,main,unspecified,1528,expert1,graded,"probabilities to native, bilinear, thresholded there, and these numbers were measured from the outlines that run kept",145.000000,187.000000,81.601008,347.314738,704.217506,137.000000,191.000000,76.270002,355.887387,704.140575,0.897178,8.572995,0.056202,8.000000,-4.000000,5.331006,100.000000,101.000000,48.022444,353.321877,707.400414,73.000000,96.000000,40.793677,359.662969,708.711362,0.821775,6.475185,0.042449,27.000000,5.000000,7.228767,0.540107,0.502618,0.037489,0.346336,0.286074,0.060262,0.000000,
112_os_5,main,unspecified,2100,expert1,graded,"probabilities to native, bilinear, thresholded there, and these numbers were measured from the outlines that run kept",218.000000,239.000000,109.773664,505.774467,919.106585,173.000000,239.000000,97.296125,488.110356,938.375488,0.788378,26.140226,0.134333,45.000000,0.000000,12.477539,137.000000,108.000000,58.458318,508.846777,931.523659,88.000000,115.000000,42.329261,486.625155,926.925919,0.664345,22.692282,0.116615,49.000000,-7.000000,16.129057,0.451883,0.481172,-0.029289,0.283594,0.189274,0.094320,0.000000,
113_od_1,main,unspecified,1533,expert1,graded,"probabilities to native, bilinear, thresholded there, and these numbers were measured from the outlines that run kept",193.000000,167.000000,84.743078,1133.913479,765.031160,200.000000,215.000000,103.648245,1142.405274,789.460444,0.794481,25.863111,0.124764,-7.000000,-48.000000,-18.905166,97.000000,114.000000,48.398786,1139.517869,775.206550,151.000000,206.000000,86.648573,1147.234112,791.388053,0.475603,17.927115,0.086481,-54.000000,-92.000000,-38.249788,0.682635,0.958140,-0.275505,0.326182,0.698874,-0.372692,0.000000,
113_od_4,main,unspecified,2103,expert1,graded,"probabilities to native, bilinear, thresholded there, and these numbers were measured from the outlines that run kept",275.000000,294.000000,142.022331,1562.979674,999.574084,254.000000,277.000000,134.060041,1561.149236,999.006181,0.942367,1.916512,0.007148,21.000000,17.000000,7.962291,167.000000,219.000000,95.312980,1568.881149,993.085739,155.000000,231.000000,96.664299,1568.544745,994.511531,0.952103,1.464940,0.005464,12.000000,-12.000000,-1.351319,0.744898,0.833935,-0.089037,0.450392,0.519916,-0.069524,0.000000,
113_os_1,main,unspecified,1534,expert1,graded,"probabilities to native, bilinear, thresholded there, and these numbers were measured from the outlines that run kept",188.000000,211.000000,99.454318,367.361685,725.868894,172.000000,206.000000,93.672463,370.762787,727.210803,0.939529,3.656258,0.019516,16.000000,5.000000,5.781855,96.000000,111.000000,50.971024,367.171772,728.963367,76.000000,88.000000,39.946057,371.891283,725.945342,0.760683,5.601987,0.029902,20.000000,23.000000,11.024967,0.526066,0.427184,0.098882,0.262663,0.181854,0.080809,0.000000,
113_os_4,main,unspecified,2104,expert1,graded,"probabilities to native, bilinear, thresholded there, and these numbers were measured from the outlines that run kept",250.000000,287.000000,134.401517,443.528802,1092.748595,225.000000,276.000000,124.757359,441.123729,1088.609690,0.925525,4.786952,0.019185,25.000000,11.000000,9.644158,130.000000,150.000000,68.754783,442.924786,1092.621709,95.000000,136.000000,56.955211,449.928957,1088.692964,0.805048,8.030781,0.032186,35.000000,14.000000,11.799572,0.522648,0.492754,0.029894,0.261696,0.208418,0.053279,0.000000,
114_od_1,main,unspecified,1535,expert1,graded,"probabilities to native, bilinear, thresholded there, and these numbers were measured from the outlines that run kept",238.000000,275.000000,127.767455,1156.700751,770.970479,227.000000,266.000000,121.371591,1155.668143,770.263575,0.948690,1.251395,0.005155,11.000000,9.000000,6.395863,126.000000,148.000000,68.562383,1150.334642,770.811010,158.000000,153.000000,77.825449,1160.348959,770.935726,0.872648,10.015094,0.041258,-32.000000,-5.000000,-9.263066,0.538182,0.575188,-0.037006,0.287959,0.411158,-0.123199,0.000000,
114_od_2,main,unspecified,2103,expert1,graded,"probabilities to native, bilinear, thresholded there, and these numbers were measured from the outlines that run kept",334.000000,382.000000,177.892474,1576.459997,1080.458237,311.000000,353.000000,167.153483,1576.469838,1079.147977,0.937814,1.310297,0.003919,23.000000,29.000000,10.738991,166.000000,182.000000,87.982829,1568.041202,1083.352893,167.000000,179.000000,85.971830,1558.143325,1074.984281,0.894634,12.961545,0.038771,-1.000000,3.000000,2.010999,0.476440,0.507082,-0.030642,0.244614,0.264534,-0.019920,0.000000,
114_os_1,main,unspecified,1533,expert1,graded,"probabilities to native, bilinear, thresholded there, and these numbers were measured from the outlines that run kept",245.000000,278.000000,130.636389,347.540848,773.421177,235.000000,264.000000,125.647186,348.335605,775.827328,0.959142,2.534009,0.010084,10.000000,14.000000,4.989203,147.000000,172.000000,78.041921,356.039981,770.320581,147.000000,159.000000,75.719203,354.815456,775.699089,0.942659,5.516141,0.021951,0.000000,13.000000,2.322718,0.618705,0.602273,0.016432,0.356884,0.363167,-0.006283,0.000000,
114_os_2,main,unspecified,2102,expert1,graded,"probabilities to native, bilinear, thresholded there, and these numbers were measured from the outlines that run kept",341.000000,387.000000,181.884432,508.960300,1023.241894,322.000000,355.000000,171.875150,504.629905,1024.565556,0.943427,4.528179,0.013173,19.000000,32.000000,10.009281,196.000000,221.000000,102.171291,518.625705,1024.285226,184.000000,201.000000,97.907621,522.949992,1020.997045,0.939628,5.432457,0.015803,12.000000,20.000000,4.263670,0.571059,0.566197,0.004862,0.315549,0.324494,-0.008945,0.000000,
115_os_1,main,unspecified,1531,expert1,graded,"probabilities to native, bilinear, thresholded there, and these numbers were measured from the outlines that run kept",243.000000,269.000000,127.725095,358.781858,656.678328,230.000000,267.000000,122.270440,357.041519,658.417634,0.956362,2.460481,0.010062,13.000000,2.000000,5.454656,141.000000,156.000000,73.936824,364.665308,650.143822,111.000000,109.000000,54.656548,359.161215,638.930634,0.706728,12.491222,0.051080,30.000000,47.000000,19.280276,0.579926,0.408240,0.171686,0.335096,0.199821,0.135275,0.000000,
116_od_1,main,unspecified,1535,expert1,graded,"probabilities to native, bilinear, thresholded there, and these numbers were measured from the outlines that run kept",290.000000,279.000000,132.195049,1216.112111,695.994481,279.000000,278.000000,140.327912,1199.126762,715.503314,0.871802,25.866902,0.092166,11.000000,1.000000,-8.132862,153.000000,167.000000,78.251692,1215.291677,695.842023,174.000000,158.000000,82.429624,1208.896374,705.889534,0.888697,11.910180,0.042437,-21.000000,9.000000,-4.177932,0.598566,0.568345,0.030221,0.350394,0.345047,0.005347,0.000000,
116_od_7,main,unspecified,1572,expert1,graded,"probabilities to native, bilinear, thresholded there, and these numbers were measured from the outlines that run kept",288.000000,289.000000,144.642849,1160.333485,789.604272,264.000000,276.000000,135.722486,1153.789528,794.186625,0.934926,7.988826,0.029431,24.000000,13.000000,8.920364,183.000000,183.000000,91.168568,1155.784582,781.524050,152.000000,150.000000,75.531901,1158.804385,781.800201,0.814034,3.032404,0.011171,31.000000,33.000000,15.636667,0.633218,0.543478,0.089740,0.397280,0.309711,0.087568,0.000000,
116_os_1,main,unspecified,1532,expert1,graded,"probabilities to native, bilinear, thresholded there, and these numbers were measured from the outlines that run kept",294.000000,269.000000,131.213808,334.510806,734.213685,290.000000,277.000000,139.455294,348.671670,744.136930,0.888754,17.291641,0.061997,4.000000,-8.000000,-8.241486,168.000000,137.000000,60.560437,324.132876,737.950703,223.000000,211.000000,109.163030,353.582686,750.879638,0.470680,32.162845,0.115316,-55.000000,-74.000000,-48.602594,0.509294,0.761733,-0.252439,0.213019,0.612747,-0.399728,0.000000,
116_os_7,main,unspecified,1572,expert1,graded,"probabilities to native, bilinear, thresholded there, and these numbers were measured from the outlines that run kept",295.000000,292.000000,145.222662,486.876341,803.082877,279.000000,273.000000,136.635256,485.542668,801.278682,0.939122,2.243614,0.008210,16.000000,19.000000,8.587406,189.000000,206.000000,94.476068,495.891730,802.800399,149.000000,138.000000,72.244911,480.488504,789.250656,0.732661,20.514749,0.075071,40.000000,68.000000,22.231157,0.705479,0.505495,0.199985,0.423228,0.279569,0.143659,0.000000,
117_od_1,main,unspecified,2100,expert1,graded,"probabilities to native, bilinear, thresholded there, and these numbers were measured from the outlines that run kept",285.000000,298.000000,143.908163,1640.273605,1036.586281,292.000000,286.000000,144.109305,1552.208375,1061.470058,0.605354,91.513317,0.317514,-7.000000,12.000000,-0.201142,146.000000,170.000000,78.007244,1650.917717,1027.877700,156.000000,161.000000,78.960343,1557.040282,1059.145811,0.235893,98.947802,0.343308,-10.000000,9.000000,-0.953099,0.570470,0.562937,0.007533,0.293832,0.300216,-0.006384,0.000000,
117_od_4,main,unspecified,1572,expert1,graded,"probabilities to native, bilinear, thresholded there, and these numbers were measured from the outlines that run kept",220.000000,239.000000,113.268699,1177.468069,749.541086,177.000000,221.000000,98.211131,1172.596627,753.425384,0.858316,6.230467,0.031720,43.000000,18.000000,15.057569,119.000000,141.000000,64.768866,1178.946733,743.216936,96.000000,134.000000,55.654950,1181.336039,738.236769,0.849149,5.523662,0.028121,23.000000,7.000000,9.113916,0.589958,0.606335,-0.016377,0.326974,0.321134,0.005840,0.000000,
117_os_1,main,unspecified,2100,expert1,graded,"probabilities to native, bilinear, thresholded there, and these numbers were measured from the outlines that run kept",305.000000,301.000000,150.837117,441.263749,1063.154120,276.000000,259.000000,135.314964,434.137145,1066.037098,0.891829,7.687656,0.028407,29.000000,42.000000,15.522152,173.000000,193.000000,90.351399,440.036926,1058.301061,127.000000,156.000000,70.955673,448.921603,1062.026174,0.762945,9.634001,0.035598,46.000000,37.000000,19.395727,0.641196,0.602317,0.038879,0.358801,0.274968,0.083832,0.000000,
117_os_4,main,unspecified,1572,expert1,graded,"probabilities to native, bilinear, thresholded there, and these numbers were measured from the outlines that run kept",234.000000,239.000000,117.810297,427.170608,794.243836,205.000000,209.000000,103.114039,424.143939,794.575966,0.867543,3.044837,0.014764,29.000000,30.000000,14.696257,138.000000,164.000000,74.209698,434.098434,792.273452,110.000000,125.000000,60.265378,435.303155,792.408501,0.794817,1.212267,0.005878,28.000000,39.000000,13.944320,0.686192,0.598086,0.088106,0.396785,0.341586,0.055199,0.000000,
118_od_1,main,unspecified,1533,expert1,graded,"probabilities to native, bilinear, thresholded there, and these numbers were measured from the outlines that run kept",212.000000,219.000000,107.924026,1174.570780,689.569824,211.000000,209.000000,103.078533,1175.636729,694.379239,0.948608,4.926126,0.023895,1.000000,10.000000,4.845493,118.000000,111.000000,56.910483,1170.326683,694.165111,96.000000,98.000000,48.411937,1174.688578,692.597718,0.839662,4.634959,0.022483,22.000000,13.000000,8.498546,0.506849,0.468900,0.037950,0.278066,0.220581,0.057485,0.000000,
118_od_4,main,unspecified,2102,expert1,graded,"probabilities to native, bilinear, thresholded there, and these numbers were measured from the outlines that run kept",293.000000,305.000000,149.205480,1594.440798,915.074779,280.000000,288.000000,140.433349,1590.140775,920.961360,0.938679,7.289858,0.025955,13.000000,17.000000,8.772130,153.000000,152.000000,76.113336,1591.853407,917.751978,102.000000,100.000000,50.155788,1576.860939,905.129571,0.605524,19.598450,0.069778,51.000000,52.000000,25.957548,0.498361,0.347222,0.151138,0.260227,0.127556,0.132671,0.000000,
118_od_5,main,unspecified,2105,expert1,graded,"probabilities to native, bilinear, thresholded there, and these numbers were measured from the outlines that run kept",293.000000,306.000000,149.616653,1597.779182,941.242218,280.000000,288.000000,142.068270,1594.122082,945.517443,0.946318,5.626004,0.019800,13.000000,18.000000,7.548383,151.000000,150.000000,75.020245,1592.955998,944.714156,124.000000,118.000000,60.149066,1573.317350,938.734119,0.749819,20.528939,0.072250,27.000000,32.000000,14.871178,0.490196,0.409722,0.080474,0.251418,0.179252,0.072167,0.000000,
118_os_1,main,unspecified,1531,expert1,graded,"probabilities to native, bilinear, thresholded there, and these numbers were measured from the outlines that run kept",208.000000,215.000000,104.734316,352.805809,675.271060,192.000000,206.000000,97.996986,351.773020,677.750646,0.931008,2.686076,0.013705,16.000000,9.000000,6.737330,104.000000,104.000000,52.214214,356.830940,675.567659,101.000000,102.000000,48.631702,366.061911,671.516151,0.862394,10.080950,0.051435,3.000000,2.000000,3.582512,0.483721,0.495146,-0.011425,0.248542,0.246271,0.002271,0.000000,
118_os_4,main,unspecified,2100,expert1,graded,"probabilities to native, bilinear, thresholded there, and these numbers were measured from the outlines that run kept",279.000000,292.000000,141.829451,489.775077,975.518237,256.000000,266.000000,128.849093,486.402822,979.169182,0.903530,4.970060,0.019286,23.000000,26.000000,12.980358,137.000000,139.000000,68.898152,492.017904,971.317240,84.000000,84.000000,40.468560,489.528280,963.060253,0.513012,8.624156,0.033466,53.000000,55.000000,28.429592,0.476027,0.315789,0.160238,0.235984,0.098644,0.137339,0.000000,
118_os_5,main,unspecified,2103,expert1,graded,"probabilities to native, bilinear, thresholded there, and these numbers were measured from the outlines that run kept",278.000000,288.000000,140.508128,507.777341,970.449527,241.000000,271.000000,128.234968,504.056038,973.541821,0.908518,4.838427,0.018865,37.000000,17.000000,12.273160,143.000000,142.000000,70.638699,512.512312,968.635047,97.000000,98.000000,47.482512,507.574333,966.940138,0.622435,5.220762,0.020356,46.000000,44.000000,23.156187,0.493056,0.361624,0.131432,0.252745,0.137105,0.115640,0.000000,
119_od_1,main,unspecified,1533,expert1,graded,"probabilities to native, bilinear, thresholded there, and these numbers were measured from the outlines that run kept",149.000000,182.000000,82.123991,1247.227487,725.380498,121.000000,202.000000,74.342549,1241.721016,730.657490,0.863168,7.626786,0.051295,28.000000,-20.000000,7.781442,89.000000,104.000000,47.552849,1243.172016,725.329814,70.000000,121.000000,43.643629,1234.972092,727.814672,0.818154,8.568154,0.057626,19.000000,-17.000000,3.909220,0.571429,0.599010,-0.027581,0.335284,0.344641,-0.009357,0.000000,
119_od_2,main,unspecified,1533,expert1,graded,"probabilities to native, bilinear, thresholded there, and these numbers were measured from the outlines that run kept",148.000000,178.000000,81.268763,1253.331148,737.687937,117.000000,200.000000,71.749744,1247.520188,740.819452,0.832295,6.601034,0.046000,31.000000,-22.000000,9.519019,86.000000,104.000000,46.332298,1248.881969,736.861655,60.000000,104.000000,35.256207,1248.432010,739.417157,0.729083,2.594813,0.018082,26.000000,0.000000,11.076092,0.584270,0.520000,0.064270,0.325028,0.241452,0.083576,0.000000,
119_os_1,main,unspecified,1534,expert1,graded,"probabilities to native, bilinear, thresholded there, and these numbers were measured from the outlines that run kept",145.000000,183.000000,80.101014,352.562931,706.282731,148.000000,193.000000,79.189791,351.271712,701.647023,0.927543,4.812175,0.030384,-3.000000,-10.000000,0.911222,93.000000,116.000000,50.491028,359.148708,715.447247,87.000000,127.000000,45.876628,366.663642,717.196158,0.820327,7.715758,0.048717,6.000000,-11.000000,4.614400,0.633880,0.658031,-0.024151,0.397331,0.335617,0.061713,0.000000,
119_os_2,main,unspecified,1531,expert1,graded,"probabilities to native, bilinear, thresholded there, and these numbers were measured from the outlines that run kept",147.000000,186.000000,81.090355,329.024688,699.997386,155.000000,217.000000,83.083501,326.851333,700.132805,0.905441,2.177570,0.013105,-8.000000,-31.000000,-1.993147,96.000000,118.000000,51.508377,339.036953,709.566287,78.000000,113.000000,36.288400,340.191201,707.806865,0.648172,2.104247,0.012663,18.000000,5.000000,15.219977,0.634409,0.520737,0.113671,0.403476,0.190768,0.212707,0.000000,
11_od_1,main,unspecified,2102,expert1,graded,"probabilities to native, bilinear, thresholded there, and these numbers were measured from the outlines that run kept",261.000000,306.000000,139.765373,1619.791181,934.780019,265.000000,299.000000,137.896752,1620.405112,928.146956,0.950854,6.661414,0.024154,-4.000000,7.000000,1.868620,136.000000,176.000000,76.574058,1631.178166,927.261929,111.000000,151.000000,62.324438,1628.062444,916.528231,0.791014,11.176762,0.040526,25.000000,25.000000,14.249621,0.575163,0.505017,0.070147,0.300168,0.204272,0.095896,0.000000,
120_od_1,main,unspecified,2104,expert1,graded,"probabilities to native, bilinear, thresholded there, and these numbers were measured from the outlines that run kept",256.000000,302.000000,136.186063,1759.596866,948.987385,228.000000,256.000000,117.492396,1759.661525,940.077361,0.853258,8.910259,0.037918,28.000000,46.000000,18.693667,170.000000,213.000000,92.724691,1761.433860,948.873274,187.000000,230.000000,100.650536,1747.291711,928.491171,0.849296,24.807872,0.105572,-17.000000,-17.000000,-7.925845,0.705298,0.898438,-0.193139,0.463581,0.733859,-0.270278,0.000000,
120_od_4,main,unspecified,2100,expert1,graded,"probabilities to native, bilinear, thresholded there, and these numbers were measured from the outlines that run kept",239.000000,285.000000,125.967249,1563.535065,990.602387,240.000000,265.000000,123.171774,1557.036192,995.293127,0.944007,8.014885,0.032535,-1.000000,20.000000,2.795475,153.000000,199.000000,84.891318,1559.621952,995.327473,146.000000,225.000000,91.777537,1549.652029,997.323369,0.870718,10.167741,0.041275,7.000000,-26.000000,-6.886219,0.698246,0.849057,-0.150811,0.454162,0.555201,-0.101039,0.000000,
120_os_1,main,unspecified,2098,expert1,graded,"probabilities to native, bilinear, thresholded there, and these numbers were measured from the outlines that run kept",229.000000,273.000000,123.046372,477.578240,997.470451,209.000000,299.000000,122.867746,489.503363,999.676556,0.901507,12.127467,0.049352,20.000000,-26.000000,0.178626,133.000000,165.000000,72.357177,483.452578,1008.646887,116.000000,178.000000,68.657491,489.358363,1014.859005,0.849858,8.571389,0.034881,17.000000,-13.000000,3.699685,0.604396,0.595318,0.009078,0.345800,0.312248,0.033552,0.000000,
120_os_4,main,unspecified,2099,expert1,graded,"probabilities to native, bilinear, thresholded there, and these numbers were measured from the outlines that run kept",201.000000,242.000000,106.865907,460.141312,990.776688,233.000000,287.000000,125.988726,485.246375,1005.214751,0.783742,28.960695,0.114934,-32.000000,-45.000000,-19.122819,134.000000,154.000000,67.738003,478.264655,1008.290878,140.000000,179.000000,75.005393,487.014881,1010.431764,0.847642,9.008321,0.035751,-6.000000,-25.000000,-7.267390,0.636364,0.623693,0.012670,0.401778,0.354423,0.047355,0.000000,
121_od_1,main,unspecified,1532,expert1,graded,"probabilities to native, bilinear, thresholded there, and these numbers were measured from the outlines that run kept",177.000000,220.000000,98.728341,743.789988,670.321272,168.000000,208.000000,91.553559,744.237952,675.414993,0.924309,5.113380,0.027926,9.000000,12.000000,7.174782,97.000000,115.000000,52.058528,744.757811,675.357646,76.000000,95.000000,42.971102,740.265816,670.760214,0.809501,6.427628,0.035103,21.000000,20.000000,9.087426,0.522727,0.456731,0.065997,0.278035,0.220294,0.057741,0.000000,
121_os_1,main,unspecified,1533,expert1,graded,"probabilities to native, bilinear, thresholded there, and these numbers were measured from the outlines that run kept",184.000000,225.000000,101.680988,760.511622,759.807087,170.000000,203.000000,91.732438,760.388599,761.602512,0.897398,1.799634,0.009809,14.000000,22.000000,9.948551,103.000000,110.000000,52.925674,761.828750,756.019091,92.000000,106.000000,49.603784,762.123286,756.826649,0.934059,0.859594,0.004685,11.000000,4.000000,3.321890,0.488889,0.522167,-0.033279,0.270928,0.292404,-0.021477,0.000000,
122_od_1,main,unspecified,1529,expert1,graded,"probabilities to native, bilinear, thresholded there, and these numbers were measured from the outlines that run kept",195.000000,253.000000,111.231232,1238.804291,770.916206,173.000000,238.000000,101.981071,1239.165458,776.683072,0.913310,5.778164,0.028330,22.000000,15.000000,9.250161,144.000000,204.000000,85.145910,1244.695293,771.014796,122.000000,180.000000,73.945434,1234.954069,779.390034,0.844922,12.846636,0.062985,22.000000,24.000000,11.200476,0.806324,0.756303,0.050022,0.585968,0.525755,0.060213,0.000000,
122_od_3,main,unspecified,2098,expert1,graded,"probabilities to native, bilinear, thresholded there, and these numbers were measured from the outlines that run kept",187.000000,353.000000,129.005868,1682.281673,1013.054013,236.000000,335.000000,139.624099,1651.719716,1018.626043,0.813871,31.065749,0.111248,-49.000000,18.000000,-10.618230,143.000000,237.000000,89.562320,1665.904484,1010.270794,167.000000,256.000000,101.760784,1647.601346,1017.262972,0.833264,19.593249,0.070164,-24.000000,-19.000000,-12.198464,0.671388,0.764179,-0.092791,0.481983,0.531178,-0.049195,0.000000,
122_od_4,main,unspecified,1571,expert1,graded,"probabilities to native, bilinear, thresholded there, and these numbers were measured from the outlines that run kept",198.000000,267.000000,115.083612,1183.851375,818.547058,177.000000,249.000000,104.301855,1182.301723,819.118033,0.901946,1.651494,0.007917,21.000000,18.000000,10.781757,147.000000,205.000000,86.982226,1179.137027,819.924944,119.000000,207.000000,78.655394,1179.931262,823.250720,0.893415,3.419297,0.016391,28.000000,-2.000000,8.326833,0.767790,0.831325,-0.063535,0.571260,0.568687,0.002574,0.000000,
122_os_1,main,unspecified,1534,expert1,graded,"probabilities to native, bilinear, thresholded there, and these numbers were measured from the outlines that run kept",185.000000,250.000000,107.084610,292.826704,727.650520,187.000000,221.000000,99.985792,293.906136,743.958290,0.912119,16.343455,0.081729,-2.000000,29.000000,7.098818,137.000000,176.000000,78.204899,302.295097,734.509264,122.000000,182.000000,71.175149,300.310839,742.666541,0.872157,8.395144,0.041982,15.000000,-6.000000,7.029749,0.704000,0.823529,-0.119529,0.533352,0.506734,0.026618,0.000000,
122_os_5,main,unspecified,2099,expert1,graded,"probabilities to native, bilinear, thresholded there, and these numbers were measured from the outlines that run kept",256.000000,333.000000,145.360684,438.040448,979.350371,255.000000,302.000000,134.476099,440.990055,989.052911,0.921319,10.140979,0.037706,1.000000,31.000000,10.884585,173.000000,223.000000,98.931251,445.749285,987.467803,133.000000,209.000000,79.492691,440.506095,986.265616,0.783794,5.379246,0.020001,40.000000,14.000000,19.438560,0.669670,0.692053,-0.022383,0.463205,0.349433,0.113772,0.000000,
122_os_6,main,unspecified,1571,expert1,graded,"probabilities to native, bilinear, thresholded there, and these numbers were measured from the outlines that run kept",195.000000,259.000000,112.199990,375.084553,815.236719,183.000000,224.000000,99.303778,373.122079,825.817979,0.878504,10.761709,0.054186,12.000000,35.000000,12.896212,135.000000,175.000000,76.657151,384.025459,820.959103,114.000000,183.000000,70.082248,382.672910,824.252819,0.883184,3.560612,0.017928,21.000000,-8.000000,6.574903,0.675676,0.816964,-0.141289,0.466788,0.498063,-0.031275,0.000000,
123_od_1,main,unspecified,2104,expert1,graded,"probabilities to native, bilinear, thresholded there, and these numbers were measured from the outlines that run kept",221.000000,288.000000,126.194467,1628.498641,998.174895,195.000000,271.000000,111.930151,1623.665617,1006.531975,0.875947,9.653958,0.043125,26.000000,17.000000,14.264316,135.000000,161.000000,72.436318,1615.396809,1007.792405,79.000000,137.000000,52.512080,1613.169456,1010.365231,0.688989,3.403019,0.015202,56.000000,24.000000,19.924238,0.559028,0.505535,0.053493,0.329482,0.220102,0.109380,0.000000,
123_od_2,main,unspecified,2100,expert1,graded,"probabilities to native, bilinear, thresholded there, and these numbers were measured from the outlines that run kept",214.000000,275.000000,121.063043,1602.849079,1043.903245,166.000000,270.000000,101.478872,1587.137766,1052.220976,0.813332,17.777233,0.087591,48.000000,5.000000,19.584171,123.000000,157.000000,68.161948,1596.987120,1046.659907,90.000000,175.000000,59.716209,1587.465857,1050.546372,0.799798,10.283922,0.050670,33.000000,-18.000000,8.445738,0.570909,0.648148,-0.077239,0.317001,0.346285,-0.029283,0.000000,
123_od_4,main,unspecified,1564,expert1,graded,"probabilities to native, bilinear, thresholded there, and these numbers were measured from the outlines that run kept",154.000000,196.000000,87.002351,1075.049201,755.901556,114.000000,164.000000,68.082513,1070.478025,757.713638,0.759585,4.917244,0.036112,40.000000,32.000000,18.919838,98.000000,122.000000,53.967911,1065.284481,761.113115,60.000000,102.000000,37.210859,1066.643448,753.711264,0.644444,7.525569,0.055268,38.000000,20.000000,16.757053,0.622449,0.621951,0.000498,0.384777,0.298723,0.086054,0.000000,
123_os_1,main,unspecified,2100,expert1,graded,"probabilities to native, bilinear, thresholded there, and these numbers were measured from the outlines that run kept",218.000000,313.000000,131.368973,459.401977,1020.843923,194.000000,292.000000,118.310435,453.720494,1028.536408,0.894277,9.563136,0.040415,24.000000,21.000000,13.058539,141.000000,186.000000,80.005584,474.029837,1025.114774,95.000000,177.000000,64.325036,474.836680,1025.428033,0.780899,0.865520,0.003658,46.000000,9.000000,15.680549,0.594249,0.606164,-0.011915,0.370898,0.295606,0.075292,0.000000,
123_os_2,main,unspecified,2098,expert1,graded,"probabilities to native, bilinear, thresholded there, and these numbers were measured from the outlines that run kept",219.000000,296.000000,128.094645,456.370451,1012.953344,167.000000,260.000000,102.626690,453.314676,1016.812288,0.781890,4.922317,0.023982,52.000000,36.000000,25.467955,130.000000,175.000000,75.704488,465.150347,1013.217717,85.000000,180.000000,59.662882,464.807565,1021.772065,0.743251,8.561213,0.041710,45.000000,-5.000000,16.041606,0.591216,0.692308,-0.101091,0.349286,0.337978,0.011309,0.000000,
123_os_5,main,unspecified,1571,expert1,graded,"probabilities to native, bilinear, thresholded there, and these numbers were measured from the outlines that run kept",167.000000,258.000000,103.830812,385.996929,806.606070,142.000000,238.000000,91.841677,376.586324,816.928865,0.867877,13.968521,0.076047,25.000000,20.000000,11.989135,105.000000,162.000000,64.862175,399.167133,808.700613,62.000000,110.000000,40.727298,391.399156,810.766647,0.565552,8.038033,0.043760,43.000000,52.000000,24.134877,0.627907,0.462185,0.165722,0.390239,0.196649,0.193590,0.000000,
124_od_1,main,unspecified,2100,expert1,graded,"probabilities to native, bilinear, thresholded there, and these numbers were measured from the outlines that run kept",295.000000,295.000000,148.289588,1567.141931,902.099431,282.000000,264.000000,138.106650,1561.995945,902.528546,0.928901,5.163847,0.018695,13.000000,31.000000,10.182938,180.000000,174.000000,88.367291,1558.701329,902.315832,154.000000,158.000000,78.533893,1552.676094,906.243394,0.882573,7.192301,0.026039,26.000000,16.000000,9.833398,0.589831,0.598485,-0.008654,0.355109,0.323359,0.031750,0.000000,
124_od_2,main,unspecified,2102,expert1,graded,"probabilities to native, bilinear, thresholded there, and these numbers were measured from the outlines that run kept",295.000000,296.000000,148.440842,1572.827964,922.161086,264.000000,264.000000,133.824770,1560.449194,922.554734,0.896619,12.385028,0.046273,31.000000,32.000000,14.616072,173.000000,173.000000,86.778887,1566.920281,921.998478,159.000000,151.000000,78.099002,1558.073844,922.836395,0.884727,8.886031,0.033200,14.000000,22.000000,8.679886,0.584459,0.571970,0.012490,0.341760,0.340579,0.001181,0.000000,
124_os_1,main,unspecified,2101,expert1,graded,"probabilities to native, bilinear, thresholded there, and these numbers were measured from the outlines that run kept",298.000000,297.000000,148.876579,557.447516,874.327483,282.000000,254.000000,134.141932,561.210773,882.311074,0.896156,8.826087,0.032898,16.000000,43.000000,14.734647,179.000000,177.000000,88.716009,559.129540,873.573041,166.000000,145.000000,77.858163,568.295264,875.827190,0.863514,9.438839,0.035182,13.000000,32.000000,10.857846,0.595960,0.570866,0.025093,0.355100,0.336883,0.018217,0.000000,
124_os_2,main,unspecified,2100,expert1,graded,"probabilities to native, bilinear, thresholded there, and these numbers were measured from the outlines that run kept",299.000000,299.000000,149.691097,546.119142,865.545465,279.000000,272.000000,138.779170,549.616947,877.010809,0.922422,11.987024,0.043187,20.000000,27.000000,10.911927,182.000000,181.000000,90.229773,549.183290,866.116746,160.000000,145.000000,76.547034,554.820078,868.770317,0.837013,6.230155,0.022446,22.000000,36.000000,13.682739,0.605351,0.533088,0.072263,0.363335,0.304234,0.059101,0.000000,
125_os_1,main,unspecified,2099,expert1,graded,"probabilities to native, bilinear, thresholded there, and these numbers were measured from the outlines that run kept",,,,,,173.000000,203.000000,75.525580,437.862946,967.385491,0.000000,,,,,,,,,,,68.000000,75.000000,27.874620,443.877100,977.826710,0.000000,,,,,,,0.369458,,,0.136217,,,
125_os_3,main,unspecified,1571,expert1,graded,"probabilities to native, bilinear, thresholded there, and these numbers were measured from the outlines that run kept",16.000000,30.000000,8.291860,392.833333,757.532407,119.000000,143.000000,51.220212,438.865688,766.484712,0.000000,46.894791,0.457776,-103.000000,-113.000000,-42.928352,,,,,,55.000000,70.000000,20.989066,446.031069,775.932803,0.000000,,,,,,,0.489510,,0.000000,0.167920,-0.167920,,
126_od_1,main,unspecified,2105,expert1,graded,"probabilities to native, bilinear, thresholded there, and these numbers were measured from the outlines that run kept",316.000000,334.000000,162.928731,1619.455885,1025.226138,290.000000,303.000000,150.807570,1623.398886,1023.913323,0.922548,4.155808,0.013779,26.000000,31.000000,12.121161,146.000000,158.000000,75.411700,1613.227023,1019.146647,139.000000,148.000000,69.505317,1609.480464,1016.268828,0.912568,4.724252,0.015663,7.000000,10.000000,5.906382,0.473054,0.488449,-0.015395,0.214231,0.212417,0.001814,0.000000,
126_od_5,main,unspecified,1572,expert1,graded,"probabilities to native, bilinear, thresholded there, and these numbers were measured from the outlines that run kept",222.000000,238.000000,115.234255,1126.113479,700.703526,204.000000,218.000000,106.317931,1126.926107,700.040410,0.919641,1.048851,0.004933,18.000000,20.000000,8.916324,118.000000,134.000000,62.858417,1120.381133,698.977443,76.000000,75.000000,36.498313,1107.529271,693.961051,0.504278,13.796178,0.064882,42.000000,59.000000,26.360104,0.563025,0.344037,0.218989,0.297553,0.117851,0.179702,0.000000,
126_os_1,main,unspecified,2101,expert1,graded,"probabilities to native, bilinear, thresholded there, and these numbers were measured from the outlines that run kept",345.000000,354.000000,174.345536,466.668300,952.418659,330.000000,322.000000,164.520043,466.749544,949.411570,0.942058,3.008187,0.009142,15.000000,32.000000,9.825493,187.000000,181.000000,91.372589,477.006253,957.170155,132.000000,130.000000,66.708112,496.725536,960.341559,0.695367,19.972680,0.060700,55.000000,51.000000,24.664477,0.511299,0.403727,0.107573,0.274669,0.164407,0.110263,0.000000,
126_os_5,main,unspecified,1572,expert1,graded,"probabilities to native, bilinear, thresholded there, and these numbers were measured from the outlines that run kept",246.000000,257.000000,125.507774,434.036272,753.884353,229.000000,232.000000,116.136750,434.784698,750.116749,0.922556,3.841222,0.016537,17.000000,25.000000,9.371024,137.000000,130.000000,66.693795,443.341778,757.179118,95.000000,93.000000,47.462396,456.911686,762.471245,0.672367,14.565336,0.062708,42.000000,37.000000,19.231399,0.505837,0.400862,0.104975,0.282377,0.167017,0.115360,0.000000,
127_od_1,main,unspecified,2102,expert1,graded,"probabilities to native, bilinear, thresholded there, and these numbers were measured from the outlines that run kept",219.000000,286.000000,124.739497,1556.180267,997.983962,207.000000,288.000000,119.582907,1551.390028,996.041180,0.950068,5.169216,0.021614,12.000000,-2.000000,5.156590,138.000000,207.000000,85.528238,1566.390932,995.281319,173.000000,277.000000,107.953516,1553.474353,998.762209,0.771265,13.377392,0.055934,-35.000000,-70.000000,-22.425278,0.723776,0.961806,-0.238029,0.470123,0.814958,-0.344836,0.000000,
127_od_4,main,unspecified,2100,expert1,graded,"probabilities to native, bilinear, thresholded there, and these numbers were measured from the outlines that run kept",219.000000,285.000000,124.830053,1562.170303,1097.616844,207.000000,271.000000,118.051868,1555.180576,1100.947969,0.940455,7.742911,0.032795,12.000000,14.000000,6.778186,152.000000,225.000000,93.198928,1569.330035,1092.513266,193.000000,244.000000,108.164134,1554.492015,1103.094355,0.840685,18.224332,0.077188,-41.000000,-19.000000,-14.965206,0.789474,0.900369,-0.110895,0.557421,0.839500,-0.282079,0.000000,
127_od_5,main,unspecified,1572,expert1,graded,"probabilities to native, bilinear, thresholded there, and these numbers were measured from the outlines that run kept",175.000000,238.000000,101.552558,1116.216612,803.966388,161.000000,229.000000,95.011938,1115.488787,803.028103,0.933524,1.187479,0.006249,14.000000,9.000000,6.540620,149.000000,208.000000,87.543973,1118.200233,804.806620,144.000000,213.000000,85.686264,1111.894780,801.586014,0.934646,7.080327,0.037260,5.000000,-5.000000,1.857709,0.873950,0.930131,-0.056181,0.743140,0.813329,-0.070188,0.000000,
127_os_1,main,unspecified,2101,expert1,graded,"probabilities to native, bilinear, thresholded there, and these numbers were measured from the outlines that run kept",228.000000,301.000000,130.253280,526.004165,1000.891689,219.000000,301.000000,124.836428,525.205560,1004.028575,0.953129,3.236947,0.012965,9.000000,0.000000,5.416852,154.000000,216.000000,90.587134,514.790962,987.876998,174.000000,271.000000,107.148500,535.690224,1000.395281,0.780591,24.361580,0.097574,-20.000000,-55.000000,-16.561366,0.717608,0.900332,-0.182724,0.483677,0.736698,-0.253021,0.000000,
127_os_5,main,unspecified,2101,expert1,graded,"probabilities to native, bilinear, thresholded there, and these numbers were measured from the outlines that run kept",226.000000,299.000000,129.654400,506.187953,1062.943497,212.000000,301.000000,124.181959,507.353004,1067.094701,0.950542,4.311594,0.017360,14.000000,-2.000000,5.472440,160.000000,235.000000,97.564024,497.377408,1051.429976,175.000000,275.000000,107.573956,516.377665,1067.742456,0.826031,25.042100,0.100828,-15.000000,-40.000000,-10.009931,0.785953,0.913621,-0.127668,0.566246,0.750408,-0.184162,0.000000,
127_os_6,main,unspecified,1572,expert1,graded,"probabilities to native, bilinear, thresholded there, and these numbers were measured from the outlines that run kept",181.000000,251.000000,106.262528,426.092716,810.477476,163.000000,251.000000,99.013263,425.134550,811.844930,0.927044,1.669734,0.008432,18.000000,0.000000,7.249266,125.000000,209.000000,80.418294,419.575626,804.439583,122.000000,216.000000,81.166863,430.261391,809.053099,0.891110,11.639162,0.058776,3.000000,-7.000000,-0.748570,0.832669,0.860558,-0.027888,0.572729,0.672002,-0.099273,0.000000,
128_od_1,main,unspecified,2103,expert1,graded,"probabilities to native, bilinear, thresholded there, and these numbers were measured from the outlines that run kept",263.000000,292.000000,138.047864,1619.172758,940.670386,250.000000,246.000000,124.814753,1617.101978,956.517122,0.892732,15.981464,0.064021,13.000000,46.000000,13.233112,198.000000,213.000000,101.052954,1611.222873,947.594090,172.000000,170.000000,83.360801,1622.836150,952.794100,0.802196,12.724320,0.050973,26.000000,43.000000,17.692153,0.729452,0.691057,0.038395,0.535844,0.446059,0.089786,0.000000,
128_od_2,main,unspecified,2101,expert1,graded,"probabilities to native, bilinear, thresholded there, and these numbers were measured from the outlines that run kept",265.000000,289.000000,137.607910,1602.334768,905.885744,253.000000,246.000000,126.157888,1599.380312,914.681306,0.911846,9.278509,0.036773,12.000000,43.000000,11.450022,194.000000,213.000000,100.348061,1595.076213,913.253327,194.000000,195.000000,95.938776,1588.854683,924.593962,0.909547,12.935124,0.051266,0.000000,18.000000,4.409285,0.737024,0.792683,-0.055659,0.531779,0.578308,-0.046529,0.000000,
128_od_3,main,unspecified,1573,expert1,graded,"probabilities to native, bilinear, thresholded there, and these numbers were measured from the outlines that run kept",208.000000,244.000000,111.112408,1163.271155,710.794513,192.000000,225.000000,103.577586,1158.117019,718.314117,0.920017,9.116444,0.044008,16.000000,19.000000,7.534822,164.000000,182.000000,84.928806,1154.080538,717.646867,147.000000,174.000000,76.843781,1155.137135,721.104307,0.893548,3.615286,0.017452,17.000000,8.000000,8.085024,0.745902,0.773333,-0.027432,0.584231,0.550409,0.033822,0.000000,
128_os_1,main,unspecified,2102,expert1,graded,"probabilities to native, bilinear, thresholded there, and these numbers were measured from the outlines that run kept",233.000000,306.000000,132.794457,470.216697,884.131227,214.000000,292.000000,123.457006,471.602176,884.600359,0.922688,1.462750,0.005924,19.000000,14.000000,9.337451,158.000000,215.000000,92.172072,469.152716,886.145710,141.000000,197.000000,80.771774,469.743413,875.417447,0.839062,10.744512,0.043515,17.000000,18.000000,11.400298,0.702614,0.674658,0.027957,0.481769,0.428043,0.053726,0.000000,
128_os_2,main,unspecified,2101,expert1,graded,"probabilities to native, bilinear, thresholded there, and these numbers were measured from the outlines that run kept",235.000000,312.000000,134.719683,480.455470,903.485689,220.000000,308.000000,128.497816,482.664488,901.731941,0.942282,2.820530,0.010975,15.000000,4.000000,6.221867,164.000000,229.000000,97.168451,482.079395,904.337705,137.000000,200.000000,80.206252,480.186739,899.193815,0.810475,5.481035,0.021327,27.000000,29.000000,16.962199,0.733974,0.649351,0.084624,0.520222,0.389605,0.130616,0.000000,
128_os_3,main,unspecified,1568,expert1,graded,"probabilities to native, bilinear, thresholded there, and these numbers were measured from the outlines that run kept",166.000000,218.000000,95.127450,485.947659,696.841641,155.000000,209.000000,86.877868,486.697200,700.517249,0.903780,3.751254,0.021589,11.000000,9.000000,8.249582,115.000000,153.000000,66.409212,490.698087,699.225117,113.000000,151.000000,62.589454,494.100106,693.432437,0.880667,6.717803,0.038662,2.000000,2.000000,3.819758,0.701835,0.722488,-0.020653,0.487354,0.519020,-0.031665,0.000000,
129_od_1,main,unspecified,2098,expert1,graded,"probabilities to native, bilinear, thresholded there, and these numbers were measured from the outlines that run kept",372.000000,398.000000,191.214496,1677.422527,961.894529,354.000000,396.000000,187.558037,1673.029127,970.485798,0.956620,9.649449,0.025724,18.000000,2.000000,3.656459,191.000000,174.000000,89.839109,1667.728546,952.817992,113.000000,122.000000,56.542944,1649.888789,963.850458,0.565198,20.975515,0.055917,78.000000,52.000000,33.296165,0.437186,0.308081,0.129105,0.220744,0.090884,0.129861,0.000000,
129_od_3,main,unspecified,1571,expert1,graded,"probabilities to native, bilinear, thresholded there, and these numbers were measured from the outlines that run kept",272.000000,300.000000,141.263879,1181.622791,709.497225,265.000000,290.000000,137.578992,1173.535231,714.167395,0.945938,9.339117,0.033941,7.000000,10.000000,3.684886,149.000000,132.000000,70.299924,1165.422131,708.623148,103.000000,102.000000,51.117569,1163.229382,705.130101,0.691721,4.124260,0.014989,46.000000,30.000000,19.182355,0.440000,0.351724,0.088276,0.247655,0.138050,0.109605,0.000000,
129_os_1,main,unspecified,2100,expert1,graded,"probabilities to native, bilinear, thresholded there, and these numbers were measured from the outlines that run kept",323.000000,392.000000,173.164848,380.379336,905.488652,310.000000,391.000000,172.195245,386.478014,909.730054,0.963492,7.428551,0.021570,13.000000,1.000000,0.969602,143.000000,184.000000,74.387493,379.766624,910.902266,197.000000,271.000000,112.595054,404.613312,901.623682,0.603545,26.522632,0.077013,-54.000000,-87.000000,-38.207561,0.469388,0.693095,-0.223707,0.184536,0.427559,-0.243024,0.000000,
129_os_3,main,unspecified,1571,expert1,graded,"probabilities to native, bilinear, thresholded there, and these numbers were measured from the outlines that run kept",248.000000,291.000000,132.009512,379.795697,695.084206,233.000000,284.000000,126.622545,375.923327,696.345662,0.953224,4.072655,0.016082,15.000000,7.000000,5.386967,165.000000,189.000000,86.431561,395.546934,684.364779,145.000000,182.000000,78.231350,385.014095,678.642430,0.865749,11.986909,0.047333,20.000000,7.000000,8.200211,0.649485,0.640845,0.008639,0.428681,0.381715,0.046966,0.000000,
12_od_1,main,unspecified,1536,expert1,graded,"probabilities to native, bilinear, thresholded there, and these numbers were measured from the outlines that run kept",226.000000,259.000000,122.009829,1142.217204,714.182372,222.000000,252.000000,120.366909,1141.623715,721.848998,0.960329,7.689563,0.031942,4.000000,7.000000,1.642920,122.000000,147.000000,66.435569,1135.582071,708.070460,136.000000,147.000000,71.667624,1143.452219,726.210027,0.819212,19.773293,0.082138,-14.000000,0.000000,-5.232055,0.567568,0.583333,-0.015766,0.296491,0.354513,-0.058022,0.000000,
12_od_3,main,unspecified,2101,expert1,graded,"probabilities to native, bilinear, thresholded there, and these numbers were measured from the outlines that run kept",311.000000,345.000000,164.941285,1559.620588,1017.221390,294.000000,350.000000,161.611513,1560.875678,1019.557164,0.971240,2.651621,0.008204,17.000000,-5.000000,3.329773,175.000000,195.000000,92.705808,1554.331148,1001.998815,144.000000,202.000000,84.313787,1543.496575,1023.271974,0.796465,23.873318,0.073860,31.000000,-7.000000,8.392021,0.565217,0.577143,-0.011925,0.315904,0.272178,0.043726,0.000000,
12_od_4,main,unspecified,2103,expert1,graded,"probabilities to native, bilinear, thresholded there, and these numbers were measured from the outlines that run kept",308.000000,340.000000,162.360196,1551.122031,972.942921,285.000000,337.000000,155.300805,1552.042352,978.048133,0.943355,5.187502,0.016701,23.000000,3.000000,7.059391,166.000000,194.000000,90.111515,1550.791062,958.012897,175.000000,235.000000,100.851157,1528.881388,970.857541,0.805945,25.397218,0.081768,-9.000000,-41.000000,-10.739641,0.570588,0.697329,-0.126741,0.308036,0.421710,-0.113674,0.000000,
12_os_1,main,unspecified,1536,expert1,graded,"probabilities to native, bilinear, thresholded there, and these numbers were measured from the outlines that run kept",218.000000,247.000000,116.357177,286.032703,779.107537,212.000000,244.000000,113.594217,284.653930,779.261582,0.975467,1.387352,0.006107,6.000000,3.000000,2.762960,134.000000,153.000000,71.698708,288.392012,776.639876,130.000000,159.000000,72.937735,291.794232,770.995871,0.940206,6.590136,0.029007,4.000000,-6.000000,-1.239027,0.619433,0.651639,-0.032206,0.379696,0.412280,-0.032584,0.000000,
12_os_4,main,unspecified,2103,expert1,graded,"probabilities to native, bilinear, thresholded there, and these numbers were measured from the outlines that run kept",301.000000,339.000000,159.765301,517.660377,960.593610,278.000000,330.000000,153.056638,516.020232,965.373933,0.953357,5.053867,0.016510,23.000000,9.000000,6.708663,175.000000,197.000000,91.857272,523.115475,961.480195,162.000000,220.000000,92.170345,538.740755,956.266664,0.869184,16.472106,0.053810,13.000000,-23.000000,-0.313073,0.581121,0.666667,-0.085546,0.330569,0.362642,-0.032073,0.000000,
12_os_5,main,unspecified,2106,expert1,graded,"probabilities to native, bilinear, thresholded there, and these numbers were measured from the outlines that run kept",291.000000,336.000000,156.445407,366.716001,998.870908,273.000000,319.000000,147.226458,365.248943,1002.939438,0.938981,4.324951,0.014688,18.000000,17.000000,9.218949,168.000000,198.000000,90.653873,369.383763,997.115075,167.000000,206.000000,91.398713,381.358863,991.055136,0.900273,13.421098,0.045580,1.000000,-8.000000,-0.744840,0.589286,0.645768,-0.056482,0.335774,0.385397,-0.049623,0.000000,
130_od_1,main,unspecified,2100,expert1,graded,"probabilities to native, bilinear, thresholded there, and these numbers were measured from the outlines that run kept",311.000000,322.000000,149.956667,1616.066615,1120.370557,310.000000,317.000000,155.687704,1589.570731,1146.814348,0.849509,37.434022,0.120222,1.000000,5.000000,-5.731037,130.000000,134.000000,64.485660,1603.131966,1126.284140,88.000000,91.000000,44.309540,1597.489300,1135.641375,0.641431,10.926918,0.035092,42.000000,43.000000,20.176120,0.416149,0.287066,0.129083,0.184925,0.081000,0.103924,0.000000,
130_od_2,main,unspecified,2103,expert1,graded,"probabilities to native, bilinear, thresholded there, and these numbers were measured from the outlines that run kept",312.000000,315.000000,148.129584,1714.365770,1075.405866,296.000000,312.000000,151.404771,1691.931085,1112.667671,0.806768,43.494335,0.143636,16.000000,3.000000,-3.275187,152.000000,152.000000,75.223632,1698.300444,1082.096079,154.000000,185.000000,84.387373,1689.614876,1085.678974,0.861092,9.395543,0.031028,-2.000000,-33.000000,-9.163741,0.482540,0.592949,-0.110409,0.257884,0.310653,-0.052769,0.000000,
130_os_1,main,unspecified,2101,expert1,graded,"probabilities to native, bilinear, thresholded there, and these numbers were measured from the outlines that run kept",270.000000,256.000000,117.937217,375.419434,1008.358652,289.000000,314.000000,153.952441,424.019286,1002.896978,0.687881,48.905781,0.158834,-19.000000,-58.000000,-36.015224,128.000000,129.000000,60.178165,413.404237,1000.016349,81.000000,102.000000,45.824560,435.614522,987.064878,0.588405,25.710647,0.083502,47.000000,27.000000,14.353605,0.503906,0.324841,0.179065,0.260361,0.088598,0.171763,0.000000,
130_os_2,main,unspecified,2102,expert1,graded,"probabilities to native, bilinear, thresholded there, and these numbers were measured from the outlines that run kept",316.000000,304.000000,157.442256,266.555050,1144.804697,292.000000,325.000000,157.111351,272.136537,1152.973655,0.938535,9.893677,0.031486,24.000000,-21.000000,0.330905,164.000000,181.000000,86.138281,273.010768,1138.238009,148.000000,214.000000,88.073229,282.687472,1174.623374,0.756811,37.650144,0.119820,16.000000,-33.000000,-1.934948,0.595395,0.658462,-0.063067,0.299330,0.314248,-0.014918,0.000000,
131_od_1,main,unspecified,2099,expert1,graded,"probabilities to native, bilinear, thresholded there, and these numbers were measured from the outlines that run kept",262.000000,275.000000,133.731974,1602.036451,1093.938667,239.000000,246.000000,118.844631,1603.704791,1101.294645,0.882524,7.542796,0.031734,23.000000,29.000000,14.887344,130.000000,136.000000,66.416402,1601.753211,1093.643960,110.000000,104.000000,50.380582,1604.024956,1094.424128,0.730487,2.401976,0.010106,20.000000,32.000000,16.035820,0.494545,0.422764,0.071781,0.246649,0.179708,0.066942,0.000000,
131_od_2,main,unspecified,2100,expert1,graded,"probabilities to native, bilinear, thresholded there, and these numbers were measured from the outlines that run kept",266.000000,279.000000,135.587564,1591.962947,1117.157406,238.000000,257.000000,121.489551,1593.004399,1119.736979,0.890650,2.781874,0.011449,28.000000,22.000000,14.098012,127.000000,136.000000,65.506760,1592.729323,1116.918997,85.000000,96.000000,43.843738,1590.813380,1110.486339,0.618750,6.711925,0.027623,42.000000,40.000000,21.663021,0.487455,0.373541,0.113914,0.233417,0.130238,0.103179,0.000000,
131_od_3,main,unspecified,2103,expert1,graded,"probabilities to native, bilinear, thresholded there, and these numbers were measured from the outlines that run kept",261.000000,274.000000,133.207299,1572.215069,1123.942506,231.000000,245.000000,116.472017,1576.246257,1126.254423,0.866545,4.647090,0.019949,30.000000,29.000000,16.735282,127.000000,134.000000,65.268225,1571.867444,1124.836285,87.000000,101.000000,46.507157,1577.824135,1119.183223,0.673506,8.212142,0.035254,40.000000,33.000000,18.761068,0.489051,0.412245,0.076806,0.240075,0.159440,0.080636,0.000000,
131_od_4,main,unspecified,1572,expert1,graded,"probabilities to native, bilinear, thresholded there, and these numbers were measured from the outlines that run kept",197.000000,210.000000,101.585464,1141.579858,808.713387,177.000000,194.000000,91.199985,1141.911022,811.954382,0.892570,3.257870,0.017861,20.000000,16.000000,10.385479,97.000000,103.000000,49.517078,1139.976113,809.801895,71.000000,79.000000,36.871419,1143.003980,808.929993,0.713379,3.150904,0.017275,26.000000,24.000000,12.645660,0.490476,0.407216,0.083260,0.237600,0.163452,0.074148,0.000000,
131_od_5,main,unspecified,1572,expert1,graded,"probabilities to native, bilinear, thresholded there, and these numbers were measured from the outlines that run kept",200.000000,212.000000,102.573949,1133.971259,840.578054,170.000000,184.000000,88.394303,1133.312503,842.411007,0.852312,1.947737,0.011017,30.000000,28.000000,14.179646,97.000000,102.000000,49.645478,1132.392484,842.129666,71.000000,76.000000,35.918101,1134.726129,838.825561,0.687182,4.045121,0.022881,26.000000,26.000000,13.727377,0.481132,0.413043,0.068089,0.234253,0.165112,0.069141,0.000000,
131_os_1,main,unspecified,2099,expert1,graded,"probabilities to native, bilinear, thresholded there, and these numbers were measured from the outlines that run kept",283.000000,283.000000,141.869843,554.079755,951.538739,253.000000,265.000000,129.873942,549.843612,951.173523,0.911883,4.251857,0.016369,30.000000,18.000000,11.995901,151.000000,162.000000,77.481123,553.604560,951.283086,140.000000,135.000000,68.775613,558.210431,953.262517,0.880961,5.013202,0.019300,11.000000,27.000000,8.705510,0.572438,0.509434,0.063004,0.298271,0.280430,0.017841,0.000000,
131_os_2,main,unspecified,2101,expert1,graded,"probabilities to native, bilinear, thresholded there, and these numbers were measured from the outlines that run kept",290.000000,286.000000,143.992191,555.784424,958.592520,268.000000,261.000000,134.037482,555.417792,958.755005,0.928483,0.401024,0.001496,22.000000,25.000000,9.954709,151.000000,159.000000,76.736006,554.117250,959.834423,116.000000,130.000000,61.005567,563.317054,960.274290,0.773277,9.210314,0.034357,35.000000,29.000000,15.730439,0.555944,0.498084,0.057860,0.284001,0.207151,0.076851,0.000000,
131_os_3,main,unspecified,2103,expert1,graded,"probabilities to native, bilinear, thresholded there, and these numbers were measured from the outlines that run kept",282.000000,279.000000,140.555694,562.010876,990.660533,261.000000,244.000000,127.571736,558.752210,990.104678,0.903377,3.305734,0.012956,21.000000,35.000000,12.983958,150.000000,157.000000,76.084056,562.404707,991.913615,126.000000,123.000000,62.045465,561.796097,985.610716,0.798811,6.332214,0.024818,24.000000,34.000000,14.038591,0.562724,0.504098,0.058626,0.293015,0.236544,0.056472,0.000000,
131_os_4,main,unspecified,1572,expert1,graded,"probabilities to native, bilinear, thresholded there, and these numbers were measured from the outlines that run kept",212.000000,212.000000,106.800358,485.788302,762.692331,191.000000,190.000000,97.487324,485.358609,761.648826,0.909013,1.128512,0.005788,21.000000,22.000000,9.313034,115.000000,118.000000,57.889261,486.341660,763.854863,97.000000,107.000000,50.833450,485.694999,759.565657,0.870750,4.337680,0.022247,18.000000,11.000000,7.055810,0.556604,0.563158,-0.006554,0.293799,0.271896,0.021903,0.000000,
131_os_5,main,unspecified,1572,expert1,graded,"probabilities to native, bilinear, thresholded there, and these numbers were measured from the outlines that run kept",212.000000,215.000000,107.341424,488.013343,736.171777,192.000000,191.000000,97.206116,485.928179,735.341721,0.901143,2.244304,0.011544,20.000000,24.000000,10.135308,115.000000,120.000000,57.875512,488.121353,737.054452,101.000000,99.000000,49.407677,494.356761,730.738949,0.833663,8.875015,0.045650,14.000000,21.000000,8.467836,0.558140,0.518325,0.039815,0.290707,0.258346,0.032361,0.000000,
132_od_1,main,unspecified,1528,expert1,graded,"probabilities to native, bilinear, thresholded there, and these numbers were measured from the outlines that run kept",213.000000,193.000000,100.832217,1128.030181,707.315707,203.000000,171.000000,95.389760,1124.129889,710.100993,0.931981,4.792713,0.025122,10.000000,22.000000,5.442457,130.000000,120.000000,62.127495,1125.551460,705.623124,119.000000,109.000000,56.113469,1124.642641,712.085827,0.892542,6.526292,0.034209,11.000000,11.000000,6.014026,0.621762,0.637427,-0.015665,0.379637,0.346044,0.033594,0.000000,
132_os_1,main,unspecified,1532,expert1,graded,"probabilities to native, bilinear, thresholded there, and these numbers were measured from the outlines that run kept",222.000000,217.000000,108.882743,258.606578,723.678373,221.000000,188.000000,102.950300,259.852299,729.088266,0.935670,5.551465,0.026962,1.000000,29.000000,5.932443,128.000000,132.000000,64.554729,263.731439,727.783990,119.000000,103.000000,55.794898,269.306748,727.916462,0.846974,5.576883,0.027085,9.000000,29.000000,8.759831,0.608295,0.547872,0.060423,0.351510,0.293720,0.057790,0.000000,
133_od_1,main,unspecified,1536,expert1,graded,"probabilities to native, bilinear, thresholded there, and these numbers were measured from the outlines that run kept",213.000000,248.000000,114.863512,1122.075949,750.259500,208.000000,226.000000,109.372775,1119.512094,749.097203,0.949614,2.815011,0.012869,5.000000,22.000000,5.490738,102.000000,118.000000,54.662372,1124.684031,749.417066,73.000000,82.000000,36.121354,1129.830934,741.415467,0.607890,9.514000,0.043493,29.000000,36.000000,18.541018,0.475806,0.362832,0.112975,0.226471,0.109071,0.117400,0.000000,
133_od_5,main,unspecified,1572,expert1,graded,"probabilities to native, bilinear, thresholded there, and these numbers were measured from the outlines that run kept",223.000000,256.000000,119.826217,1052.257759,788.201494,205.000000,236.000000,110.621450,1052.535480,787.380840,0.920241,0.866373,0.003916,18.000000,20.000000,9.204767,128.000000,167.000000,73.249105,1046.257890,778.782689,90.000000,110.000000,49.757555,1054.864104,773.571741,0.631485,10.060859,0.045474,38.000000,57.000000,23.491550,0.652344,0.466102,0.186242,0.373681,0.202320,0.171361,0.000000,
133_os_1,main,unspecified,1533,expert1,graded,"probabilities to native, bilinear, thresholded there, and these numbers were measured from the outlines that run kept",208.000000,238.000000,110.487567,446.783109,791.560246,203.000000,224.000000,105.255763,450.855797,794.396294,0.944201,4.962857,0.023575,5.000000,14.000000,5.231804,130.000000,162.000000,71.634305,446.054773,797.469822,92.000000,107.000000,49.223722,444.849185,791.720441,0.641470,5.874421,0.027905,38.000000,55.000000,22.410583,0.680672,0.477679,0.202994,0.420354,0.218704,0.201650,0.000000,
133_os_5,main,unspecified,1572,expert1,graded,"probabilities to native, bilinear, thresholded there, and these numbers were measured from the outlines that run kept",212.000000,253.000000,115.212155,262.818613,915.715259,185.000000,229.000000,103.503804,261.490135,914.275731,0.893242,1.958850,0.009463,27.000000,24.000000,11.708350,135.000000,192.000000,80.354938,259.755189,920.238896,101.000000,113.000000,54.522436,259.972695,897.512796,0.630502,22.727141,0.109789,34.000000,79.000000,25.832502,0.758893,0.493450,0.265443,0.486439,0.277484,0.208955,0.000000,
134_od_1,main,unspecified,2099,expert1,graded,"probabilities to native, bilinear, thresholded there, and these numbers were measured from the outlines that run kept",278.000000,321.000000,149.234277,1511.964983,1073.308121,255.000000,296.000000,134.725590,1510.409624,1072.792961,0.898078,1.638454,0.006081,23.000000,25.000000,14.508687,150.000000,175.000000,80.366821,1524.217190,1072.582524,141.000000,148.000000,70.376856,1518.168380,1071.183355,0.859334,6.208524,0.023041,9.000000,27.000000,9.989965,0.545171,0.500000,0.045171,0.290012,0.272872,0.017140,0.000000,
134_od_3,main,unspecified,2098,expert1,graded,"probabilities to native, bilinear, thresholded there, and these numbers were measured from the outlines that run kept",278.000000,319.000000,148.684027,1505.566313,1054.293689,251.000000,307.000000,138.462285,1504.096513,1052.852731,0.928694,2.058317,0.007433,27.000000,12.000000,10.221742,162.000000,177.000000,83.922134,1511.975278,1055.489063,140.000000,152.000000,72.163355,1507.610269,1054.033374,0.850179,4.601340,0.016616,22.000000,25.000000,11.758779,0.554859,0.495114,0.059745,0.318584,0.271625,0.046959,0.000000,
134_od_5,main,unspecified,1572,expert1,graded,"probabilities to native, bilinear, thresholded there, and these numbers were measured from the outlines that run kept",218.000000,251.000000,117.282246,1068.287714,816.604957,204.000000,229.000000,107.946144,1065.111563,815.585598,0.917239,3.335720,0.015451,14.000000,22.000000,9.336102,129.000000,142.000000,67.361023,1069.632901,816.392073,101.000000,109.000000,51.841010,1070.984129,817.987327,0.743942,2.090610,0.009684,28.000000,33.000000,15.520013,0.565737,0.475983,0.089755,0.329878,0.230639,0.099239,0.000000,
134_od_6,main,unspecified,1572,expert1,graded,"probabilities to native, bilinear, thresholded there, and these numbers were measured from the outlines that run kept",220.000000,255.000000,118.630168,1070.512689,813.552678,202.000000,225.000000,107.431830,1071.492154,811.193690,0.901169,2.554247,0.011888,18.000000,30.000000,11.198337,129.000000,143.000000,67.991282,1071.901329,812.964057,108.000000,109.000000,55.140693,1070.848618,812.609192,0.793520,1.110914,0.005170,21.000000,34.000000,12.850589,0.560784,0.484444,0.076340,0.328485,0.263438,0.065047,0.000000,
134_os_1,main,unspecified,2098,expert1,graded,"probabilities to native, bilinear, thresholded there, and these numbers were measured from the outlines that run kept",292.000000,346.000000,159.524044,598.190301,934.301637,266.000000,315.000000,141.657657,597.907221,931.990895,0.881774,2.328017,0.008217,26.000000,31.000000,17.866386,166.000000,186.000000,87.108387,587.045138,932.616201,154.000000,169.000000,79.646706,595.922876,929.301169,0.883177,9.476480,0.033449,12.000000,17.000000,7.461681,0.537572,0.536508,0.001064,0.298173,0.316123,-0.017950,0.000000,
134_os_3,main,unspecified,2098,expert1,graded,"probabilities to native, bilinear, thresholded there, and these numbers were measured from the outlines that run kept",286.000000,334.000000,155.060812,597.792218,956.671759,258.000000,313.000000,140.446948,597.261744,957.292130,0.901334,0.816249,0.002906,28.000000,21.000000,14.613864,174.000000,187.000000,89.462751,592.491131,954.784959,149.000000,160.000000,77.872470,594.142250,955.336780,0.861500,1.740891,0.006198,25.000000,27.000000,11.590280,0.559880,0.511182,0.048698,0.332874,0.307428,0.025446,0.000000,
134_os_5,main,unspecified,1572,expert1,graded,"probabilities to native, bilinear, thresholded there, and these numbers were measured from the outlines that run kept",229.000000,266.000000,123.606457,511.728640,734.105544,198.000000,248.000000,109.375685,509.914456,734.297661,0.878292,1.824328,0.008340,31.000000,18.000000,14.230772,131.000000,151.000000,69.861617,508.583121,732.570143,131.000000,130.000000,64.364611,517.114022,732.454552,0.877734,8.531684,0.039002,0.000000,21.000000,5.497006,0.567669,0.524194,0.043476,0.319444,0.346300,-0.026856,0.000000,
134_os_6,main,unspecified,1572,expert1,graded,"probabilities to native, bilinear, thresholded there, and these numbers were measured from the outlines that run kept",226.000000,267.000000,123.236364,504.421110,723.849954,191.000000,242.000000,107.029604,504.099144,724.098199,0.859928,0.406556,0.001899,35.000000,25.000000,16.206759,130.000000,150.000000,69.393025,500.791248,721.762824,125.000000,125.000000,62.810292,509.101501,724.576569,0.867306,8.773680,0.040987,5.000000,25.000000,6.582734,0.561798,0.516529,0.045269,0.317069,0.344393,-0.027323,0.000000,
135_od_1,main,unspecified,2104,expert1,graded,"probabilities to native, bilinear, thresholded there, and these numbers were measured from the outlines that run kept",345.000000,418.000000,191.759732,1599.848626,1099.699105,315.000000,379.000000,176.679641,1596.262739,1101.297592,0.918278,3.926035,0.011111,30.000000,39.000000,15.080090,181.000000,222.000000,101.164715,1600.151592,1090.570851,182.000000,216.000000,98.982717,1588.596524,1093.066472,0.916767,11.821495,0.033455,-1.000000,6.000000,2.181997,0.531100,0.569921,-0.038820,0.278319,0.313867,-0.035548,0.000000,
135_od_3,main,unspecified,2102,expert1,graded,"probabilities to native, bilinear, thresholded there, and these numbers were measured from the outlines that run kept",345.000000,409.000000,189.788378,1599.154756,1122.286853,322.000000,376.000000,175.899619,1599.629713,1125.022499,0.924150,2.776571,0.007892,23.000000,33.000000,13.888759,189.000000,230.000000,103.823148,1601.602085,1111.234674,197.000000,226.000000,105.240641,1592.072683,1111.431872,0.936134,9.531442,0.027093,-8.000000,4.000000,-1.417493,0.562347,0.601064,-0.038717,0.299260,0.357962,-0.058702,0.000000,
135_od_4,main,unspecified,1574,expert1,graded,"probabilities to native, bilinear, thresholded there, and these numbers were measured from the outlines that run kept",250.000000,308.000000,139.905366,1115.077896,853.916835,226.000000,269.000000,125.612981,1113.203409,859.153278,0.892655,5.561838,0.022139,24.000000,39.000000,14.292385,149.000000,172.000000,79.850268,1111.922270,845.797414,124.000000,155.000000,70.415290,1104.601720,842.607177,0.874916,7.985491,0.031786,25.000000,17.000000,9.434978,0.558442,0.576208,-0.017767,0.325750,0.314242,0.011507,0.000000,
135_os_1,main,unspecified,2102,expert1,graded,"probabilities to native, bilinear, thresholded there, and these numbers were measured from the outlines that run kept",344.000000,392.000000,183.233977,499.162878,1007.711447,340.000000,366.000000,174.986107,495.812030,1003.632272,0.950227,5.279001,0.015084,4.000000,26.000000,8.247869,165.000000,206.000000,92.101249,499.048257,1005.354948,175.000000,190.000000,91.348200,506.054358,995.758726,0.916768,11.881621,0.033950,-10.000000,16.000000,0.753049,0.525510,0.519126,0.006385,0.252650,0.272517,-0.019867,0.000000,
135_os_3,main,unspecified,2101,expert1,graded,"probabilities to native, bilinear, thresholded there, and these numbers were measured from the outlines that run kept",342.000000,392.000000,183.188804,526.979569,971.867708,318.000000,354.000000,170.219840,533.373098,973.913619,0.926705,6.712896,0.019718,24.000000,38.000000,12.968964,168.000000,213.000000,94.423831,528.301749,974.136344,173.000000,190.000000,88.690890,538.526870,973.938249,0.891355,10.227039,0.030041,-5.000000,23.000000,5.732942,0.543367,0.536723,0.006644,0.265684,0.271480,-0.005796,0.000000,
135_os_4,main,unspecified,1572,expert1,graded,"probabilities to native, bilinear, thresholded there, and these numbers were measured from the outlines that run kept",252.000000,292.000000,136.207097,474.880619,751.531861,228.000000,254.000000,121.983738,475.433097,757.161829,0.890156,5.657010,0.023188,24.000000,38.000000,14.223360,128.000000,152.000000,70.207041,476.347950,752.448434,123.000000,141.000000,65.492181,489.929944,751.790798,0.845718,13.597907,0.055737,5.000000,11.000000,4.714860,0.520548,0.555118,-0.034570,0.265682,0.288254,-0.022572,0.000000,
136_od_1,main,unspecified,2101,expert1,graded,"probabilities to native, bilinear, thresholded there, and these numbers were measured from the outlines that run kept",278.000000,319.000000,148.947119,1612.363473,1000.640731,256.000000,310.000000,138.114716,1599.622681,1007.747163,0.909238,14.588666,0.052814,22.000000,9.000000,10.832402,177.000000,190.000000,90.504521,1613.968095,986.861812,145.000000,168.000000,76.127972,1598.971659,989.519690,0.802594,15.230148,0.055136,32.000000,22.000000,14.376549,0.595611,0.541935,0.053676,0.369212,0.303815,0.065398,0.000000,
136_od_2,main,unspecified,1571,expert1,graded,"probabilities to native, bilinear, thresholded there, and these numbers were measured from the outlines that run kept",215.000000,259.000000,118.116562,1142.986288,763.616039,201.000000,249.000000,109.423693,1136.909321,766.210708,0.922501,6.607711,0.030193,14.000000,10.000000,8.692869,154.000000,163.000000,78.015404,1132.815334,758.562837,132.000000,168.000000,73.979863,1123.969059,768.990113,0.878260,13.674234,0.062483,22.000000,-5.000000,4.035541,0.629344,0.674699,-0.045355,0.436254,0.457093,-0.020839,0.000000,
136_od_3,main,unspecified,1573,expert1,graded,"probabilities to native, bilinear, thresholded there, and these numbers were measured from the outlines that run kept",209.000000,253.000000,115.024130,1198.594515,770.381210,188.000000,243.000000,104.989300,1190.718415,779.229923,0.901777,11.846209,0.056416,21.000000,10.000000,10.034830,137.000000,150.000000,70.179832,1191.646158,762.641957,102.000000,139.000000,59.921077,1189.270124,765.249113,0.842448,3.527436,0.016799,35.000000,11.000000,10.258755,0.592885,0.572016,0.020869,0.372260,0.325739,0.046522,0.000000,
136_os_1,main,unspecified,2100,expert1,graded,"probabilities to native, bilinear, thresholded there, and these numbers were measured from the outlines that run kept",268.000000,304.000000,142.893752,566.688247,1002.387360,249.000000,280.000000,132.040855,570.260603,1006.490643,0.921174,5.440465,0.020601,19.000000,24.000000,10.852897,164.000000,168.000000,82.255668,576.886291,1007.671622,130.000000,154.000000,70.041359,585.299831,1006.509668,0.838170,8.493397,0.032162,34.000000,14.000000,12.214309,0.552632,0.550000,0.002632,0.331364,0.281380,0.049984,0.000000,
136_os_3,main,unspecified,1572,expert1,graded,"probabilities to native, bilinear, thresholded there, and these numbers were measured from the outlines that run kept",213.000000,244.000000,113.510121,464.507090,809.550892,193.000000,223.000000,102.451298,466.178499,812.867870,0.897853,3.714290,0.018127,20.000000,21.000000,11.058823,127.000000,133.000000,64.749205,474.373700,816.397464,106.000000,117.000000,55.054035,481.668872,812.165827,0.836734,8.433641,0.041159,21.000000,16.000000,9.695170,0.545082,0.524664,0.020418,0.325387,0.288764,0.036622,0.000000,
137_od_1,main,unspecified,1532,expert1,graded,"probabilities to native, bilinear, thresholded there, and these numbers were measured from the outlines that run kept",169.000000,189.000000,89.013312,1170.136952,714.070344,146.000000,177.000000,80.255844,1163.791747,714.827576,0.894143,6.390229,0.039812,23.000000,12.000000,8.757468,113.000000,121.000000,57.952460,1164.766942,720.809876,125.000000,148.000000,68.054455,1154.278557,721.525911,0.818772,10.512798,0.065496,-12.000000,-27.000000,-10.101995,0.640212,0.836158,-0.195947,0.423871,0.719051,-0.295180,0.000000,
137_od_2,main,unspecified,1534,expert1,graded,"probabilities to native, bilinear, thresholded there, and these numbers were measured from the outlines that run kept",169.000000,197.000000,90.925589,1340.100720,714.350595,176.000000,192.000000,89.259713,1344.258210,713.630164,0.945513,4.219448,0.023636,-7.000000,5.000000,1.665875,117.000000,126.000000,59.269452,1333.540141,722.724900,104.000000,126.000000,55.877560,1328.120705,721.222551,0.902758,5.623819,0.031503,13.000000,0.000000,3.391892,0.639594,0.656250,-0.016656,0.424903,0.391890,0.033013,0.000000,
137_od_5,main,unspecified,2103,expert1,graded,"probabilities to native, bilinear, thresholded there, and these numbers were measured from the outlines that run kept",235.000000,263.000000,123.091635,1589.560693,874.420735,198.000000,244.000000,108.384622,1584.216312,881.523371,0.872919,8.888748,0.041006,37.000000,19.000000,14.707013,148.000000,164.000000,76.727709,1583.635361,881.415301,103.000000,150.000000,61.359346,1594.260906,882.753889,0.776638,10.709530,0.049405,45.000000,14.000000,15.368363,0.623574,0.614754,0.008820,0.388550,0.320499,0.068052,0.000000,
137_os_1,main,unspecified,1533,expert1,graded,"probabilities to native, bilinear, thresholded there, and these numbers were measured from the outlines that run kept",168.000000,193.000000,90.282674,377.258640,696.676651,156.000000,189.000000,85.585905,374.645793,698.584217,0.946626,3.235085,0.018900,12.000000,4.000000,4.696769,99.000000,103.000000,50.285721,384.601712,707.223817,114.000000,143.000000,62.270788,393.589230,706.264324,0.782073,9.038590,0.052804,-15.000000,-40.000000,-11.985067,0.533679,0.756614,-0.222935,0.310228,0.529376,-0.219148,0.000000,
137_os_2,main,unspecified,1532,expert1,graded,"probabilities to native, bilinear, thresholded there, and these numbers were measured from the outlines that run kept",169.000000,195.000000,90.908083,369.374649,628.771598,160.000000,192.000000,86.335755,367.744331,636.255669,0.920697,7.659586,0.044359,9.000000,3.000000,4.572328,103.000000,108.000000,52.055471,378.514625,641.752849,101.000000,117.000000,53.407630,379.968530,645.157125,0.915761,3.701748,0.021438,2.000000,-9.000000,-1.352159,0.553846,0.609375,-0.055529,0.327890,0.382671,-0.054781,0.000000,
137_os_5,main,unspecified,2101,expert1,graded,"probabilities to native, bilinear, thresholded there, and these numbers were measured from the outlines that run kept",231.000000,258.000000,122.448638,480.596828,962.053987,209.000000,265.000000,116.957467,476.621678,971.862731,0.922822,10.583633,0.045246,22.000000,-7.000000,5.491171,127.000000,136.000000,65.011681,487.258774,972.967013,78.000000,110.000000,46.902448,488.457531,971.608740,0.684630,1.811609,0.007745,49.000000,26.000000,18.109233,0.527132,0.415094,0.112037,0.281887,0.160818,0.121069,0.000000,
138_od_1,main,unspecified,2101,expert1,graded,"probabilities to native, bilinear, thresholded there, and these numbers were measured from the outlines that run kept",319.000000,387.000000,173.602703,1632.752115,1019.099238,289.000000,357.000000,159.768290,1633.573648,1016.557923,0.916322,2.670805,0.008358,30.000000,30.000000,13.834413,206.000000,266.000000,115.902173,1641.287403,1011.170892,190.000000,232.000000,106.310445,1635.008731,1010.343914,0.907448,6.332900,0.019819,16.000000,34.000000,9.591728,0.687339,0.649860,0.037479,0.445728,0.442762,0.002966,0.000000,
138_od_2,main,unspecified,2099,expert1,graded,"probabilities to native, bilinear, thresholded there, and these numbers were measured from the outlines that run kept",318.000000,382.000000,171.720440,1600.475415,1049.196181,288.000000,355.000000,157.860205,1602.044834,1047.759018,0.916040,2.128030,0.006740,30.000000,27.000000,13.860235,211.000000,269.000000,118.357508,1612.373696,1041.339135,170.000000,209.000000,95.339693,1593.014778,1048.593991,0.781479,20.673670,0.065481,41.000000,60.000000,23.017815,0.704188,0.588732,0.115456,0.475059,0.364756,0.110303,0.000000,
138_od_3,main,unspecified,2099,expert1,graded,"probabilities to native, bilinear, thresholded there, and these numbers were measured from the outlines that run kept",323.000000,386.000000,174.481501,1628.456149,1035.943194,299.000000,367.000000,161.330601,1631.898616,1037.254121,0.921797,3.683627,0.011416,24.000000,19.000000,13.150900,215.000000,275.000000,119.520337,1639.707897,1030.159143,197.000000,257.000000,111.718086,1624.633588,1030.302576,0.888664,15.074991,0.046721,18.000000,18.000000,7.802252,0.712435,0.700272,0.012163,0.469229,0.479527,-0.010298,0.000000,
138_od_4,main,unspecified,1571,expert1,graded,"probabilities to native, bilinear, thresholded there, and these numbers were measured from the outlines that run kept",248.000000,318.000000,139.716399,1175.531080,755.411131,230.000000,299.000000,127.248205,1174.942204,757.565806,0.906796,2.233697,0.008777,18.000000,19.000000,12.468194,193.000000,224.000000,101.582331,1176.013758,749.098464,168.000000,215.000000,94.146997,1171.911549,755.410185,0.913613,7.527678,0.029579,25.000000,9.000000,7.435333,0.704403,0.719064,-0.014661,0.528618,0.547406,-0.018789,0.000000,
138_os_1,main,unspecified,2100,expert1,graded,"probabilities to native, bilinear, thresholded there, and these numbers were measured from the outlines that run kept",301.000000,363.000000,163.965763,536.602467,991.223807,269.000000,344.000000,148.719347,530.977390,995.468827,0.902400,7.047105,0.023693,32.000000,19.000000,15.246416,198.000000,243.000000,108.666195,528.288649,991.260749,166.000000,200.000000,88.486081,532.631352,984.318888,0.797407,8.188315,0.027529,32.000000,43.000000,20.180113,0.669421,0.581395,0.088026,0.439220,0.354010,0.085211,0.000000,
138_os_2,main,unspecified,2099,expert1,graded,"probabilities to native, bilinear, thresholded there, and these numbers were measured from the outlines that run kept",303.000000,363.000000,164.736596,522.486001,945.502692,276.000000,342.000000,149.344084,522.907120,953.350455,0.901858,7.859053,0.026312,27.000000,21.000000,15.392512,223.000000,251.000000,115.061483,515.552702,947.741585,183.000000,213.000000,95.864095,521.758547,943.673582,0.819466,7.420320,0.024843,40.000000,38.000000,19.197388,0.691460,0.622807,0.068653,0.487843,0.412037,0.075806,0.000000,
138_os_3,main,unspecified,2100,expert1,graded,"probabilities to native, bilinear, thresholded there, and these numbers were measured from the outlines that run kept",303.000000,363.000000,164.353568,507.105950,986.017487,280.000000,348.000000,151.996485,505.985575,995.456903,0.916343,9.505672,0.031269,23.000000,15.000000,12.357083,189.000000,237.000000,105.583374,496.736394,985.759780,189.000000,229.000000,101.878018,505.057196,993.821695,0.916707,11.585777,0.038112,0.000000,8.000000,3.705356,0.652893,0.658046,-0.005153,0.412698,0.449256,-0.036558,0.000000,
138_os_4,main,unspecified,1572,expert1,graded,"probabilities to native, bilinear, thresholded there, and these numbers were measured from the outlines that run kept",236.000000,297.000000,131.681172,419.097733,778.025663,212.000000,279.000000,118.930308,414.489378,783.477788,0.898505,7.138810,0.030013,24.000000,18.000000,12.750864,161.000000,203.000000,90.228009,422.855920,778.612293,134.000000,163.000000,71.503101,416.016436,771.350766,0.771507,9.975385,0.041938,27.000000,40.000000,18.724909,0.683502,0.584229,0.099272,0.469500,0.361464,0.108036,0.000000,
139_od_1,main,unspecified,2100,expert1,graded,"probabilities to native, bilinear, thresholded there, and these numbers were measured from the outlines that run kept",329.000000,355.000000,169.981249,1566.254131,1053.239292,317.000000,315.000000,156.381303,1566.267103,1051.713282,0.916802,1.526065,0.004879,12.000000,40.000000,13.599946,213.000000,214.000000,106.619890,1563.309411,1046.802929,216.000000,200.000000,103.899767,1556.284071,1044.859409,0.939722,7.289216,0.023306,-3.000000,14.000000,2.720124,0.602817,0.634921,-0.032104,0.393436,0.441428,-0.047991,0.000000,
139_od_3,main,unspecified,2101,expert1,graded,"probabilities to native, bilinear, thresholded there, and these numbers were measured from the outlines that run kept",318.000000,340.000000,164.238291,1554.773560,1067.979337,305.000000,312.000000,154.205512,1555.645459,1071.587176,0.937051,3.711699,0.012035,13.000000,28.000000,10.032779,205.000000,215.000000,104.892236,1554.042152,1063.428352,196.000000,187.000000,96.250148,1545.024979,1054.173928,0.886083,12.921060,0.041896,9.000000,28.000000,8.642089,0.632353,0.599359,0.032994,0.407885,0.389586,0.018299,0.000000,
139_os_1,main,unspecified,2101,expert1,graded,"probabilities to native, bilinear, thresholded there, and these numbers were measured from the outlines that run kept",347.000000,349.000000,172.695473,511.455333,973.234839,332.000000,321.000000,161.508076,508.078830,969.596805,0.933125,4.963473,0.015366,15.000000,28.000000,11.187397,214.000000,200.000000,102.373595,516.755292,971.396902,215.000000,177.000000,97.305940,514.076010,975.368150,0.929648,4.790550,0.014831,-1.000000,23.000000,5.067656,0.573066,0.551402,0.021664,0.351410,0.362986,-0.011576,0.000000,
139_os_3,main,unspecified,2101,expert1,graded,"probabilities to native, bilinear, thresholded there, and these numbers were measured from the outlines that run kept",343.000000,343.000000,169.923188,518.443446,970.610186,329.000000,303.000000,156.988730,519.187069,970.871439,0.920993,0.788180,0.002510,14.000000,40.000000,12.934458,212.000000,197.000000,100.923724,522.954467,968.202006,219.000000,178.000000,100.311575,528.564058,971.219663,0.930908,6.369754,0.020287,-7.000000,19.000000,0.612149,0.574344,0.587459,-0.013115,0.352762,0.408287,-0.055525,0.000000,
13_od_1,main,unspecified,1534,expert1,graded,"probabilities to native, bilinear, thresholded there, and these numbers were measured from the outlines that run kept",208.000000,240.000000,111.125299,1048.097667,745.762753,191.000000,249.000000,107.234616,1051.147318,745.441372,0.951856,3.066538,0.014298,17.000000,-9.000000,3.890682,118.000000,158.000000,68.024046,1036.134003,751.606796,103.000000,158.000000,64.089553,1041.024101,754.224039,0.909734,5.546442,0.025861,15.000000,0.000000,3.934493,0.658333,0.634538,0.023795,0.374713,0.357194,0.017519,0.000000,
13_os_1,main,unspecified,1531,expert1,graded,"probabilities to native, bilinear, thresholded there, and these numbers were measured from the outlines that run kept",,,,,,194.000000,214.000000,100.660023,571.707653,720.084318,0.000000,,,,,,,,,,,127.000000,140.000000,65.309666,578.852463,716.073433,0.000000,,,,,,,0.654206,,,0.420960,,,
140_od_1,main,unspecified,1530,expert1,graded,"probabilities to native, bilinear, thresholded there, and these numbers were measured from the outlines that run kept",225.000000,243.000000,117.658894,1160.183900,695.009496,217.000000,235.000000,114.217391,1161.624805,696.971184,0.967103,2.434014,0.010655,8.000000,8.000000,3.441503,140.000000,157.000000,73.346816,1153.759068,690.939767,168.000000,158.000000,82.396793,1154.380843,694.616016,0.883652,3.728460,0.016322,-28.000000,-1.000000,-9.049978,0.646091,0.672340,-0.026250,0.388609,0.520423,-0.131813,0.000000,
140_od_2,main,unspecified,1531,expert1,graded,"probabilities to native, bilinear, thresholded there, and these numbers were measured from the outlines that run kept",226.000000,242.000000,116.765437,1161.281956,699.793594,216.000000,244.000000,114.648543,1158.432484,706.706325,0.957053,7.476988,0.032608,10.000000,-2.000000,2.116894,151.000000,151.000000,75.738118,1154.089174,692.417069,161.000000,162.000000,81.129599,1156.464165,702.488587,0.899403,10.347756,0.045128,-10.000000,-11.000000,-5.391481,0.623967,0.663934,-0.039967,0.420727,0.500751,-0.080024,0.000000,
140_od_3,main,unspecified,1532,expert1,graded,"probabilities to native, bilinear, thresholded there, and these numbers were measured from the outlines that run kept",230.000000,243.000000,118.591255,1165.517824,723.007854,218.000000,230.000000,112.450783,1167.871419,728.416755,0.942807,5.898781,0.026228,12.000000,13.000000,6.140472,150.000000,167.000000,79.278173,1158.655812,717.462244,160.000000,153.000000,78.905902,1168.186452,728.056595,0.882330,14.250382,0.063363,-10.000000,14.000000,0.372271,0.687243,0.665217,0.022025,0.446891,0.492373,-0.045481,0.000000,
140_od_7,main,unspecified,2103,expert1,graded,"probabilities to native, bilinear, thresholded there, and these numbers were measured from the outlines that run kept",312.000000,334.000000,161.835891,1599.224037,994.894751,300.000000,313.000000,155.656011,1599.903753,997.988399,0.960479,3.167440,0.010174,12.000000,21.000000,6.179881,179.000000,215.000000,97.399125,1591.671946,989.491326,226.000000,226.000000,114.641602,1590.502604,989.658941,0.838435,1.181294,0.003795,-47.000000,-11.000000,-17.242477,0.643713,0.722045,-0.078332,0.362210,0.542441,-0.180231,0.000000,
140_od_9,main,unspecified,1572,expert1,graded,"probabilities to native, bilinear, thresholded there, and these numbers were measured from the outlines that run kept",230.000000,253.000000,121.258767,1093.988288,747.195181,217.000000,234.000000,113.590014,1093.717479,751.540471,0.934762,4.353721,0.019164,13.000000,19.000000,7.668753,156.000000,176.000000,82.389067,1088.540023,742.269402,138.000000,159.000000,74.756717,1084.746882,743.736288,0.903091,4.066900,0.017902,18.000000,17.000000,7.632350,0.695652,0.679487,0.016165,0.461650,0.433132,0.028518,0.000000,
140_os_1,main,unspecified,1535,expert1,graded,"probabilities to native, bilinear, thresholded there, and these numbers were measured from the outlines that run kept",227.000000,229.000000,113.137949,355.668391,704.881481,217.000000,245.000000,117.356858,354.973606,694.054890,0.933913,10.848861,0.046222,10.000000,-16.000000,-4.218909,149.000000,135.000000,69.027391,356.932794,695.116240,158.000000,175.000000,83.188793,356.967665,691.090014,0.815527,4.026377,0.017154,-9.000000,-40.000000,-14.161402,0.589520,0.714286,-0.124766,0.372243,0.502473,-0.130230,0.000000,
140_os_2,main,unspecified,1535,expert1,graded,"probabilities to native, bilinear, thresholded there, and these numbers were measured from the outlines that run kept",222.000000,240.000000,116.177855,370.875292,678.467373,210.000000,244.000000,114.745676,371.159051,682.934484,0.958182,4.476115,0.019505,12.000000,-4.000000,1.432180,161.000000,144.000000,74.992660,369.457494,668.865180,188.000000,218.000000,101.867081,374.729540,690.588712,0.701798,22.354111,0.097407,-27.000000,-74.000000,-26.874421,0.600000,0.893443,-0.293443,0.416669,0.788125,-0.371456,0.000000,
140_os_3,main,unspecified,1531,expert1,graded,"probabilities to native, bilinear, thresholded there, and these numbers were measured from the outlines that run kept",225.000000,246.000000,118.155632,360.432363,670.004081,211.000000,245.000000,115.347453,360.805641,674.038637,0.958509,4.051787,0.017563,14.000000,1.000000,2.808179,163.000000,158.000000,78.608841,354.586102,657.074744,189.000000,217.000000,103.454587,355.963032,682.621253,0.732055,25.583590,0.110898,-26.000000,-59.000000,-24.845747,0.642276,0.885714,-0.243438,0.442623,0.804421,-0.361798,0.000000,
140_os_7,main,unspecified,2103,expert1,graded,"probabilities to native, bilinear, thresholded there, and these numbers were measured from the outlines that run kept",302.000000,333.000000,158.836152,514.525568,920.431913,287.000000,328.000000,157.290552,511.332677,924.433971,0.966805,5.119670,0.016275,15.000000,5.000000,1.545601,192.000000,207.000000,98.217613,514.836831,909.017356,169.000000,188.000000,90.242119,518.284006,906.824851,0.904563,4.085351,0.012987,23.000000,19.000000,7.975493,0.621622,0.573171,0.048451,0.382367,0.329165,0.053202,0.000000,
140_os_9,main,unspecified,1572,expert1,graded,"probabilities to native, bilinear, thresholded there, and these numbers were measured from the outlines that run kept",226.000000,258.000000,121.313880,478.032854,731.905267,213.000000,247.000000,116.321609,477.039498,735.696622,0.956808,3.919328,0.016847,13.000000,11.000000,4.992272,164.000000,180.000000,83.604825,479.916845,728.825220,154.000000,181.000000,83.741776,482.399256,729.459126,0.955717,2.562069,0.011013,10.000000,-1.000000,-0.136951,0.697674,0.732794,-0.035119,0.474943,0.518279,-0.043336,0.000000,
141_od_1,main,unspecified,2100,expert1,graded,"probabilities to native, bilinear, thresholded there, and these numbers were measured from the outlines that run kept",256.000000,371.000000,153.785910,1637.664141,1092.947442,220.000000,319.000000,131.852687,1642.876998,1099.952066,0.847327,8.731474,0.033111,36.000000,52.000000,21.933223,140.000000,174.000000,78.792868,1641.485593,1086.478261,135.000000,138.000000,68.110559,1647.202758,1088.333539,0.851048,6.010661,0.022793,5.000000,36.000000,10.682309,0.469003,0.432602,0.036401,0.262507,0.266840,-0.004333,0.000000,
141_od_2,main,unspecified,2101,expert1,graded,"probabilities to native, bilinear, thresholded there, and these numbers were measured from the outlines that run kept",245.000000,357.000000,147.880106,1650.888839,1099.459390,228.000000,331.000000,135.653282,1653.621110,1098.293612,0.913882,2.970580,0.010949,17.000000,26.000000,12.226824,146.000000,174.000000,79.308280,1653.787551,1092.890992,116.000000,144.000000,65.654798,1660.744720,1095.358071,0.813284,7.381645,0.027208,30.000000,30.000000,13.653483,0.487395,0.435045,0.052350,0.287619,0.234246,0.053373,0.000000,
141_od_3,main,unspecified,2101,expert1,graded,"probabilities to native, bilinear, thresholded there, and these numbers were measured from the outlines that run kept",246.000000,358.000000,148.666899,1639.145892,1080.341730,217.000000,326.000000,133.378045,1646.915241,1081.752666,0.891568,7.896425,0.029602,29.000000,32.000000,15.288854,145.000000,170.000000,78.286260,1640.471435,1074.167394,116.000000,135.000000,62.800155,1653.995964,1077.736642,0.782139,13.987582,0.052436,29.000000,35.000000,15.486105,0.474860,0.414110,0.060750,0.277295,0.221693,0.055602,0.000000,
141_od_4,main,unspecified,2100,expert1,graded,"probabilities to native, bilinear, thresholded there, and these numbers were measured from the outlines that run kept",244.000000,358.000000,147.894097,1643.568318,1116.050920,216.000000,346.000000,134.647600,1649.333357,1122.594694,0.906248,8.721046,0.032385,28.000000,12.000000,13.246497,144.000000,169.000000,77.753840,1644.432896,1110.424156,111.000000,120.000000,57.561164,1659.720242,1107.567298,0.707367,15.551996,0.057751,33.000000,49.000000,20.192676,0.472067,0.346821,0.125246,0.276403,0.182752,0.093651,0.000000,
141_od_5,main,unspecified,1572,expert1,graded,"probabilities to native, bilinear, thresholded there, and these numbers were measured from the outlines that run kept",188.000000,278.000000,114.656872,1185.803027,807.197433,153.000000,267.000000,99.977833,1191.332431,804.510573,0.863855,6.147645,0.030745,35.000000,11.000000,14.679039,118.000000,139.000000,64.409105,1182.265326,805.055858,90.000000,112.000000,50.761388,1192.724274,804.484620,0.766282,10.474536,0.052384,28.000000,27.000000,13.647716,0.500000,0.419476,0.080524,0.315569,0.257786,0.057783,0.000000,
141_od_6,main,unspecified,1572,expert1,graded,"probabilities to native, bilinear, thresholded there, and these numbers were measured from the outlines that run kept",183.000000,273.000000,112.214174,1176.959276,826.554387,157.000000,246.000000,97.679777,1184.188857,826.464320,0.862168,7.230142,0.037009,26.000000,27.000000,14.534397,116.000000,134.000000,62.301451,1173.663933,821.791701,95.000000,115.000000,51.945288,1181.109119,822.182966,0.820183,7.455460,0.038163,21.000000,19.000000,10.356163,0.490842,0.467480,0.023363,0.308248,0.282802,0.025446,0.000000,
141_os_1,main,unspecified,2099,expert1,graded,"probabilities to native, bilinear, thresholded there, and these numbers were measured from the outlines that run kept",248.000000,347.000000,145.954002,455.488943,974.945550,206.000000,357.000000,129.929076,442.016593,975.826831,0.875499,13.501143,0.051956,42.000000,-10.000000,16.024926,141.000000,160.000000,74.599006,465.730023,965.981411,113.000000,157.000000,63.895560,470.076875,964.018322,0.828995,4.769574,0.018355,28.000000,3.000000,10.703446,0.461095,0.439776,0.021319,0.261237,0.241840,0.019396,0.000000,
141_os_2,main,unspecified,2098,expert1,graded,"probabilities to native, bilinear, thresholded there, and these numbers were measured from the outlines that run kept",235.000000,333.000000,139.498656,454.990611,941.123595,202.000000,351.000000,128.661205,448.431862,947.693356,0.893159,9.283262,0.036076,33.000000,-18.000000,10.837451,134.000000,149.000000,70.376856,463.720823,931.540231,86.000000,121.000000,49.333532,457.469527,933.638896,0.658968,6.594171,0.025626,48.000000,28.000000,21.043324,0.447447,0.344729,0.102718,0.254519,0.147024,0.107494,0.000000,
141_os_3,main,unspecified,2099,expert1,graded,"probabilities to native, bilinear, thresholded there, and these numbers were measured from the outlines that run kept",237.000000,335.000000,140.528515,495.079721,945.721845,205.000000,336.000000,131.032955,486.145458,957.849407,0.904010,15.063161,0.057479,32.000000,-1.000000,9.495561,136.000000,152.000000,71.926981,507.325232,938.756783,86.000000,132.000000,53.063822,505.839702,944.089193,0.704809,5.535467,0.021122,50.000000,20.000000,18.863158,0.453731,0.392857,0.060874,0.261972,0.163997,0.097975,0.000000,
141_os_4,main,unspecified,2101,expert1,graded,"probabilities to native, bilinear, thresholded there, and these numbers were measured from the outlines that run kept",233.000000,334.000000,139.213137,459.596567,940.988224,193.000000,347.000000,126.131392,446.114166,937.988715,0.880386,13.812031,0.054753,40.000000,-13.000000,13.081744,134.000000,151.000000,71.150548,471.970259,933.473089,97.000000,151.000000,58.564401,479.118237,935.894292,0.772518,7.546907,0.029917,37.000000,0.000000,12.586147,0.452096,0.435159,0.016937,0.261214,0.215586,0.045628,0.000000,
141_os_6,main,unspecified,1571,expert1,graded,"probabilities to native, bilinear, thresholded there, and these numbers were measured from the outlines that run kept",180.000000,253.000000,106.018114,405.437144,734.186061,152.000000,267.000000,98.215992,398.879888,739.914371,0.900329,8.706959,0.044326,28.000000,-14.000000,7.802121,109.000000,121.000000,57.431063,420.099402,732.089075,73.000000,102.000000,43.059901,408.367210,735.459227,0.718107,12.206647,0.062142,36.000000,19.000000,14.371162,0.478261,0.382022,0.096238,0.293450,0.192213,0.101237,0.000000,
141_os_7,main,unspecified,1571,expert1,graded,"probabilities to native, bilinear, thresholded there, and these numbers were measured from the outlines that run kept",182.000000,256.000000,107.786792,422.329488,729.040275,146.000000,274.000000,96.550626,413.704808,731.143379,0.870138,8.877396,0.045973,36.000000,-18.000000,11.236166,104.000000,119.000000,55.732108,436.729248,726.402849,73.000000,118.000000,44.535255,438.037554,721.070454,0.770405,5.490546,0.028434,31.000000,1.000000,11.196853,0.464844,0.430657,0.034187,0.267350,0.212764,0.054586,0.000000,
142_od_1,main,unspecified,2101,expert1,graded,"probabilities to native, bilinear, thresholded there, and these numbers were measured from the outlines that run kept",321.000000,397.000000,175.901428,1744.721197,949.308770,289.000000,403.000000,165.874616,1731.639202,956.343537,0.921892,14.853503,0.044773,32.000000,-6.000000,10.026812,159.000000,203.000000,89.336352,1735.993180,946.993100,137.000000,179.000000,77.837718,1719.243144,953.528160,0.820414,17.979731,0.054197,22.000000,24.000000,11.498634,0.511335,0.444169,0.067166,0.257939,0.220202,0.037738,0.000000,
142_od_2,main,unspecified,2104,expert1,graded,"probabilities to native, bilinear, thresholded there, and these numbers were measured from the outlines that run kept",311.000000,386.000000,170.934547,1712.085006,1005.581667,289.000000,404.000000,163.395966,1707.766331,1009.814212,0.940877,6.046932,0.018504,22.000000,-18.000000,7.538581,155.000000,203.000000,88.159926,1706.323176,1003.304911,116.000000,191.000000,73.207811,1693.011106,1012.838035,0.805546,16.373505,0.050104,39.000000,12.000000,14.952115,0.525907,0.472772,0.053134,0.266001,0.200739,0.065261,0.000000,
142_os_1,main,unspecified,2102,expert1,graded,"probabilities to native, bilinear, thresholded there, and these numbers were measured from the outlines that run kept",265.000000,353.000000,149.233211,441.852741,1116.975016,282.000000,357.000000,155.699971,458.961949,1117.421534,0.920582,17.115034,0.054962,-17.000000,-4.000000,-6.466760,137.000000,176.000000,74.575534,445.292125,1112.090831,124.000000,143.000000,64.322561,450.932451,1101.678566,0.820545,11.841814,0.038028,13.000000,33.000000,10.252973,0.498584,0.400560,0.098023,0.249725,0.170667,0.079058,0.000000,
142_os_2,main,unspecified,2100,expert1,graded,"probabilities to native, bilinear, thresholded there, and these numbers were measured from the outlines that run kept",258.000000,344.000000,146.966784,270.021944,1035.155845,283.000000,356.000000,154.119825,285.394696,1038.506995,0.925729,15.733777,0.051044,-25.000000,-12.000000,-7.153040,136.000000,191.000000,79.302260,269.661487,1031.379562,101.000000,122.000000,54.279612,280.452679,1034.436474,0.638059,11.215817,0.036387,35.000000,69.000000,25.022648,0.555233,0.342697,0.212536,0.291161,0.124038,0.167122,0.000000,
143_od_1,main,unspecified,2103,expert1,graded,"probabilities to native, bilinear, thresholded there, and these numbers were measured from the outlines that run kept",309.000000,357.000000,166.399586,1594.709129,1033.082782,312.000000,327.000000,159.256439,1590.099261,1033.665056,0.948940,4.646496,0.014588,-3.000000,30.000000,7.143146,151.000000,173.000000,80.077167,1597.670539,1036.932043,132.000000,137.000000,67.648660,1595.572164,1031.150449,0.832918,6.150610,0.019310,19.000000,36.000000,12.428507,0.484594,0.418960,0.065634,0.231586,0.180437,0.051150,0.000000,
143_od_3,main,unspecified,2101,expert1,graded,"probabilities to native, bilinear, thresholded there, and these numbers were measured from the outlines that run kept",311.000000,356.000000,166.499984,1594.637579,1059.896500,304.000000,329.000000,159.656681,1593.032468,1062.055932,0.957062,2.690637,0.008426,7.000000,27.000000,6.843303,153.000000,168.000000,79.512709,1596.702397,1063.822828,127.000000,133.000000,63.460670,1586.597376,1058.980319,0.778249,11.205415,0.035092,26.000000,35.000000,16.052039,0.471910,0.404255,0.067655,0.228058,0.157992,0.070066,0.000000,
143_os_1,main,unspecified,2102,expert1,graded,"probabilities to native, bilinear, thresholded there, and these numbers were measured from the outlines that run kept",308.000000,363.000000,167.268653,480.278584,1000.673701,285.000000,338.000000,156.256071,479.218447,1004.125207,0.932000,3.610648,0.011554,23.000000,25.000000,11.012582,171.000000,208.000000,92.824190,478.205697,993.446378,186.000000,227.000000,100.236977,488.500649,997.633455,0.896647,11.113850,0.035563,-15.000000,-19.000000,-7.412787,0.573003,0.671598,-0.098595,0.307959,0.411512,-0.103552,0.000000,
143_os_3,main,unspecified,2102,expert1,graded,"probabilities to native, bilinear, thresholded there, and these numbers were measured from the outlines that run kept",309.000000,359.000000,166.717783,487.809574,983.444824,285.000000,341.000000,155.436022,485.687479,985.346315,0.930046,2.849379,0.009166,24.000000,18.000000,11.281761,173.000000,209.000000,93.842215,486.361021,973.357045,147.000000,181.000000,82.176300,491.732689,973.140891,0.863403,5.376016,0.017293,26.000000,28.000000,11.665915,0.582173,0.530792,0.051381,0.316835,0.279505,0.037329,0.000000,
144_od_1,main,unspecified,2100,expert1,graded,"probabilities to native, bilinear, thresholded there, and these numbers were measured from the outlines that run kept",387.000000,449.000000,204.672554,1583.982341,1031.312779,375.000000,443.000000,198.633998,1579.450380,1032.758029,0.966735,4.756828,0.011974,12.000000,6.000000,6.038555,255.000000,328.000000,135.744764,1572.815336,1031.507057,272.000000,315.000000,147.392842,1592.175722,1026.575780,0.871832,19.978539,0.050290,-17.000000,13.000000,-11.648077,0.730512,0.711061,0.019451,0.439873,0.550612,-0.110739,0.000000,
144_od_2,main,unspecified,2101,expert1,graded,"probabilities to native, bilinear, thresholded there, and these numbers were measured from the outlines that run kept",384.000000,445.000000,202.967938,1575.431676,1074.464299,381.000000,429.000000,196.680567,1572.650966,1072.677347,0.964542,3.305381,0.008403,3.000000,16.000000,6.287371,246.000000,328.000000,134.063602,1564.399068,1074.317370,268.000000,305.000000,143.414062,1584.413310,1063.048766,0.870209,22.968485,0.058390,-22.000000,23.000000,-9.350460,0.737079,0.710956,0.026123,0.436282,0.531693,-0.095411,0.000000,
144_os_1,main,unspecified,2099,expert1,graded,"probabilities to native, bilinear, thresholded there, and these numbers were measured from the outlines that run kept",321.000000,416.000000,181.184809,530.815489,1053.219137,300.000000,415.000000,172.594068,530.885910,1053.247959,0.949867,0.076091,0.000220,21.000000,1.000000,8.590741,209.000000,299.000000,125.255170,532.455892,1045.608951,155.000000,224.000000,93.903251,541.414952,1053.294997,0.719626,11.804239,0.034197,54.000000,75.000000,31.351920,0.718750,0.539759,0.178991,0.477912,0.296012,0.181900,0.000000,
144_os_2,main,unspecified,2100,expert1,graded,"probabilities to native, bilinear, thresholded there, and these numbers were measured from the outlines that run kept",319.000000,413.000000,180.101122,533.813860,1055.612687,298.000000,399.000000,170.244148,526.683558,1057.254939,0.942987,7.316981,0.021490,21.000000,14.000000,9.856973,207.000000,295.000000,124.063994,532.144163,1047.050832,176.000000,277.000000,110.700552,536.366529,1043.728435,0.886269,5.372774,0.015780,31.000000,18.000000,13.363441,0.714286,0.694236,0.020050,0.474525,0.422820,0.051705,0.000000,
14_os_1,main,unspecified,2103,expert1,graded,"probabilities to native, bilinear, thresholded there, and these numbers were measured from the outlines that run kept",261.000000,269.000000,126.617517,519.575825,867.283128,243.000000,236.000000,119.761117,516.267449,860.987949,0.910160,7.111584,0.029691,18.000000,33.000000,6.856400,136.000000,140.000000,66.593493,510.345248,845.839434,158.000000,137.000000,73.183893,517.676631,849.863366,0.878926,8.363086,0.034916,-22.000000,3.000000,-6.590399,0.520446,0.580508,-0.060062,0.276615,0.373422,-0.096806,0.000000,
14_os_2,main,unspecified,2103,expert1,graded,"probabilities to native, bilinear, thresholded there, and these numbers were measured from the outlines that run kept",268.000000,278.000000,131.141011,551.950304,867.463029,253.000000,234.000000,119.585569,551.348966,868.052129,0.901249,0.841811,0.003520,15.000000,44.000000,11.555443,148.000000,153.000000,72.398956,543.835671,851.227121,159.000000,145.000000,73.578628,547.385995,858.044214,0.916146,7.686193,0.032137,-11.000000,8.000000,-1.179672,0.550360,0.619658,-0.069298,0.304781,0.378570,-0.073789,0.000000,
15_os_1,main,unspecified,1535,expert1,graded,"probabilities to native, bilinear, thresholded there, and these numbers were measured from the outlines that run kept",205.000000,210.000000,103.451510,425.821813,708.733091,211.000000,197.000000,101.846769,433.500107,713.281278,0.936278,8.924248,0.043812,-6.000000,13.000000,1.604742,107.000000,99.000000,50.424789,432.830120,702.392839,170.000000,161.000000,81.548330,442.792456,724.331802,0.553186,24.094942,0.118290,-63.000000,-62.000000,-31.123541,0.471429,0.817259,-0.345830,0.237583,0.641115,-0.403532,0.000000,
15_os_4,main,unspecified,1572,expert1,graded,"probabilities to native, bilinear, thresholded there, and these numbers were measured from the outlines that run kept",213.000000,217.000000,106.794397,507.274295,768.510578,207.000000,211.000000,103.821615,512.830612,776.358710,0.937081,9.615916,0.046310,6.000000,6.000000,2.972782,116.000000,98.000000,51.245064,517.832485,765.819152,143.000000,152.000000,71.543155,530.435634,786.491169,0.668146,24.210983,0.116599,-27.000000,-54.000000,-20.298091,0.451613,0.720379,-0.268766,0.230254,0.474855,-0.244601,0.000000,
16_os_1,main,unspecified,1534,expert1,graded,"probabilities to native, bilinear, thresholded there, and these numbers were measured from the outlines that run kept",193.000000,231.000000,104.744953,747.553644,744.214895,182.000000,224.000000,99.486319,743.837268,745.630604,0.947714,3.976894,0.019987,11.000000,7.000000,5.258634,105.000000,110.000000,53.755159,755.096717,747.670082,104.000000,135.000000,59.019193,757.824728,741.756100,0.874682,6.512851,0.032732,1.000000,-25.000000,-5.264033,0.476190,0.602679,-0.126488,0.263375,0.351933,-0.088558,0.000000,
17_od_1,main,unspecified,1532,expert1,graded,"probabilities to native, bilinear, thresholded there, and these numbers were measured from the outlines that run kept",213.000000,230.000000,109.977903,1209.466604,712.864914,203.000000,233.000000,105.397802,1209.158686,718.602997,0.939956,5.746339,0.027260,10.000000,-3.000000,4.580100,154.000000,170.000000,80.236011,1204.966724,716.983189,133.000000,164.000000,73.463897,1206.353819,718.627013,0.911512,2.150857,0.010204,21.000000,6.000000,6.772114,0.739130,0.703863,0.035268,0.532265,0.485831,0.046434,0.000000,
17_od_5,main,unspecified,2103,expert1,graded,"probabilities to native, bilinear, thresholded there, and these numbers were measured from the outlines that run kept",292.000000,313.000000,148.646558,1730.454333,1084.546574,283.000000,298.000000,143.395195,1724.211895,1092.410678,0.943603,10.040526,0.035010,9.000000,15.000000,5.251362,212.000000,231.000000,106.091647,1728.797681,1081.919485,164.000000,162.000000,80.724470,1735.460971,1076.219910,0.733343,8.768386,0.030574,48.000000,69.000000,25.367177,0.738019,0.543624,0.194395,0.509393,0.316914,0.192479,0.000000,
17_os_1,main,unspecified,1531,expert1,graded,"probabilities to native, bilinear, thresholded there, and these numbers were measured from the outlines that run kept",201.000000,211.000000,102.569294,352.587365,708.065475,192.000000,202.000000,95.281248,350.634164,713.016444,0.924739,5.322320,0.027930,9.000000,9.000000,7.288046,108.000000,102.000000,52.396782,355.378203,711.300870,90.000000,78.000000,41.405520,353.859636,710.450984,0.768824,1.740216,0.009132,18.000000,24.000000,10.991263,0.483412,0.386139,0.097274,0.260960,0.188843,0.072117,0.000000,
17_os_5,main,unspecified,2102,expert1,graded,"probabilities to native, bilinear, thresholded there, and these numbers were measured from the outlines that run kept",273.000000,287.000000,139.368531,411.710083,1022.350240,249.000000,252.000000,126.638884,409.971220,1026.612012,0.904510,4.602863,0.018173,24.000000,35.000000,12.729647,141.000000,136.000000,69.234591,412.058902,1024.714988,106.000000,100.000000,51.659559,413.818583,1024.432968,0.715267,1.782137,0.007036,35.000000,36.000000,17.575031,0.473868,0.396825,0.077042,0.246784,0.166405,0.080379,0.000000,
18_od_1,main,unspecified,2102,expert1,graded,"probabilities to native, bilinear, thresholded there, and these numbers were measured from the outlines that run kept",327.000000,361.000000,171.935329,1594.436056,1002.664535,313.000000,346.000000,162.496395,1591.220857,1008.479446,0.941800,6.644600,0.020445,14.000000,15.000000,9.438935,183.000000,215.000000,97.248676,1590.778129,1010.566154,181.000000,238.000000,105.666248,1580.900077,1008.955355,0.882972,10.008526,0.030796,2.000000,-23.000000,-8.417571,0.595568,0.687861,-0.092293,0.319917,0.422849,-0.102932,0.000000,
18_od_2,main,unspecified,2105,expert1,graded,"probabilities to native, bilinear, thresholded there, and these numbers were measured from the outlines that run kept",325.000000,351.000000,169.035756,1604.069225,1032.518376,310.000000,347.000000,164.100629,1599.277920,1036.213002,0.961007,6.050362,0.018435,15.000000,4.000000,4.935128,179.000000,203.000000,93.945613,1602.226963,1035.633282,198.000000,248.000000,110.040113,1584.203465,1043.307615,0.815564,19.589331,0.059687,-19.000000,-45.000000,-16.094500,0.578348,0.714697,-0.136350,0.308884,0.449657,-0.140773,0.000000,
18_od_3,main,unspecified,1572,expert1,graded,"probabilities to native, bilinear, thresholded there, and these numbers were measured from the outlines that run kept",239.000000,271.000000,127.426936,1104.696013,731.109092,213.000000,263.000000,119.003887,1100.851386,735.746196,0.925981,6.023611,0.025308,26.000000,8.000000,8.423048,139.000000,173.000000,76.725635,1102.617389,740.844706,129.000000,179.000000,76.401353,1109.047006,741.031247,0.930332,6.432322,0.027026,10.000000,-6.000000,0.324282,0.638376,0.680608,-0.042232,0.362542,0.412173,-0.049631,0.000000,
18_od_4,main,unspecified,1572,expert1,graded,"probabilities to native, bilinear, thresholded there, and these numbers were measured from the outlines that run kept",238.000000,269.000000,126.979010,1094.651972,753.686816,217.000000,252.000000,117.320236,1094.136583,757.543512,0.921050,3.890980,0.016583,21.000000,17.000000,9.658774,152.000000,185.000000,83.933512,1088.642328,764.941216,110.000000,190.000000,72.068456,1072.334927,764.865845,0.821556,16.307575,0.069500,42.000000,-5.000000,11.865055,0.687732,0.753968,-0.066236,0.436925,0.377350,0.059575,0.000000,
19_od_1,main,unspecified,1535,expert1,graded,"probabilities to native, bilinear, thresholded there, and these numbers were measured from the outlines that run kept",190.000000,189.000000,94.709939,1115.050319,674.174627,179.000000,163.000000,85.556146,1113.526309,682.419551,0.898390,8.384592,0.049001,11.000000,26.000000,9.153793,89.000000,87.000000,43.800156,1111.843206,683.589182,63.000000,67.000000,31.895429,1099.173342,677.668648,0.676786,13.984927,0.081730,26.000000,20.000000,11.904727,0.460317,0.411043,0.049275,0.213875,0.138981,0.074894,0.000000,
19_od_2,main,unspecified,1532,expert1,graded,"probabilities to native, bilinear, thresholded there, and these numbers were measured from the outlines that run kept",185.000000,178.000000,90.760903,1112.653619,686.308242,180.000000,169.000000,87.549426,1107.067982,691.782600,0.938329,7.820993,0.044666,5.000000,9.000000,3.211477,79.000000,81.000000,40.223987,1111.800512,692.670864,54.000000,51.000000,26.486883,1103.681488,688.504083,0.604913,9.125820,0.052118,25.000000,30.000000,13.737104,0.455056,0.301775,0.153281,0.196414,0.091528,0.104886,0.000000,
19_od_3,main,unspecified,2104,expert1,graded,"probabilities to native, bilinear, thresholded there, and these numbers were measured from the outlines that run kept",254.000000,248.000000,125.492556,1498.919111,990.571359,237.000000,215.000000,113.015497,1495.594328,999.654738,0.895660,9.672742,0.042794,17.000000,33.000000,12.477059,109.000000,115.000000,55.999902,1497.556943,999.405806,69.000000,63.000000,31.760416,1501.629221,980.867151,0.486752,18.980653,0.083974,40.000000,52.000000,24.239486,0.463710,0.293023,0.170686,0.199131,0.078976,0.120155,0.000000,
19_od_6,main,unspecified,1572,expert1,graded,"probabilities to native, bilinear, thresholded there, and these numbers were measured from the outlines that run kept",200.000000,194.000000,98.998795,1078.390419,771.912212,192.000000,152.000000,87.038930,1073.932983,782.673445,0.870746,11.647870,0.066912,8.000000,42.000000,11.959865,87.000000,87.000000,43.760168,1075.448471,778.673371,55.000000,50.000000,25.644263,1069.188287,765.274443,0.511260,14.789225,0.084958,32.000000,37.000000,18.115905,0.448454,0.328947,0.119506,0.195388,0.086807,0.108581,0.000000,
1_od_1,main,unspecified,1530,expert1,graded,"probabilities to native, bilinear, thresholded there, and these numbers were measured from the outlines that run kept",161.000000,194.000000,88.629856,1258.262663,729.662371,148.000000,183.000000,78.948248,1256.350289,739.196977,0.871100,9.724499,0.061588,13.000000,11.000000,9.681608,72.000000,74.000000,35.575274,1259.806338,719.682344,53.000000,48.000000,24.384480,1260.565310,719.040685,0.639288,0.993864,0.006294,19.000000,26.000000,11.190794,0.381443,0.262295,0.119148,0.161115,0.095399,0.065717,0.000000,
1_od_2,main,unspecified,2101,expert1,graded,"probabilities to native, bilinear, thresholded there, and these numbers were measured from the outlines that run kept",216.000000,263.000000,119.460400,1695.456160,982.729641,183.000000,244.000000,106.181619,1692.600791,994.481028,0.871444,12.093313,0.056946,33.000000,19.000000,13.278781,83.000000,89.000000,42.699872,1698.874127,968.607367,64.000000,70.000000,32.084485,1696.552257,963.860544,0.721714,5.284261,0.024883,19.000000,19.000000,10.615387,0.338403,0.286885,0.051518,0.127763,0.091304,0.036459,0.000000,
1_od_3,main,unspecified,2101,expert1,graded,"probabilities to native, bilinear, thresholded there, and these numbers were measured from the outlines that run kept",214.000000,263.000000,119.285743,1710.042571,997.852400,176.000000,244.000000,103.252860,1704.016839,1006.006807,0.853431,10.139221,0.049099,38.000000,19.000000,16.032884,83.000000,88.000000,42.155950,1710.322407,982.752105,64.000000,81.000000,35.269747,1707.466223,989.689099,0.796755,7.501979,0.036328,19.000000,7.000000,6.886203,0.334601,0.331967,0.002634,0.124894,0.116681,0.008213,0.000000,
1_os_1,main,unspecified,1528,expert1,graded,"probabilities to native, bilinear, thresholded there, and these numbers were measured from the outlines that run kept",178.000000,224.000000,99.810543,329.642490,676.788542,169.000000,196.000000,89.998408,324.464749,685.050381,0.896287,9.750230,0.054169,9.000000,28.000000,9.812136,105.000000,115.000000,54.449410,335.091583,679.792678,95.000000,107.000000,49.314172,341.236126,685.376963,0.879085,8.302991,0.046129,10.000000,8.000000,5.135239,0.513393,0.545918,-0.032526,0.297600,0.300244,-0.002643,0.000000,
1_os_2,main,unspecified,2099,expert1,graded,"probabilities to native, bilinear, thresholded there, and these numbers were measured from the outlines that run kept",237.000000,299.000000,132.937002,455.799510,952.729714,222.000000,281.000000,124.504511,449.630834,961.153186,0.926596,10.440663,0.041929,15.000000,18.000000,8.432492,127.000000,150.000000,69.089616,458.983462,953.817418,114.000000,135.000000,61.088993,459.430911,959.986182,0.875075,6.184971,0.024838,13.000000,15.000000,8.000623,0.501672,0.480427,0.021245,0.270106,0.240744,0.029362,0.000000,
1_os_4,main,unspecified,2100,expert1,graded,"probabilities to native, bilinear, thresholded there, and these numbers were measured from the outlines that run kept",237.000000,300.000000,133.007620,469.650527,973.042355,209.000000,270.000000,117.593947,469.050457,986.806436,0.876764,13.777156,0.058579,28.000000,30.000000,15.413672,133.000000,152.000000,70.390423,472.346717,974.595208,105.000000,119.000000,55.296336,473.907974,975.266708,0.763229,1.699540,0.007226,28.000000,33.000000,15.094087,0.506667,0.440741,0.065926,0.280075,0.221117,0.058958,0.000000,
20_od_1,main,unspecified,2101,expert1,graded,"probabilities to native, bilinear, thresholded there, and these numbers were measured from the outlines that run kept",302.000000,347.000000,161.226984,1625.778468,1129.831870,285.000000,321.000000,152.690174,1622.912689,1132.583734,0.945651,3.973090,0.013010,17.000000,26.000000,8.536809,158.000000,182.000000,84.624676,1627.774469,1118.791537,136.000000,162.000000,73.392369,1625.486704,1120.830398,0.858346,3.064445,0.010035,22.000000,20.000000,11.232307,0.524496,0.504673,0.019823,0.275498,0.231036,0.044462,0.000000,
20_od_3,main,unspecified,2102,expert1,graded,"probabilities to native, bilinear, thresholded there, and these numbers were measured from the outlines that run kept",300.000000,343.000000,159.725449,1663.297421,1103.959051,282.000000,321.000000,149.521949,1661.679125,1106.314867,0.931635,2.858103,0.009557,18.000000,22.000000,10.203500,156.000000,177.000000,82.828334,1664.065745,1093.589802,120.000000,138.000000,64.950450,1653.950275,1094.209462,0.761535,10.134432,0.033889,36.000000,39.000000,17.877885,0.516035,0.429907,0.086128,0.268912,0.188692,0.080219,0.000000,
20_od_4,main,unspecified,1572,expert1,graded,"probabilities to native, bilinear, thresholded there, and these numbers were measured from the outlines that run kept",230.000000,271.000000,124.539020,1169.292472,847.872840,214.000000,253.000000,115.446755,1168.845143,848.181008,0.924335,0.543204,0.002353,16.000000,18.000000,9.092265,131.000000,150.000000,69.841110,1164.414252,839.589990,107.000000,122.000000,57.025028,1168.186962,836.439996,0.800000,4.914855,0.021286,24.000000,28.000000,12.816083,0.553506,0.482213,0.071292,0.314493,0.243987,0.070506,0.000000,
21_od_1,main,unspecified,1534,expert1,graded,"probabilities to native, bilinear, thresholded there, and these numbers were measured from the outlines that run kept",249.000000,253.000000,126.195729,1199.012352,740.069917,243.000000,248.000000,121.392571,1197.856097,743.342802,0.960364,3.471124,0.014297,6.000000,5.000000,4.803158,144.000000,146.000000,73.301234,1190.586434,729.883353,134.000000,132.000000,65.647525,1191.661644,742.348549,0.861830,12.511482,0.051533,10.000000,14.000000,7.653709,0.577075,0.532258,0.044817,0.337391,0.292451,0.044940,0.000000,
21_od_2,main,unspecified,1534,expert1,graded,"probabilities to native, bilinear, thresholded there, and these numbers were measured from the outlines that run kept",249.000000,252.000000,125.794036,1066.626496,661.604047,242.000000,248.000000,122.084160,1063.040791,664.023215,0.968727,4.325465,0.017715,7.000000,4.000000,3.709876,152.000000,157.000000,77.032025,1057.298412,653.643815,131.000000,140.000000,67.497921,1059.752882,660.205478,0.867365,7.005700,0.028692,21.000000,17.000000,9.534104,0.623016,0.564516,0.058500,0.374992,0.305677,0.069316,0.000000,
21_od_3,main,unspecified,2103,expert1,graded,"probabilities to native, bilinear, thresholded there, and these numbers were measured from the outlines that run kept",344.000000,338.000000,171.782526,1620.217116,1004.639085,326.000000,334.000000,163.531302,1614.990478,1002.265218,0.950679,5.740470,0.017552,18.000000,4.000000,8.251224,204.000000,203.000000,101.232341,1605.792701,989.001957,130.000000,159.000000,72.926823,1602.914412,990.606775,0.683312,3.295449,0.010076,74.000000,44.000000,28.305517,0.600592,0.476048,0.124544,0.347281,0.198872,0.148409,0.000000,
22_od_1,main,unspecified,1530,expert1,graded,"probabilities to native, bilinear, thresholded there, and these numbers were measured from the outlines that run kept",177.000000,252.000000,104.306433,795.019075,741.252750,184.000000,247.000000,106.019615,772.952906,746.544036,0.833046,22.691707,0.107017,-7.000000,5.000000,-1.713182,115.000000,131.000000,60.675960,792.756268,724.555680,105.000000,121.000000,56.204157,788.421806,730.582930,0.906933,7.423968,0.035012,10.000000,10.000000,4.471803,0.519841,0.489879,0.029963,0.338385,0.281038,0.057347,0.000000,
23_od_1,main,unspecified,2102,expert1,graded,"probabilities to native, bilinear, thresholded there, and these numbers were measured from the outlines that run kept",271.000000,282.000000,137.995974,1563.472094,1026.384405,261.000000,257.000000,127.705157,1555.483595,1026.214248,0.922636,7.990310,0.031284,10.000000,25.000000,10.290818,131.000000,139.000000,66.380447,1561.237810,1032.525320,83.000000,91.000000,43.607147,1560.472548,1032.456478,0.602917,0.768352,0.003008,48.000000,48.000000,22.773300,0.492908,0.354086,0.138822,0.231392,0.116600,0.114792,0.000000,
23_od_2,main,unspecified,2103,expert1,graded,"probabilities to native, bilinear, thresholded there, and these numbers were measured from the outlines that run kept",275.000000,283.000000,139.274858,1548.626528,1001.184020,245.000000,250.000000,123.718427,1539.598615,1001.258974,0.882110,9.028224,0.036487,30.000000,33.000000,15.556431,132.000000,140.000000,67.405900,1545.842931,1007.426440,112.000000,106.000000,55.143579,1538.248090,1008.288914,0.801696,7.643656,0.030891,20.000000,34.000000,12.262320,0.494700,0.424000,0.070700,0.234234,0.198665,0.035569,0.000000,
23_od_3,main,unspecified,2104,expert1,graded,"probabilities to native, bilinear, thresholded there, and these numbers were measured from the outlines that run kept",269.000000,283.000000,137.399567,1567.042540,1027.178961,246.000000,252.000000,124.650152,1560.567308,1024.695593,0.902887,6.935110,0.027818,23.000000,31.000000,12.749415,136.000000,143.000000,68.842689,1563.020754,1033.881658,102.000000,110.000000,52.781134,1557.349520,1030.104433,0.740409,6.813979,0.027332,34.000000,33.000000,16.061555,0.505300,0.436508,0.068792,0.251041,0.179296,0.071745,0.000000,
23_os_1,main,unspecified,2102,expert1,graded,"probabilities to native, bilinear, thresholded there, and these numbers were measured from the outlines that run kept",262.000000,278.000000,134.240372,576.915161,1008.816385,248.000000,263.000000,127.088009,575.860350,1010.233322,0.945302,1.766448,0.006950,14.000000,15.000000,7.152364,127.000000,144.000000,67.552132,576.715890,1015.977888,113.000000,119.000000,57.317330,578.397345,998.681232,0.798232,17.378193,0.068371,14.000000,25.000000,10.234802,0.517986,0.452471,0.065514,0.253228,0.203406,0.049823,0.000000,
23_os_2,main,unspecified,2101,expert1,graded,"probabilities to native, bilinear, thresholded there, and these numbers were measured from the outlines that run kept",265.000000,282.000000,136.286531,655.985365,1022.329483,241.000000,260.000000,124.954938,658.095307,1026.091617,0.913411,4.313410,0.017260,24.000000,22.000000,11.331593,138.000000,148.000000,70.374594,661.148403,1030.388264,133.000000,151.000000,69.413664,673.706084,1016.383762,0.822843,18.810142,0.075268,5.000000,-3.000000,0.960930,0.524823,0.580769,-0.055947,0.266640,0.308591,-0.041950,0.000000,
23_os_3,main,unspecified,2102,expert1,graded,"probabilities to native, bilinear, thresholded there, and these numbers were measured from the outlines that run kept",263.000000,276.000000,134.392043,595.771294,1005.093037,233.000000,262.000000,123.913810,598.442887,1008.465753,0.918927,4.302630,0.017361,30.000000,14.000000,10.478233,135.000000,145.000000,69.241487,598.759461,1014.652901,125.000000,152.000000,69.188600,605.090498,1001.810160,0.865619,14.318451,0.057776,10.000000,-7.000000,0.052887,0.525362,0.580153,-0.054790,0.265452,0.311767,-0.046315,0.000000,
24_od_1,main,unspecified,2100,expert1,graded,"probabilities to native, bilinear, thresholded there, and these numbers were measured from the outlines that run kept",274.000000,258.000000,132.813631,1503.641421,967.561138,268.000000,228.000000,123.122662,1498.855388,970.087645,0.918905,5.411964,0.021978,6.000000,30.000000,9.690969,117.000000,108.000000,56.158831,1502.141199,974.405834,90.000000,81.000000,42.302933,1493.085023,976.025436,0.724018,9.199860,0.037361,27.000000,27.000000,13.855898,0.418605,0.355263,0.063341,0.178793,0.118050,0.060743,0.000000,
24_od_3,main,unspecified,2099,expert1,graded,"probabilities to native, bilinear, thresholded there, and these numbers were measured from the outlines that run kept",269.000000,256.000000,130.492550,1497.622813,926.800452,261.000000,220.000000,119.519006,1491.752278,925.557635,0.912242,6.000647,0.025103,8.000000,36.000000,10.973544,114.000000,108.000000,55.394109,1498.974585,932.494813,86.000000,71.000000,37.686851,1499.220753,923.811519,0.632818,8.686782,0.036341,28.000000,37.000000,17.707258,0.421875,0.322727,0.099148,0.180200,0.099427,0.080773,0.000000,
24_od_4,main,unspecified,1572,expert1,graded,"probabilities to native, bilinear, thresholded there, and these numbers were measured from the outlines that run kept",216.000000,207.000000,105.532110,1069.528867,689.013004,210.000000,174.000000,96.426916,1063.255794,688.216254,0.907647,6.323469,0.032789,6.000000,33.000000,9.105194,99.000000,89.000000,46.321992,1068.892301,694.858478,63.000000,65.000000,31.117498,1060.355358,694.519395,0.621895,8.543674,0.044301,36.000000,24.000000,15.204494,0.429952,0.373563,0.056388,0.192666,0.104139,0.088527,0.000000,
24_os_1,main,unspecified,2102,expert1,graded,"probabilities to native, bilinear, thresholded there, and these numbers were measured from the outlines that run kept",257.000000,255.000000,126.704219,575.075999,977.972083,243.000000,239.000000,118.288909,578.808909,981.467401,0.931277,5.113889,0.021616,14.000000,16.000000,8.415310,105.000000,102.000000,52.070756,572.259920,981.651444,97.000000,91.000000,47.756574,574.479274,985.684159,0.903909,4.603078,0.019457,8.000000,11.000000,4.314182,0.400000,0.380753,0.019247,0.168891,0.162996,0.005894,0.000000,
24_os_3,main,unspecified,2101,expert1,graded,"probabilities to native, bilinear, thresholded there, and these numbers were measured from the outlines that run kept",252.000000,253.000000,125.149662,611.979657,1072.226928,238.000000,230.000000,115.096058,612.964125,1073.968498,0.916452,2.000561,0.008691,14.000000,23.000000,10.053604,102.000000,100.000000,50.961656,611.043510,1074.718593,100.000000,91.000000,46.786933,612.088411,1080.986477,0.905294,6.354383,0.027605,2.000000,9.000000,4.174723,0.395257,0.395652,-0.000395,0.165816,0.165245,0.000572,0.000000,
24_os_4,main,unspecified,1572,expert1,graded,"probabilities to native, bilinear, thresholded there, and these numbers were measured from the outlines that run kept",200.000000,202.000000,100.001708,468.057421,766.285069,181.000000,182.000000,89.736300,473.007945,768.724366,0.892110,5.518864,0.030750,19.000000,20.000000,10.265409,81.000000,79.000000,40.144775,467.428007,769.623148,44.000000,50.000000,22.959120,474.376812,770.648551,0.492930,7.024054,0.039137,37.000000,29.000000,17.185655,0.391089,0.274725,0.116364,0.161155,0.065460,0.095695,0.000000,
25_od_1,main,unspecified,2101,expert1,graded,"probabilities to native, bilinear, thresholded there, and these numbers were measured from the outlines that run kept",236.000000,287.000000,129.903350,1655.161278,1005.980590,201.000000,269.000000,115.493618,1651.851975,1013.235986,0.882394,7.974476,0.034523,35.000000,18.000000,14.409732,132.000000,171.000000,74.590472,1652.439384,1016.344871,110.000000,135.000000,60.188743,1643.695369,1018.295492,0.788704,8.958946,0.038785,22.000000,36.000000,14.401729,0.595819,0.501859,0.093960,0.329705,0.271591,0.058115,0.000000,
25_od_2,main,unspecified,2100,expert1,graded,"probabilities to native, bilinear, thresholded there, and these numbers were measured from the outlines that run kept",237.000000,289.000000,131.211382,1661.036275,1012.476214,204.000000,283.000000,119.867385,1661.217218,1010.680786,0.901498,1.804523,0.007527,33.000000,6.000000,11.343997,138.000000,168.000000,75.622453,1653.971446,1021.826506,118.000000,166.000000,68.187627,1647.430547,1030.522215,0.865257,10.881118,0.045388,20.000000,2.000000,7.434826,0.581315,0.586572,-0.005258,0.332169,0.323600,0.008568,0.000000,
25_od_3,main,unspecified,2103,expert1,graded,"probabilities to native, bilinear, thresholded there, and these numbers were measured from the outlines that run kept",237.000000,288.000000,130.050288,1634.841759,1007.805624,201.000000,274.000000,117.401603,1634.576038,1011.080391,0.894883,3.285530,0.013993,36.000000,14.000000,12.648685,136.000000,171.000000,76.232431,1630.382374,1017.211261,117.000000,159.000000,66.154687,1623.104153,1026.016438,0.848091,11.423818,0.048653,19.000000,12.000000,10.077744,0.593750,0.580292,0.013458,0.343603,0.317522,0.026081,0.000000,
25_od_4,main,unspecified,2100,expert1,graded,"probabilities to native, bilinear, thresholded there, and these numbers were measured from the outlines that run kept",237.000000,288.000000,130.885904,1631.620394,951.816217,202.000000,277.000000,116.306557,1630.505659,953.689813,0.880601,2.180137,0.009372,35.000000,11.000000,14.579346,143.000000,175.000000,79.063073,1622.318617,963.098228,109.000000,155.000000,62.931801,1620.274313,963.838611,0.775686,2.174246,0.009347,34.000000,20.000000,16.131272,0.607639,0.559567,0.048072,0.364890,0.292774,0.072116,0.000000,
25_od_5,main,unspecified,1573,expert1,graded,"probabilities to native, bilinear, thresholded there, and these numbers were measured from the outlines that run kept",178.000000,220.000000,98.660612,1162.846076,822.478548,148.000000,212.000000,86.079135,1161.864207,825.171106,0.864124,2.865996,0.016647,30.000000,8.000000,12.581477,103.000000,130.000000,57.433835,1156.049503,831.463862,67.000000,109.000000,41.100737,1157.856039,832.044281,0.677345,1.897488,0.011022,36.000000,21.000000,16.333098,0.590909,0.514151,0.076758,0.338882,0.227984,0.110898,0.000000,
25_os_1,main,unspecified,2100,expert1,graded,"probabilities to native, bilinear, thresholded there, and these numbers were measured from the outlines that run kept",246.000000,285.000000,131.048744,467.877412,930.009101,224.000000,265.000000,119.826217,468.438459,936.959253,0.909985,6.972761,0.029095,22.000000,20.000000,11.222527,133.000000,165.000000,73.420555,469.839917,939.758193,131.000000,126.000000,62.805224,473.828841,932.475952,0.836158,8.303165,0.034647,2.000000,39.000000,10.615332,0.578947,0.475472,0.103476,0.313884,0.274718,0.039166,0.000000,
25_os_2,main,unspecified,2099,expert1,graded,"probabilities to native, bilinear, thresholded there, and these numbers were measured from the outlines that run kept",249.000000,285.000000,131.833372,477.305672,908.030274,227.000000,281.000000,124.668026,476.099207,917.484855,0.916599,9.531246,0.038227,22.000000,4.000000,7.165346,138.000000,170.000000,75.502396,480.697750,919.318834,141.000000,159.000000,70.922019,495.012846,924.072586,0.841624,15.083771,0.060496,-3.000000,11.000000,4.580376,0.596491,0.565836,0.030655,0.327998,0.323632,0.004365,0.000000,
25_os_3,main,unspecified,2102,expert1,graded,"probabilities to native, bilinear, thresholded there, and these numbers were measured from the outlines that run kept",250.000000,290.000000,133.102116,471.352373,902.968809,223.000000,266.000000,121.409613,470.329468,905.674354,0.908253,2.892457,0.011912,27.000000,24.000000,11.692503,140.000000,168.000000,75.531901,473.689672,912.158902,154.000000,180.000000,80.132798,491.918802,922.417092,0.795307,20.917257,0.086143,-14.000000,-12.000000,-4.600897,0.579310,0.676692,-0.097381,0.322026,0.435627,-0.113601,0.000000,
25_os_4,main,unspecified,2101,expert1,graded,"probabilities to native, bilinear, thresholded there, and these numbers were measured from the outlines that run kept",246.000000,293.000000,132.865150,466.664924,935.718747,229.000000,277.000000,123.913810,469.286724,936.561383,0.928995,2.753883,0.011112,17.000000,16.000000,8.951340,140.000000,174.000000,77.782492,472.707687,947.898669,120.000000,118.000000,57.674416,479.585933,931.949091,0.706046,17.369494,0.070087,20.000000,56.000000,20.108075,0.593857,0.425993,0.167864,0.342722,0.216634,0.126087,0.000000,
25_os_5,main,unspecified,1572,expert1,graded,"probabilities to native, bilinear, thresholded there, and these numbers were measured from the outlines that run kept",185.000000,228.000000,101.601130,404.259975,750.144372,175.000000,222.000000,95.065526,404.065054,752.483340,0.928710,2.347076,0.012345,10.000000,6.000000,6.535604,101.000000,134.000000,58.147120,411.820749,758.055545,106.000000,125.000000,54.501999,417.591835,754.186884,0.869099,6.947803,0.036542,-5.000000,9.000000,3.645122,0.587719,0.563063,0.024656,0.327536,0.328684,-0.001148,0.000000,
26_od_1,main,unspecified,2103,expert1,graded,"probabilities to native, bilinear, thresholded there, and these numbers were measured from the outlines that run kept",267.000000,276.000000,135.476005,1727.209088,1011.901197,256.000000,260.000000,126.203295,1724.263125,1012.433459,0.929218,2.993660,0.011860,11.000000,16.000000,9.272710,160.000000,155.000000,78.623012,1723.618950,1005.496910,123.000000,130.000000,62.058290,1727.847591,1005.328540,0.767727,4.231992,0.016767,37.000000,25.000000,16.564722,0.561594,0.500000,0.061594,0.336802,0.241801,0.095001,0.000000,
26_od_2,main,unspecified,2100,expert1,graded,"probabilities to native, bilinear, thresholded there, and these numbers were measured from the outlines that run kept",268.000000,274.000000,135.473656,1507.856620,1056.670037,266.000000,249.000000,126.792116,1505.281220,1058.245520,0.933221,3.019078,0.011906,2.000000,25.000000,8.681539,172.000000,165.000000,83.986589,1500.961191,1048.368096,140.000000,137.000000,69.715663,1502.221822,1045.232039,0.815891,3.379947,0.013329,32.000000,28.000000,14.270926,0.602190,0.550201,0.051989,0.384335,0.302327,0.082009,0.000000,
26_od_3,main,unspecified,1572,expert1,graded,"probabilities to native, bilinear, thresholded there, and these numbers were measured from the outlines that run kept",196.000000,214.000000,102.157271,1336.466785,732.955835,183.000000,200.000000,95.269555,1332.532300,732.904538,0.930310,3.934819,0.020651,13.000000,14.000000,6.887716,130.000000,131.000000,65.243836,1329.904659,724.538772,95.000000,98.000000,47.736574,1333.317363,724.662243,0.697350,3.414937,0.017922,35.000000,33.000000,17.507262,0.612150,0.490000,0.122150,0.407888,0.251070,0.156818,0.000000,
26_os_1,main,unspecified,2104,expert1,graded,"probabilities to native, bilinear, thresholded there, and these numbers were measured from the outlines that run kept",297.000000,299.000000,147.825208,548.051609,945.239093,298.000000,287.000000,144.051865,549.886825,947.120738,0.967619,2.628422,0.009123,-1.000000,12.000000,3.773343,163.000000,170.000000,82.529964,556.242125,943.248715,116.000000,123.000000,59.899825,555.614798,934.001774,0.690052,9.268196,0.032170,47.000000,47.000000,22.630139,0.568562,0.428571,0.139990,0.311692,0.172907,0.138785,0.000000,
26_os_2,main,unspecified,2104,expert1,graded,"probabilities to native, bilinear, thresholded there, and these numbers were measured from the outlines that run kept",302.000000,310.000000,152.089648,559.039921,951.019403,294.000000,279.000000,141.686866,558.518647,952.233637,0.929268,1.321397,0.004663,8.000000,31.000000,10.402783,190.000000,200.000000,96.767971,576.872493,947.680026,117.000000,133.000000,61.049901,563.400461,932.477240,0.569407,20.313059,0.071683,73.000000,67.000000,35.718070,0.645161,0.476703,0.168459,0.404822,0.185657,0.219165,0.000000,
26_os_3,main,unspecified,1573,expert1,graded,"probabilities to native, bilinear, thresholded there, and these numbers were measured from the outlines that run kept",234.000000,238.000000,117.310740,455.682218,665.641648,227.000000,218.000000,109.605353,453.156064,666.229565,0.930831,2.593665,0.011832,7.000000,20.000000,7.705387,140.000000,149.000000,71.516454,468.996017,662.454693,91.000000,101.000000,47.112364,460.719920,651.875090,0.605269,13.432118,0.061275,49.000000,48.000000,24.404090,0.626050,0.463303,0.162748,0.371652,0.184759,0.186893,0.000000,
27_od_1,main,unspecified,2102,expert1,graded,"probabilities to native, bilinear, thresholded there, and these numbers were measured from the outlines that run kept",281.000000,318.000000,149.747437,1579.058753,1121.604801,283.000000,311.000000,145.766325,1571.907014,1125.129554,0.948819,7.973158,0.027349,-2.000000,7.000000,3.981112,185.000000,223.000000,100.470111,1569.400227,1134.097313,200.000000,233.000000,103.396111,1565.274043,1138.011672,0.950136,5.687495,0.019509,-15.000000,-10.000000,-2.926001,0.701258,0.749196,-0.047938,0.450148,0.503146,-0.052998,0.000000,
27_od_2,main,unspecified,2100,expert1,graded,"probabilities to native, bilinear, thresholded there, and these numbers were measured from the outlines that run kept",288.000000,309.000000,148.483723,1356.727737,962.336640,269.000000,307.000000,140.997738,1356.124600,967.393989,0.939645,5.093188,0.018061,19.000000,2.000000,7.485984,183.000000,215.000000,98.352016,1348.541775,973.891671,178.000000,212.000000,94.622516,1343.642883,975.726856,0.942427,5.231353,0.018551,5.000000,3.000000,3.729501,0.695793,0.690554,0.005239,0.438742,0.450365,-0.011623,0.000000,
27_os_1,main,unspecified,2102,expert1,graded,"probabilities to native, bilinear, thresholded there, and these numbers were measured from the outlines that run kept",285.000000,310.000000,149.282261,558.280513,1004.642842,281.000000,305.000000,145.390244,562.297027,1012.108360,0.956216,8.477403,0.029154,4.000000,5.000000,3.892017,199.000000,211.000000,101.299922,562.181432,1008.455922,203.000000,225.000000,105.630092,565.838245,1024.212478,0.901071,16.175332,0.055627,-4.000000,-14.000000,-4.330171,0.680645,0.737705,-0.057060,0.460470,0.527843,-0.067373,0.000000,
27_os_2,main,unspecified,2103,expert1,graded,"probabilities to native, bilinear, thresholded there, and these numbers were measured from the outlines that run kept",280.000000,306.000000,146.758714,776.063239,1097.199441,268.000000,312.000000,142.211592,778.364360,1104.909579,0.951707,8.046203,0.028290,12.000000,-6.000000,4.547122,195.000000,209.000000,100.057396,781.251431,1103.076275,218.000000,218.000000,106.256537,777.621624,1112.433296,0.903290,10.036401,0.035287,-23.000000,-9.000000,-6.199141,0.683007,0.698718,-0.015711,0.464826,0.558266,-0.093440,0.000000,
28_od_1,main,unspecified,1527,expert1,graded,"probabilities to native, bilinear, thresholded there, and these numbers were measured from the outlines that run kept",180.000000,220.000000,99.479919,1222.631200,718.000386,147.000000,206.000000,86.954776,1215.417025,725.276164,0.863321,10.246037,0.058916,33.000000,14.000000,12.525144,92.000000,138.000000,56.005586,1220.460727,719.155165,87.000000,114.000000,48.309917,1216.162575,717.713312,0.844874,4.533547,0.026068,5.000000,24.000000,7.695669,0.627273,0.553398,0.073875,0.316951,0.308664,0.008287,0.000000,
28_od_2,main,unspecified,2098,expert1,graded,"probabilities to native, bilinear, thresholded there, and these numbers were measured from the outlines that run kept",252.000000,305.000000,138.719522,1678.966173,981.872548,216.000000,287.000000,121.274516,1674.869884,985.138730,0.866406,5.239038,0.021600,36.000000,18.000000,17.445006,126.000000,190.000000,77.308385,1675.243769,983.330475,102.000000,124.000000,55.290579,1670.026343,984.329550,0.676815,5.312220,0.021902,24.000000,66.000000,22.017806,0.622951,0.432056,0.190895,0.310583,0.207856,0.102727,0.000000,
28_od_3,main,unspecified,2102,expert1,graded,"probabilities to native, bilinear, thresholded there, and these numbers were measured from the outlines that run kept",255.000000,310.000000,140.176987,1533.634414,1098.078307,233.000000,295.000000,130.839688,1535.389692,1102.160354,0.928925,4.443434,0.016980,22.000000,15.000000,9.337299,140.000000,201.000000,84.077500,1525.347622,1102.026612,86.000000,129.000000,53.198620,1534.777190,1094.858621,0.571787,11.844697,0.045264,54.000000,72.000000,30.878879,0.648387,0.437288,0.211099,0.359754,0.165319,0.194436,0.000000,
28_os_1,main,unspecified,1528,expert1,graded,"probabilities to native, bilinear, thresholded there, and these numbers were measured from the outlines that run kept",194.000000,245.000000,109.600997,321.893847,708.343023,185.000000,228.000000,101.354896,323.357141,714.368884,0.921941,6.200986,0.030590,9.000000,17.000000,8.246101,102.000000,136.000000,58.504583,321.511671,712.371431,89.000000,101.000000,47.068427,332.597845,710.093678,0.753797,11.317747,0.055832,13.000000,35.000000,11.436156,0.555102,0.442982,0.112120,0.284938,0.215660,0.069278,0.000000,
28_os_2,main,unspecified,2100,expert1,graded,"probabilities to native, bilinear, thresholded there, and these numbers were measured from the outlines that run kept",267.000000,337.000000,150.546672,425.611373,974.234909,242.000000,311.000000,136.525719,430.256417,986.944703,0.902550,13.532010,0.049558,25.000000,26.000000,14.020953,134.000000,184.000000,78.643252,422.901750,979.275708,129.000000,135.000000,65.998125,439.839813,979.823736,0.755632,16.946926,0.062065,5.000000,49.000000,12.645127,0.545994,0.434084,0.111910,0.272886,0.233687,0.039199,0.000000,
28_os_3,main,unspecified,2103,expert1,graded,"probabilities to native, bilinear, thresholded there, and these numbers were measured from the outlines that run kept",271.000000,341.000000,152.670368,496.499379,1121.036545,253.000000,306.000000,141.165826,495.298459,1131.857104,0.920327,10.886997,0.038561,18.000000,35.000000,11.504543,154.000000,192.000000,84.748713,499.048307,1126.950851,96.000000,122.000000,51.908508,487.980154,1121.967986,0.545619,12.138079,0.042992,58.000000,70.000000,32.840205,0.563050,0.398693,0.164357,0.308146,0.135213,0.172933,0.000000,
29_od_1,main,unspecified,2101,expert1,graded,"probabilities to native, bilinear, thresholded there, and these numbers were measured from the outlines that run kept",286.000000,285.000000,143.330806,1588.241540,1013.001007,292.000000,260.000000,136.657386,1589.999625,1015.591358,0.949209,3.130620,0.011454,-6.000000,25.000000,6.673421,149.000000,171.000000,78.485240,1583.716928,1017.639004,127.000000,124.000000,62.048030,1576.236544,998.936751,0.761535,20.142751,0.073698,22.000000,47.000000,16.437210,0.600000,0.476923,0.123077,0.299845,0.206153,0.093692,0.000000,
29_os_1,main,unspecified,2101,expert1,graded,"probabilities to native, bilinear, thresholded there, and these numbers were measured from the outlines that run kept",,,,,,377.000000,329.000000,174.940625,571.825193,966.516475,0.000000,,,,,,,,,,,148.000000,132.000000,69.195501,568.794243,967.957785,0.000000,,,,,,,0.401216,,,0.156450,,,
2_os_1,main,unspecified,2104,expert1,graded,"probabilities to native, bilinear, thresholded there, and these numbers were measured from the outlines that run kept",246.000000,330.000000,142.597173,443.804073,997.994693,234.000000,349.000000,138.408251,442.692953,998.514946,0.951815,1.226887,0.004432,12.000000,-19.000000,4.188923,135.000000,173.000000,76.169773,442.073462,995.391233,111.000000,124.000000,58.624157,451.329073,993.712883,0.743247,9.406550,0.033981,24.000000,49.000000,17.545615,0.524242,0.355301,0.168942,0.285327,0.179403,0.105925,0.000000,
30_od_1,main,unspecified,2103,expert1,graded,"probabilities to native, bilinear, thresholded there, and these numbers were measured from the outlines that run kept",284.000000,264.000000,127.544287,1650.336008,1226.824737,296.000000,293.000000,147.453298,1614.855240,1260.158712,0.764077,48.683044,0.165080,-12.000000,-29.000000,-19.909011,139.000000,137.000000,68.318210,1632.969788,1242.528473,164.000000,226.000000,96.540735,1604.398224,1275.861783,0.609790,43.902663,0.148870,-25.000000,-89.000000,-28.222524,0.518939,0.771331,-0.252392,0.286913,0.428659,-0.141746,0.000000,
30_od_2,main,unspecified,2101,expert1,graded,"probabilities to native, bilinear, thresholded there, and these numbers were measured from the outlines that run kept",295.000000,273.000000,142.671933,1554.631810,963.485238,290.000000,288.000000,146.235067,1541.579545,990.626879,0.866636,30.116944,0.102974,5.000000,-15.000000,-3.563133,154.000000,152.000000,74.926841,1550.393151,969.570165,122.000000,143.000000,67.339755,1543.340376,988.505194,0.781796,20.205865,0.069087,32.000000,9.000000,7.587085,0.556777,0.496528,0.060249,0.275802,0.212051,0.063751,0.000000,
30_od_3,main,unspecified,1572,expert1,graded,"probabilities to native, bilinear, thresholded there, and these numbers were measured from the outlines that run kept",229.000000,230.000000,115.145828,1081.823614,774.421386,213.000000,227.000000,110.957604,1073.636098,788.897254,0.895968,16.630880,0.074942,16.000000,3.000000,4.188224,126.000000,131.000000,64.327510,1081.097769,778.095615,133.000000,170.000000,72.769522,1071.619981,791.815460,0.832771,16.675210,0.075142,-7.000000,-39.000000,-8.442012,0.569565,0.748899,-0.179333,0.312102,0.430115,-0.118013,0.000000,
31_od_1,main,unspecified,2101,expert1,graded,"probabilities to native, bilinear, thresholded there, and these numbers were measured from the outlines that run kept",273.000000,326.000000,147.748746,1632.641266,1037.330038,251.000000,305.000000,134.987590,1636.087816,1039.675081,0.909915,4.168685,0.015441,22.000000,21.000000,12.761156,152.000000,171.000000,79.778482,1631.574994,1026.345886,131.000000,133.000000,66.169120,1631.836060,1028.319884,0.815111,1.991186,0.007375,21.000000,38.000000,13.609362,0.524540,0.436066,0.088474,0.291557,0.240283,0.051274,0.000000,
31_od_3,main,unspecified,1568,expert1,graded,"probabilities to native, bilinear, thresholded there, and these numbers were measured from the outlines that run kept",186.000000,225.000000,101.659073,1095.925678,753.046232,156.000000,205.000000,87.009668,1096.493651,759.990119,0.843861,6.967078,0.040036,30.000000,20.000000,14.649405,108.000000,118.000000,55.540446,1090.506862,749.143019,91.000000,91.000000,44.653030,1091.888410,746.479087,0.785208,3.000868,0.017244,17.000000,27.000000,10.887415,0.524444,0.443902,0.080542,0.298488,0.263370,0.035117,0.000000,
31_os_1,main,unspecified,2100,expert1,graded,"probabilities to native, bilinear, thresholded there, and these numbers were measured from the outlines that run kept",218.000000,265.000000,118.307744,482.363186,928.115528,193.000000,257.000000,110.209204,486.742937,933.897610,0.911969,7.253599,0.032908,25.000000,8.000000,8.098540,112.000000,124.000000,58.075912,484.145149,923.793884,93.000000,107.000000,49.901285,485.571648,927.599898,0.848255,4.064558,0.018440,19.000000,17.000000,8.174627,0.467925,0.416342,0.051582,0.240972,0.205016,0.035956,0.000000,
31_os_3,main,unspecified,1572,expert1,graded,"probabilities to native, bilinear, thresholded there, and these numbers were measured from the outlines that run kept",163.000000,209.000000,90.132707,392.825249,682.663780,156.000000,209.000000,81.233504,398.350538,691.069799,0.840897,10.059322,0.061916,7.000000,0.000000,8.899203,91.000000,98.000000,46.032477,401.046868,682.586150,81.000000,90.000000,40.188361,399.790698,685.955262,0.860796,3.595675,0.022132,10.000000,8.000000,5.844116,0.468900,0.430622,0.038278,0.260834,0.244754,0.016080,0.000000,
32_od_1,main,unspecified,2103,expert1,graded,"probabilities to native, bilinear, thresholded there, and these numbers were measured from the outlines that run kept",297.000000,312.000000,153.135646,1588.396921,1042.146976,278.000000,285.000000,143.595947,1589.073589,1041.571574,0.935768,0.888237,0.003093,19.000000,27.000000,9.539698,176.000000,165.000000,83.623860,1575.700624,1041.914152,186.000000,171.000000,86.707331,1579.998772,1045.340531,0.945600,5.496740,0.019140,-10.000000,-6.000000,-3.083471,0.528846,0.600000,-0.071154,0.298200,0.364609,-0.066409,0.000000,
32_os_1,main,unspecified,2102,expert1,graded,"probabilities to native, bilinear, thresholded there, and these numbers were measured from the outlines that run kept",322.000000,317.000000,160.215935,504.221262,1032.570658,301.000000,295.000000,151.354306,499.350739,1032.991885,0.942088,4.888704,0.016150,21.000000,22.000000,8.861629,175.000000,156.000000,81.836667,515.204420,1033.195295,128.000000,113.000000,59.780140,545.399038,1050.208248,0.660675,34.657691,0.114492,47.000000,43.000000,22.056527,0.492114,0.383051,0.109063,0.260906,0.156000,0.104906,0.000000,
33_od_1,main,unspecified,2100,expert1,graded,"probabilities to native, bilinear, thresholded there, and these numbers were measured from the outlines that run kept",198.000000,203.000000,99.096813,1573.888269,1054.974588,188.000000,213.000000,101.892076,1586.705145,1072.655844,0.844975,21.838020,0.107163,10.000000,-10.000000,-2.795264,72.000000,73.000000,35.646782,1571.622996,1076.155311,65.000000,66.000000,32.034842,1570.581886,1064.623139,0.762472,11.579071,0.056820,7.000000,7.000000,3.611940,0.359606,0.309859,0.049747,0.129396,0.098847,0.030549,0.000000,
33_os_1,main,unspecified,2099,expert1,graded,"probabilities to native, bilinear, thresholded there, and these numbers were measured from the outlines that run kept",195.000000,194.000000,95.534807,558.170579,972.238622,115.000000,211.000000,75.289192,554.399090,983.071990,0.724769,11.471094,0.076180,80.000000,-17.000000,20.245615,111.000000,94.000000,49.824681,590.753173,985.454545,42.000000,90.000000,28.367012,557.362342,975.659019,0.414254,34.797988,0.231096,69.000000,4.000000,21.457668,0.484536,0.426540,0.057996,0.271998,0.141959,0.130039,0.000000,
34_od_1,main,unspecified,2099,expert1,graded,"probabilities to native, bilinear, thresholded there, and these numbers were measured from the outlines that run kept",303.000000,372.000000,167.914422,1669.145092,1144.225519,270.000000,371.000000,158.378578,1673.550182,1153.622794,0.922912,10.378516,0.032765,33.000000,1.000000,9.535844,144.000000,171.000000,77.516035,1657.309371,1137.236796,111.000000,139.000000,62.883732,1643.675038,1133.355309,0.788435,14.176071,0.044754,33.000000,32.000000,14.632304,0.459677,0.374663,0.085014,0.213112,0.157646,0.055465,0.000000,
34_od_2,main,unspecified,2101,expert1,graded,"probabilities to native, bilinear, thresholded there, and these numbers were measured from the outlines that run kept",296.000000,358.000000,161.425278,1646.234780,1123.643873,279.000000,361.000000,158.749956,1644.700870,1139.194384,0.933698,15.625981,0.049216,17.000000,-3.000000,2.675322,142.000000,166.000000,75.337796,1630.047950,1119.841961,114.000000,139.000000,62.186388,1616.846407,1126.523664,0.805470,14.796145,0.046602,28.000000,27.000000,13.151409,0.463687,0.385042,0.078646,0.217812,0.153449,0.064364,0.000000,
34_od_3,main,unspecified,1570,expert1,graded,"probabilities to native, bilinear, thresholded there, and these numbers were measured from the outlines that run kept",206.000000,252.000000,113.767819,1129.254562,806.029413,183.000000,255.000000,106.797378,1132.325156,815.291583,0.904202,9.757886,0.045684,23.000000,-3.000000,6.970441,105.000000,125.000000,57.278443,1115.170176,804.793441,74.000000,119.000000,45.980586,1104.856218,812.031316,0.752375,12.600181,0.058991,31.000000,6.000000,11.297857,0.496032,0.466667,0.029365,0.253480,0.185365,0.068115,0.000000,
34_os_1,main,unspecified,2101,expert1,graded,"probabilities to native, bilinear, thresholded there, and these numbers were measured from the outlines that run kept",298.000000,329.000000,157.723030,421.705702,1032.701479,286.000000,318.000000,150.719950,414.700488,1034.383054,0.952233,7.204215,0.023899,12.000000,11.000000,7.003080,152.000000,162.000000,78.005204,433.120056,1037.230121,72.000000,75.000000,35.174856,433.652688,1036.575508,0.337956,0.843929,0.002800,80.000000,87.000000,42.830347,0.492401,0.235849,0.256552,0.244600,0.054466,0.190135,0.000000,
34_os_2,main,unspecified,2101,expert1,graded,"probabilities to native, bilinear, thresholded there, and these numbers were measured from the outlines that run kept",293.000000,320.000000,153.920390,410.947279,1039.305566,263.000000,309.000000,143.300822,402.352363,1046.382745,0.922212,11.133689,0.038847,30.000000,11.000000,10.619568,145.000000,156.000000,74.259009,422.308474,1043.123009,70.000000,90.000000,40.227944,435.215775,1031.740755,0.453767,17.209129,0.060045,75.000000,66.000000,34.031066,0.487500,0.291262,0.196238,0.232759,0.078806,0.153953,0.000000,
34_os_3,main,unspecified,1571,expert1,graded,"probabilities to native, bilinear, thresholded there, and these numbers were measured from the outlines that run kept",205.000000,228.000000,108.878358,433.658370,854.200687,191.000000,219.000000,103.743404,428.437507,858.722909,0.943874,6.907090,0.033289,14.000000,9.000000,5.134954,107.000000,117.000000,54.836790,442.566952,859.142691,89.000000,90.000000,43.413279,422.116703,833.174633,0.563248,33.053786,0.159305,18.000000,27.000000,11.423510,0.513158,0.410959,0.102199,0.253665,0.175115,0.078550,0.000000,
35_od_1,main,unspecified,1532,expert1,graded,"probabilities to native, bilinear, thresholded there, and these numbers were measured from the outlines that run kept",230.000000,254.000000,119.069401,1177.625685,690.070184,217.000000,249.000000,111.860456,1175.527550,694.071254,0.935909,4.517824,0.020194,13.000000,5.000000,7.208945,142.000000,168.000000,76.922445,1177.689171,689.160686,134.000000,157.000000,72.449500,1177.157975,694.542511,0.929559,5.407976,0.024173,8.000000,11.000000,4.472945,0.661417,0.630522,0.030895,0.417355,0.419486,-0.002131,0.000000,
35_os_1,main,unspecified,1531,expert1,graded,"probabilities to native, bilinear, thresholded there, and these numbers were measured from the outlines that run kept",231.000000,267.000000,125.124225,352.662519,730.492203,218.000000,255.000000,117.656188,348.978983,731.956886,0.938019,3.964055,0.016846,13.000000,12.000000,7.468037,152.000000,163.000000,77.665773,357.691557,736.830818,136.000000,149.000000,69.363203,352.850215,732.540390,0.887128,6.468876,0.027491,16.000000,14.000000,8.302570,0.610487,0.584314,0.026173,0.385280,0.347559,0.037721,0.000000,
36_od_1,main,unspecified,2103,expert1,graded,"probabilities to native, bilinear, thresholded there, and these numbers were measured from the outlines that run kept",317.000000,337.000000,163.886149,1612.846917,932.347456,302.000000,317.000000,156.551173,1611.774492,936.485057,0.953239,4.274323,0.013652,15.000000,20.000000,7.334976,173.000000,194.000000,91.309862,1604.620700,938.231703,176.000000,193.000000,92.906454,1596.272338,941.401519,0.931833,8.929887,0.028521,-3.000000,1.000000,-1.596592,0.575668,0.608833,-0.033165,0.310421,0.352192,-0.041771,0.000000,
36_od_2,main,unspecified,2104,expert1,graded,"probabilities to native, bilinear, thresholded there, and these numbers were measured from the outlines that run kept",313.000000,334.000000,162.110037,1609.563106,947.462088,296.000000,313.000000,152.727694,1608.755186,949.931100,0.940015,2.597836,0.008505,17.000000,21.000000,9.382344,186.000000,210.000000,99.162639,1598.767545,954.910592,196.000000,208.000000,103.277519,1596.518935,951.755797,0.954457,3.874142,0.012683,-10.000000,2.000000,-4.114880,0.628743,0.664537,-0.035794,0.374176,0.457273,-0.083097,0.000000,
36_od_3,main,unspecified,1572,expert1,graded,"probabilities to native, bilinear, thresholded there, and these numbers were measured from the outlines that run kept",231.000000,255.000000,121.901512,1127.231064,728.934967,217.000000,233.000000,113.463842,1127.171097,731.170602,0.928394,2.236439,0.009855,14.000000,22.000000,8.437671,142.000000,160.000000,75.920718,1119.452176,734.244422,136.000000,142.000000,69.943582,1111.931746,734.280239,0.902112,7.520515,0.033141,6.000000,18.000000,5.977136,0.627451,0.609442,0.018009,0.387885,0.379998,0.007887,0.000000,
36_os_1,main,unspecified,2103,expert1,graded,"probabilities to native, bilinear, thresholded there, and these numbers were measured from the outlines that run kept",324.000000,366.000000,171.169020,496.080124,958.535510,310.000000,349.000000,164.775236,495.561989,964.890406,0.959479,6.375984,0.019348,14.000000,17.000000,6.393784,176.000000,203.000000,94.246684,503.347214,963.737395,165.000000,199.000000,91.492696,529.284813,964.039395,0.809918,25.939357,0.078711,11.000000,4.000000,2.753988,0.554645,0.570201,-0.015556,0.303167,0.308311,-0.005144,0.000000,
36_os_2,main,unspecified,2102,expert1,graded,"probabilities to native, bilinear, thresholded there, and these numbers were measured from the outlines that run kept",321.000000,362.000000,169.317045,517.939909,959.076856,311.000000,353.000000,164.351631,516.016969,965.795472,0.963647,6.988383,0.021260,10.000000,9.000000,4.965414,195.000000,220.000000,103.041470,530.688991,965.842697,201.000000,222.000000,105.492892,537.769721,967.080344,0.946983,7.188081,0.021868,-6.000000,-2.000000,-2.451422,0.607735,0.628895,-0.021160,0.370359,0.412001,-0.041642,0.000000,
36_os_3,main,unspecified,1572,expert1,graded,"probabilities to native, bilinear, thresholded there, and these numbers were measured from the outlines that run kept",238.000000,270.000000,126.657734,468.893746,706.785607,228.000000,241.000000,116.218946,468.760988,714.975137,0.914199,8.190607,0.035238,10.000000,29.000000,10.438788,149.000000,166.000000,78.365507,477.215104,714.772715,133.000000,141.000000,68.634306,488.637205,713.016961,0.852165,11.556257,0.049718,16.000000,25.000000,9.731200,0.614815,0.585062,0.029753,0.382813,0.348762,0.034051,0.000000,
37_od_1,main,unspecified,1532,expert1,graded,"probabilities to native, bilinear, thresholded there, and these numbers were measured from the outlines that run kept",209.000000,238.000000,110.539412,1200.743325,730.653763,196.000000,227.000000,102.479257,1196.465068,732.717395,0.919950,4.749953,0.023175,13.000000,11.000000,8.060155,139.000000,155.000000,72.773896,1200.356834,731.711323,143.000000,169.000000,77.602221,1192.196046,733.300333,0.908513,8.314049,0.040565,-4.000000,-14.000000,-4.828326,0.651261,0.744493,-0.093233,0.433428,0.573425,-0.139997,0.000000,
37_od_4,main,unspecified,1573,expert1,graded,"probabilities to native, bilinear, thresholded there, and these numbers were measured from the outlines that run kept",219.000000,257.000000,117.744082,1172.079350,738.820108,200.000000,244.000000,108.371406,1165.775938,742.859876,0.916967,7.486837,0.034542,19.000000,13.000000,9.372676,146.000000,170.000000,77.794768,1170.770578,740.097933,107.000000,149.000000,63.575930,1176.660891,737.119940,0.800858,6.600321,0.030452,39.000000,21.000000,14.218837,0.661479,0.610656,0.050823,0.436539,0.344157,0.092382,0.000000,
37_os_1,main,unspecified,1532,expert1,graded,"probabilities to native, bilinear, thresholded there, and these numbers were measured from the outlines that run kept",215.000000,256.000000,116.682263,344.301529,719.082577,216.000000,248.000000,112.983102,340.668454,722.153480,0.956211,4.757066,0.021052,-1.000000,8.000000,3.699161,142.000000,174.000000,78.371599,346.988391,723.900342,118.000000,125.000000,60.080231,336.731570,715.590300,0.740306,13.200727,0.058419,24.000000,49.000000,18.291369,0.679688,0.504032,0.175655,0.451136,0.282772,0.168364,0.000000,
37_os_4,main,unspecified,1572,expert1,graded,"probabilities to native, bilinear, thresholded there, and these numbers were measured from the outlines that run kept",222.000000,276.000000,123.538196,407.695178,752.556146,194.000000,238.000000,105.163486,416.644255,762.800253,0.840343,13.602489,0.064673,28.000000,38.000000,18.374710,146.000000,184.000000,81.464365,412.930740,760.410331,125.000000,127.000000,63.448129,412.178699,743.961967,0.755135,16.465547,0.078285,21.000000,57.000000,18.016236,0.666667,0.533613,0.133053,0.434843,0.364005,0.070838,0.000000,
38_od_1,main,unspecified,1530,expert1,graded,"probabilities to native, bilinear, thresholded there, and these numbers were measured from the outlines that run kept",163.000000,215.000000,93.646974,1187.129687,756.614787,152.000000,222.000000,89.211558,1188.168700,762.308443,0.935495,5.787682,0.032438,11.000000,-7.000000,4.435416,94.000000,108.000000,49.738360,1189.704967,757.464231,94.000000,110.000000,50.054142,1183.104688,763.938127,0.858659,9.245270,0.051817,0.000000,-2.000000,-0.315782,0.502326,0.495495,0.006830,0.282095,0.314802,-0.032707,0.000000,
38_od_2,main,unspecified,2101,expert1,graded,"probabilities to native, bilinear, thresholded there, and these numbers were measured from the outlines that run kept",223.000000,297.000000,128.463131,1629.467721,1017.172572,202.000000,300.000000,119.640123,1626.239237,1020.649417,0.922211,4.744635,0.019829,21.000000,-3.000000,8.823008,128.000000,152.000000,68.355474,1633.162136,1020.297636,103.000000,125.000000,56.048196,1633.036984,1021.878812,0.804057,1.586122,0.006629,25.000000,27.000000,12.307278,0.511785,0.416667,0.095118,0.283132,0.219467,0.063665,0.000000,
38_od_3,main,unspecified,2101,expert1,graded,"probabilities to native, bilinear, thresholded there, and these numbers were measured from the outlines that run kept",219.000000,294.000000,127.473140,1745.908304,1005.585359,203.000000,301.000000,121.975909,1746.342911,1014.054599,0.933265,8.480383,0.034763,16.000000,-7.000000,5.497231,125.000000,146.000000,66.981922,1749.805179,1007.942178,117.000000,181.000000,69.615142,1740.743120,1020.030673,0.845020,15.108032,0.061930,8.000000,-35.000000,-2.633220,0.496599,0.601329,-0.104730,0.276107,0.325731,-0.049624,0.000000,
38_od_4,main,unspecified,2101,expert1,graded,"probabilities to native, bilinear, thresholded there, and these numbers were measured from the outlines that run kept",220.000000,293.000000,127.549278,1620.522442,1081.322814,196.000000,305.000000,119.545635,1617.868900,1088.239036,0.912996,7.407794,0.030983,24.000000,-12.000000,8.003642,123.000000,138.000000,65.155959,1623.178976,1085.058709,96.000000,110.000000,51.834870,1622.198673,1087.913873,0.775186,3.018767,0.012626,27.000000,28.000000,13.321089,0.470990,0.360656,0.110334,0.260947,0.188008,0.072939,0.000000,
38_od_5,main,unspecified,1566,expert1,graded,"probabilities to native, bilinear, thresholded there, and these numbers were measured from the outlines that run kept",156.000000,204.000000,89.245448,1084.356406,795.748941,130.000000,213.000000,80.329185,1088.069850,797.577891,0.886696,4.139411,0.025765,26.000000,-9.000000,8.916263,97.000000,112.000000,51.167361,1082.055076,797.328024,77.000000,123.000000,46.032477,1081.104702,795.343999,0.851230,2.199902,0.013693,20.000000,-11.000000,5.134884,0.549020,0.577465,-0.028445,0.328711,0.328384,0.000327,0.000000,
38_os_1,main,unspecified,1529,expert1,graded,"probabilities to native, bilinear, thresholded there, and these numbers were measured from the outlines that run kept",190.000000,245.000000,106.519830,372.994558,718.740307,190.000000,253.000000,107.665645,372.929703,724.856276,0.954276,6.116312,0.028404,0.000000,-8.000000,-1.145815,110.000000,138.000000,59.435706,367.704992,718.294287,130.000000,169.000000,72.434121,385.696839,737.065097,0.715565,26.000959,0.120749,-20.000000,-31.000000,-12.998415,0.563265,0.667984,-0.104719,0.311339,0.452618,-0.141279,0.000000,
38_os_2,main,unspecified,2101,expert1,graded,"probabilities to native, bilinear, thresholded there, and these numbers were measured from the outlines that run kept",259.000000,335.000000,146.830271,497.999542,1000.510439,253.000000,344.000000,145.070247,497.207635,1008.084488,0.963869,7.615336,0.026247,6.000000,-9.000000,1.760025,152.000000,189.000000,80.813142,491.104596,1000.041185,123.000000,151.000000,68.666763,500.989334,1004.577466,0.809057,10.875931,0.037485,29.000000,38.000000,12.146379,0.564179,0.438953,0.125226,0.302923,0.224046,0.078878,0.000000,
38_os_3,main,unspecified,2105,expert1,graded,"probabilities to native, bilinear, thresholded there, and these numbers were measured from the outlines that run kept",258.000000,329.000000,145.145926,561.325300,962.120979,245.000000,340.000000,143.585972,561.509711,968.816844,0.957306,6.698404,0.023325,13.000000,-11.000000,1.559954,143.000000,180.000000,77.552984,553.288912,962.483355,154.000000,218.000000,91.907505,580.525643,982.825225,0.696690,33.994576,0.118377,-11.000000,-38.000000,-14.354521,0.547112,0.641176,-0.094064,0.285488,0.409711,-0.124224,0.000000,
38_os_4,main,unspecified,2099,expert1,graded,"probabilities to native, bilinear, thresholded there, and these numbers were measured from the outlines that run kept",258.000000,335.000000,146.143617,509.720409,978.798519,243.000000,344.000000,142.051465,511.981875,985.761535,0.942548,7.321054,0.025769,15.000000,-9.000000,4.092152,151.000000,189.000000,81.573698,502.572016,978.660368,139.000000,216.000000,85.587764,518.225221,987.914787,0.820484,18.184253,0.064006,12.000000,-27.000000,-4.014067,0.564179,0.627907,-0.063728,0.311559,0.363021,-0.051462,0.000000,
38_os_5,main,unspecified,1567,expert1,graded,"probabilities to native, bilinear, thresholded there, and these numbers were measured from the outlines that run kept",184.000000,237.000000,103.718855,508.917978,767.476802,155.000000,242.000000,94.614105,503.249867,770.417381,0.899659,6.385491,0.033745,29.000000,-5.000000,9.104750,120.000000,158.000000,68.548454,516.241973,771.064016,97.000000,160.000000,60.602471,518.876322,776.114318,0.852471,5.696082,0.030102,23.000000,-2.000000,7.945983,0.666667,0.661157,0.005510,0.436797,0.410269,0.026528,0.000000,
39_od_1,main,unspecified,2100,expert1,graded,"probabilities to native, bilinear, thresholded there, and these numbers were measured from the outlines that run kept",249.000000,328.000000,142.942750,1626.502142,1086.127105,232.000000,310.000000,132.626560,1621.700941,1088.110080,0.925183,5.194586,0.019584,17.000000,18.000000,10.316191,133.000000,146.000000,69.140277,1625.179584,1085.364496,106.000000,119.000000,55.359621,1617.111134,1093.000312,0.780248,11.108806,0.041880,27.000000,27.000000,13.780656,0.445122,0.383871,0.061251,0.233958,0.174231,0.059727,0.000000,
39_od_2,main,unspecified,2099,expert1,graded,"probabilities to native, bilinear, thresholded there, and these numbers were measured from the outlines that run kept",247.000000,326.000000,141.994313,1650.404803,1082.908734,232.000000,307.000000,132.838794,1645.848675,1093.216101,0.924793,11.269433,0.042418,15.000000,19.000000,9.155519,129.000000,141.000000,67.164631,1647.322255,1082.159469,105.000000,109.000000,53.660332,1644.432346,1092.811851,0.779051,11.037427,0.041544,24.000000,32.000000,13.504299,0.432515,0.355049,0.077466,0.223738,0.163176,0.060562,0.000000,
39_od_3,main,unspecified,2098,expert1,graded,"probabilities to native, bilinear, thresholded there, and these numbers were measured from the outlines that run kept",240.000000,318.000000,138.669031,1626.812134,1038.053551,208.000000,304.000000,125.928076,1627.953130,1043.535177,0.899564,5.599116,0.022231,32.000000,14.000000,12.740956,124.000000,140.000000,65.942637,1624.530635,1038.919625,102.000000,110.000000,52.714754,1622.065636,1046.929210,0.779778,8.380314,0.033274,22.000000,30.000000,13.227883,0.440252,0.361842,0.078409,0.226138,0.175234,0.050904,0.000000,
39_od_4,main,unspecified,2100,expert1,graded,"probabilities to native, bilinear, thresholded there, and these numbers were measured from the outlines that run kept",243.000000,319.000000,139.448447,1616.120181,1107.795829,228.000000,305.000000,129.774642,1614.346784,1110.674668,0.925386,3.381220,0.013027,15.000000,14.000000,9.673804,125.000000,140.000000,65.928154,1615.200586,1107.788356,116.000000,118.000000,58.051243,1607.306697,1111.817512,0.848280,8.862707,0.034147,9.000000,22.000000,7.876911,0.438871,0.386885,0.051986,0.223519,0.200098,0.023421,0.000000,
39_os_1,main,unspecified,2099,expert1,graded,"probabilities to native, bilinear, thresholded there, and these numbers were measured from the outlines that run kept",241.000000,312.000000,136.985417,447.521373,983.012078,212.000000,312.000000,126.599919,450.797088,987.549571,0.911110,5.596352,0.022103,29.000000,0.000000,10.385498,136.000000,151.000000,71.454115,444.907731,986.317394,115.000000,116.000000,57.422749,439.558548,988.879429,0.784802,5.931085,0.023425,21.000000,35.000000,14.031366,0.483974,0.371795,0.112179,0.272086,0.205732,0.066354,0.000000,
39_os_2,main,unspecified,2099,expert1,graded,"probabilities to native, bilinear, thresholded there, and these numbers were measured from the outlines that run kept",238.000000,306.000000,134.958111,440.383013,990.189532,216.000000,306.000000,127.600427,441.020664,991.137534,0.943149,1.142501,0.004477,22.000000,0.000000,7.357684,131.000000,144.000000,68.791810,439.113271,994.814690,105.000000,105.000000,52.877538,440.932719,998.017304,0.742802,3.683358,0.014433,26.000000,39.000000,15.914272,0.470588,0.343137,0.127451,0.259822,0.171727,0.088095,0.000000,
39_os_3,main,unspecified,2099,expert1,graded,"probabilities to native, bilinear, thresholded there, and these numbers were measured from the outlines that run kept",235.000000,301.000000,133.227609,468.495714,994.429056,208.000000,288.000000,121.001239,473.291519,995.326130,0.904038,4.878984,0.020161,27.000000,13.000000,12.226370,130.000000,144.000000,68.306561,465.130918,997.775413,106.000000,120.000000,54.880307,471.652610,993.847495,0.784577,7.613213,0.031459,24.000000,24.000000,13.426254,0.478405,0.416667,0.061739,0.262867,0.205709,0.057158,0.000000,
39_os_4,main,unspecified,2101,expert1,graded,"probabilities to native, bilinear, thresholded there, and these numbers were measured from the outlines that run kept",233.000000,303.000000,133.276579,470.226117,962.044030,201.000000,292.000000,117.173633,473.351146,965.773630,0.871937,4.865771,0.020763,32.000000,11.000000,16.102946,130.000000,148.000000,68.905082,466.188522,964.825825,108.000000,114.000000,56.444341,466.775402,965.991208,0.803129,1.304816,0.005568,22.000000,34.000000,12.460740,0.488449,0.390411,0.098038,0.267297,0.232050,0.035248,0.000000,
3_od_1,main,unspecified,1533,expert1,graded,"probabilities to native, bilinear, thresholded there, and these numbers were measured from the outlines that run kept",194.000000,220.000000,103.312957,1202.583622,780.354736,182.000000,213.000000,97.717245,1204.455097,782.848890,0.943271,3.118209,0.015955,12.000000,7.000000,5.595712,98.000000,120.000000,54.150445,1198.443878,782.533760,76.000000,93.000000,41.054243,1208.416053,782.796789,0.729992,9.975644,0.051043,22.000000,27.000000,13.096202,0.545455,0.436620,0.108835,0.274723,0.176512,0.098211,0.000000,
3_od_5,main,unspecified,2105,expert1,graded,"probabilities to native, bilinear, thresholded there, and these numbers were measured from the outlines that run kept",264.000000,300.000000,140.571546,1614.939803,1016.234395,256.000000,288.000000,136.048092,1616.238185,1021.052298,0.965058,4.989788,0.018338,8.000000,12.000000,4.523454,127.000000,160.000000,71.152784,1608.717887,1015.194782,120.000000,141.000000,64.312663,1611.128136,1012.768278,0.897678,3.420120,0.012570,7.000000,19.000000,6.840121,0.533333,0.489583,0.043750,0.256206,0.223464,0.032742,0.000000,
3_od_7,main,unspecified,1572,expert1,graded,"probabilities to native, bilinear, thresholded there, and these numbers were measured from the outlines that run kept",191.000000,219.000000,101.093895,1143.338431,794.466098,184.000000,213.000000,98.457144,1146.228279,800.076377,0.956251,6.310821,0.032049,7.000000,6.000000,2.636750,93.000000,114.000000,51.526913,1137.979739,794.040163,69.000000,93.000000,40.456760,1135.877285,790.953715,0.762738,3.734498,0.018965,24.000000,21.000000,11.070153,0.520548,0.436620,0.083928,0.259788,0.168845,0.090943,0.000000,
40_od_1,main,unspecified,2103,expert1,graded,"probabilities to native, bilinear, thresholded there, and these numbers were measured from the outlines that run kept",312.000000,320.000000,157.845081,1580.662834,954.163543,295.000000,294.000000,148.828464,1576.212183,963.460380,0.935161,10.307253,0.034628,17.000000,26.000000,9.016617,155.000000,155.000000,77.678068,1571.911954,959.098227,132.000000,135.000000,66.753428,1562.026145,963.722837,0.845335,10.914039,0.036667,23.000000,20.000000,10.924640,0.484375,0.459184,0.025191,0.242178,0.201176,0.041002,0.000000,
40_od_2,main,unspecified,2101,expert1,graded,"probabilities to native, bilinear, thresholded there, and these numbers were measured from the outlines that run kept",311.000000,323.000000,157.675596,1565.854952,972.733103,290.000000,284.000000,144.092738,1560.809959,978.975210,0.910160,8.025949,0.027850,21.000000,39.000000,13.582858,147.000000,150.000000,74.581937,1557.752904,977.026781,140.000000,132.000000,68.891222,1541.329913,981.372837,0.830199,16.988315,0.058949,7.000000,18.000000,5.690715,0.464396,0.464789,-0.000392,0.223737,0.228583,-0.004846,0.000000,
40_od_3,main,unspecified,1572,expert1,graded,"probabilities to native, bilinear, thresholded there, and these numbers were measured from the outlines that run kept",243.000000,252.000000,123.830296,1121.564735,716.385942,222.000000,221.000000,113.385264,1118.430365,716.541088,0.912107,3.138208,0.013839,21.000000,31.000000,10.445032,134.000000,128.000000,65.722638,1109.361238,721.467207,83.000000,82.000000,40.590294,1113.084235,710.105680,0.552224,11.955961,0.052723,51.000000,46.000000,25.132344,0.507937,0.371041,0.136896,0.281693,0.128154,0.153539,0.000000,
40_os_1,main,unspecified,2103,expert1,graded,"probabilities to native, bilinear, thresholded there, and these numbers were measured from the outlines that run kept",301.000000,316.000000,153.394215,568.473763,1084.606391,295.000000,319.000000,152.894336,568.453499,1086.895139,0.981019,2.288838,0.007485,6.000000,-3.000000,0.499878,173.000000,155.000000,79.432604,561.684996,1082.649834,97.000000,104.000000,50.057321,558.016006,1071.821138,0.568499,11.433378,0.037390,76.000000,51.000000,29.375283,0.490506,0.326019,0.164488,0.268151,0.107190,0.160962,0.000000,
40_os_2,main,unspecified,2099,expert1,graded,"probabilities to native, bilinear, thresholded there, and these numbers were measured from the outlines that run kept",299.000000,320.000000,154.471564,621.076491,1000.024359,291.000000,325.000000,154.167320,614.545361,1004.522218,0.963570,7.930095,0.025719,8.000000,-5.000000,0.304244,160.000000,155.000000,76.278348,610.080475,997.335358,77.000000,77.000000,38.273517,611.238375,1002.609083,0.402255,5.399344,0.017511,83.000000,78.000000,38.004831,0.484375,0.236923,0.247452,0.243840,0.061633,0.182207,0.000000,
40_os_3,main,unspecified,1572,expert1,graded,"probabilities to native, bilinear, thresholded there, and these numbers were measured from the outlines that run kept",236.000000,257.000000,122.735551,493.922831,803.681373,208.000000,245.000000,113.976071,492.354929,808.696234,0.924117,5.254250,0.023050,28.000000,12.000000,8.759480,149.000000,146.000000,72.161149,495.213705,800.126780,105.000000,99.000000,50.424789,476.860791,804.856284,0.651333,18.952510,0.083142,44.000000,47.000000,21.736360,0.568093,0.404082,0.164012,0.345674,0.195732,0.149942,0.000000,
41_od_1,main,unspecified,1529,expert1,graded,"probabilities to native, bilinear, thresholded there, and these numbers were measured from the outlines that run kept",193.000000,269.000000,114.282864,1194.084692,672.562404,181.000000,255.000000,108.147947,1192.806526,678.526290,0.934722,6.099315,0.028199,12.000000,14.000000,6.134917,131.000000,132.000000,64.665578,1205.159930,676.744767,103.000000,123.000000,55.683540,1194.627451,674.867159,0.836612,10.698529,0.049462,28.000000,9.000000,8.982038,0.490706,0.482353,0.008353,0.320173,0.265105,0.055068,0.000000,
41_od_2,main,unspecified,2100,expert1,graded,"probabilities to native, bilinear, thresholded there, and these numbers were measured from the outlines that run kept",258.000000,356.000000,152.506612,1652.174495,955.888351,258.000000,327.000000,146.298178,1655.462522,961.191225,0.943253,6.239520,0.021325,0.000000,29.000000,6.208435,148.000000,176.000000,81.688729,1665.168002,963.002862,153.000000,169.000000,78.304555,1661.016508,956.351295,0.913715,7.840806,0.026797,-5.000000,7.000000,3.384174,0.494382,0.516820,-0.022438,0.286911,0.286481,0.000430,0.000000,
41_od_4,main,unspecified,1571,expert1,graded,"probabilities to native, bilinear, thresholded there, and these numbers were measured from the outlines that run kept",247.000000,298.000000,136.886625,1212.057282,737.362138,185.000000,249.000000,106.895689,1197.550114,735.681152,0.757621,14.604233,0.068311,62.000000,49.000000,29.990936,164.000000,157.000000,78.802967,1208.738172,744.788149,107.000000,127.000000,59.043457,1197.018901,742.096238,0.719083,12.024463,0.056244,57.000000,30.000000,19.759509,0.526846,0.510040,0.016805,0.331408,0.305087,0.026321,0.000000,
41_os_1,main,unspecified,1529,expert1,graded,"probabilities to native, bilinear, thresholded there, and these numbers were measured from the outlines that run kept",126.000000,191.000000,74.502938,294.914497,762.436461,147.000000,240.000000,92.851620,286.573232,771.500203,0.783011,12.317797,0.066331,-21.000000,-49.000000,-18.348681,72.000000,90.000000,39.408552,281.163353,780.075220,93.000000,134.000000,55.629207,287.106562,782.985703,0.668310,6.617601,0.035635,-21.000000,-44.000000,-16.220656,0.471204,0.558333,-0.087129,0.279791,0.358944,-0.079153,0.000000,
41_os_2,main,unspecified,2100,expert1,graded,"probabilities to native, bilinear, thresholded there, and these numbers were measured from the outlines that run kept",210.000000,325.000000,127.326977,407.529608,1049.076141,230.000000,355.000000,138.916720,393.193514,1050.608782,0.886122,14.417787,0.051894,-20.000000,-30.000000,-11.589743,125.000000,163.000000,70.424331,395.935498,1067.996470,105.000000,168.000000,65.016577,394.971084,1049.968373,0.819861,18.053874,0.064981,20.000000,-5.000000,5.407754,0.501538,0.473239,0.028299,0.305918,0.219048,0.086870,0.000000,
41_os_4,main,unspecified,1565,expert1,graded,"probabilities to native, bilinear, thresholded there, and these numbers were measured from the outlines that run kept",177.000000,244.000000,99.175478,439.606084,804.311036,123.000000,224.000000,82.618625,437.135562,798.034648,0.818547,6.745110,0.040821,54.000000,20.000000,16.556853,112.000000,125.000000,56.910483,439.815037,815.169337,77.000000,106.000000,44.252033,438.417263,809.114434,0.753598,6.214146,0.037607,35.000000,19.000000,12.658450,0.512295,0.473214,0.039081,0.329288,0.286887,0.042401,0.000000,
42_od_1,main,unspecified,2099,expert1,graded,"probabilities to native, bilinear, thresholded there, and these numbers were measured from the outlines that run kept",298.000000,368.000000,165.259402,1594.678691,980.747107,278.000000,338.000000,154.270521,1598.248689,985.229002,0.931225,5.729945,0.018571,20.000000,30.000000,10.988881,133.000000,178.000000,76.563665,1598.293875,983.400195,136.000000,123.000000,63.992630,1599.937427,979.939293,0.805984,3.831333,0.012418,-3.000000,55.000000,12.571035,0.483696,0.363905,0.119790,0.214641,0.172066,0.042576,0.000000,
42_od_2,main,unspecified,2100,expert1,graded,"probabilities to native, bilinear, thresholded there, and these numbers were measured from the outlines that run kept",302.000000,357.000000,163.912368,1603.472751,1034.527676,279.000000,328.000000,151.934694,1603.286372,1037.314212,0.923678,2.792763,0.009191,23.000000,29.000000,11.977674,148.000000,172.000000,79.209887,1602.969104,1034.974989,131.000000,131.000000,66.065613,1600.530630,1029.545362,0.820513,5.952059,0.019588,17.000000,41.000000,13.144274,0.481793,0.399390,0.082402,0.233526,0.189076,0.044450,0.000000,
42_os_1,main,unspecified,2102,expert1,graded,"probabilities to native, bilinear, thresholded there, and these numbers were measured from the outlines that run kept",299.000000,340.000000,159.536015,510.392276,1002.750672,267.000000,336.000000,149.699602,505.616508,1008.337457,0.928333,7.349839,0.024549,32.000000,4.000000,9.836413,127.000000,135.000000,64.746747,508.867350,1006.678360,68.000000,72.000000,34.540201,514.474120,991.925560,0.443078,15.782299,0.052713,59.000000,63.000000,30.206546,0.397059,0.214286,0.182773,0.164709,0.053236,0.111473,0.000000,
42_os_2,main,unspecified,2103,expert1,graded,"probabilities to native, bilinear, thresholded there, and these numbers were measured from the outlines that run kept",296.000000,336.000000,157.455397,526.303170,970.293618,280.000000,326.000000,151.735534,526.952717,984.460923,0.923804,14.182188,0.046733,16.000000,10.000000,5.719863,139.000000,149.000000,70.372333,528.295539,982.226250,77.000000,101.000000,43.225907,543.507155,973.361840,0.546668,17.605994,0.058015,62.000000,48.000000,27.146426,0.443452,0.309816,0.133636,0.199751,0.081155,0.118596,0.000000,
43_od_1,main,unspecified,1528,expert1,graded,"probabilities to native, bilinear, thresholded there, and these numbers were measured from the outlines that run kept",185.000000,216.000000,99.159429,1159.306960,806.199871,168.000000,209.000000,89.970108,1160.384153,810.086748,0.899041,4.033381,0.022415,17.000000,7.000000,9.189321,103.000000,127.000000,56.902093,1161.651789,812.131636,84.000000,100.000000,44.685097,1160.635103,804.934959,0.762907,7.268136,0.040392,19.000000,27.000000,12.216996,0.587963,0.478469,0.109494,0.329298,0.246677,0.082620,0.000000,
43_od_3,main,unspecified,2100,expert1,graded,"probabilities to native, bilinear, thresholded there, and these numbers were measured from the outlines that run kept",257.000000,302.000000,137.684223,1617.177953,1116.602922,218.000000,292.000000,122.852201,1614.039587,1120.122092,0.883257,4.715284,0.019191,39.000000,10.000000,14.832022,133.000000,167.000000,74.042226,1623.375893,1123.223364,115.000000,143.000000,62.566564,1614.235567,1120.397788,0.824227,9.567102,0.038937,18.000000,24.000000,11.475661,0.552980,0.489726,0.063254,0.289195,0.259369,0.029825,0.000000,
43_os_1,main,unspecified,1529,expert1,graded,"probabilities to native, bilinear, thresholded there, and these numbers were measured from the outlines that run kept",244.000000,260.000000,124.105038,379.422510,713.981710,237.000000,244.000000,118.389777,379.749075,713.956692,0.952110,0.327521,0.001383,7.000000,16.000000,5.715261,138.000000,148.000000,70.516927,382.466586,695.033927,124.000000,118.000000,60.281221,387.201209,700.942887,0.844441,7.571821,0.031978,14.000000,30.000000,10.235706,0.569231,0.483607,0.085624,0.322855,0.259260,0.063595,0.000000,
43_os_3,main,unspecified,2099,expert1,graded,"probabilities to native, bilinear, thresholded there, and these numbers were measured from the outlines that run kept",342.000000,368.000000,175.629780,532.138765,1006.559796,326.000000,348.000000,165.650904,530.987623,1009.135837,0.941571,2.821546,0.008517,16.000000,20.000000,9.978876,191.000000,205.000000,97.676518,537.639042,986.301004,184.000000,175.000000,90.597675,543.712906,993.367176,0.904033,9.317865,0.028125,7.000000,30.000000,7.078843,0.557065,0.502874,0.054192,0.309303,0.299121,0.010182,0.000000,
44_od_1,main,unspecified,2101,expert1,graded,"probabilities to native, bilinear, thresholded there, and these numbers were measured from the outlines that run kept",302.000000,340.000000,160.399605,1603.904945,900.266285,292.000000,309.000000,148.204775,1603.586560,902.242044,0.921091,2.001248,0.006752,10.000000,31.000000,12.194829,190.000000,213.000000,100.324267,1604.497976,895.247786,190.000000,206.000000,97.173365,1602.661790,901.797371,0.949661,6.802105,0.022948,0.000000,7.000000,3.150903,0.626471,0.666667,-0.040196,0.391206,0.429903,-0.038697,0.000000,
44_od_2,main,unspecified,2103,expert1,graded,"probabilities to native, bilinear, thresholded there, and these numbers were measured from the outlines that run kept",297.000000,329.000000,155.907337,1593.636958,963.439139,282.000000,305.000000,146.614409,1593.238927,965.120078,0.938621,1.727421,0.005891,15.000000,24.000000,9.292928,194.000000,214.000000,101.163141,1592.107026,960.259245,172.000000,185.000000,86.622855,1593.257243,957.474484,0.846063,3.012955,0.010275,22.000000,29.000000,14.540287,0.650456,0.606557,0.043899,0.421029,0.349069,0.071959,0.000000,
44_od_3,main,unspecified,1571,expert1,graded,"probabilities to native, bilinear, thresholded there, and these numbers were measured from the outlines that run kept",218.000000,248.000000,115.955715,1104.219597,699.373949,205.000000,227.000000,108.800856,1102.779343,700.754551,0.936397,1.995092,0.009169,13.000000,21.000000,7.154859,140.000000,160.000000,75.130481,1102.477697,696.525235,127.000000,149.000000,69.167894,1104.039454,700.573387,0.916949,4.338965,0.019940,13.000000,11.000000,5.962587,0.645161,0.656388,-0.011226,0.419805,0.404152,0.015654,0.000000,
44_os_1,main,unspecified,2100,expert1,graded,"probabilities to native, bilinear, thresholded there, and these numbers were measured from the outlines that run kept",290.000000,325.000000,153.078473,502.939403,959.263485,272.000000,303.000000,144.376324,502.941132,964.931923,0.938002,5.668438,0.019631,18.000000,22.000000,8.702149,169.000000,195.000000,89.688400,504.747220,956.335246,155.000000,178.000000,82.699493,508.456576,952.606767,0.909896,5.259361,0.018214,14.000000,17.000000,6.988907,0.600000,0.587459,0.012541,0.343277,0.328106,0.015171,0.000000,
44_os_2,main,unspecified,2102,expert1,graded,"probabilities to native, bilinear, thresholded there, and these numbers were measured from the outlines that run kept",285.000000,317.000000,149.886602,508.110855,899.505944,267.000000,296.000000,138.931613,509.005838,901.441976,0.924248,2.132889,0.007676,18.000000,21.000000,10.954989,169.000000,196.000000,90.992079,511.829957,898.641844,161.000000,171.000000,82.346557,509.625264,899.429470,0.894408,2.341159,0.008426,8.000000,25.000000,8.645522,0.618297,0.577703,0.040594,0.368537,0.351309,0.017229,0.000000,
44_os_3,main,unspecified,1572,expert1,graded,"probabilities to native, bilinear, thresholded there, and these numbers were measured from the outlines that run kept",209.000000,236.000000,110.834179,470.989272,758.393216,199.000000,223.000000,104.993847,467.875375,761.090032,0.943789,4.119365,0.019617,10.000000,13.000000,5.840331,116.000000,136.000000,62.810292,470.427384,755.657334,107.000000,115.000000,54.708938,469.548867,756.175157,0.862779,1.019771,0.004856,9.000000,21.000000,8.101354,0.576271,0.515695,0.060576,0.321155,0.271512,0.049643,0.000000,
45_od_1,main,unspecified,1533,expert1,graded,"probabilities to native, bilinear, thresholded there, and these numbers were measured from the outlines that run kept",253.000000,279.000000,133.420996,1174.874240,637.501001,235.000000,251.000000,122.232686,1175.582364,641.548426,0.912640,4.108903,0.016808,18.000000,28.000000,11.188310,136.000000,143.000000,69.562539,1167.444613,638.147349,72.000000,72.000000,35.673561,1155.655578,643.613557,0.416458,12.994644,0.053155,64.000000,71.000000,33.888979,0.512545,0.286853,0.225692,0.271833,0.085176,0.186657,0.000000,
45_od_2,main,unspecified,2100,expert1,graded,"probabilities to native, bilinear, thresholded there, and these numbers were measured from the outlines that run kept",347.000000,365.000000,178.738608,1617.571528,896.471205,308.000000,335.000000,164.977948,1615.308700,902.630369,0.919413,6.561684,0.019887,39.000000,30.000000,13.760660,177.000000,174.000000,87.914062,1606.423665,902.876405,152.000000,136.000000,72.313172,1607.847943,892.312150,0.807094,10.659834,0.032307,25.000000,38.000000,15.600891,0.476712,0.405970,0.070742,0.241925,0.192125,0.049800,0.000000,
45_od_3,main,unspecified,1571,expert1,graded,"probabilities to native, bilinear, thresholded there, and these numbers were measured from the outlines that run kept",257.000000,273.000000,132.612159,1106.058771,684.953193,231.000000,244.000000,120.811685,1103.213726,689.544283,0.907073,5.401147,0.022354,26.000000,29.000000,11.800474,124.000000,124.000000,61.514778,1098.766403,690.940528,69.000000,71.000000,34.988853,1086.319553,689.412376,0.488878,12.540308,0.051900,55.000000,53.000000,26.525925,0.454212,0.290984,0.163229,0.215175,0.083877,0.131298,0.000000,
45_os_1,main,unspecified,1536,expert1,graded,"probabilities to native, bilinear, thresholded there, and these numbers were measured from the outlines that run kept",261.000000,268.000000,132.331025,326.245865,712.641691,252.000000,257.000000,127.506846,328.535966,714.155807,0.962579,2.745380,0.010766,9.000000,11.000000,4.824179,137.000000,137.000000,68.082513,332.206084,709.144966,82.000000,77.000000,38.707682,342.483535,710.171659,0.488557,10.328606,0.040502,55.000000,60.000000,29.374831,0.511194,0.299611,0.211583,0.264696,0.092157,0.172539,0.000000,
45_os_2,main,unspecified,2106,expert1,graded,"probabilities to native, bilinear, thresholded there, and these numbers were measured from the outlines that run kept",358.000000,361.000000,179.380349,445.613010,987.405983,334.000000,338.000000,167.315270,443.990676,992.477015,0.930484,5.324221,0.015911,24.000000,23.000000,12.065080,177.000000,186.000000,90.347876,451.804165,984.531469,134.000000,107.000000,59.215722,454.196442,987.703341,0.600982,3.972877,0.011872,43.000000,79.000000,31.132154,0.515235,0.316568,0.198667,0.253680,0.125257,0.128423,0.000000,
45_os_3,main,unspecified,1572,expert1,graded,"probabilities to native, bilinear, thresholded there, and these numbers were measured from the outlines that run kept",264.000000,270.000000,133.073415,420.916057,726.886398,240.000000,247.000000,123.318989,420.761407,727.606099,0.924020,0.736129,0.002985,24.000000,23.000000,9.754426,121.000000,121.000000,60.122600,430.553628,730.382001,59.000000,61.000000,29.130983,443.865716,720.207052,0.380260,16.755336,0.067935,62.000000,60.000000,30.991618,0.448148,0.246964,0.201185,0.204123,0.055802,0.148321,0.000000,
46_od_1,main,unspecified,1532,expert1,graded,"probabilities to native, bilinear, thresholded there, and these numbers were measured from the outlines that run kept",228.000000,249.000000,119.628150,1202.981895,714.967593,216.000000,249.000000,115.634093,1199.803152,724.102435,0.931375,9.672112,0.041822,12.000000,0.000000,3.994057,146.000000,153.000000,74.780132,1192.541496,732.374545,135.000000,153.000000,71.217622,1187.897891,739.475085,0.908483,8.484146,0.036685,11.000000,0.000000,3.562509,0.614458,0.614458,0.000000,0.390756,0.379318,0.011438,0.000000,
46_od_4,main,unspecified,2104,expert1,graded,"probabilities to native, bilinear, thresholded there, and these numbers were measured from the outlines that run kept",322.000000,364.000000,171.894595,1640.736036,945.443265,298.000000,351.000000,161.408517,1640.474397,955.696091,0.932148,10.256164,0.031771,24.000000,13.000000,10.486078,197.000000,222.000000,103.120213,1629.827850,966.968330,198.000000,226.000000,105.621052,1627.305190,988.717722,0.879598,21.895202,0.067825,-1.000000,-4.000000,-2.500839,0.609890,0.643875,-0.033985,0.359885,0.428201,-0.068317,0.000000,
46_os_1,main,unspecified,1533,expert1,graded,"probabilities to native, bilinear, thresholded there, and these numbers were measured from the outlines that run kept",231.000000,271.000000,120.847249,295.457498,825.288514,230.000000,262.000000,120.940719,298.198755,828.397315,0.938768,4.144772,0.017136,1.000000,9.000000,-0.093470,143.000000,192.000000,81.840556,299.903336,826.642239,158.000000,182.000000,83.583882,305.524512,829.324585,0.929193,6.228371,0.025750,-15.000000,10.000000,-1.743326,0.708487,0.694656,0.013831,0.458631,0.477639,-0.019008,0.000000,
46_os_4,main,unspecified,2104,expert1,graded,"probabilities to native, bilinear, thresholded there, and these numbers were measured from the outlines that run kept",327.000000,362.000000,172.221123,467.141543,1071.288088,313.000000,371.000000,166.406281,460.564993,1078.785778,0.947717,9.973283,0.029967,14.000000,-9.000000,5.814842,210.000000,255.000000,114.238291,469.908851,1072.930803,226.000000,265.000000,120.127344,465.481548,1084.632514,0.915398,12.511236,0.037592,-16.000000,-10.000000,-5.889053,0.704420,0.714286,-0.009866,0.439998,0.521128,-0.081130,0.000000,
47_od_1,main,unspecified,1531,expert1,graded,"probabilities to native, bilinear, thresholded there, and these numbers were measured from the outlines that run kept",199.000000,213.000000,102.718147,1160.298036,707.310496,197.000000,193.000000,96.461571,1158.432163,705.454126,0.935475,2.632032,0.013643,2.000000,20.000000,6.256577,123.000000,136.000000,64.082102,1164.702504,704.900008,91.000000,86.000000,43.767441,1176.883350,701.407943,0.636186,12.671525,0.065682,32.000000,50.000000,20.314661,0.638498,0.445596,0.192902,0.389206,0.205870,0.183335,0.000000,
47_od_2,main,unspecified,2101,expert1,graded,"probabilities to native, bilinear, thresholded there, and these numbers were measured from the outlines that run kept",273.000000,290.000000,140.432216,1611.179192,954.383756,268.000000,270.000000,133.709360,1605.918047,951.398996,0.947597,6.048838,0.022619,5.000000,20.000000,6.722856,164.000000,187.000000,86.402093,1619.320130,952.654159,143.000000,126.000000,67.363386,1626.776866,951.840979,0.756000,7.500945,0.028049,21.000000,61.000000,19.038708,0.644828,0.466667,0.178161,0.378543,0.253819,0.124724,0.000000,
47_od_3,main,unspecified,2102,expert1,graded,"probabilities to native, bilinear, thresholded there, and these numbers were measured from the outlines that run kept",273.000000,288.000000,139.727790,1592.666411,959.073660,263.000000,276.000000,130.676587,1587.543143,957.307790,0.932990,5.419056,0.020735,10.000000,12.000000,9.051202,175.000000,188.000000,88.714215,1596.119757,957.164489,111.000000,136.000000,61.335997,1610.907522,961.782384,0.646837,15.492028,0.059276,64.000000,52.000000,27.378218,0.652778,0.492754,0.160024,0.403107,0.220311,0.182797,0.000000,
47_od_4,main,unspecified,2101,expert1,graded,"probabilities to native, bilinear, thresholded there, and these numbers were measured from the outlines that run kept",272.000000,287.000000,138.971702,1610.801744,995.858160,267.000000,267.000000,131.687215,1608.374670,994.552625,0.945812,2.755923,0.010464,5.000000,20.000000,7.284487,165.000000,185.000000,86.589776,1616.768372,995.334876,144.000000,146.000000,72.143502,1621.367867,992.338389,0.819476,5.489471,0.020843,21.000000,39.000000,14.446274,0.644599,0.546816,0.097783,0.388222,0.300128,0.088094,0.000000,
47_od_6,main,unspecified,1573,expert1,graded,"probabilities to native, bilinear, thresholded there, and these numbers were measured from the outlines that run kept",211.000000,231.000000,109.731611,1138.646162,729.613487,200.000000,207.000000,100.652117,1135.728407,728.701825,0.913732,3.056865,0.015185,11.000000,24.000000,9.079493,134.000000,155.000000,71.215387,1138.497521,729.692148,102.000000,92.000000,47.432207,1155.544709,722.834182,0.613104,18.374937,0.091279,32.000000,63.000000,23.783180,0.670996,0.444444,0.226551,0.421196,0.222076,0.199120,0.000000,
47_os_1,main,unspecified,1530,expert1,graded,"probabilities to native, bilinear, thresholded there, and these numbers were measured from the outlines that run kept",206.000000,221.000000,105.921993,345.156723,764.169745,199.000000,210.000000,100.284599,345.682671,761.684887,0.945364,2.539910,0.012664,7.000000,11.000000,5.637394,123.000000,128.000000,61.821896,344.012243,763.467394,126.000000,115.000000,59.494587,341.426169,762.040378,0.941583,2.953668,0.014726,-3.000000,13.000000,2.327308,0.579186,0.547619,0.031566,0.340653,0.351954,-0.011301,0.000000,
47_os_2,main,unspecified,2102,expert1,graded,"probabilities to native, bilinear, thresholded there, and these numbers were measured from the outlines that run kept",283.000000,300.000000,144.615339,479.355621,1076.214514,264.000000,277.000000,134.701962,480.952722,1074.652527,0.929074,2.233950,0.008292,19.000000,23.000000,9.913377,167.000000,169.000000,82.918596,476.760093,1077.001759,167.000000,155.000000,79.792445,479.730077,1076.541946,0.934715,3.005368,0.011156,0.000000,14.000000,3.126150,0.563333,0.559567,0.003767,0.328757,0.350894,-0.022137,0.000000,
47_os_3,main,unspecified,2102,expert1,graded,"probabilities to native, bilinear, thresholded there, and these numbers were measured from the outlines that run kept",281.000000,297.000000,143.759890,495.859781,1026.269087,265.000000,279.000000,135.177281,496.742030,1024.493276,0.938520,1.982894,0.007334,16.000000,18.000000,8.582609,173.000000,177.000000,86.624692,497.457283,1024.035632,137.000000,146.000000,69.752180,486.749493,1018.886425,0.786690,11.881545,0.043948,36.000000,31.000000,16.872512,0.595960,0.523297,0.072662,0.363085,0.266261,0.096823,0.000000,
47_os_4,main,unspecified,2100,expert1,graded,"probabilities to native, bilinear, thresholded there, and these numbers were measured from the outlines that run kept",278.000000,295.000000,142.457591,492.906566,990.820519,260.000000,279.000000,132.646958,498.222787,993.801726,0.928768,6.095064,0.022975,18.000000,16.000000,9.810632,168.000000,172.000000,83.920237,492.567006,990.294011,126.000000,122.000000,62.037769,494.920189,987.356381,0.706745,3.763927,0.014188,42.000000,50.000000,21.882468,0.583051,0.437276,0.145775,0.347026,0.218735,0.128291,0.000000,
47_os_6,main,unspecified,1573,expert1,graded,"probabilities to native, bilinear, thresholded there, and these numbers were measured from the outlines that run kept",213.000000,230.000000,109.938822,431.211846,807.839904,203.000000,219.000000,103.177303,434.058067,807.353367,0.936610,2.887507,0.013993,10.000000,11.000000,6.761520,131.000000,133.000000,65.455718,432.656389,805.422140,133.000000,127.000000,64.218556,436.779176,804.741741,0.938295,4.178554,0.020249,-2.000000,6.000000,1.237163,0.578261,0.579909,-0.001648,0.354481,0.387394,-0.032913,0.000000,
48_od_1,main,unspecified,1530,expert1,graded,"probabilities to native, bilinear, thresholded there, and these numbers were measured from the outlines that run kept",166.000000,201.000000,91.215690,970.791461,701.882092,151.000000,191.000000,84.934427,970.003927,701.647840,0.928773,0.821635,0.004837,15.000000,10.000000,6.281263,99.000000,120.000000,53.852775,969.315223,694.362858,50.000000,81.000000,31.132838,981.161576,696.510673,0.500987,12.039485,0.070875,49.000000,39.000000,22.719937,0.597015,0.424084,0.172931,0.348560,0.134360,0.214200,0.000000,
48_os_1,main,unspecified,1531,expert1,graded,"probabilities to native, bilinear, thresholded there, and these numbers were measured from the outlines that run kept",147.000000,143.000000,71.072214,670.599534,654.376331,172.000000,175.000000,85.321434,678.917753,675.365894,0.758770,22.577744,0.132310,-25.000000,-32.000000,-14.249220,94.000000,88.000000,44.115152,676.099935,673.543834,133.000000,133.000000,63.708472,692.992001,687.085405,0.612245,21.649851,0.126872,-39.000000,-45.000000,-19.593320,0.615385,0.760000,-0.144615,0.385279,0.557543,-0.172263,0.000000,
49_os_1,main,unspecified,1540,expert1,graded,"probabilities to native, bilinear, thresholded there, and these numbers were measured from the outlines that run kept",239.000000,244.000000,120.082289,386.833999,726.999073,233.000000,228.000000,113.917408,383.943339,724.676274,0.944626,3.708276,0.016276,6.000000,16.000000,6.164882,147.000000,148.000000,72.469268,393.765198,726.209952,135.000000,129.000000,65.981242,391.488046,724.970388,0.899258,2.592671,0.011380,12.000000,19.000000,6.488026,0.606557,0.565789,0.040768,0.364208,0.335475,0.028733,0.000000,
49_os_2,main,unspecified,1535,expert1,graded,"probabilities to native, bilinear, thresholded there, and these numbers were measured from the outlines that run kept",241.000000,253.000000,123.003681,220.549819,773.422179,229.000000,231.000000,113.774813,221.788649,774.208498,0.922165,1.467310,0.006448,12.000000,22.000000,9.228868,141.000000,143.000000,70.288603,227.499839,774.866439,117.000000,130.000000,61.659495,236.869642,770.980743,0.855125,10.143561,0.044577,24.000000,13.000000,8.629109,0.565217,0.562771,0.002447,0.326538,0.293703,0.032835,0.000000,
4_os_1,main,unspecified,2102,expert1,graded,"probabilities to native, bilinear, thresholded there, and these numbers were measured from the outlines that run kept",324.000000,350.000000,168.010126,588.307198,970.773238,308.000000,327.000000,158.907279,589.059813,971.043540,0.944354,0.799683,0.002516,16.000000,23.000000,9.102847,167.000000,172.000000,85.282252,603.082673,977.258917,127.000000,145.000000,67.264082,629.137822,986.985859,0.739552,27.811583,0.087509,40.000000,27.000000,18.018171,0.491429,0.443425,0.048003,0.257660,0.179176,0.078484,0.000000,
4_os_3,main,unspecified,1571,expert1,graded,"probabilities to native, bilinear, thresholded there, and these numbers were measured from the outlines that run kept",232.000000,256.000000,121.549798,526.590779,764.252289,214.000000,233.000000,112.600708,523.824287,764.372640,0.923673,2.769108,0.012296,18.000000,23.000000,8.949090,122.000000,132.000000,63.463178,536.907058,768.290366,100.000000,116.000000,53.120779,557.526001,770.464072,0.743749,20.733206,0.092065,22.000000,16.000000,10.342399,0.515625,0.497854,0.017771,0.272606,0.222560,0.050046,0.000000,
4_os_4,main,unspecified,1573,expert1,graded,"probabilities to native, bilinear, thresholded there, and these numbers were measured from the outlines that run kept",247.000000,253.000000,124.963854,512.079741,961.699586,224.000000,229.000000,112.926742,509.109627,966.144373,0.899060,5.345811,0.023669,23.000000,24.000000,12.037112,159.000000,172.000000,82.643664,511.422659,961.643566,132.000000,149.000000,70.351975,518.407550,957.532124,0.840350,8.105101,0.035887,27.000000,23.000000,12.291689,0.679842,0.650655,0.029187,0.437371,0.388114,0.049258,0.000000,
50_od_1,main,unspecified,1530,expert1,graded,"probabilities to native, bilinear, thresholded there, and these numbers were measured from the outlines that run kept",178.000000,211.000000,96.289825,1182.418223,720.137016,163.000000,180.000000,83.505776,1181.236500,725.527868,0.858509,5.518854,0.033045,15.000000,31.000000,12.784049,81.000000,88.000000,41.830007,1178.830453,723.235765,58.000000,56.000000,28.679483,1184.238003,719.632740,0.639525,6.497953,0.038907,23.000000,32.000000,13.150523,0.417062,0.311111,0.105951,0.188719,0.117953,0.070766,0.000000,
50_os_1,main,unspecified,1529,expert1,graded,"probabilities to native, bilinear, thresholded there, and these numbers were measured from the outlines that run kept",194.000000,219.000000,102.978123,376.449467,761.100255,185.000000,203.000000,95.726198,371.343338,759.180770,0.925173,5.454996,0.028493,9.000000,16.000000,7.251925,97.000000,103.000000,49.754356,371.930050,765.148001,86.000000,91.000000,43.526778,372.603831,759.540659,0.862991,5.647678,0.029499,11.000000,12.000000,6.227578,0.470320,0.448276,0.022044,0.233438,0.206753,0.026686,0.000000,
51_od_1,main,unspecified,1534,expert1,graded,"probabilities to native, bilinear, thresholded there, and these numbers were measured from the outlines that run kept",197.000000,212.000000,101.967025,1107.624265,665.947863,187.000000,197.000000,94.329394,1107.505402,675.125671,0.907156,9.178577,0.048652,10.000000,15.000000,7.637631,129.000000,131.000000,64.310189,1108.346879,668.434388,120.000000,126.000000,60.283862,1105.371726,672.856442,0.909791,5.329737,0.028251,9.000000,5.000000,4.026327,0.617925,0.639594,-0.021669,0.397777,0.408421,-0.010644,0.000000,
51_od_3,main,unspecified,2105,expert1,graded,"probabilities to native, bilinear, thresholded there, and these numbers were measured from the outlines that run kept",263.000000,284.000000,136.434760,1189.375331,895.165923,243.000000,252.000000,124.371496,1186.242762,903.508921,0.907690,8.911712,0.035827,20.000000,32.000000,12.063265,161.000000,176.000000,82.939707,1197.691870,896.399658,165.000000,177.000000,84.191000,1183.349829,907.723819,0.848789,18.273772,0.073464,-4.000000,-1.000000,-1.251294,0.619718,0.702381,-0.082663,0.369551,0.458236,-0.088685,0.000000,
51_od_4,main,unspecified,1573,expert1,graded,"probabilities to native, bilinear, thresholded there, and these numbers were measured from the outlines that run kept",208.000000,226.000000,107.953516,1064.317355,712.157435,197.000000,200.000000,98.876538,1067.577098,719.638992,0.909337,8.160859,0.041268,11.000000,26.000000,9.076977,140.000000,148.000000,71.618751,1063.413553,718.158930,122.000000,134.000000,62.576739,1069.045684,716.365063,0.865850,5.910910,0.029890,18.000000,14.000000,9.042012,0.654867,0.670000,-0.015133,0.440129,0.400534,0.039595,0.000000,
51_od_5,main,unspecified,1572,expert1,graded,"probabilities to native, bilinear, thresholded there, and these numbers were measured from the outlines that run kept",205.000000,221.000000,106.464533,1067.125783,705.223876,188.000000,199.000000,96.446720,1067.099442,710.438593,0.901160,5.214783,0.027035,17.000000,22.000000,10.017813,134.000000,139.000000,67.965529,1069.134716,707.102329,118.000000,144.000000,65.209675,1069.254435,709.681638,0.926411,2.582086,0.013386,16.000000,-5.000000,2.755853,0.628959,0.723618,-0.094659,0.407537,0.457140,-0.049603,0.000000,
51_os_1,main,unspecified,1534,expert1,graded,"probabilities to native, bilinear, thresholded there, and these numbers were measured from the outlines that run kept",210.000000,237.000000,111.415658,401.315708,775.988256,203.000000,231.000000,108.227387,400.020137,777.372412,0.969998,1.895888,0.008759,7.000000,6.000000,3.188272,127.000000,150.000000,68.828817,407.764160,775.271383,124.000000,141.000000,65.238957,406.980405,777.054297,0.945211,1.947576,0.008998,3.000000,9.000000,3.589860,0.632911,0.610390,0.022522,0.381635,0.363362,0.018273,0.000000,
51_os_4,main,unspecified,2103,expert1,graded,"probabilities to native, bilinear, thresholded there, and these numbers were measured from the outlines that run kept",283.000000,317.000000,149.598568,887.820077,1124.894820,262.000000,301.000000,140.630408,887.892920,1124.198902,0.938258,0.699719,0.002488,21.000000,16.000000,8.968160,170.000000,199.000000,91.862470,894.683150,1123.416959,177.000000,192.000000,91.485737,893.941470,1127.943257,0.957750,4.586662,0.016308,-7.000000,7.000000,0.376733,0.627760,0.637874,-0.010114,0.377069,0.423203,-0.046133,0.000000,
51_os_5,main,unspecified,1572,expert1,graded,"probabilities to native, bilinear, thresholded there, and these numbers were measured from the outlines that run kept",209.000000,239.000000,111.399944,494.352092,800.656167,204.000000,218.000000,105.908469,494.093706,802.034083,0.949384,1.401932,0.006619,5.000000,21.000000,5.491475,134.000000,162.000000,73.253451,499.270376,803.632222,133.000000,150.000000,70.148076,500.284947,803.040300,0.953925,1.174618,0.005545,1.000000,12.000000,3.105375,0.677824,0.688073,-0.010249,0.432401,0.438703,-0.006302,0.000000,
51_os_6,main,unspecified,1572,expert1,graded,"probabilities to native, bilinear, thresholded there, and these numbers were measured from the outlines that run kept",215.000000,237.000000,112.929560,486.389567,808.013528,200.000000,232.000000,109.260670,483.323965,808.546928,0.963426,3.111660,0.014240,15.000000,5.000000,3.668890,133.000000,158.000000,71.491970,489.954724,810.012331,132.000000,156.000000,71.926981,488.225743,810.416662,0.963665,1.775629,0.008126,1.000000,2.000000,-0.435010,0.666667,0.672414,-0.005747,0.400774,0.433367,-0.032593,0.000000,
52_od_1,main,unspecified,2100,expert1,graded,"probabilities to native, bilinear, thresholded there, and these numbers were measured from the outlines that run kept",173.000000,304.000000,88.886274,1614.852826,939.491882,254.000000,325.000000,136.934286,1580.971566,918.026974,0.592650,40.108379,0.146451,-81.000000,-21.000000,-48.048012,117.000000,146.000000,59.118885,1595.363479,915.358015,151.000000,208.000000,84.334549,1566.156239,911.346178,0.598488,29.481481,0.107648,-34.000000,-62.000000,-25.215664,0.480263,0.640000,-0.159737,0.442367,0.379303,0.063064,0.000000,
52_od_2,main,unspecified,2103,expert1,graded,"probabilities to native, bilinear, thresholded there, and these numbers were measured from the outlines that run kept",234.000000,291.000000,121.317816,1593.931485,948.413232,250.000000,317.000000,135.832670,1583.801687,961.019150,0.857527,16.171641,0.059528,-16.000000,-26.000000,-14.514854,159.000000,195.000000,84.187219,1578.827270,926.344651,153.000000,197.000000,83.179226,1575.288462,945.874678,0.848416,19.848051,0.073061,6.000000,-2.000000,1.007993,0.670103,0.621451,0.048652,0.481552,0.374991,0.106561,0.000000,
52_od_3,main,unspecified,1571,expert1,graded,"probabilities to native, bilinear, thresholded there, and these numbers were measured from the outlines that run kept",202.000000,271.000000,114.599946,1129.502000,688.075014,195.000000,226.000000,101.339192,1125.716238,721.700679,0.821632,33.838105,0.166955,7.000000,45.000000,13.260754,135.000000,166.000000,73.932519,1119.447473,691.697589,103.000000,134.000000,57.464309,1117.213322,697.349046,0.753213,6.077038,0.029984,32.000000,32.000000,16.468210,0.612546,0.592920,0.019626,0.416200,0.321545,0.094655,0.000000,
52_os_1,main,unspecified,2098,expert1,graded,"probabilities to native, bilinear, thresholded there, and these numbers were measured from the outlines that run kept",176.000000,198.000000,76.263741,421.396454,962.680878,248.000000,309.000000,135.169039,464.106674,947.659158,0.482933,45.274883,0.167475,-72.000000,-111.000000,-58.905298,101.000000,111.000000,49.291575,441.949037,966.770732,157.000000,200.000000,82.741822,475.951506,936.693602,0.508630,45.396053,0.167923,-56.000000,-89.000000,-33.450247,0.560606,0.647249,-0.086643,0.417743,0.374710,0.043033,0.000000,
52_os_2,main,unspecified,2102,expert1,graded,"probabilities to native, bilinear, thresholded there, and these numbers were measured from the outlines that run kept",196.000000,232.000000,100.017622,455.585325,955.671524,244.000000,290.000000,128.905900,479.092006,967.272590,0.745594,26.213523,0.101677,-48.000000,-58.000000,-28.888277,129.000000,150.000000,65.321850,468.341887,970.802089,153.000000,206.000000,83.139035,490.297997,952.088372,0.719533,28.849158,0.111900,-24.000000,-56.000000,-17.817186,0.646552,0.710345,-0.063793,0.426544,0.415972,0.010572,0.000000,
52_os_3,main,unspecified,1570,expert1,graded,"probabilities to native, bilinear, thresholded there, and these numbers were measured from the outlines that run kept",180.000000,254.000000,102.074666,417.064217,731.475789,171.000000,239.000000,99.226818,426.863216,734.990010,0.901123,10.410098,0.052456,9.000000,15.000000,2.847848,122.000000,170.000000,66.760580,424.656763,738.018926,114.000000,158.000000,62.627585,425.567684,741.583022,0.928126,3.678663,0.018537,8.000000,12.000000,4.132995,0.669291,0.661088,0.008203,0.427764,0.398358,0.029406,0.000000,
53_od_1,main,unspecified,1532,expert1,graded,"probabilities to native, bilinear, thresholded there, and these numbers were measured from the outlines that run kept",314.000000,295.000000,150.417641,1081.073959,750.359947,306.000000,286.000000,146.590525,1077.630316,752.924055,0.963684,4.293405,0.014644,8.000000,9.000000,3.827116,191.000000,185.000000,92.427273,1076.767494,744.739250,139.000000,122.000000,64.832724,1080.218932,753.256494,0.659541,9.189987,0.031346,52.000000,63.000000,27.594549,0.627119,0.426573,0.200545,0.377575,0.195604,0.181971,0.000000,
53_od_2,main,unspecified,2102,expert1,graded,"probabilities to native, bilinear, thresholded there, and these numbers were measured from the outlines that run kept",445.000000,421.000000,214.074822,1529.519716,1056.802310,418.000000,408.000000,204.950748,1530.658000,1060.244525,0.953355,3.625539,0.008845,27.000000,13.000000,9.124073,273.000000,252.000000,126.957700,1518.154334,1048.308964,179.000000,170.000000,88.423106,1497.822742,1057.619916,0.653271,22.362189,0.054555,94.000000,82.000000,38.534594,0.598575,0.416667,0.181908,0.351712,0.186137,0.165575,0.000000,
53_od_3,main,unspecified,2102,expert1,graded,"probabilities to native, bilinear, thresholded there, and these numbers were measured from the outlines that run kept",430.000000,409.000000,207.309541,1489.688765,1109.534851,420.000000,391.000000,199.432040,1487.461149,1107.669911,0.960826,2.905216,0.007284,10.000000,18.000000,7.877501,247.000000,241.000000,118.074784,1488.867668,1099.766502,153.000000,138.000000,71.038616,1470.421849,1110.119087,0.531541,21.152405,0.053032,94.000000,103.000000,47.036169,0.589242,0.352941,0.236301,0.324396,0.126882,0.197514,0.000000,
53_os_1,main,unspecified,1528,expert1,graded,"probabilities to native, bilinear, thresholded there, and these numbers were measured from the outlines that run kept",284.000000,283.000000,140.434483,786.532248,649.326996,269.000000,266.000000,132.231163,783.454771,651.697457,0.938360,3.884579,0.014689,15.000000,17.000000,8.203320,183.000000,158.000000,84.838807,798.552317,642.335220,134.000000,116.000000,61.224319,782.070822,645.969260,0.684890,16.877379,0.063818,49.000000,42.000000,23.614488,0.558304,0.436090,0.122214,0.364957,0.214378,0.150579,0.000000,
53_os_2,main,unspecified,2101,expert1,graded,"probabilities to native, bilinear, thresholded there, and these numbers were measured from the outlines that run kept",391.000000,399.000000,194.940360,544.256060,972.033815,372.000000,371.000000,185.643237,547.645331,972.571793,0.951172,3.431702,0.009243,19.000000,28.000000,9.297123,230.000000,204.000000,108.061085,554.695243,969.635846,182.000000,152.000000,84.498574,581.199055,971.181579,0.756817,26.548848,0.071505,48.000000,52.000000,23.562511,0.511278,0.409704,0.101575,0.307281,0.207177,0.100104,0.000000,
53_os_3,main,unspecified,2099,expert1,graded,"probabilities to native, bilinear, thresholded there, and these numbers were measured from the outlines that run kept",386.000000,388.000000,191.777990,576.420576,921.582393,349.000000,367.000000,179.313793,570.947710,922.597656,0.932900,5.566239,0.015521,37.000000,21.000000,12.464197,234.000000,211.000000,111.625447,586.872500,913.589168,128.000000,119.000000,60.916801,603.379225,912.305541,0.458949,16.556560,0.046166,106.000000,92.000000,50.708646,0.543814,0.324251,0.219564,0.338789,0.115411,0.223378,0.000000,
54_od_1,main,unspecified,1529,expert1,graded,"probabilities to native, bilinear, thresholded there, and these numbers were measured from the outlines that run kept",160.000000,232.000000,96.248494,1221.205615,722.751950,146.000000,236.000000,91.718557,1219.119192,722.615143,0.938071,2.090903,0.011398,14.000000,-4.000000,4.529937,93.000000,136.000000,55.789193,1219.752097,719.070567,95.000000,175.000000,61.276288,1209.388013,723.731350,0.825716,11.363852,0.061950,-2.000000,-39.000000,-5.487094,0.586207,0.741525,-0.155319,0.335979,0.446345,-0.110366,0.000000,
54_os_1,main,unspecified,1534,expert1,graded,"probabilities to native, bilinear, thresholded there, and these numbers were measured from the outlines that run kept",195.000000,233.000000,106.189113,260.950261,691.397431,194.000000,227.000000,103.985513,262.925169,694.213924,0.970012,3.439897,0.016540,1.000000,6.000000,2.203600,147.000000,175.000000,79.046967,268.682068,698.109272,133.000000,166.000000,74.040076,274.981187,698.131982,0.916694,6.299160,0.030289,14.000000,9.000000,5.006891,0.751073,0.731278,0.019795,0.554128,0.506977,0.047152,0.000000,
55_od_1,main,unspecified,2103,expert1,graded,"probabilities to native, bilinear, thresholded there, and these numbers were measured from the outlines that run kept",260.000000,334.000000,146.622008,1513.496580,1095.803252,242.000000,340.000000,142.035778,1520.124852,1094.916471,0.957278,6.687329,0.023541,18.000000,-6.000000,4.586229,156.000000,243.000000,98.203028,1522.233753,1098.622108,127.000000,240.000000,87.683847,1529.603296,1096.474414,0.882849,7.676116,0.027022,29.000000,3.000000,10.519181,0.727545,0.705882,0.021663,0.448592,0.381104,0.067488,0.000000,
55_os_1,main,unspecified,2100,expert1,graded,"probabilities to native, bilinear, thresholded there, and these numbers were measured from the outlines that run kept",202.000000,292.000000,120.429039,446.677458,996.332375,199.000000,360.000000,127.544287,452.720522,994.889348,0.897992,6.212967,0.024356,3.000000,-68.000000,-7.115248,117.000000,194.000000,74.149623,442.266254,989.062931,119.000000,263.000000,84.803156,443.738149,992.132475,0.834195,3.404200,0.013345,-2.000000,-69.000000,-10.653532,0.664384,0.730556,-0.066172,0.379101,0.442081,-0.062980,0.000000,
56_od_1,main,unspecified,1539,expert1,graded,"probabilities to native, bilinear, thresholded there, and these numbers were measured from the outlines that run kept",248.000000,277.000000,131.330199,1179.075279,849.488770,235.000000,248.000000,122.284757,1179.653136,853.343054,0.928759,3.897361,0.015936,13.000000,29.000000,9.045442,139.000000,145.000000,70.643205,1169.304248,853.572394,117.000000,110.000000,57.439376,1156.505451,859.427014,0.795146,14.074295,0.057547,22.000000,35.000000,13.203828,0.523466,0.443548,0.079917,0.289342,0.220635,0.068707,0.000000,
56_od_3,main,unspecified,2101,expert1,graded,"probabilities to native, bilinear, thresholded there, and these numbers were measured from the outlines that run kept",340.000000,368.000000,178.331215,1289.935641,1202.530573,316.000000,342.000000,164.640922,1284.521290,1210.547171,0.920261,9.673730,0.029378,24.000000,26.000000,13.690293,186.000000,192.000000,93.674162,1278.924620,1204.629303,98.000000,113.000000,53.793635,1263.748983,1199.694423,0.495990,15.957851,0.048463,88.000000,79.000000,39.880527,0.521739,0.330409,0.191330,0.275921,0.106755,0.169167,0.000000,
56_os_1,main,unspecified,1535,expert1,graded,"probabilities to native, bilinear, thresholded there, and these numbers were measured from the outlines that run kept",233.000000,279.000000,127.173138,334.046448,677.553485,220.000000,268.000000,120.522833,335.524499,680.888811,0.946341,3.648155,0.015135,13.000000,11.000000,6.650305,106.000000,135.000000,60.510484,337.046944,680.384856,75.000000,93.000000,41.681355,343.254489,675.850678,0.643594,7.687157,0.031891,31.000000,42.000000,18.829129,0.483871,0.347015,0.136856,0.226397,0.119604,0.106793,0.000000,
56_os_3,main,unspecified,2102,expert1,graded,"probabilities to native, bilinear, thresholded there, and these numbers were measured from the outlines that run kept",321.000000,370.000000,172.037123,692.371205,1010.320184,309.000000,361.000000,166.159340,691.016983,1013.820916,0.962714,3.753538,0.011295,12.000000,9.000000,5.877782,142.000000,170.000000,78.086773,692.406661,1011.294999,66.000000,75.000000,33.435076,710.314636,1002.009966,0.309864,20.171946,0.060701,76.000000,95.000000,44.651697,0.459459,0.207756,0.251703,0.206021,0.040491,0.165530,0.000000,
57_od_1,main,unspecified,1529,expert1,graded,"probabilities to native, bilinear, thresholded there, and these numbers were measured from the outlines that run kept",201.000000,229.000000,106.876332,1136.087056,738.508123,172.000000,217.000000,95.536473,1130.978866,742.620946,0.888242,6.558118,0.034323,29.000000,12.000000,11.339859,112.000000,142.000000,62.691085,1130.624119,739.225480,74.000000,82.000000,38.551120,1132.418291,741.647034,0.548778,3.013797,0.015773,38.000000,60.000000,24.139965,0.620087,0.377880,0.242207,0.344071,0.162830,0.181241,0.000000,
57_od_2,main,unspecified,2101,expert1,graded,"probabilities to native, bilinear, thresholded there, and these numbers were measured from the outlines that run kept",276.000000,310.000000,145.692060,1591.607297,994.836707,250.000000,295.000000,134.068351,1588.371963,994.684582,0.917046,3.238909,0.012079,26.000000,15.000000,11.623710,149.000000,183.000000,81.503429,1585.608750,992.194978,94.000000,115.000000,51.788793,1585.453477,990.448374,0.575252,1.753492,0.006540,55.000000,68.000000,29.714636,0.590323,0.389831,0.200492,0.312954,0.149217,0.163736,0.000000,
57_od_3,main,unspecified,2099,expert1,graded,"probabilities to native, bilinear, thresholded there, and these numbers were measured from the outlines that run kept",277.000000,310.000000,146.521023,1579.055260,997.021277,250.000000,295.000000,132.681749,1571.612990,1004.048313,0.900767,10.235557,0.038572,27.000000,15.000000,13.839274,148.000000,184.000000,81.258970,1574.072406,994.695719,144.000000,216.000000,87.360162,1570.419211,1007.764681,0.883050,13.569952,0.051137,4.000000,-32.000000,-6.101191,0.593548,0.732203,-0.138655,0.307569,0.433515,-0.125946,0.000000,
57_os_1,main,unspecified,1532,expert1,graded,"probabilities to native, bilinear, thresholded there, and these numbers were measured from the outlines that run kept",195.000000,224.000000,104.387271,280.190664,779.251336,190.000000,203.000000,96.278254,281.557398,780.622884,0.919311,1.936261,0.010056,5.000000,21.000000,8.109017,111.000000,128.000000,59.005708,280.039678,770.627080,82.000000,102.000000,43.398613,288.732297,772.734663,0.702106,8.944469,0.046451,29.000000,26.000000,15.607095,0.571429,0.502463,0.068966,0.319516,0.203187,0.116330,0.000000,
57_os_2,main,unspecified,2100,expert1,graded,"probabilities to native, bilinear, thresholded there, and these numbers were measured from the outlines that run kept",271.000000,303.000000,142.488869,536.732472,1061.753998,235.000000,280.000000,126.398615,545.807977,1060.265421,0.880747,9.196774,0.036380,36.000000,23.000000,16.090254,149.000000,172.000000,78.564286,534.958589,1050.319323,93.000000,128.000000,53.911850,538.193955,1051.008871,0.640278,3.308031,0.013086,56.000000,44.000000,24.652436,0.567657,0.457143,0.110514,0.304010,0.181921,0.122089,0.000000,
57_os_3,main,unspecified,2099,expert1,graded,"probabilities to native, bilinear, thresholded there, and these numbers were measured from the outlines that run kept",269.000000,299.000000,141.679002,497.577409,1059.617434,222.000000,276.000000,123.333185,509.655220,1061.485446,0.862081,12.221415,0.049546,47.000000,23.000000,18.345817,149.000000,172.000000,77.915378,496.458578,1048.114723,108.000000,148.000000,62.520760,505.729805,1038.250977,0.780365,13.536954,0.054880,41.000000,24.000000,15.394618,0.575251,0.536232,0.039019,0.302437,0.256974,0.045464,0.000000,
58_od_1,main,unspecified,1535,expert1,graded,"probabilities to native, bilinear, thresholded there, and these numbers were measured from the outlines that run kept",170.000000,210.000000,95.251177,1144.865207,759.246079,153.000000,203.000000,87.747352,1143.494688,774.098640,0.875769,14.915659,0.084992,17.000000,7.000000,7.503825,103.000000,121.000000,54.633248,1142.305215,774.505599,79.000000,105.000000,45.612207,1149.141524,779.106487,0.821467,8.240346,0.046955,24.000000,16.000000,9.021041,0.576190,0.517241,0.058949,0.328983,0.270205,0.058777,0.000000,
58_od_2,main,unspecified,2102,expert1,graded,"probabilities to native, bilinear, thresholded there, and these numbers were measured from the outlines that run kept",243.000000,301.000000,135.606344,1564.470305,1019.325319,206.000000,289.000000,119.685344,1567.135283,1037.515377,0.848297,18.384241,0.076802,37.000000,12.000000,15.921000,125.000000,164.000000,70.460480,1565.993460,1037.222927,107.000000,152.000000,63.990143,1560.948383,1029.086909,0.885422,9.573275,0.039994,18.000000,12.000000,6.470338,0.544850,0.525952,0.018899,0.269980,0.285854,-0.015874,0.000000,
58_od_4,main,unspecified,2102,expert1,graded,"probabilities to native, bilinear, thresholded there, and these numbers were measured from the outlines that run kept",239.000000,291.000000,132.495693,1557.311853,1007.214992,209.000000,300.000000,124.267799,1563.197963,1019.638208,0.898683,13.747094,0.055312,30.000000,-9.000000,8.227894,131.000000,168.000000,73.375019,1556.938631,1026.696287,117.000000,166.000000,68.089526,1556.434329,1023.623206,0.914260,3.114185,0.012530,14.000000,2.000000,5.285493,0.577320,0.553333,0.023986,0.306685,0.300223,0.006463,0.000000,
58_od_5,main,unspecified,1573,expert1,graded,"probabilities to native, bilinear, thresholded there, and these numbers were measured from the outlines that run kept",183.000000,235.000000,103.296010,1101.902211,735.044480,154.000000,220.000000,90.602945,1092.268176,742.939160,0.857865,12.455545,0.068737,29.000000,15.000000,12.693065,105.000000,130.000000,57.602624,1097.418841,750.002590,91.000000,126.000000,52.122691,1098.139426,749.276860,0.897305,1.022706,0.005644,14.000000,4.000000,5.479933,0.553191,0.572727,-0.019536,0.310969,0.330955,-0.019986,0.000000,
58_os_1,main,unspecified,1537,expert1,graded,"probabilities to native, bilinear, thresholded there, and these numbers were measured from the outlines that run kept",134.000000,182.000000,77.065075,413.530657,744.759138,112.000000,172.000000,68.740892,413.301111,745.076928,0.876698,0.392023,0.002851,22.000000,10.000000,8.324183,90.000000,101.000000,47.017679,414.395536,749.155940,59.000000,100.000000,37.245060,418.317806,749.713171,0.765460,3.961655,0.028816,31.000000,1.000000,9.772619,0.554945,0.581395,-0.026450,0.372226,0.293567,0.078660,0.000000,
58_os_2,main,unspecified,2101,expert1,graded,"probabilities to native, bilinear, thresholded there, and these numbers were measured from the outlines that run kept",189.000000,262.000000,112.130462,539.066658,1005.404684,157.000000,257.000000,98.968245,532.969127,1013.364499,0.869320,10.026891,0.050657,32.000000,5.000000,13.162217,111.000000,140.000000,60.386737,539.662535,1009.555517,67.000000,125.000000,44.445823,540.857235,1013.898324,0.702752,4.504141,0.022755,44.000000,15.000000,15.940915,0.534351,0.486381,0.047970,0.290025,0.201683,0.088342,0.000000,
58_os_4,main,unspecified,2100,expert1,graded,"probabilities to native, bilinear, thresholded there, and these numbers were measured from the outlines that run kept",173.000000,227.000000,98.442595,549.150994,1011.288487,142.000000,234.000000,89.111597,553.100373,1018.682327,0.834308,8.382509,0.047034,31.000000,-7.000000,9.330998,97.000000,111.000000,50.983512,551.967181,1016.372765,61.000000,120.000000,42.501866,552.646696,1021.749956,0.766563,5.419956,0.030411,36.000000,-9.000000,8.481646,0.488987,0.512821,-0.023834,0.268221,0.227482,0.040739,0.000000,
58_os_5,main,unspecified,1572,expert1,graded,"probabilities to native, bilinear, thresholded there, and these numbers were measured from the outlines that run kept",139.000000,218.000000,86.234306,453.262649,782.080815,108.000000,178.000000,67.507352,454.072501,780.289237,0.755965,1.966117,0.014562,31.000000,40.000000,18.726954,80.000000,103.000000,44.901835,458.680297,788.368961,39.000000,77.000000,25.631847,453.448159,786.895833,0.491546,5.435566,0.040259,41.000000,26.000000,19.269988,0.472477,0.432584,0.039893,0.271124,0.144164,0.126960,0.000000,
59_od_1,main,unspecified,1534,expert1,graded,"probabilities to native, bilinear, thresholded there, and these numbers were measured from the outlines that run kept",236.000000,228.000000,106.249048,1180.544509,813.951868,229.000000,249.000000,119.332432,1159.792498,807.583298,0.858308,21.707248,0.090953,7.000000,-21.000000,-13.083385,150.000000,161.000000,76.994827,1157.478415,816.628275,145.000000,216.000000,89.420044,1141.736783,807.590645,0.765362,18.151521,0.076054,5.000000,-55.000000,-12.425218,0.706140,0.867470,-0.161330,0.525137,0.561504,-0.036366,0.000000,
59_os_1,main,unspecified,1534,expert1,graded,"probabilities to native, bilinear, thresholded there, and these numbers were measured from the outlines that run kept",243.000000,260.000000,125.201792,343.673923,762.221074,238.000000,249.000000,123.021794,346.324654,760.328650,0.958922,3.256938,0.013237,5.000000,11.000000,2.179998,169.000000,156.000000,79.772497,354.786915,758.528611,190.000000,164.000000,87.467583,346.652964,761.901727,0.906807,8.805626,0.035789,-21.000000,-8.000000,-7.695086,0.600000,0.658635,-0.058635,0.405962,0.505510,-0.099549,0.000000,
5_os_1,main,unspecified,1533,expert1,graded,"probabilities to native, bilinear, thresholded there, and these numbers were measured from the outlines that run kept",188.000000,212.000000,99.850399,341.420822,784.596194,177.000000,205.000000,96.162469,339.085574,786.334274,0.960529,2.911067,0.015136,11.000000,7.000000,3.687930,84.000000,87.000000,43.022924,340.908684,785.447291,102.000000,99.000000,50.222381,346.633392,787.899924,0.846495,6.227976,0.032383,-18.000000,-12.000000,-7.199457,0.410377,0.482927,-0.072549,0.185652,0.272762,-0.087109,0.000000,
5_os_2,main,unspecified,1530,expert1,graded,"probabilities to native, bilinear, thresholded there, and these numbers were measured from the outlines that run kept",187.000000,209.000000,98.742848,367.457119,782.521988,179.000000,213.000000,96.299742,366.600982,788.354225,0.951293,5.894741,0.030606,8.000000,-4.000000,2.443107,90.000000,91.000000,45.622674,368.853800,785.828567,101.000000,91.000000,47.566235,374.340461,789.031092,0.892944,6.352922,0.032985,-11.000000,0.000000,-1.943561,0.435407,0.427230,0.008177,0.213477,0.243976,-0.030500,0.000000,
5_os_3,main,unspecified,2103,expert1,graded,"probabilities to native, bilinear, thresholded there, and these numbers were measured from the outlines that run kept",256.000000,292.000000,136.597977,493.394821,995.156792,248.000000,262.000000,129.504554,490.651047,1003.117216,0.944640,8.420015,0.032509,8.000000,30.000000,7.093422,115.000000,117.000000,58.520903,494.278650,997.887908,108.000000,101.000000,51.804157,494.808326,1007.384296,0.867327,9.511149,0.036721,7.000000,16.000000,6.716746,0.400685,0.385496,0.015189,0.183541,0.160014,0.023527,0.000000,
5_os_4,main,unspecified,2099,expert1,graded,"probabilities to native, bilinear, thresholded there, and these numbers were measured from the outlines that run kept",257.000000,286.000000,135.327902,480.912991,1010.561060,243.000000,288.000000,134.480833,480.406417,1013.293069,0.964862,2.778577,0.010331,14.000000,-2.000000,0.847069,130.000000,127.000000,64.559660,484.977700,1016.674813,101.000000,103.000000,49.831069,486.340726,1020.501987,0.746686,4.062647,0.015105,29.000000,24.000000,14.728591,0.444056,0.357639,0.086417,0.227587,0.137303,0.090284,0.000000,
5_os_5,main,unspecified,2104,expert1,graded,"probabilities to native, bilinear, thresholded there, and these numbers were measured from the outlines that run kept",260.000000,292.000000,138.037488,416.855348,1293.556305,220.000000,279.000000,124.824953,418.700000,1299.245250,0.897814,5.980538,0.023956,40.000000,13.000000,13.212535,134.000000,132.000000,66.936761,421.239912,1295.154376,90.000000,95.000000,46.142982,426.694274,1288.203319,0.644257,8.835568,0.035392,44.000000,37.000000,20.793778,0.452055,0.340502,0.111553,0.235145,0.136650,0.098495,0.000000,
5_os_6,main,unspecified,1572,expert1,graded,"probabilities to native, bilinear, thresholded there, and these numbers were measured from the outlines that run kept",192.000000,214.000000,101.343904,638.949451,770.074878,163.000000,201.000000,92.743570,645.163829,776.042521,0.893672,8.615757,0.046449,29.000000,13.000000,8.600334,88.000000,85.000000,43.515808,645.882837,773.479576,48.000000,56.000000,26.239365,649.746186,764.395747,0.533284,9.871242,0.053218,40.000000,29.000000,17.276442,0.397196,0.278607,0.118589,0.184374,0.080046,0.104328,0.000000,
60_od_1,main,unspecified,1533,expert1,graded,"probabilities to native, bilinear, thresholded there, and these numbers were measured from the outlines that run kept",235.000000,243.000000,119.420425,1138.244381,707.309890,234.000000,236.000000,117.972298,1135.720628,709.552730,0.969704,3.376338,0.014310,1.000000,7.000000,1.448126,138.000000,138.000000,68.388063,1133.703056,705.922004,143.000000,130.000000,67.911648,1118.088550,709.060115,0.857378,15.926724,0.067502,-5.000000,8.000000,0.476415,0.567901,0.550847,0.017054,0.327947,0.331382,-0.003435,0.000000,
60_od_4,main,unspecified,1571,expert1,graded,"probabilities to native, bilinear, thresholded there, and these numbers were measured from the outlines that run kept",233.000000,241.000000,118.506676,1045.282570,708.171215,223.000000,226.000000,110.520693,1043.060666,716.284437,0.928843,8.411970,0.038056,10.000000,15.000000,7.985983,141.000000,141.000000,70.086790,1037.486068,708.586055,127.000000,124.000000,63.473209,1029.195781,713.334992,0.876144,9.554123,0.043223,14.000000,17.000000,6.613581,0.585062,0.548673,0.036390,0.349773,0.329833,0.019941,0.000000,
60_os_1,main,unspecified,1533,expert1,graded,"probabilities to native, bilinear, thresholded there, and these numbers were measured from the outlines that run kept",225.000000,241.000000,116.568996,410.074703,664.244185,223.000000,244.000000,116.470650,412.589859,666.193467,0.977985,3.182092,0.013660,2.000000,-3.000000,0.098345,127.000000,144.000000,67.114851,416.269522,668.448944,106.000000,101.000000,51.369144,425.083233,680.397105,0.738292,14.847224,0.063738,21.000000,43.000000,15.745707,0.597510,0.413934,0.183576,0.331491,0.194523,0.136967,0.000000,
60_os_4,main,unspecified,1572,expert1,graded,"probabilities to native, bilinear, thresholded there, and these numbers were measured from the outlines that run kept",239.000000,239.000000,119.593554,524.143325,746.655665,214.000000,237.000000,113.949537,522.104579,751.335213,0.940309,5.104375,0.022398,25.000000,2.000000,5.644017,131.000000,142.000000,67.928051,524.735237,750.376449,111.000000,130.000000,59.598826,537.772829,744.608388,0.818788,14.256554,0.062556,20.000000,12.000000,8.329225,0.594142,0.548523,0.045619,0.322614,0.273559,0.049055,0.000000,
61_od_1,main,unspecified,1530,expert1,graded,"probabilities to native, bilinear, thresholded there, and these numbers were measured from the outlines that run kept",203.000000,239.000000,109.698246,1181.865600,727.813781,187.000000,227.000000,101.806130,1186.007279,725.403458,0.924850,4.791989,0.023535,16.000000,12.000000,7.892116,128.000000,142.000000,67.446027,1181.037086,722.504373,102.000000,135.000000,57.845255,1185.936549,726.945491,0.842398,6.612734,0.032477,26.000000,7.000000,9.600772,0.594142,0.594714,-0.000571,0.378019,0.322840,0.055179,0.000000,
61_od_2,main,unspecified,2099,expert1,graded,"probabilities to native, bilinear, thresholded there, and these numbers were measured from the outlines that run kept",287.000000,328.000000,152.299840,1614.300357,999.653438,250.000000,312.000000,137.557011,1621.530087,1004.046783,0.898538,8.459933,0.030751,37.000000,16.000000,14.742830,164.000000,190.000000,87.678401,1619.013788,991.778850,144.000000,167.000000,77.862251,1616.758112,1001.590728,0.878580,10.067821,0.036595,20.000000,23.000000,9.816151,0.579268,0.535256,0.044012,0.331426,0.320397,0.011029,0.000000,
61_od_3,main,unspecified,2100,expert1,graded,"probabilities to native, bilinear, thresholded there, and these numbers were measured from the outlines that run kept",282.000000,342.000000,154.653823,1636.830370,1044.833205,253.000000,329.000000,140.863350,1646.494442,1047.629033,0.906872,10.060364,0.035710,29.000000,13.000000,13.790473,171.000000,190.000000,90.010786,1634.236868,1040.984010,131.000000,170.000000,74.616072,1641.302213,1045.830541,0.814596,8.567845,0.030412,40.000000,20.000000,15.394714,0.555556,0.516717,0.038838,0.338741,0.280588,0.058153,0.000000,
61_os_1,main,unspecified,1530,expert1,graded,"probabilities to native, bilinear, thresholded there, and these numbers were measured from the outlines that run kept",211.000000,248.000000,114.135148,361.075553,688.267123,195.000000,241.000000,105.740026,359.644537,691.894523,0.920724,3.899466,0.018439,16.000000,7.000000,8.395123,124.000000,137.000000,64.532536,363.295269,684.766338,102.000000,108.000000,51.816444,367.231891,684.745821,0.783995,3.936676,0.018615,22.000000,29.000000,12.716092,0.552419,0.448133,0.104287,0.319682,0.240136,0.079547,0.000000,
61_os_2,main,unspecified,2100,expert1,graded,"probabilities to native, bilinear, thresholded there, and these numbers were measured from the outlines that run kept",300.000000,339.000000,159.003399,472.870055,960.881097,272.000000,323.000000,144.793516,466.599007,961.906413,0.906449,6.354315,0.021943,28.000000,16.000000,14.209883,160.000000,182.000000,85.084204,467.870246,953.038341,131.000000,135.000000,66.053566,476.638214,952.274969,0.752099,8.801137,0.030392,29.000000,47.000000,19.030638,0.536873,0.417957,0.118916,0.286342,0.208111,0.078231,0.000000,
61_os_3,main,unspecified,2102,expert1,graded,"probabilities to native, bilinear, thresholded there, and these numbers were measured from the outlines that run kept",298.000000,340.000000,158.694806,484.724285,914.856505,256.000000,321.000000,140.038401,473.732490,916.741320,0.874914,11.152223,0.039818,42.000000,19.000000,18.656405,160.000000,183.000000,85.381105,481.002489,906.044319,119.000000,150.000000,67.871796,483.720633,908.757463,0.774442,3.840502,0.013712,41.000000,33.000000,17.509309,0.538235,0.467290,0.070946,0.289466,0.234901,0.054566,0.000000,
62_od_1,main,unspecified,1370,expert1,graded,"probabilities to native, bilinear, thresholded there, and these numbers were measured from the outlines that run kept",224.000000,95.000000,39.674203,881.098079,638.820425,227.000000,231.000000,113.658649,845.267026,672.308619,0.204002,49.044097,0.215752,-3.000000,-136.000000,-73.984446,,,,,,122.000000,111.000000,57.472617,830.984099,665.429700,0.000000,,,,,,,0.480519,,0.000000,0.255692,-0.255692,,
62_os_1,main,unspecified,1535,expert1,graded,"probabilities to native, bilinear, thresholded there, and these numbers were measured from the outlines that run kept",255.000000,272.000000,131.880447,312.202031,746.209517,241.000000,271.000000,127.627865,312.073633,746.793876,0.965628,0.598299,0.002344,14.000000,1.000000,4.252582,134.000000,129.000000,66.296477,323.091614,743.457199,95.000000,93.000000,47.196743,335.161618,743.405259,0.672691,12.070116,0.047286,39.000000,36.000000,19.099734,0.474265,0.343173,0.131091,0.252709,0.136752,0.115957,0.000000,
63_od_1,main,unspecified,1532,expert1,graded,"probabilities to native, bilinear, thresholded there, and these numbers were measured from the outlines that run kept",177.000000,200.000000,93.813379,1152.400919,692.254440,166.000000,192.000000,89.091949,1149.390480,691.598131,0.947799,3.081150,0.017292,11.000000,8.000000,4.721430,120.000000,130.000000,61.460422,1149.718969,689.761018,117.000000,151.000000,66.767731,1138.841342,689.656266,0.849567,10.878131,0.061050,3.000000,-21.000000,-5.307310,0.650000,0.786458,-0.136458,0.429202,0.561638,-0.132436,0.000000,
63_od_2,main,unspecified,1533,expert1,graded,"probabilities to native, bilinear, thresholded there, and these numbers were measured from the outlines that run kept",180.000000,203.000000,95.504816,1151.126575,752.102914,176.000000,193.000000,91.032300,1148.364754,753.508182,0.951270,3.098779,0.017020,4.000000,10.000000,4.472516,128.000000,142.000000,67.200166,1145.396701,749.267075,128.000000,150.000000,68.812629,1141.206776,751.462826,0.941747,4.730412,0.025982,0.000000,-8.000000,-1.612462,0.699507,0.777202,-0.077695,0.495097,0.571407,-0.076310,0.000000,
63_od_6,main,unspecified,1572,expert1,graded,"probabilities to native, bilinear, thresholded there, and these numbers were measured from the outlines that run kept",184.000000,203.000000,96.256762,1060.705854,544.555792,172.000000,190.000000,90.446471,1058.733191,547.222335,0.937527,3.316904,0.018336,12.000000,13.000000,5.810291,135.000000,147.000000,70.501127,1051.749920,543.533269,86.000000,118.000000,49.584529,1063.529907,532.912998,0.661896,15.860588,0.087679,49.000000,29.000000,20.916597,0.724138,0.621053,0.103085,0.536450,0.300545,0.235906,0.000000,
63_os_1,main,unspecified,1531,expert1,graded,"probabilities to native, bilinear, thresholded there, and these numbers were measured from the outlines that run kept",185.000000,208.000000,97.529761,376.435632,688.696516,178.000000,190.000000,91.735908,376.534988,690.551101,0.938513,1.857244,0.010123,7.000000,18.000000,5.793853,136.000000,149.000000,72.028695,383.822136,688.592674,134.000000,159.000000,72.288958,390.018822,694.691539,0.920100,8.694542,0.047389,2.000000,-10.000000,-0.260263,0.716346,0.836842,-0.120496,0.545427,0.620962,-0.075535,0.000000,
63_os_2,main,unspecified,1532,expert1,graded,"probabilities to native, bilinear, thresholded there, and these numbers were measured from the outlines that run kept",188.000000,209.000000,98.560545,365.437545,683.086736,180.000000,192.000000,91.555298,364.763158,686.165489,0.925948,3.151749,0.017212,8.000000,17.000000,7.005248,141.000000,150.000000,72.990085,373.026827,683.634941,142.000000,174.000000,76.918306,377.548340,689.147899,0.915355,7.129993,0.038938,-1.000000,-24.000000,-3.928221,0.717703,0.906250,-0.188547,0.548430,0.705818,-0.157387,0.000000,
63_os_6,main,unspecified,1572,expert1,graded,"probabilities to native, bilinear, thresholded there, and these numbers were measured from the outlines that run kept",190.000000,214.000000,100.573024,667.276049,768.307266,168.000000,179.000000,87.133962,671.486710,776.088043,0.857538,8.847042,0.050767,22.000000,35.000000,13.439062,130.000000,153.000000,70.455963,675.995383,768.126002,116.000000,129.000000,62.482564,677.907949,772.132083,0.880474,4.439211,0.025473,14.000000,24.000000,7.973399,0.714953,0.720670,-0.005717,0.490764,0.514213,-0.023449,0.000000,
64_od_1,main,unspecified,2101,expert1,graded,"probabilities to native, bilinear, thresholded there, and these numbers were measured from the outlines that run kept",330.000000,383.000000,176.484959,1680.139559,1001.092958,307.000000,367.000000,165.465369,1680.946589,1006.139863,0.935539,5.111022,0.015444,23.000000,16.000000,11.019590,172.000000,186.000000,87.810812,1667.360675,996.617982,170.000000,172.000000,85.207571,1670.147880,995.785129,0.954649,2.908978,0.008790,2.000000,14.000000,2.603241,0.485640,0.468665,0.016975,0.247560,0.265181,-0.017621,0.000000,
64_os_1,main,unspecified,2100,expert1,graded,"probabilities to native, bilinear, thresholded there, and these numbers were measured from the outlines that run kept",285.000000,345.000000,156.557272,437.919222,904.736861,271.000000,326.000000,146.509074,437.901519,909.577765,0.932946,4.840937,0.016521,14.000000,19.000000,10.048198,204.000000,239.000000,108.843270,441.930706,907.644634,225.000000,266.000000,123.268646,434.503781,919.221924,0.875828,13.754739,0.046942,-21.000000,-27.000000,-14.425376,0.692754,0.815951,-0.123197,0.483344,0.707907,-0.224563,0.000000,
65_od_1,main,unspecified,1530,expert1,graded,"probabilities to native, bilinear, thresholded there, and these numbers were measured from the outlines that run kept",197.000000,233.000000,106.701959,1193.855401,700.881123,170.000000,225.000000,97.629254,1187.087563,698.449305,0.898223,7.191479,0.036831,27.000000,8.000000,9.072705,100.000000,124.000000,55.004868,1193.799369,694.319516,72.000000,102.000000,43.339897,1188.469751,691.006779,0.766065,6.275273,0.032138,28.000000,22.000000,11.664971,0.532189,0.453333,0.078856,0.265740,0.197068,0.068672,0.000000,
65_os_1,main,unspecified,1530,expert1,graded,"probabilities to native, bilinear, thresholded there, and these numbers were measured from the outlines that run kept",208.000000,241.000000,112.184385,331.695230,738.500228,197.000000,235.000000,108.090538,327.623512,739.927993,0.958383,4.314789,0.019959,11.000000,6.000000,4.093847,118.000000,133.000000,62.165910,328.055844,739.447080,95.000000,109.000000,52.299492,324.098685,737.359828,0.828880,4.473894,0.020695,23.000000,24.000000,9.866418,0.551867,0.463830,0.088037,0.307072,0.234110,0.072962,0.000000,
66_od_1,main,unspecified,2102,expert1,graded,"probabilities to native, bilinear, thresholded there, and these numbers were measured from the outlines that run kept",298.000000,318.000000,153.192797,1701.833263,1015.373445,273.000000,340.000000,149.755939,1700.349693,1013.259808,0.945784,2.582333,0.008622,25.000000,-22.000000,3.436858,156.000000,171.000000,78.290326,1690.586674,1021.860355,98.000000,138.000000,58.362951,1700.986170,1019.526680,0.714424,10.658121,0.035585,58.000000,33.000000,19.927375,0.537736,0.405882,0.131853,0.261180,0.151882,0.109298,0.000000,
66_od_3,main,unspecified,1572,expert1,graded,"probabilities to native, bilinear, thresholded there, and these numbers were measured from the outlines that run kept",232.000000,260.000000,122.444738,1227.377720,735.437910,201.000000,265.000000,116.407775,1227.426769,737.404994,0.935454,1.967695,0.008452,31.000000,-5.000000,6.036963,120.000000,127.000000,59.769489,1216.573109,744.160652,107.000000,130.000000,59.416958,1224.447390,738.459472,0.888949,9.721510,0.041756,13.000000,-3.000000,0.352531,0.488462,0.490566,-0.002104,0.238275,0.260529,-0.022254,0.000000,
67_od_1,main,unspecified,2101,expert1,graded,"probabilities to native, bilinear, thresholded there, and these numbers were measured from the outlines that run kept",215.000000,269.000000,120.555842,1655.644889,1009.806741,186.000000,246.000000,106.229573,1647.646028,1016.045780,0.871004,10.144328,0.047747,29.000000,23.000000,14.326270,113.000000,127.000000,59.086571,1649.984136,1014.749088,61.000000,76.000000,33.558611,1644.781798,1017.096099,0.487798,5.707257,0.026863,52.000000,51.000000,25.527960,0.472119,0.308943,0.163176,0.240216,0.099797,0.140419,0.000000,
67_od_2,main,unspecified,2101,expert1,graded,"probabilities to native, bilinear, thresholded there, and these numbers were measured from the outlines that run kept",220.000000,271.000000,122.452537,1615.566858,1010.192519,207.000000,281.000000,118.148897,1610.369499,1017.666279,0.929629,9.103276,0.038525,13.000000,-10.000000,4.303640,114.000000,128.000000,59.745519,1609.222311,1015.204922,86.000000,109.000000,46.742690,1607.365822,1013.841200,0.759376,2.303539,0.009748,28.000000,19.000000,13.002829,0.472325,0.387900,0.084424,0.238054,0.156519,0.081534,0.000000,
67_od_3,main,unspecified,2103,expert1,graded,"probabilities to native, bilinear, thresholded there, and these numbers were measured from the outlines that run kept",224.000000,275.000000,123.876557,1587.686946,1033.422494,207.000000,259.000000,114.891221,1582.967084,1046.757530,0.898950,14.145681,0.061561,17.000000,16.000000,8.985336,117.000000,126.000000,60.045783,1580.391013,1040.086078,82.000000,99.000000,43.927150,1575.740185,1036.189376,0.697222,6.067494,0.026405,35.000000,27.000000,16.118633,0.458182,0.382239,0.075942,0.234956,0.146181,0.088775,0.000000,
67_os_1,main,unspecified,2100,expert1,graded,"probabilities to native, bilinear, thresholded there, and these numbers were measured from the outlines that run kept",234.000000,273.000000,126.420018,532.131391,1035.710888,209.000000,240.000000,112.381410,536.443935,1041.433425,0.882829,7.165575,0.031881,25.000000,33.000000,14.038608,110.000000,113.000000,55.923114,534.559288,1033.065954,60.000000,61.000000,29.478568,537.943590,1031.072161,0.434886,3.927940,0.017476,50.000000,52.000000,26.444545,0.413919,0.254167,0.159753,0.195682,0.068806,0.126876,0.000000,
67_os_2,main,unspecified,2101,expert1,graded,"probabilities to native, bilinear, thresholded there, and these numbers were measured from the outlines that run kept",232.000000,276.000000,126.621288,447.737497,941.550120,212.000000,259.000000,116.232640,450.323210,941.695026,0.914602,2.589770,0.011140,20.000000,17.000000,10.388649,109.000000,116.000000,56.255105,450.061859,938.497083,67.000000,74.000000,34.824713,454.602100,930.660630,0.554101,9.056698,0.038959,42.000000,42.000000,21.430392,0.420290,0.285714,0.134576,0.197383,0.089767,0.107616,0.000000,
67_os_3,main,unspecified,2102,expert1,graded,"probabilities to native, bilinear, thresholded there, and these numbers were measured from the outlines that run kept",228.000000,268.000000,123.666959,557.712734,1025.129501,201.000000,253.000000,111.659661,565.149378,1030.749879,0.896222,9.321606,0.041741,27.000000,15.000000,12.007298,106.000000,109.000000,54.079860,560.739334,1022.051916,60.000000,75.000000,32.498495,568.749247,1019.394816,0.530625,8.439128,0.037790,46.000000,34.000000,21.581364,0.406716,0.296443,0.110274,0.191233,0.084710,0.106524,0.000000,
68_od_1,main,unspecified,2103,expert1,graded,"probabilities to native, bilinear, thresholded there, and these numbers were measured from the outlines that run kept",313.000000,347.000000,165.885170,1634.945680,939.199757,302.000000,357.000000,165.219912,1626.613657,929.488887,0.950792,12.795452,0.038722,11.000000,-10.000000,0.665258,189.000000,224.000000,98.508858,1637.936528,940.436922,183.000000,197.000000,93.996423,1634.432251,922.218467,0.882097,18.552413,0.056145,6.000000,27.000000,4.512436,0.645533,0.551821,0.093712,0.352643,0.323667,0.028977,0.000000,
68_od_3,main,unspecified,2105,expert1,graded,"probabilities to native, bilinear, thresholded there, and these numbers were measured from the outlines that run kept",308.000000,328.000000,158.333351,1639.232281,926.892481,308.000000,354.000000,163.432975,1627.851143,917.427288,0.933737,14.802708,0.045287,0.000000,-26.000000,-5.099625,182.000000,197.000000,92.508169,1640.817742,927.250846,181.000000,247.000000,107.900428,1625.697096,903.352827,0.803391,28.279838,0.086518,1.000000,-50.000000,-15.392259,0.600610,0.697740,-0.097130,0.341362,0.435880,-0.094518,0.000000,
68_os_1,main,unspecified,2102,expert1,graded,"probabilities to native, bilinear, thresholded there, and these numbers were measured from the outlines that run kept",305.000000,348.000000,162.644222,480.523891,981.265832,282.000000,358.000000,157.782555,477.365345,977.508957,0.958380,4.908211,0.015554,23.000000,-10.000000,4.861668,189.000000,210.000000,98.837900,480.212219,983.668687,159.000000,192.000000,87.482139,484.143410,973.539741,0.868909,10.865072,0.034431,30.000000,18.000000,11.355761,0.603448,0.536313,0.067135,0.369292,0.307412,0.061880,0.000000,
68_os_3,main,unspecified,2103,expert1,graded,"probabilities to native, bilinear, thresholded there, and these numbers were measured from the outlines that run kept",297.000000,328.000000,156.508468,462.558380,1053.979455,282.000000,351.000000,156.006326,463.966924,1049.935077,0.954691,4.282638,0.013726,15.000000,-23.000000,0.502142,184.000000,214.000000,98.895852,461.570592,1050.821715,186.000000,243.000000,106.392753,467.939737,1042.601333,0.901534,10.399072,0.033329,-2.000000,-29.000000,-7.496901,0.652439,0.692308,-0.039869,0.399283,0.465093,-0.065810,0.000000,
69_os_1,main,unspecified,2100,expert1,graded,"probabilities to native, bilinear, thresholded there, and these numbers were measured from the outlines that run kept",286.000000,288.000000,143.113002,474.064823,1017.242866,263.000000,277.000000,137.193228,475.241379,1022.885238,0.944742,5.763735,0.021006,23.000000,11.000000,5.919774,179.000000,188.000000,90.282674,481.129340,1014.163783,167.000000,185.000000,89.530328,489.974704,1024.394329,0.906102,13.524221,0.049289,12.000000,3.000000,0.752347,0.652778,0.667870,-0.015092,0.397970,0.425868,-0.027898,0.000000,
6_od_1,main,unspecified,1533,expert1,graded,"probabilities to native, bilinear, thresholded there, and these numbers were measured from the outlines that run kept",236.000000,264.000000,124.822403,1133.593262,800.038061,232.000000,256.000000,120.661410,1132.668314,802.643127,0.959435,2.764399,0.011455,4.000000,8.000000,4.160993,164.000000,169.000000,83.211748,1122.593527,782.420632,172.000000,191.000000,90.199782,1142.824139,808.410837,0.746687,32.935823,0.136480,-8.000000,-22.000000,-6.988034,0.640152,0.746094,-0.105942,0.444410,0.558823,-0.114412,0.000000,
6_od_2,main,unspecified,1530,expert1,graded,"probabilities to native, bilinear, thresholded there, and these numbers were measured from the outlines that run kept",238.000000,267.000000,125.799096,1135.076332,777.112457,226.000000,260.000000,121.844052,1133.059691,780.828345,0.957232,4.227844,0.017349,12.000000,7.000000,3.955044,142.000000,151.000000,72.885346,1126.975553,763.298640,132.000000,132.000000,66.488252,1137.210469,763.836406,0.869150,10.249035,0.042058,10.000000,19.000000,6.397094,0.565543,0.507692,0.057851,0.335680,0.297770,0.037910,0.000000,
6_od_4,main,unspecified,2103,expert1,graded,"probabilities to native, bilinear, thresholded there, and these numbers were measured from the outlines that run kept",325.000000,363.000000,171.427313,1566.349469,1057.502746,311.000000,349.000000,165.092708,1563.083339,1060.314659,0.955465,4.309810,0.013053,14.000000,14.000000,6.334605,190.000000,205.000000,97.897867,1555.530207,1037.758976,151.000000,181.000000,83.488621,1568.977030,1044.561284,0.837656,15.069454,0.045639,39.000000,24.000000,14.409246,0.564738,0.518625,0.046114,0.326127,0.255740,0.070387,0.000000,
70_od_1,main,unspecified,1531,expert1,graded,"probabilities to native, bilinear, thresholded there, and these numbers were measured from the outlines that run kept",188.000000,239.000000,106.536264,1179.178703,772.083602,178.000000,243.000000,103.632888,1177.861411,776.317042,0.956525,4.433652,0.021391,10.000000,-4.000000,2.903376,131.000000,153.000000,71.101319,1177.502519,758.895416,123.000000,175.000000,71.009485,1167.191339,770.725459,0.864231,15.693003,0.075714,8.000000,-22.000000,0.091835,0.640167,0.720165,-0.079997,0.445410,0.469502,-0.024092,0.000000,
70_od_5,main,unspecified,1572,expert1,graded,"probabilities to native, bilinear, thresholded there, and these numbers were measured from the outlines that run kept",203.000000,262.000000,115.645103,1159.330882,750.903201,183.000000,244.000000,107.422941,1157.579731,752.512978,0.926202,2.378636,0.011071,20.000000,18.000000,8.222162,136.000000,168.000000,75.517150,1156.938770,735.867883,103.000000,154.000000,63.693481,1165.374029,741.969243,0.831219,10.410580,0.048456,33.000000,14.000000,11.823669,0.641221,0.631148,0.010074,0.426419,0.351557,0.074862,0.000000,
70_os_1,main,unspecified,1531,expert1,graded,"probabilities to native, bilinear, thresholded there, and these numbers were measured from the outlines that run kept",187.000000,247.000000,106.989447,384.965129,702.421623,173.000000,245.000000,99.808948,385.482138,705.244121,0.927517,2.869458,0.014375,14.000000,2.000000,7.180499,116.000000,151.000000,65.853275,383.585658,700.130799,94.000000,157.000000,59.277507,386.675514,705.989764,0.866399,6.623797,0.033182,22.000000,-6.000000,6.575768,0.611336,0.640816,-0.029480,0.378855,0.352729,0.026126,0.000000,
70_os_5,main,unspecified,1569,expert1,graded,"probabilities to native, bilinear, thresholded there, and these numbers were measured from the outlines that run kept",178.000000,237.000000,103.043015,516.368798,733.812483,152.000000,217.000000,89.072296,518.475667,737.596189,0.855324,4.330742,0.024310,26.000000,20.000000,13.970719,110.000000,144.000000,63.025305,518.031813,727.701499,91.000000,132.000000,54.688570,519.426245,721.639102,0.857509,6.220699,0.034919,19.000000,12.000000,8.336735,0.607595,0.608295,-0.000700,0.374104,0.376971,-0.002867,0.000000,
71_od_1,main,unspecified,1532,expert1,graded,"probabilities to native, bilinear, thresholded there, and these numbers were measured from the outlines that run kept",241.000000,248.000000,121.143210,1091.668170,704.357402,226.000000,233.000000,114.294004,1090.417944,707.448988,0.941866,3.334812,0.014589,15.000000,15.000000,6.849206,150.000000,152.000000,74.496529,1079.264583,705.774878,148.000000,145.000000,71.887141,1078.984047,706.510995,0.955331,0.787761,0.003446,2.000000,7.000000,2.609388,0.612903,0.622318,-0.009414,0.378159,0.395599,-0.017441,0.000000,
71_os_1,main,unspecified,1534,expert1,graded,"probabilities to native, bilinear, thresholded there, and these numbers were measured from the outlines that run kept",247.000000,217.000000,116.859449,368.016876,644.992681,241.000000,238.000000,118.092306,371.671118,666.104743,0.872201,21.425981,0.090717,6.000000,-21.000000,-1.232857,151.000000,135.000000,71.344890,380.394659,662.704334,138.000000,130.000000,67.370473,389.144891,674.600112,0.845752,14.767400,0.062525,13.000000,5.000000,3.974417,0.622120,0.546218,0.075901,0.372733,0.325459,0.047274,0.000000,
72_od_1,main,unspecified,1530,expert1,graded,"probabilities to native, bilinear, thresholded there, and these numbers were measured from the outlines that run kept",218.000000,256.000000,118.019507,1175.923031,755.080602,201.000000,238.000000,105.812249,1166.194206,760.935435,0.885218,11.354695,0.053655,17.000000,18.000000,12.207258,149.000000,159.000000,76.382602,1175.837907,748.558514,124.000000,143.000000,65.686304,1172.989155,754.388122,0.850270,6.488430,0.030660,25.000000,16.000000,10.696298,0.621094,0.600840,0.020253,0.418872,0.385370,0.033502,0.000000,
72_od_2,main,unspecified,1529,expert1,graded,"probabilities to native, bilinear, thresholded there, and these numbers were measured from the outlines that run kept",212.000000,244.000000,113.076036,1154.621823,735.621698,195.000000,222.000000,103.302173,1155.920239,738.605936,0.909843,3.254467,0.015752,17.000000,22.000000,9.773863,119.000000,148.000000,67.124336,1158.019640,730.249947,109.000000,130.000000,58.897718,1167.413012,724.924573,0.849000,10.797918,0.052264,10.000000,18.000000,8.226618,0.606557,0.585586,0.020972,0.352386,0.325071,0.027315,0.000000,
72_od_3,main,unspecified,2097,expert1,graded,"probabilities to native, bilinear, thresholded there, and these numbers were measured from the outlines that run kept",300.000000,339.000000,158.732912,1608.491068,1031.359619,271.000000,310.000000,143.786458,1605.134147,1037.051947,0.901427,6.608443,0.022980,29.000000,29.000000,14.946454,179.000000,213.000000,96.011740,1615.702659,1023.384392,168.000000,190.000000,88.246537,1618.819783,1023.134927,0.906542,3.127091,0.010874,11.000000,23.000000,7.765203,0.628319,0.612903,0.015415,0.365860,0.376669,-0.010809,0.000000,
72_os_1,main,unspecified,1530,expert1,graded,"probabilities to native, bilinear, thresholded there, and these numbers were measured from the outlines that run kept",216.000000,235.000000,113.289774,378.626894,720.311475,190.000000,218.000000,99.665332,381.737583,722.914119,0.872566,4.055877,0.020347,26.000000,17.000000,13.624443,123.000000,120.000000,59.481210,378.887899,727.009177,88.000000,100.000000,45.650573,386.886818,721.023828,0.732646,9.990351,0.050119,35.000000,20.000000,13.830637,0.510638,0.458716,0.051923,0.275663,0.209799,0.065863,0.000000,
72_os_2,main,unspecified,1529,expert1,graded,"probabilities to native, bilinear, thresholded there, and these numbers were measured from the outlines that run kept",204.000000,229.000000,107.365144,372.594356,752.234412,180.000000,209.000000,96.677470,365.666894,756.836631,0.895436,8.316859,0.043013,24.000000,20.000000,10.687674,106.000000,107.000000,52.970762,371.455133,757.469087,73.000000,78.000000,37.082323,365.384259,759.058796,0.657785,6.275563,0.032456,33.000000,29.000000,15.888439,0.467249,0.373206,0.094043,0.243414,0.147124,0.096290,0.000000,
72_os_3,main,unspecified,2099,expert1,graded,"probabilities to native, bilinear, thresholded there, and these numbers were measured from the outlines that run kept",284.000000,316.000000,149.135062,519.221287,992.569362,269.000000,294.000000,139.280572,516.949954,993.056511,0.931591,2.322987,0.008339,15.000000,22.000000,9.854490,146.000000,155.000000,74.873718,514.635305,998.890586,88.000000,88.000000,43.251673,504.925642,996.093245,0.500404,10.104587,0.036274,58.000000,67.000000,31.622046,0.490506,0.299320,0.191187,0.252057,0.096433,0.155625,0.000000,
73_od_1,main,unspecified,1538,expert1,graded,"probabilities to native, bilinear, thresholded there, and these numbers were measured from the outlines that run kept",237.000000,257.000000,123.548502,1206.009780,691.367185,227.000000,241.000000,116.773615,1203.316907,692.598193,0.943663,2.960903,0.012678,10.000000,16.000000,6.774887,144.000000,149.000000,72.977001,1201.058813,703.971012,143.000000,149.000000,72.284554,1207.596223,706.978556,0.928498,7.196044,0.030812,1.000000,0.000000,0.692447,0.579767,0.618257,-0.038491,0.348897,0.383179,-0.034282,0.000000,
73_od_4,main,unspecified,1572,expert1,graded,"probabilities to native, bilinear, thresholded there, and these numbers were measured from the outlines that run kept",228.000000,250.000000,118.761572,1115.502279,676.867750,211.000000,220.000000,107.811891,1110.876164,678.623042,0.903571,4.947928,0.022947,17.000000,30.000000,10.949681,125.000000,142.000000,66.253251,1108.669761,691.302538,118.000000,139.000000,64.372029,1113.191811,688.864034,0.940913,5.137630,0.023827,7.000000,3.000000,1.881223,0.568000,0.631818,-0.063818,0.311216,0.356501,-0.045285,0.000000,
73_os_1,main,unspecified,1538,expert1,graded,"probabilities to native, bilinear, thresholded there, and these numbers were measured from the outlines that run kept",229.000000,237.000000,116.510272,313.325845,654.238193,219.000000,224.000000,111.047932,315.661857,658.220258,0.951970,4.616685,0.020787,10.000000,13.000000,5.462339,130.000000,110.000000,59.406243,315.116262,652.762244,130.000000,113.000000,61.182712,307.600765,655.224235,0.913643,7.908482,0.035608,0.000000,-3.000000,-1.776469,0.464135,0.504464,-0.040329,0.259977,0.303554,-0.043577,0.000000,
73_os_4,main,unspecified,1572,expert1,graded,"probabilities to native, bilinear, thresholded there, and these numbers were measured from the outlines that run kept",222.000000,230.000000,112.401235,435.495377,738.415434,211.000000,206.000000,105.062038,435.579548,739.560862,0.932579,1.148516,0.005466,11.000000,24.000000,7.339197,115.000000,101.000000,53.953164,440.941170,740.048660,110.000000,97.000000,50.095460,438.717149,739.680492,0.925950,2.254289,0.010728,5.000000,4.000000,3.857704,0.439130,0.470874,-0.031743,0.230405,0.227355,0.003050,0.000000,
74_os_1,main,unspecified,1531,expert1,graded,"probabilities to native, bilinear, thresholded there, and these numbers were measured from the outlines that run kept",203.000000,228.000000,106.301463,395.116479,758.123352,190.000000,214.000000,101.218190,396.130989,761.947213,0.948350,3.956153,0.019543,13.000000,14.000000,5.083273,127.000000,153.000000,69.381557,399.241420,757.899888,123.000000,145.000000,65.966768,405.615171,753.101236,0.899979,7.978205,0.039411,4.000000,8.000000,3.414789,0.671053,0.677570,-0.006517,0.426000,0.424750,0.001250,0.000000,
75_od_1,main,unspecified,1527,expert1,graded,"probabilities to native, bilinear, thresholded there, and these numbers were measured from the outlines that run kept",187.000000,228.000000,102.249148,734.548455,690.722424,165.000000,213.000000,92.539132,737.630673,691.341449,0.900549,3.143766,0.016986,22.000000,15.000000,9.710016,121.000000,115.000000,58.640444,735.144127,688.031380,109.000000,98.000000,51.616410,735.221027,690.988769,0.873103,2.958389,0.015985,12.000000,17.000000,7.024035,0.504386,0.460094,0.044292,0.328909,0.311118,0.017791,0.000000,
75_od_2,main,unspecified,1531,expert1,graded,"probabilities to native, bilinear, thresholded there, and these numbers were measured from the outlines that run kept",186.000000,227.000000,102.406238,1176.549384,749.142749,172.000000,217.000000,95.286259,1176.242287,750.118637,0.928030,1.023067,0.005368,14.000000,10.000000,7.119978,118.000000,122.000000,59.931701,1178.500975,746.643123,110.000000,96.000000,49.423780,1175.625489,746.453219,0.809579,2.881750,0.015122,8.000000,26.000000,10.507920,0.537445,0.442396,0.095049,0.342500,0.269037,0.073463,0.000000,
75_od_3,main,unspecified,1526,expert1,graded,"probabilities to native, bilinear, thresholded there, and these numbers were measured from the outlines that run kept",188.000000,233.000000,104.132342,1168.552574,789.694740,172.000000,226.000000,96.236918,1169.255155,792.902736,0.919540,3.284031,0.017062,16.000000,7.000000,7.895423,112.000000,125.000000,58.659440,1174.104995,786.912026,105.000000,103.000000,52.079925,1169.571647,784.725854,0.870208,5.032951,0.026149,7.000000,22.000000,6.579515,0.536481,0.455752,0.080728,0.317325,0.292858,0.024467,0.000000,
75_od_4,main,unspecified,2100,expert1,graded,"probabilities to native, bilinear, thresholded there, and these numbers were measured from the outlines that run kept",255.000000,316.000000,141.671139,1607.777445,1059.764281,237.000000,294.000000,130.930887,1604.477793,1062.148470,0.921256,4.070879,0.015546,18.000000,22.000000,10.740252,150.000000,164.000000,77.778399,1616.896290,1054.534754,151.000000,147.000000,74.839700,1605.096386,1058.791714,0.875604,12.544300,0.047904,-1.000000,17.000000,2.938699,0.518987,0.500000,0.018987,0.301408,0.326723,-0.025315,0.000000,
75_od_6,main,unspecified,2099,expert1,graded,"probabilities to native, bilinear, thresholded there, and these numbers were measured from the outlines that run kept",254.000000,315.000000,141.117338,1602.708593,1030.033902,232.000000,292.000000,128.632751,1603.065253,1032.084722,0.907634,2.081602,0.008091,22.000000,23.000000,12.484588,150.000000,168.000000,79.700640,1610.879435,1025.351974,151.000000,142.000000,71.973433,1594.357011,1024.258633,0.808225,16.558559,0.064364,-1.000000,26.000000,7.727207,0.533333,0.486301,0.047032,0.318980,0.313070,0.005910,0.000000,
75_os_1,main,unspecified,1530,expert1,graded,"probabilities to native, bilinear, thresholded there, and these numbers were measured from the outlines that run kept",195.000000,227.000000,103.889043,630.548294,672.968119,189.000000,226.000000,97.990489,632.569615,677.187595,0.930657,4.678645,0.023873,6.000000,1.000000,5.898554,131.000000,135.000000,66.214805,628.073327,667.544577,106.000000,112.000000,53.873459,623.572384,667.662426,0.796610,4.502485,0.022974,25.000000,23.000000,12.341346,0.594714,0.495575,0.099138,0.406229,0.302261,0.103968,0.000000,
75_os_2,main,unspecified,1530,expert1,graded,"probabilities to native, bilinear, thresholded there, and these numbers were measured from the outlines that run kept",198.000000,231.000000,105.554730,356.018370,696.759392,193.000000,233.000000,100.136896,356.895308,701.807028,0.931689,5.123246,0.025581,5.000000,-2.000000,5.417833,132.000000,137.000000,66.607831,351.384201,690.912756,116.000000,122.000000,58.474651,350.547384,697.438373,0.870340,6.579052,0.032850,16.000000,15.000000,8.133180,0.593074,0.523605,0.069468,0.398194,0.340994,0.057200,0.000000,
75_os_3,main,unspecified,1529,expert1,graded,"probabilities to native, bilinear, thresholded there, and these numbers were measured from the outlines that run kept",198.000000,232.000000,106.341879,335.906466,680.942466,186.000000,230.000000,99.930064,337.187141,683.785095,0.933317,3.117799,0.015600,12.000000,2.000000,6.411815,125.000000,139.000000,65.343774,328.551066,673.393171,112.000000,117.000000,57.289556,330.247697,674.014548,0.869210,1.806838,0.009041,13.000000,22.000000,8.054218,0.599138,0.508696,0.090442,0.377572,0.328669,0.048903,0.000000,
75_os_4,main,unspecified,2098,expert1,graded,"probabilities to native, bilinear, thresholded there, and these numbers were measured from the outlines that run kept",272.000000,319.000000,145.986712,488.101906,941.210787,255.000000,304.000000,136.043412,485.445119,941.458121,0.926410,2.668275,0.009807,17.000000,15.000000,9.943300,167.000000,183.000000,87.400233,477.701142,929.038670,164.000000,171.000000,84.438280,485.907317,936.469976,0.911481,11.070936,0.040689,3.000000,12.000000,2.961952,0.573668,0.562500,0.011168,0.358425,0.385233,-0.026808,0.000000,
75_os_6,main,unspecified,2100,expert1,graded,"probabilities to native, bilinear, thresholded there, and these numbers were measured from the outlines that run kept",271.000000,315.000000,144.983551,502.011902,968.815694,263.000000,310.000000,136.643409,504.268829,972.643493,0.936509,4.443620,0.016260,8.000000,5.000000,8.340141,182.000000,192.000000,91.878061,493.931448,958.205468,157.000000,165.000000,78.031723,490.954781,960.955303,0.838091,4.052425,0.014828,25.000000,27.000000,13.846338,0.609524,0.532258,0.077266,0.401593,0.326111,0.075482,0.000000,
76_od_1,main,unspecified,1537,expert1,graded,"probabilities to native, bilinear, thresholded there, and these numbers were measured from the outlines that run kept",225.000000,240.000000,116.597664,1202.648232,744.359611,214.000000,235.000000,111.194024,1201.924980,747.471488,0.951725,3.194819,0.014366,11.000000,5.000000,5.403640,144.000000,166.000000,77.139387,1193.491227,747.178132,136.000000,146.000000,70.982584,1203.493335,748.721461,0.878603,10.120476,0.045508,8.000000,20.000000,6.156803,0.691667,0.621277,0.070390,0.437696,0.407512,0.030184,0.000000,
76_os_1,main,unspecified,1534,expert1,graded,"probabilities to native, bilinear, thresholded there, and these numbers were measured from the outlines that run kept",231.000000,231.000000,115.528064,353.765228,723.505676,224.000000,223.000000,111.907399,353.777877,727.931957,0.961697,4.426299,0.019777,7.000000,8.000000,3.620665,144.000000,152.000000,73.738521,363.917340,727.630254,146.000000,154.000000,74.413163,359.719188,733.947747,0.927026,7.585195,0.033890,-2.000000,-2.000000,-0.674642,0.658009,0.690583,-0.032574,0.407393,0.442163,-0.034769,0.000000,
77_od_1,main,unspecified,1531,expert1,graded,"probabilities to native, bilinear, thresholded there, and these numbers were measured from the outlines that run kept",213.000000,237.000000,110.791091,1236.519709,677.714901,205.000000,214.000000,104.493943,1235.467947,677.085007,0.941138,1.225956,0.005866,8.000000,23.000000,6.297148,119.000000,130.000000,62.436697,1224.849841,679.682371,104.000000,118.000000,54.842594,1212.908456,679.026669,0.837758,11.959374,0.057225,15.000000,12.000000,7.594103,0.548523,0.551402,-0.002879,0.317592,0.275457,0.042135,0.000000,
77_od_3,main,unspecified,2100,expert1,graded,"probabilities to native, bilinear, thresholded there, and these numbers were measured from the outlines that run kept",296.000000,322.000000,152.961983,1630.262717,973.578804,287.000000,297.000000,143.329696,1626.312710,972.138567,0.933644,4.204383,0.014667,9.000000,25.000000,9.632287,149.000000,169.000000,78.276095,1621.036521,975.419606,118.000000,130.000000,60.130541,1621.444141,967.696452,0.742224,7.733903,0.026979,31.000000,39.000000,18.145553,0.524845,0.437710,0.087134,0.261873,0.176002,0.085871,0.000000,
77_os_1,main,unspecified,1530,expert1,graded,"probabilities to native, bilinear, thresholded there, and these numbers were measured from the outlines that run kept",169.000000,214.000000,94.373252,322.020407,715.872409,149.000000,177.000000,80.202283,324.958927,715.734165,0.838715,2.941770,0.018340,20.000000,37.000000,14.170969,94.000000,99.000000,48.214283,334.778721,715.643982,93.000000,105.000000,46.793736,350.082279,716.821922,0.769003,15.348825,0.095688,1.000000,-6.000000,1.420547,0.462617,0.593220,-0.130604,0.261008,0.340410,-0.079402,0.000000,
77_os_3,main,unspecified,2103,expert1,graded,"probabilities to native, bilinear, thresholded there, and these numbers were measured from the outlines that run kept",227.000000,278.000000,125.777587,447.867465,996.124869,201.000000,243.000000,108.802319,456.820436,1000.611508,0.856025,10.014271,0.046020,26.000000,35.000000,16.975268,110.000000,117.000000,56.399208,462.079255,997.277494,78.000000,79.000000,38.654193,479.664465,1002.354708,0.629536,18.303489,0.084114,32.000000,38.000000,17.745016,0.420863,0.325103,0.095760,0.201066,0.126217,0.074850,0.000000,
78_od_1,main,unspecified,1531,expert1,graded,"probabilities to native, bilinear, thresholded there, and these numbers were measured from the outlines that run kept",207.000000,247.000000,112.589400,1172.502411,760.098433,197.000000,242.000000,107.557680,1171.610912,762.302911,0.951817,2.377918,0.011054,10.000000,5.000000,5.031720,96.000000,111.000000,51.548530,1161.172616,761.632367,67.000000,65.000000,33.037624,1157.267425,769.934092,0.582321,9.174375,0.042649,29.000000,46.000000,18.510906,0.449393,0.268595,0.180798,0.209622,0.094348,0.115274,0.000000,
78_od_2,main,unspecified,1527,expert1,graded,"probabilities to native, bilinear, thresholded there, and these numbers were measured from the outlines that run kept",210.000000,248.000000,113.813975,996.945497,817.509719,200.000000,238.000000,107.878301,995.620032,815.633161,0.945972,2.297461,0.010648,10.000000,10.000000,5.935674,90.000000,113.000000,50.301544,987.486099,820.409989,74.000000,80.000000,38.273517,981.160365,820.171230,0.733328,6.330238,0.029340,16.000000,33.000000,12.028027,0.455645,0.336134,0.119511,0.195331,0.125872,0.069459,0.000000,
78_os_1,main,unspecified,1532,expert1,graded,"probabilities to native, bilinear, thresholded there, and these numbers were measured from the outlines that run kept",211.000000,224.000000,108.421327,393.747874,794.917547,204.000000,215.000000,103.400729,395.136473,797.786091,0.952339,3.186966,0.015411,7.000000,9.000000,5.020598,97.000000,96.000000,47.956115,407.181869,792.540208,57.000000,51.000000,26.809396,408.835252,793.370682,0.476221,1.850234,0.008947,40.000000,45.000000,21.146718,0.428571,0.237209,0.191362,0.195640,0.067224,0.128416,0.000000,
78_os_2,main,unspecified,1530,expert1,graded,"probabilities to native, bilinear, thresholded there, and these numbers were measured from the outlines that run kept",212.000000,222.000000,107.724758,431.134487,706.616178,196.000000,208.000000,100.644211,428.987304,707.645245,0.932087,2.381045,0.011829,16.000000,14.000000,7.080547,89.000000,87.000000,43.945262,443.338058,703.088676,49.000000,53.000000,25.168168,448.630151,699.767337,0.493980,6.248003,0.031040,40.000000,34.000000,18.777094,0.391892,0.254808,0.137084,0.166415,0.062535,0.103880,0.000000,
79_od_1,main,unspecified,1531,expert1,graded,"probabilities to native, bilinear, thresholded there, and these numbers were measured from the outlines that run kept",205.000000,228.000000,107.341424,1127.587242,775.434112,190.000000,228.000000,102.491680,1127.646617,774.369565,0.948887,1.066202,0.005201,15.000000,0.000000,4.849743,119.000000,152.000000,65.185264,1132.560491,770.107798,124.000000,158.000000,69.292037,1137.133718,760.215990,0.891781,10.897810,0.053164,-5.000000,-6.000000,-4.106772,0.666667,0.692982,-0.026316,0.368777,0.457077,-0.088300,0.000000,
79_od_4,main,unspecified,1568,expert1,graded,"probabilities to native, bilinear, thresholded there, and these numbers were measured from the outlines that run kept",199.000000,227.000000,106.485459,1042.429526,757.658395,182.000000,213.000000,98.575077,1041.100665,759.368690,0.922963,2.165867,0.010986,17.000000,14.000000,7.910382,152.000000,178.000000,80.763892,1033.886151,749.528060,127.000000,150.000000,69.078097,1045.196651,747.618571,0.831610,11.470552,0.058182,25.000000,28.000000,11.685794,0.784141,0.704225,0.079916,0.575246,0.491073,0.084173,0.000000,
79_os_1,main,unspecified,1530,expert1,graded,"probabilities to native, bilinear, thresholded there, and these numbers were measured from the outlines that run kept",207.000000,229.000000,108.381685,409.849172,728.218709,200.000000,224.000000,104.562460,409.561226,728.999214,0.963804,0.831926,0.003978,7.000000,5.000000,3.819226,111.000000,150.000000,63.010152,409.189048,730.347711,99.000000,111.000000,51.837940,413.870291,732.036484,0.806789,4.976544,0.023797,12.000000,39.000000,11.172211,0.655022,0.495536,0.159486,0.337994,0.245779,0.092216,0.000000,
79_os_4,main,unspecified,1568,expert1,graded,"probabilities to native, bilinear, thresholded there, and these numbers were measured from the outlines that run kept",204.000000,227.000000,107.102443,538.969615,800.612204,188.000000,212.000000,99.500716,537.500048,799.745394,0.926512,1.706161,0.008574,16.000000,15.000000,7.601728,127.000000,160.000000,70.850172,546.739125,801.524096,98.000000,107.000000,51.307141,543.359734,807.686699,0.688020,7.028368,0.035318,29.000000,53.000000,19.543031,0.704846,0.504717,0.200129,0.437606,0.265891,0.171715,0.000000,
7_od_1,main,unspecified,2102,expert1,graded,"probabilities to native, bilinear, thresholded there, and these numbers were measured from the outlines that run kept",236.000000,298.000000,133.127224,1585.021678,1035.384568,216.000000,284.000000,123.229906,1583.513908,1037.311799,0.922900,2.446955,0.009928,20.000000,14.000000,9.897318,118.000000,150.000000,66.743890,1584.179350,1031.786638,56.000000,59.000000,29.245490,1577.216226,1022.907704,0.322144,11.283641,0.045783,62.000000,91.000000,37.498400,0.503356,0.207746,0.295609,0.251356,0.056323,0.195033,0.000000,
7_os_1,main,unspecified,2101,expert1,graded,"probabilities to native, bilinear, thresholded there, and these numbers were measured from the outlines that run kept",255.000000,293.000000,136.404427,519.817477,1012.291653,230.000000,279.000000,123.548502,514.972578,1015.108083,0.901275,5.604046,0.022680,25.000000,14.000000,12.855926,135.000000,172.000000,75.853606,519.064837,1007.299845,77.000000,80.000000,38.724125,521.824241,1005.409467,0.413481,3.344823,0.013536,58.000000,92.000000,37.129481,0.587031,0.286738,0.300292,0.309240,0.098240,0.211000,0.000000,
80_od_1,main,unspecified,1530,expert1,graded,"probabilities to native, bilinear, thresholded there, and these numbers were measured from the outlines that run kept",244.000000,264.000000,125.481141,1243.056099,709.713460,209.000000,237.000000,109.579213,1231.186942,721.727885,0.859741,16.888556,0.077061,35.000000,27.000000,15.901929,149.000000,161.000000,76.852065,1240.080895,707.813420,88.000000,106.000000,47.412070,1252.098272,702.361512,0.551353,13.196237,0.060213,61.000000,55.000000,29.439995,0.609848,0.447257,0.162591,0.375106,0.187207,0.187899,0.000000,
80_os_1,main,unspecified,1529,expert1,graded,"probabilities to native, bilinear, thresholded there, and these numbers were measured from the outlines that run kept",286.000000,318.000000,150.191040,425.532512,661.895295,266.000000,285.000000,137.204829,427.878375,661.002181,0.909813,2.510125,0.009147,20.000000,33.000000,12.986211,169.000000,174.000000,84.117242,428.462909,655.787350,104.000000,100.000000,50.453188,409.389896,649.796799,0.529147,19.991661,0.072853,65.000000,74.000000,33.664055,0.547170,0.350877,0.196293,0.313677,0.135219,0.178457,0.000000,
81_od_1,main,unspecified,1540,expert1,graded,"probabilities to native, bilinear, thresholded there, and these numbers were measured from the outlines that run kept",256.000000,279.000000,133.897297,1210.097543,562.526862,244.000000,261.000000,126.937641,1208.027024,564.653839,0.946617,2.968346,0.011692,12.000000,18.000000,6.959655,175.000000,182.000000,87.689292,1201.946020,564.473486,182.000000,176.000000,88.154510,1201.461252,559.679446,0.942044,4.818487,0.018980,-7.000000,6.000000,-0.465218,0.652330,0.674330,-0.022000,0.428894,0.482290,-0.053396,0.000000,
81_os_1,main,unspecified,1536,expert1,graded,"probabilities to native, bilinear, thresholded there, and these numbers were measured from the outlines that run kept",238.000000,254.000000,122.661615,366.578298,573.287467,222.000000,236.000000,115.192813,368.517475,575.108283,0.937260,2.660034,0.011546,16.000000,18.000000,7.468801,158.000000,163.000000,79.788456,375.287100,579.297300,152.000000,154.000000,75.786434,379.564454,579.780592,0.945484,4.304570,0.018684,6.000000,9.000000,4.002022,0.641732,0.652542,-0.010810,0.423119,0.432845,-0.009726,0.000000,
82_od_1,main,unspecified,1533,expert1,graded,"probabilities to native, bilinear, thresholded there, and these numbers were measured from the outlines that run kept",154.000000,202.000000,88.907758,1087.265453,710.794185,144.000000,213.000000,83.958159,1083.993588,711.361436,0.924944,3.320674,0.019776,10.000000,-11.000000,4.949599,98.000000,123.000000,55.307848,1081.945473,706.144537,96.000000,155.000000,58.338403,1068.111392,708.605499,0.795784,14.051269,0.083680,2.000000,-32.000000,-3.030556,0.608911,0.727700,-0.118789,0.386985,0.482818,-0.095833,0.000000,
82_os_1,main,unspecified,1534,expert1,graded,"probabilities to native, bilinear, thresholded there, and these numbers were measured from the outlines that run kept",166.000000,222.000000,96.405457,549.644291,754.509179,158.000000,210.000000,89.186578,548.882428,752.244908,0.922325,2.389008,0.013393,8.000000,12.000000,7.218878,110.000000,131.000000,59.086571,544.978027,759.410376,95.000000,130.000000,54.752557,546.124230,756.299533,0.899048,3.315287,0.018586,15.000000,1.000000,4.334014,0.590090,0.619048,-0.028958,0.375642,0.376886,-0.001244,0.000000,
82_os_3,main,unspecified,2101,expert1,graded,"probabilities to native, bilinear, thresholded there, and these numbers were measured from the outlines that run kept",225.000000,303.000000,131.268379,611.779215,1016.725976,205.000000,295.000000,123.397691,612.024061,1016.829672,0.933344,0.265899,0.001077,20.000000,8.000000,7.870689,139.000000,176.000000,77.505769,602.081337,1022.111011,107.000000,147.000000,63.445621,608.812431,1017.498339,0.801320,8.159924,0.033064,32.000000,29.000000,14.060148,0.580858,0.498305,0.082553,0.348616,0.264356,0.084260,0.000000,
82_os_4,main,unspecified,2102,expert1,graded,"probabilities to native, bilinear, thresholded there, and these numbers were measured from the outlines that run kept",224.000000,304.000000,131.415002,625.047922,1040.726827,200.000000,297.000000,122.527898,625.035704,1043.618170,0.928416,2.891369,0.011799,24.000000,7.000000,8.887104,135.000000,170.000000,75.491855,616.044236,1046.881032,104.000000,147.000000,61.574256,619.185627,1044.779699,0.798793,3.779409,0.015423,31.000000,23.000000,13.917599,0.559211,0.494949,0.064261,0.329997,0.252539,0.077458,0.000000,
83_od_1,main,unspecified,1530,expert1,graded,"probabilities to native, bilinear, thresholded there, and these numbers were measured from the outlines that run kept",204.000000,217.000000,104.758627,1177.675262,672.221771,192.000000,206.000000,99.356653,1179.580756,675.485216,0.945305,3.779019,0.019017,12.000000,11.000000,5.401974,113.000000,114.000000,56.252276,1173.706066,669.417765,112.000000,106.000000,53.392727,1172.670389,677.010942,0.904588,7.663483,0.038566,1.000000,8.000000,2.859549,0.525346,0.514563,0.010783,0.288337,0.288782,-0.000445,0.000000,
83_od_2,main,unspecified,2101,expert1,graded,"probabilities to native, bilinear, thresholded there, and these numbers were measured from the outlines that run kept",279.000000,299.000000,143.489506,1628.971337,931.923334,264.000000,294.000000,136.349577,1631.001490,937.749598,0.939792,6.169835,0.022625,15.000000,5.000000,7.139929,147.000000,156.000000,75.071143,1626.082576,926.521717,132.000000,141.000000,65.838773,1626.603466,935.280364,0.855537,8.774123,0.032175,15.000000,15.000000,9.232370,0.521739,0.479592,0.042147,0.273720,0.233161,0.040559,0.000000,
83_od_3,main,unspecified,2100,expert1,graded,"probabilities to native, bilinear, thresholded there, and these numbers were measured from the outlines that run kept",278.000000,294.000000,142.145547,1612.169069,930.721379,268.000000,283.000000,134.910931,1612.472893,934.118538,0.947446,3.410718,0.012641,10.000000,11.000000,7.234616,150.000000,156.000000,75.950061,1608.635526,926.352334,124.000000,133.000000,63.533359,1610.105670,930.522120,0.823361,4.421361,0.016386,26.000000,23.000000,12.416702,0.530612,0.469965,0.060648,0.285489,0.221773,0.063716,0.000000,
83_od_4,main,unspecified,2103,expert1,graded,"probabilities to native, bilinear, thresholded there, and these numbers were measured from the outlines that run kept",280.000000,297.000000,143.744390,1638.172646,953.765317,264.000000,280.000000,136.133463,1639.069855,960.282390,0.942534,6.578542,0.024162,16.000000,17.000000,7.610926,153.000000,159.000000,77.544775,1633.551903,950.879519,130.000000,148.000000,69.103436,1635.159579,959.830689,0.869383,9.094397,0.033403,23.000000,11.000000,8.441338,0.535354,0.528571,0.006782,0.291020,0.257673,0.033347,0.000000,
83_os_1,main,unspecified,1532,expert1,graded,"probabilities to native, bilinear, thresholded there, and these numbers were measured from the outlines that run kept",194.000000,225.000000,104.205679,365.365363,736.153749,182.000000,226.000000,98.167366,366.188043,736.594649,0.936899,0.933378,0.004754,12.000000,-1.000000,6.038312,112.000000,138.000000,61.855354,364.344176,728.150832,104.000000,108.000000,52.363359,368.156373,722.566171,0.834642,6.761751,0.034440,8.000000,30.000000,9.491995,0.613333,0.477876,0.135457,0.352348,0.284525,0.067823,0.000000,
83_os_2,main,unspecified,2102,expert1,graded,"probabilities to native, bilinear, thresholded there, and these numbers were measured from the outlines that run kept",268.000000,309.000000,143.487288,494.946661,1012.023299,264.000000,310.000000,139.257716,489.652961,1013.518876,0.959293,5.500910,0.019751,4.000000,-1.000000,4.229572,152.000000,187.000000,83.717066,493.303751,1000.995277,149.000000,157.000000,75.280736,506.149517,987.956302,0.813470,18.303785,0.065719,3.000000,30.000000,8.436330,0.605178,0.506452,0.098726,0.340409,0.292233,0.048176,0.000000,
83_os_3,main,unspecified,2099,expert1,graded,"probabilities to native, bilinear, thresholded there, and these numbers were measured from the outlines that run kept",263.000000,309.000000,142.251876,483.645945,1007.380482,246.000000,308.000000,134.960469,479.077558,1009.322586,0.941570,4.964064,0.018391,17.000000,1.000000,7.291406,150.000000,188.000000,83.412334,481.055495,997.300622,133.000000,151.000000,69.674558,485.014622,990.302144,0.820178,8.040733,0.029789,17.000000,37.000000,13.737776,0.608414,0.490260,0.118154,0.343831,0.266523,0.077307,0.000000,
83_os_4,main,unspecified,2103,expert1,graded,"probabilities to native, bilinear, thresholded there, and these numbers were measured from the outlines that run kept",269.000000,312.000000,144.572411,483.339719,987.338197,257.000000,305.000000,136.265509,481.668015,993.253266,0.937587,6.146758,0.022554,12.000000,7.000000,8.306902,154.000000,194.000000,85.855122,482.065725,978.512890,143.000000,171.000000,77.665773,498.265805,966.560264,0.811314,20.132259,0.073871,11.000000,23.000000,8.189349,0.621795,0.560656,0.061139,0.352664,0.324853,0.027811,0.000000,
84_od_1,main,unspecified,1532,expert1,graded,"probabilities to native, bilinear, thresholded there, and these numbers were measured from the outlines that run kept",188.000000,221.000000,101.918627,1168.722459,763.609046,169.000000,207.000000,93.000625,1174.393677,764.950280,0.908486,5.827660,0.031331,19.000000,14.000000,8.918002,90.000000,96.000000,46.236016,1165.303603,762.488982,70.000000,88.000000,37.998074,1154.953042,761.007275,0.797369,10.456078,0.056215,20.000000,8.000000,8.237942,0.434389,0.425121,0.009268,0.205804,0.166937,0.038867,0.000000,
84_os_1,main,unspecified,1532,expert1,graded,"probabilities to native, bilinear, thresholded there, and these numbers were measured from the outlines that run kept",181.000000,213.000000,97.798648,354.175719,800.424521,161.000000,203.000000,89.954186,350.337398,801.580268,0.916584,4.008548,0.022281,20.000000,10.000000,7.844461,82.000000,85.000000,41.189704,359.962101,797.669043,57.000000,61.000000,28.685032,360.235590,796.046035,0.653190,1.645889,0.009148,25.000000,24.000000,12.504672,0.399061,0.300493,0.098568,0.177383,0.101688,0.075695,0.000000,
85_od_1,main,unspecified,1528,expert1,graded,"probabilities to native, bilinear, thresholded there, and these numbers were measured from the outlines that run kept",198.000000,247.000000,111.143916,1186.685168,767.152623,183.000000,229.000000,101.251205,1190.502996,772.553979,0.906456,6.614413,0.032663,15.000000,18.000000,9.892711,115.000000,143.000000,63.908013,1187.181514,770.221105,89.000000,111.000000,48.850478,1193.614779,775.003468,0.737603,8.016103,0.039585,26.000000,32.000000,15.057535,0.578947,0.484716,0.094231,0.330628,0.232775,0.097852,0.000000,
85_os_1,main,unspecified,1528,expert1,graded,"probabilities to native, bilinear, thresholded there, and these numbers were measured from the outlines that run kept",184.000000,255.000000,108.737937,322.462526,708.945835,155.000000,257.000000,98.979501,318.230814,715.386250,0.896944,7.706252,0.038929,29.000000,-2.000000,9.758436,123.000000,153.000000,66.941516,321.005398,701.433442,82.000000,95.000000,43.894530,317.615232,709.716835,0.601361,8.950297,0.045213,41.000000,58.000000,23.046986,0.600000,0.369650,0.230350,0.378991,0.196666,0.182325,0.000000,
86_od_1,main,unspecified,1532,expert1,graded,"probabilities to native, bilinear, thresholded there, and these numbers were measured from the outlines that run kept",193.000000,221.000000,103.456126,1178.041219,721.940729,173.000000,205.000000,94.234862,1177.992508,721.789268,0.906913,0.159101,0.000844,20.000000,16.000000,9.221264,135.000000,167.000000,74.532839,1169.875430,724.186798,110.000000,147.000000,60.919414,1167.736427,720.631529,0.801003,4.149129,0.022015,25.000000,20.000000,13.613426,0.755656,0.717073,0.038583,0.519019,0.417915,0.101103,0.000000,
86_od_2,main,unspecified,1533,expert1,graded,"probabilities to native, bilinear, thresholded there, and these numbers were measured from the outlines that run kept",194.000000,218.000000,102.491680,1167.600467,700.072210,170.000000,210.000000,96.000136,1172.116085,706.240113,0.913387,7.644203,0.039814,24.000000,8.000000,6.491544,134.000000,164.000000,73.760102,1158.425813,702.715832,109.000000,164.000000,67.382284,1162.675196,707.505959,0.876451,6.403325,0.033351,25.000000,0.000000,6.377817,0.752294,0.780952,-0.028659,0.517924,0.492661,0.025263,0.000000,
86_od_3,main,unspecified,2100,expert1,graded,"probabilities to native, bilinear, thresholded there, and these numbers were measured from the outlines that run kept",264.000000,297.000000,140.124749,1605.629975,977.548950,239.000000,288.000000,130.741122,1603.650149,978.182104,0.930797,2.078604,0.007949,25.000000,9.000000,9.383628,170.000000,212.000000,94.644379,1596.941367,980.201414,145.000000,213.000000,85.231850,1589.059285,976.288362,0.885348,8.799954,0.033654,25.000000,-1.000000,9.412529,0.713805,0.739583,-0.025779,0.456205,0.424991,0.031214,0.000000,
86_os_1,main,unspecified,1533,expert1,graded,"probabilities to native, bilinear, thresholded there, and these numbers were measured from the outlines that run kept",171.000000,216.000000,95.975265,323.088707,706.477953,179.000000,223.000000,97.333741,330.721231,713.398280,0.928843,10.302735,0.052925,-8.000000,-7.000000,-1.358476,118.000000,130.000000,61.141077,329.267541,699.832936,128.000000,173.000000,71.991121,336.237133,715.891475,0.803325,17.505768,0.089927,-10.000000,-43.000000,-10.850044,0.601852,0.775785,-0.173933,0.405833,0.547055,-0.141222,0.000000,
86_os_2,main,unspecified,1532,expert1,graded,"probabilities to native, bilinear, thresholded there, and these numbers were measured from the outlines that run kept",177.000000,216.000000,98.238676,332.457436,725.191662,173.000000,220.000000,96.165779,333.420783,733.416549,0.943745,8.281111,0.043056,4.000000,-4.000000,2.072897,115.000000,132.000000,61.268495,335.566183,719.661494,128.000000,186.000000,75.826324,345.596800,737.203842,0.759780,20.207604,0.105066,-13.000000,-54.000000,-14.557829,0.611111,0.845455,-0.234343,0.388964,0.621726,-0.232762,0.000000,
86_os_3,main,unspecified,2101,expert1,graded,"probabilities to native, bilinear, thresholded there, and these numbers were measured from the outlines that run kept",249.000000,290.000000,135.605170,450.242929,964.846512,224.000000,293.000000,128.227521,443.586429,980.432039,0.894165,16.947497,0.066084,25.000000,-3.000000,7.377649,154.000000,167.000000,79.590735,449.232802,956.466811,141.000000,204.000000,84.052888,454.727011,984.886281,0.795040,28.945684,0.112868,13.000000,-37.000000,-4.462153,0.575862,0.696246,-0.120384,0.344487,0.429678,-0.085191,0.000000,
87_od_1,main,unspecified,1535,expert1,graded,"probabilities to native, bilinear, thresholded there, and these numbers were measured from the outlines that run kept",191.000000,214.000000,100.863781,1240.939113,777.279434,179.000000,193.000000,93.074183,1241.026015,780.051993,0.919799,2.773921,0.014902,12.000000,21.000000,7.789598,136.000000,172.000000,77.320736,1233.857736,779.143116,161.000000,190.000000,87.398412,1241.145143,783.731091,0.877767,8.611377,0.046261,-25.000000,-18.000000,-10.077675,0.803738,0.984456,-0.180718,0.587654,0.881756,-0.294103,0.000000,
87_od_4,main,unspecified,2102,expert1,graded,"probabilities to native, bilinear, thresholded there, and these numbers were measured from the outlines that run kept",264.000000,290.000000,138.366848,1541.470647,1119.206561,239.000000,257.000000,125.945768,1539.778219,1120.102081,0.906219,1.914750,0.007601,25.000000,33.000000,12.421080,183.000000,225.000000,101.998237,1532.385877,1123.597357,230.000000,237.000000,119.058708,1540.768436,1122.655910,0.846560,8.435261,0.033488,-47.000000,-12.000000,-17.060471,0.775862,0.922179,-0.146317,0.543402,0.893625,-0.350223,0.000000,
87_os_1,main,unspecified,1535,expert1,graded,"probabilities to native, bilinear, thresholded there, and these numbers were measured from the outlines that run kept",189.000000,220.000000,101.704464,307.290713,746.088380,174.000000,194.000000,92.564926,307.454491,750.772234,0.906116,4.686717,0.025316,15.000000,26.000000,9.139538,137.000000,157.000000,73.022786,313.867120,755.222839,142.000000,160.000000,75.924911,313.390116,753.848316,0.958752,1.454939,0.007859,-5.000000,-3.000000,-2.902125,0.713636,0.824742,-0.111106,0.515510,0.672784,-0.157274,0.000000,
87_os_6,main,unspecified,2097,expert1,graded,"probabilities to native, bilinear, thresholded there, and these numbers were measured from the outlines that run kept",252.000000,290.000000,133.938892,362.817208,1138.094661,234.000000,260.000000,124.457204,365.578686,1148.470737,0.925872,10.737258,0.043136,18.000000,30.000000,9.481688,163.000000,197.000000,88.138259,365.701086,1143.590944,217.000000,235.000000,113.060552,369.198914,1150.821854,0.756006,8.032487,0.032270,-54.000000,-38.000000,-24.922293,0.679310,0.903846,-0.224536,0.433028,0.825244,-0.392216,0.000000,
88_os_1,main,unspecified,1531,expert1,graded,"probabilities to native, bilinear, thresholded there, and these numbers were measured from the outlines that run kept",196.000000,209.000000,101.086023,391.277864,677.100679,184.000000,200.000000,95.928822,390.337911,683.832065,0.929063,6.796695,0.035426,12.000000,9.000000,5.157201,87.000000,91.000000,43.574287,392.443420,688.401174,66.000000,56.000000,30.319613,395.853532,695.232687,0.652434,7.635341,0.039797,21.000000,35.000000,13.254674,0.435407,0.280000,0.155407,0.185814,0.099896,0.085918,0.000000,
89_od_1,main,unspecified,1532,expert1,graded,"probabilities to native, bilinear, thresholded there, and these numbers were measured from the outlines that run kept",246.000000,281.000000,131.694466,1192.892137,717.578295,225.000000,259.000000,121.958945,1186.228129,726.454888,0.920268,11.099680,0.045506,21.000000,22.000000,9.735521,147.000000,198.000000,86.274900,1186.765139,697.777711,92.000000,88.000000,44.667285,1182.980536,716.849394,0.422771,19.443567,0.079714,55.000000,110.000000,41.607615,0.704626,0.339768,0.364858,0.429174,0.134138,0.295036,0.000000,
89_od_3,main,unspecified,2100,expert1,graded,"probabilities to native, bilinear, thresholded there, and these numbers were measured from the outlines that run kept",359.000000,386.000000,184.879512,1619.603338,997.134726,326.000000,377.000000,172.858518,1608.022904,1006.033056,0.926908,14.604339,0.042244,33.000000,9.000000,12.020994,220.000000,269.000000,121.295512,1605.971009,974.433742,116.000000,111.000000,56.663849,1597.245861,1000.218301,0.358279,27.220795,0.078737,104.000000,158.000000,64.631663,0.696891,0.294430,0.402461,0.430439,0.107456,0.322983,0.000000,
89_os_1,main,unspecified,1529,expert1,graded,"probabilities to native, bilinear, thresholded there, and these numbers were measured from the outlines that run kept",241.000000,277.000000,128.723040,330.948900,706.393046,233.000000,264.000000,123.043785,330.996993,711.263776,0.954667,4.870968,0.019794,8.000000,13.000000,5.679255,152.000000,162.000000,77.300150,354.129288,705.421852,111.000000,157.000000,64.962701,369.403153,710.893800,0.792195,16.224462,0.065930,41.000000,5.000000,12.337449,0.584838,0.594697,-0.009859,0.360619,0.278746,0.081872,0.000000,
89_os_3,main,unspecified,2100,expert1,graded,"probabilities to native, bilinear, thresholded there, and these numbers were measured from the outlines that run kept",328.000000,372.000000,174.728521,442.114395,1024.965073,302.000000,355.000000,163.544927,444.134074,1028.447839,0.933951,4.026011,0.012309,26.000000,17.000000,11.183594,178.000000,205.000000,95.423124,473.345172,1020.303887,140.000000,196.000000,81.638057,497.893304,1021.911357,0.796504,24.600706,0.075211,38.000000,9.000000,13.785067,0.551075,0.552113,-0.001037,0.298249,0.249179,0.049071,0.000000,
8_od_1,main,unspecified,1533,expert1,graded,"probabilities to native, bilinear, thresholded there, and these numbers were measured from the outlines that run kept",220.000000,245.000000,116.804959,1203.180626,690.930685,213.000000,245.000000,115.143063,1204.064416,696.618232,0.965840,5.755805,0.024994,7.000000,0.000000,1.661895,138.000000,166.000000,75.912332,1193.307004,685.533363,103.000000,103.000000,51.269904,1188.200048,687.961976,0.626508,5.655012,0.024556,35.000000,63.000000,24.642428,0.677551,0.420408,0.257143,0.422379,0.198267,0.224112,0.000000,
90_od_1,main,unspecified,1530,expert1,graded,"probabilities to native, bilinear, thresholded there, and these numbers were measured from the outlines that run kept",266.000000,272.000000,134.058853,1215.438080,760.956004,256.000000,258.000000,127.934265,1215.835664,758.726016,0.952141,2.265154,0.008853,10.000000,14.000000,6.124589,136.000000,131.000000,67.214375,1202.345875,766.480519,124.000000,109.000000,58.539937,1196.671559,757.765651,0.856925,10.399364,0.040643,12.000000,22.000000,8.674438,0.481618,0.422481,0.059137,0.251382,0.209378,0.042004,0.000000,
90_os_1,main,unspecified,1531,expert1,graded,"probabilities to native, bilinear, thresholded there, and these numbers were measured from the outlines that run kept",220.000000,248.000000,116.164155,340.726582,721.053264,208.000000,237.000000,110.045898,338.228098,721.435747,0.945946,2.527591,0.011484,12.000000,11.000000,6.118258,125.000000,137.000000,63.823284,344.601000,727.744862,113.000000,124.000000,59.116193,347.721468,725.198470,0.921433,4.027584,0.018300,12.000000,13.000000,4.707092,0.552419,0.523207,0.029213,0.301866,0.288579,0.013287,0.000000,
91_od_1,main,unspecified,1536,expert1,graded,"probabilities to native, bilinear, thresholded there, and these numbers were measured from the outlines that run kept",181.000000,210.000000,97.386052,1139.248028,739.995100,163.000000,203.000000,89.924103,1136.899858,742.361636,0.920307,3.333826,0.018537,18.000000,7.000000,7.461948,85.000000,90.000000,43.592545,1129.636013,738.711055,72.000000,76.000000,35.364382,1121.997709,736.505727,0.793211,7.950293,0.044206,13.000000,14.000000,8.228163,0.428571,0.374384,0.054187,0.200369,0.154661,0.045709,0.000000,
91_od_2,main,unspecified,1534,expert1,graded,"probabilities to native, bilinear, thresholded there, and these numbers were measured from the outlines that run kept",182.000000,207.000000,97.124217,1136.581745,759.192273,161.000000,182.000000,85.806911,1136.128745,761.483377,0.876739,2.335459,0.013609,21.000000,25.000000,11.317306,86.000000,89.000000,43.585243,1126.232406,757.258378,51.000000,53.000000,25.613213,1123.023290,762.826298,0.513389,6.426520,0.037448,35.000000,36.000000,17.972030,0.429952,0.291209,0.138743,0.201383,0.089101,0.112282,0.000000,
91_os_1,main,unspecified,1532,expert1,graded,"probabilities to native, bilinear, thresholded there, and these numbers were measured from the outlines that run kept",192.000000,200.000000,97.408929,380.079338,784.877721,173.000000,188.000000,89.243665,379.191000,787.410415,0.912676,2.683968,0.015037,19.000000,12.000000,8.165264,85.000000,81.000000,41.734778,390.475694,786.906250,71.000000,67.000000,33.191422,392.568044,784.457382,0.774880,3.221006,0.018046,14.000000,14.000000,8.543356,0.405000,0.356383,0.048617,0.183569,0.138324,0.045245,0.000000,
91_os_2,main,unspecified,1534,expert1,graded,"probabilities to native, bilinear, thresholded there, and these numbers were measured from the outlines that run kept",190.000000,198.000000,97.179916,378.164616,773.560046,168.000000,170.000000,85.201967,379.205472,776.682978,0.869214,3.291821,0.019318,22.000000,28.000000,11.977948,87.000000,83.000000,42.359330,388.723080,775.332979,47.000000,42.000000,22.546416,396.842830,776.235441,0.441526,8.169748,0.047943,40.000000,41.000000,19.812914,0.419192,0.247059,0.172133,0.189996,0.070025,0.119971,0.000000,
92_od_1,main,unspecified,1531,expert1,graded,"probabilities to native, bilinear, thresholded there, and these numbers were measured from the outlines that run kept",153.000000,172.000000,80.821019,1138.363189,700.433410,138.000000,167.000000,74.383213,1137.996318,701.124669,0.914651,0.782582,0.005260,15.000000,5.000000,6.437806,78.000000,82.000000,40.160630,1136.710874,703.830274,63.000000,73.000000,32.134052,1132.743218,703.903206,0.780652,3.968326,0.026675,15.000000,9.000000,8.026578,0.476744,0.437126,0.039618,0.246918,0.186630,0.060288,0.000000,
92_os_1,main,unspecified,1531,expert1,graded,"probabilities to native, bilinear, thresholded there, and these numbers were measured from the outlines that run kept",143.000000,160.000000,75.859900,390.938216,691.897395,132.000000,162.000000,71.454115,391.557980,692.202244,0.934670,0.690682,0.004833,11.000000,-2.000000,4.405785,61.000000,63.000000,30.700416,394.353934,690.253293,43.000000,51.000000,23.241598,399.365351,685.057749,0.709747,7.218585,0.050512,18.000000,12.000000,7.458819,0.393750,0.314815,0.078935,0.163781,0.105798,0.057983,0.000000,
93_od_1,main,unspecified,1529,expert1,graded,"probabilities to native, bilinear, thresholded there, and these numbers were measured from the outlines that run kept",216.000000,248.000000,113.480673,1172.166176,741.020689,206.000000,253.000000,107.966784,1172.056771,741.541766,0.947248,0.532439,0.002466,10.000000,-5.000000,5.513889,132.000000,150.000000,69.747616,1167.234378,734.153569,108.000000,127.000000,58.545374,1160.360513,733.289190,0.826379,6.928000,0.032084,24.000000,23.000000,11.202242,0.604839,0.501976,0.102862,0.377759,0.294039,0.083720,0.000000,
93_od_2,main,unspecified,1529,expert1,graded,"probabilities to native, bilinear, thresholded there, and these numbers were measured from the outlines that run kept",216.000000,248.000000,113.473660,1174.878918,723.315089,210.000000,244.000000,107.541402,1175.155616,727.903724,0.942319,4.596969,0.021373,6.000000,4.000000,5.932258,135.000000,153.000000,71.491970,1168.555272,716.287725,130.000000,138.000000,64.453567,1162.654662,721.849054,0.885392,8.108364,0.037699,5.000000,15.000000,7.038403,0.616935,0.565574,0.051362,0.396940,0.359205,0.037734,0.000000,
93_od_3,main,unspecified,1530,expert1,graded,"probabilities to native, bilinear, thresholded there, and these numbers were measured from the outlines that run kept",219.000000,248.000000,114.470716,1176.191712,758.366880,207.000000,252.000000,109.493486,1177.417109,759.440898,0.952658,1.629452,0.007441,12.000000,-4.000000,4.977229,128.000000,150.000000,68.413658,1171.106434,750.851945,125.000000,138.000000,64.960251,1160.929924,754.105529,0.872859,10.683967,0.048788,3.000000,12.000000,3.453407,0.604839,0.547619,0.057220,0.357188,0.351981,0.005207,0.000000,
93_od_4,main,unspecified,2100,expert1,graded,"probabilities to native, bilinear, thresholded there, and these numbers were measured from the outlines that run kept",299.000000,340.000000,156.157241,1621.350773,1017.310516,267.000000,308.000000,139.111351,1620.947760,1017.713781,0.884923,0.570124,0.002049,32.000000,32.000000,17.045890,175.000000,202.000000,92.377323,1615.454549,1006.193219,159.000000,189.000000,85.256121,1602.074754,1011.453865,0.875514,14.376833,0.051674,16.000000,13.000000,7.121201,0.594118,0.613636,-0.019519,0.349950,0.375600,-0.025650,0.000000,
93_od_5,main,unspecified,2099,expert1,graded,"probabilities to native, bilinear, thresholded there, and these numbers were measured from the outlines that run kept",297.000000,339.000000,155.042336,1626.258005,1032.876758,263.000000,314.000000,139.632078,1620.370355,1033.688924,0.895694,5.943402,0.021282,34.000000,25.000000,15.410258,172.000000,204.000000,92.564926,1621.106137,1023.180771,161.000000,180.000000,83.749378,1608.133424,1027.745087,0.865565,13.752246,0.049245,11.000000,24.000000,8.815548,0.601770,0.573248,0.028522,0.356445,0.359743,-0.003299,0.000000,
93_od_6,main,unspecified,2103,expert1,graded,"probabilities to native, bilinear, thresholded there, and these numbers were measured from the outlines that run kept",299.000000,342.000000,155.879772,1620.844713,1023.176313,289.000000,323.000000,147.483517,1616.374513,1025.595282,0.939683,5.082725,0.017232,10.000000,19.000000,8.396256,174.000000,205.000000,93.798109,1612.765955,1013.823046,153.000000,176.000000,79.524718,1603.799980,1012.739984,0.829755,9.031154,0.030618,21.000000,29.000000,14.273391,0.599415,0.544892,0.054524,0.362083,0.290748,0.071335,0.000000,
93_os_1,main,unspecified,1529,expert1,graded,"probabilities to native, bilinear, thresholded there, and these numbers were measured from the outlines that run kept",251.000000,226.000000,115.635469,364.753928,662.608860,241.000000,217.000000,110.858587,367.093268,666.499650,0.940695,4.539908,0.020476,10.000000,9.000000,4.776882,159.000000,134.000000,67.181217,371.949362,654.870865,143.000000,103.000000,55.977161,367.014425,658.875457,0.799234,6.355341,0.028664,16.000000,31.000000,11.204056,0.592920,0.474654,0.118266,0.337531,0.254966,0.082564,0.000000,
93_os_2,main,unspecified,1530,expert1,graded,"probabilities to native, bilinear, thresholded there, and these numbers were measured from the outlines that run kept",250.000000,224.000000,114.794211,363.054083,674.234160,238.000000,220.000000,109.366954,364.520132,681.792267,0.927446,7.698978,0.035198,12.000000,4.000000,5.427258,156.000000,127.000000,65.175497,372.558112,664.229899,122.000000,88.000000,49.882145,374.544710,667.446335,0.728476,3.780481,0.017283,34.000000,39.000000,15.293352,0.566964,0.400000,0.166964,0.322351,0.208026,0.114325,0.000000,
93_os_3,main,unspecified,1530,expert1,graded,"probabilities to native, bilinear, thresholded there, and these numbers were measured from the outlines that run kept",250.000000,226.000000,116.022951,387.838402,674.966446,247.000000,213.000000,111.372796,387.276817,679.046012,0.952079,4.118038,0.018488,3.000000,13.000000,4.650155,140.000000,120.000000,60.738880,394.191976,663.597066,166.000000,102.000000,64.894066,402.955631,672.346636,0.823932,12.383724,0.055596,-26.000000,18.000000,-4.155186,0.530973,0.478873,0.052100,0.274060,0.339509,-0.065449,0.000000,
93_os_4,main,unspecified,2101,expert1,graded,"probabilities to native, bilinear, thresholded there, and these numbers were measured from the outlines that run kept",350.000000,310.000000,162.377840,540.721258,914.930499,337.000000,278.000000,148.047905,535.840033,918.261524,0.907740,5.909491,0.019958,13.000000,32.000000,14.329935,191.000000,172.000000,84.281691,545.439595,898.330301,226.000000,153.000000,89.681302,553.415008,917.023905,0.790282,20.323829,0.068639,-35.000000,19.000000,-5.399611,0.554839,0.550360,0.004479,0.269410,0.366944,-0.097534,0.000000,
93_os_5,main,unspecified,2099,expert1,graded,"probabilities to native, bilinear, thresholded there, and these numbers were measured from the outlines that run kept",350.000000,307.000000,160.878143,514.289017,885.656242,326.000000,277.000000,147.384203,512.053047,887.782246,0.912579,3.085362,0.010467,24.000000,30.000000,13.493940,195.000000,172.000000,84.340210,517.996017,869.896675,172.000000,119.000000,71.293564,545.407565,868.767222,0.717839,27.434807,0.093072,23.000000,53.000000,13.046646,0.560261,0.429603,0.130658,0.274837,0.233991,0.040846,0.000000,
93_os_6,main,unspecified,2100,expert1,graded,"probabilities to native, bilinear, thresholded there, and these numbers were measured from the outlines that run kept",354.000000,305.000000,161.356248,501.162212,869.252622,329.000000,295.000000,151.286992,499.129506,874.439739,0.925972,5.571182,0.018413,25.000000,10.000000,10.069256,200.000000,175.000000,87.580325,509.523260,858.539113,168.000000,143.000000,75.702386,535.195290,859.200233,0.760409,25.680541,0.084874,32.000000,32.000000,11.877939,0.573770,0.484746,0.089025,0.294606,0.250389,0.044217,0.000000,
94_od_1,main,unspecified,1532,expert1,graded,"probabilities to native, bilinear, thresholded there, and these numbers were measured from the outlines that run kept",206.000000,250.000000,113.653047,1153.012026,702.460251,176.000000,235.000000,102.928655,1151.028453,704.214854,0.899720,2.648243,0.012864,30.000000,15.000000,10.724393,103.000000,126.000000,57.306222,1158.036639,699.729088,100.000000,108.000000,51.671881,1147.811397,699.722580,0.838492,10.225243,0.049672,3.000000,18.000000,5.634341,0.504000,0.459574,0.044426,0.254239,0.252021,0.002218,0.000000,
94_od_3,main,unspecified,2101,expert1,graded,"probabilities to native, bilinear, thresholded there, and these numbers were measured from the outlines that run kept",284.000000,338.000000,154.811196,1596.507444,913.178144,242.000000,315.000000,139.043833,1596.510397,919.660010,0.892641,6.481866,0.023309,42.000000,23.000000,15.767362,146.000000,182.000000,81.852223,1602.927879,910.840602,120.000000,149.000000,65.986066,1599.401272,915.608451,0.787802,5.930374,0.021326,26.000000,33.000000,15.866157,0.538462,0.473016,0.065446,0.279548,0.225217,0.054331,0.000000,
94_os_1,main,unspecified,1531,expert1,graded,"probabilities to native, bilinear, thresholded there, and these numbers were measured from the outlines that run kept",217.000000,265.000000,119.948351,400.513650,766.261792,204.000000,256.000000,113.177330,398.139336,763.653388,0.941960,3.527200,0.015583,13.000000,9.000000,6.771020,123.000000,164.000000,70.333875,396.809086,765.940609,116.000000,159.000000,67.254617,404.882477,766.709430,0.903028,8.109916,0.035828,7.000000,5.000000,3.079258,0.618868,0.621094,-0.002226,0.343827,0.353122,-0.009295,0.000000,
94_os_3,main,unspecified,2100,expert1,graded,"probabilities to native, bilinear, thresholded there, and these numbers were measured from the outlines that run kept",295.000000,356.000000,161.849659,523.415639,1048.490613,276.000000,347.000000,152.578603,517.999016,1048.861096,0.940630,5.429279,0.017792,19.000000,9.000000,9.271056,164.000000,226.000000,95.628054,516.976400,1050.129973,142.000000,189.000000,81.243300,527.036362,1038.285880,0.833316,15.539800,0.050924,22.000000,37.000000,14.384754,0.634831,0.544669,0.090163,0.349098,0.283523,0.065575,0.000000,
95_od_1,main,unspecified,1534,expert1,graded,"probabilities to native, bilinear, thresholded there, and these numbers were measured from the outlines that run kept",199.000000,259.000000,112.229774,1187.062370,696.714076,185.000000,244.000000,105.074157,1190.635952,706.137581,0.922874,10.078340,0.047958,14.000000,15.000000,7.155617,137.000000,140.000000,67.845997,1175.824908,685.653551,136.000000,184.000000,76.090331,1176.959261,705.045192,0.836386,19.424791,0.092434,1.000000,-44.000000,-8.244335,0.540541,0.754098,-0.213558,0.365454,0.524405,-0.158952,0.000000,
95_od_8,main,unspecified,2100,expert1,graded,"probabilities to native, bilinear, thresholded there, and these numbers were measured from the outlines that run kept",263.000000,339.000000,148.370061,1614.764727,955.777235,246.000000,335.000000,140.448082,1609.536308,963.884589,0.935224,9.647050,0.034344,17.000000,4.000000,7.921980,142.000000,188.000000,81.092317,1611.910983,938.472240,139.000000,174.000000,77.211566,1610.448396,950.725506,0.902508,12.340247,0.043932,3.000000,14.000000,3.880752,0.554572,0.519403,0.035169,0.298722,0.302227,-0.003505,0.000000,
95_os_1,main,unspecified,1537,expert1,graded,"probabilities to native, bilinear, thresholded there, and these numbers were measured from the outlines that run kept",186.000000,249.000000,106.989447,312.588054,775.290315,176.000000,250.000000,103.305254,312.913443,772.035971,0.957489,3.270570,0.015830,10.000000,-1.000000,3.684193,136.000000,173.000000,76.368015,318.289106,764.714442,137.000000,194.000000,80.834803,328.148334,773.846259,0.876036,13.438544,0.065043,-1.000000,-21.000000,-4.466788,0.694779,0.776000,-0.081221,0.509496,0.612283,-0.102786,0.000000,
95_os_8,main,unspecified,2103,expert1,graded,"probabilities to native, bilinear, thresholded there, and these numbers were measured from the outlines that run kept",259.000000,320.000000,143.818554,433.542105,1078.356787,244.000000,322.000000,138.744761,432.052781,1077.287304,0.961038,1.833543,0.006608,15.000000,-2.000000,5.073793,173.000000,218.000000,96.899458,437.720151,1061.185097,136.000000,196.000000,81.532715,430.429515,1051.203361,0.824937,12.360761,0.044545,37.000000,22.000000,15.366743,0.681250,0.608696,0.072554,0.453955,0.345327,0.108628,0.000000,
96_od_1,main,unspecified,2099,expert1,graded,"probabilities to native, bilinear, thresholded there, and these numbers were measured from the outlines that run kept",315.000000,352.000000,166.817990,1549.352348,962.336700,294.000000,352.000000,160.811847,1544.858179,962.729331,0.955558,4.511288,0.014027,21.000000,0.000000,6.006143,192.000000,240.000000,107.198990,1542.678439,959.824359,142.000000,182.000000,79.872190,1535.516765,964.080930,0.713950,8.331145,0.025903,50.000000,58.000000,27.326800,0.681818,0.517045,0.164773,0.412948,0.246692,0.166256,0.000000,
96_od_4,main,unspecified,1572,expert1,graded,"probabilities to native, bilinear, thresholded there, and these numbers were measured from the outlines that run kept",234.000000,286.000000,129.283154,1357.016721,805.479613,201.000000,267.000000,115.428832,1353.482154,807.337857,0.887132,3.993273,0.017298,33.000000,19.000000,13.854322,165.000000,221.000000,97.663482,1355.695044,795.519606,155.000000,222.000000,92.986933,1357.178030,804.004602,0.933361,8.613617,0.037311,10.000000,-1.000000,4.676549,0.772727,0.831461,-0.058733,0.570664,0.648956,-0.078292,0.000000,
96_os_1,main,unspecified,2100,expert1,graded,"probabilities to native, bilinear, thresholded there, and these numbers were measured from the outlines that run kept",294.000000,314.000000,151.267003,575.511901,1007.221284,289.000000,306.000000,147.106416,576.921291,1009.456086,0.966197,2.642105,0.008980,5.000000,8.000000,4.160587,186.000000,205.000000,96.059801,585.312222,1017.523681,188.000000,213.000000,98.671903,592.913002,1010.016020,0.928797,10.683485,0.036312,-2.000000,-8.000000,-2.612103,0.652866,0.696078,-0.043212,0.403269,0.449908,-0.046639,0.000000,
96_os_4,main,unspecified,1572,expert1,graded,"probabilities to native, bilinear, thresholded there, and these numbers were measured from the outlines that run kept",243.000000,262.000000,124.662920,472.254573,765.404502,209.000000,242.000000,111.372796,471.052838,761.768015,0.887745,3.829909,0.017194,34.000000,20.000000,13.290124,145.000000,166.000000,75.885072,482.487038,772.357581,135.000000,148.000000,71.193036,482.645544,761.030333,0.886870,11.328357,0.050858,10.000000,18.000000,4.692036,0.633588,0.611570,0.022018,0.370543,0.408617,-0.038075,0.000000,
97_od_1,main,unspecified,2101,expert1,graded,"probabilities to native, bilinear, thresholded there, and these numbers were measured from the outlines that run kept",328.000000,377.000000,175.345911,1517.473176,1042.769836,314.000000,355.000000,165.262291,1513.893604,1044.242652,0.940831,3.870726,0.011711,14.000000,22.000000,10.083620,185.000000,218.000000,98.694482,1522.642986,1035.448384,189.000000,210.000000,96.322877,1514.900371,1046.570468,0.907764,13.551710,0.041001,-4.000000,8.000000,2.371606,0.578249,0.591549,-0.013300,0.316807,0.339712,-0.022906,0.000000,
97_od_2,main,unspecified,2101,expert1,graded,"probabilities to native, bilinear, thresholded there, and these numbers were measured from the outlines that run kept",335.000000,383.000000,178.318720,1525.263707,1011.862716,309.000000,362.000000,165.612468,1523.699789,1011.277673,0.926212,1.669765,0.005041,26.000000,21.000000,12.706252,186.000000,210.000000,96.281560,1522.761769,1005.388215,182.000000,215.000000,99.164244,1527.145599,1011.664325,0.934551,7.655555,0.023113,4.000000,-5.000000,-2.882684,0.548303,0.593923,-0.045620,0.291536,0.358529,-0.066993,0.000000,
97_os_1,main,unspecified,2102,expert1,graded,"probabilities to native, bilinear, thresholded there, and these numbers were measured from the outlines that run kept",330.000000,388.000000,178.076680,583.080673,1005.172358,315.000000,365.000000,167.254380,580.281067,1009.347428,0.937384,5.026828,0.015027,15.000000,23.000000,10.822300,186.000000,224.000000,102.763071,578.900892,1001.237009,210.000000,215.000000,106.133643,576.253843,1001.357918,0.936731,2.649809,0.007921,-24.000000,9.000000,-3.370572,0.577320,0.589041,-0.011722,0.333012,0.402672,-0.069660,0.000000,
97_os_3,main,unspecified,2104,expert1,graded,"probabilities to native, bilinear, thresholded there, and these numbers were measured from the outlines that run kept",331.000000,389.000000,178.562215,593.501637,971.087243,318.000000,367.000000,170.959685,590.488064,977.457896,0.955706,7.047470,0.020611,13.000000,22.000000,7.602531,185.000000,218.000000,100.697963,589.530261,967.369444,208.000000,232.000000,108.964568,591.540361,963.432106,0.914557,4.420761,0.012929,-23.000000,-14.000000,-8.266605,0.560411,0.632153,-0.071741,0.318026,0.406240,-0.088215,0.000000,
98_od_1,main,unspecified,2104,expert1,graded,"probabilities to native, bilinear, thresholded there, and these numbers were measured from the outlines that run kept",332.000000,360.000000,172.650309,1587.012708,1077.074612,320.000000,337.000000,163.713197,1587.434710,1078.862816,0.946628,1.837325,0.005611,12.000000,23.000000,8.937113,181.000000,215.000000,97.479160,1595.242262,1076.083545,144.000000,168.000000,78.023564,1592.469281,1077.186876,0.780979,2.984420,0.009115,37.000000,47.000000,19.455596,0.597222,0.498516,0.098706,0.318778,0.227135,0.091643,0.000000,
98_od_2,main,unspecified,2100,expert1,graded,"probabilities to native, bilinear, thresholded there, and these numbers were measured from the outlines that run kept",335.000000,356.000000,172.768264,1640.634639,1001.525364,320.000000,342.000000,164.588713,1637.415268,1003.234842,0.951537,3.645087,0.011073,15.000000,14.000000,8.179550,197.000000,237.000000,105.465732,1647.667869,1000.698747,121.000000,131.000000,62.275899,1652.665381,991.178595,0.517060,10.752135,0.032664,76.000000,106.000000,43.189833,0.665730,0.383041,0.282689,0.372645,0.143166,0.229479,0.000000,
98_od_3,main,unspecified,2103,expert1,graded,"probabilities to native, bilinear, thresholded there, and these numbers were measured from the outlines that run kept",336.000000,360.000000,173.533931,1621.176670,1008.094793,314.000000,347.000000,163.597469,1616.956935,1012.108454,0.941015,5.823713,0.017799,22.000000,13.000000,9.936462,214.000000,268.000000,119.089449,1619.287420,1008.813399,189.000000,246.000000,108.327338,1619.937720,1026.611132,0.880928,17.809610,0.054431,25.000000,22.000000,10.762111,0.744444,0.708934,0.035511,0.470953,0.438453,0.032500,0.000000,
98_os_1,main,unspecified,2102,expert1,graded,"probabilities to native, bilinear, thresholded there, and these numbers were measured from the outlines that run kept",339.000000,364.000000,175.356803,500.458594,1036.383131,322.000000,332.000000,163.497235,498.885924,1034.874147,0.930088,2.179524,0.006665,17.000000,32.000000,11.859567,190.000000,203.000000,96.986470,503.383506,1041.757605,131.000000,132.000000,64.950450,514.080887,1048.771750,0.619241,12.791879,0.039120,59.000000,71.000000,32.036021,0.557692,0.397590,0.160102,0.305898,0.157813,0.148085,0.000000,
98_os_2,main,unspecified,2101,expert1,graded,"probabilities to native, bilinear, thresholded there, and these numbers were measured from the outlines that run kept",340.000000,358.000000,174.061402,485.570160,1050.826585,330.000000,344.000000,167.851853,482.349365,1053.291079,0.963243,4.055521,0.012081,10.000000,14.000000,6.209549,196.000000,220.000000,102.848217,489.892209,1060.729530,125.000000,137.000000,63.610968,497.683527,1048.087162,0.553381,14.850391,0.044237,71.000000,83.000000,39.237249,0.614525,0.398256,0.216269,0.349131,0.143619,0.205512,0.000000,
98_os_3,main,unspecified,2104,expert1,graded,"probabilities to native, bilinear, thresholded there, and these numbers were measured from the outlines that run kept",342.000000,361.000000,175.204258,506.812083,1074.092486,322.000000,331.000000,164.478440,506.825980,1076.796423,0.936911,2.703973,0.008220,20.000000,30.000000,10.725818,191.000000,217.000000,101.134819,508.191019,1084.068839,163.000000,203.000000,91.323805,522.695660,1060.355215,0.803957,27.797852,0.084503,28.000000,14.000000,9.811014,0.601108,0.613293,-0.012185,0.333205,0.308283,0.024922,0.000000,
99_od_1,main,unspecified,1530,expert1,graded,"probabilities to native, bilinear, thresholded there, and these numbers were measured from the outlines that run kept",171.000000,207.000000,92.724691,1213.096960,732.768650,168.000000,215.000000,92.444491,1213.571625,730.434446,0.961659,2.381977,0.012883,3.000000,-8.000000,0.280201,87.000000,92.000000,44.255629,1206.753616,730.269625,57.000000,58.000000,28.601685,1203.212840,724.342412,0.589247,6.904269,0.037343,30.000000,34.000000,15.653944,0.444444,0.269767,0.174677,0.227796,0.095724,0.132072,0.000000,
99_os_1,main,unspecified,1529,expert1,graded,"probabilities to native, bilinear, thresholded there, and these numbers were measured from the outlines that run kept",183.000000,225.000000,100.584101,407.150107,606.667663,173.000000,222.000000,94.459221,407.622525,607.453427,0.927092,0.916844,0.004853,10.000000,3.000000,6.124880,81.000000,92.000000,43.566981,417.323495,613.098608,53.000000,44.000000,23.166149,411.234875,596.384342,0.440842,17.788704,0.094161,28.000000,48.000000,20.400832,0.408889,0.198198,0.210691,0.187610,0.060148,0.127462,0.000000,
9_os_1,main,unspecified,1536,expert1,graded,"probabilities to native, bilinear, thresholded there, and these numbers were measured from the outlines that run kept",231.000000,246.000000,119.735865,607.853242,615.398801,226.000000,235.000000,113.341742,604.393949,619.575722,0.944519,5.423410,0.023925,5.000000,11.000000,6.394123,125.000000,147.000000,67.702750,612.008472,613.424653,129.000000,158.000000,69.939031,610.398256,616.045943,0.954749,3.076354,0.013571,-4.000000,-11.000000,-2.236281,0.597561,0.672340,-0.074779,0.319716,0.380767,-0.061051,0.000000,
9_os_3,main,unspecified,2104,expert1,graded,"probabilities to native, bilinear, thresholded there, and these numbers were measured from the outlines that run kept",317.000000,333.000000,162.729334,537.541891,978.778885,299.000000,316.000000,156.161317,537.090103,982.367749,0.958374,3.617189,0.011582,18.000000,17.000000,6.568016,179.000000,206.000000,95.254519,543.384038,968.653184,180.000000,217.000000,99.444716,547.734550,965.376271,0.936465,5.446569,0.017439,-1.000000,-11.000000,-4.190197,0.618619,0.686709,-0.068090,0.342641,0.405524,-0.062883,0.000000,
