key,grade,readers,outcome,verdict,carried_by_its_pipeline,gradeable,note
img_00000,bad,consensus=bad;level1=usable;level2=bad;level3=bad,graded,,false,0.407708,
img_00001,bad,consensus=bad;level1=bad;level2=bad;level3=bad,graded,,false,0.054341,
img_00002,bad,consensus=bad;level1=bad;level2=usable;level3=bad,graded,,false,0.102980,
img_00003,usable,consensus=usable;level1=usable;level2=usable;level3=bad,graded,,false,0.149790,
img_00004,bad,consensus=bad;level1=bad;level2=bad;level3=bad,graded,,false,0.058450,
img_00005,usable,consensus=usable;level1=usable;level2=usable;level3=bad,graded,,false,0.309657,
img_00006,bad,consensus=bad;level1=bad;level2=bad;level3=bad,graded,,false,0.005532,
img_00007,good,consensus=good;level1=good;level2=good;level3=usable,graded,,true,0.860669,
img_00016,good,consensus=good;level1=good;level2=good;level3=usable,graded,,true,0.912118,
img_00026,usable,consensus=usable;level1=usable;level2=usable;level3=usable,graded,,true,0.649583,
img_00046,good,consensus=good;level1=good;level2=good;level3=usable,graded,,true,0.860710,
img_00047,usable,consensus=usable;level1=usable;level2=usable;level3=usable,graded,,true,0.868073,
img_00048,usable,consensus=usable;level1=usable;level2=good;level3=usable,graded,,true,0.868884,
img_00049,good,consensus=good;level1=good;level2=good;level3=good,graded,,true,0.913653,
img_00056,good,consensus=good;level1=good;level2=good;level3=usable,graded,,true,0.825877,
img_00057,good,consensus=good;level1=good;level2=good;level3=usable,graded,,true,0.812291,
img_00058,usable,consensus=usable;level1=usable;level2=usable;level3=usable,graded,,true,0.751352,
img_00059,usable,consensus=usable;level1=good;level2=usable;level3=usable,graded,,true,0.880140,
img_00060,good,consensus=good;level1=good;level2=good;level3=usable,graded,,true,0.833722,
img_00073,usable,consensus=usable;level1=usable;level2=usable;level3=usable,graded,,true,0.619481,
img_00074,usable,consensus=usable;level1=usable;level2=usable;level3=bad,graded,,false,0.422363,
img_00077,usable,consensus=usable;level1=usable;level2=usable;level3=bad,graded,,true,0.658517,
img_00082,usable,consensus=usable;level1=usable;level2=usable;level3=bad,graded,,true,0.509287,
img_00084,good,consensus=good;level1=good;level2=good;level3=usable,graded,,true,0.675982,
img_00085,usable,consensus=usable;level1=good;level2=usable;level3=usable,graded,,true,0.535797,
img_00086,usable,consensus=usable;level1=good;level2=usable;level3=usable,graded,,true,0.647193,
img_00087,usable,consensus=usable;level1=good;level2=usable;level3=usable,graded,,true,0.607514,
img_00089,good,consensus=good;level1=good;level2=good;level3=good,graded,,true,0.739834,
img_00090,usable,consensus=usable;level1=good;level2=usable;level3=usable,graded,,false,0.247864,
img_00096,bad,consensus=bad;level1=usable;level2=bad;level3=bad,graded,,false,0.076005,
img_00097,bad,consensus=bad;level1=bad;level2=bad;level3=bad,graded,,false,0.012982,
img_00098,good,consensus=good;level1=good;level2=usable;level3=good,graded,,true,0.665892,
img_00099,usable,consensus=usable;level1=good;level2=usable;level3=usable,graded,,true,0.695709,
img_00100,usable,consensus=usable;level1=good;level2=usable;level3=usable,graded,,false,0.289459,
img_00101,usable,consensus=usable;level1=good;level2=usable;level3=usable,graded,,true,0.635083,
img_00102,usable,consensus=usable;level1=good;level2=usable;level3=usable,graded,,true,0.508577,
img_00103,usable,consensus=usable;level1=usable;level2=usable;level3=bad,graded,,false,0.279765,
img_00104,good,consensus=good;level1=good;level2=good;level3=good,graded,,true,0.515022,
img_00105,usable,consensus=usable;level1=usable;level2=usable;level3=bad,graded,,false,0.223745,
img_00106,bad,consensus=bad;level1=bad;level2=usable;level3=bad,graded,,false,0.024355,
img_00107,usable,consensus=usable;level1=usable;level2=usable;level3=bad,graded,,false,0.246443,
img_00110,usable,consensus=usable;level1=usable;level2=usable;level3=usable,graded,,false,0.369859,
img_00111,usable,consensus=usable;level1=usable;level2=usable;level3=bad,graded,,false,0.317170,
img_00112,bad,consensus=bad;level1=bad;level2=bad;level3=bad,graded,,false,0.432339,
img_00113,bad,consensus=bad;level1=bad;level2=usable;level3=bad,graded,,false,0.374825,
img_00114,bad,consensus=bad;level1=bad;level2=bad;level3=bad,graded,,false,0.456923,
img_00115,bad,consensus=bad;level1=bad;level2=bad;level3=bad,graded,,false,0.122140,
img_00116,bad,consensus=bad;level1=bad;level2=bad;level3=bad,graded,,false,0.017407,
img_00117,bad,consensus=bad;level1=usable;level2=bad;level3=bad,graded,,false,0.043799,
img_00118,bad,consensus=bad;level1=usable;level2=bad;level3=bad,graded,,false,0.437968,
img_00119,bad,consensus=bad;level1=usable;level2=bad;level3=bad,graded,,false,0.471201,
img_00120,bad,consensus=bad;level1=bad;level2=bad;level3=bad,graded,,false,0.427076,
img_00121,bad,consensus=bad;level1=bad;level2=bad;level3=bad,graded,,false,0.329238,
img_00122,bad,consensus=bad;level1=bad;level2=bad;level3=bad,graded,,false,0.017357,
img_00127,bad,consensus=bad;level1=usable;level2=bad;level3=bad,graded,,false,0.035019,
img_00131,usable,consensus=usable;level1=usable;level2=usable;level3=bad,graded,,false,0.249308,
img_00132,bad,consensus=bad;level1=usable;level2=bad;level3=bad,graded,,false,0.089481,
img_00133,usable,consensus=usable;level1=usable;level2=usable;level3=bad,graded,,false,0.466562,
img_00134,bad,consensus=bad;level1=usable;level2=bad;level3=bad,graded,,false,0.338466,
img_00139,good,consensus=good;level1=good;level2=good;level3=good,graded,,true,0.771005,
img_00140,good,consensus=good;level1=good;level2=good;level3=good,graded,,false,0.489903,
img_00147,usable,consensus=usable;level1=good;level2=usable;level3=usable,graded,,true,0.697439,
img_00148,usable,consensus=usable;level1=good;level2=usable;level3=usable,graded,,true,0.597511,
img_00155,usable,consensus=usable;level1=usable;level2=usable;level3=bad,graded,,false,0.232378,
img_00156,good,consensus=good;level1=good;level2=good;level3=usable,graded,,true,0.719687,
img_00157,good,consensus=good;level1=good;level2=good;level3=good,graded,,true,0.827910,
img_00158,usable,consensus=usable;level1=bad;level2=usable;level3=usable,graded,,true,0.594863,
img_00165,good,consensus=good;level1=good;level2=usable;level3=good,graded,,true,0.802494,
img_00166,usable,consensus=usable;level1=good;level2=usable;level3=usable,graded,,true,0.693901,
img_00167,usable,consensus=usable;level1=good;level2=usable;level3=usable,graded,,true,0.706120,
img_00168,usable,consensus=usable;level1=good;level2=usable;level3=usable,graded,,true,0.718705,
img_00169,usable,consensus=usable;level1=usable;level2=usable;level3=usable,graded,,true,0.721995,
img_00200,usable,consensus=usable;level1=usable;level2=usable;level3=bad,graded,,true,0.745472,
img_00201,usable,consensus=usable;level1=usable;level2=usable;level3=bad,graded,,false,0.398690,
img_00202,usable,consensus=usable;level1=usable;level2=usable;level3=bad,graded,,true,0.634165,
img_00203,bad,consensus=bad;level1=bad;level2=bad;level3=bad,graded,,false,0.037672,
img_00204,bad,consensus=bad;level1=bad;level2=usable;level3=bad,graded,,false,0.241013,
img_00205,usable,consensus=usable;level1=usable;level2=usable;level3=bad,graded,,false,0.462586,
img_00206,bad,consensus=bad;level1=bad;level2=bad;level3=bad,graded,,false,0.267171,
img_00207,bad,consensus=bad;level1=bad;level2=usable;level3=bad,graded,,false,0.465337,
img_00208,bad,consensus=bad;level1=bad;level2=usable;level3=bad,graded,,false,0.416171,
img_00209,bad,consensus=bad;level1=bad;level2=usable;level3=bad,graded,,true,0.556436,
img_00210,good,consensus=good;level1=good;level2=good;level3=good,graded,,true,0.740041,
img_00211,bad,consensus=bad;level1=usable;level2=bad;level3=bad,graded,,false,0.329275,
img_00213,usable,consensus=usable;level1=good;level2=usable;level3=usable,graded,,true,0.661582,
img_00214,bad,consensus=bad;level1=bad;level2=bad;level3=bad,graded,,false,0.212939,
img_00215,bad,consensus=bad;level1=bad;level2=bad;level3=bad,graded,,false,0.290261,
img_00216,bad,consensus=bad;level1=usable;level2=bad;level3=bad,graded,,true,0.564575,
img_00217,usable,consensus=usable;level1=usable;level2=usable;level3=bad,graded,,false,0.468162,
img_00218,bad,consensus=bad;level1=bad;level2=bad;level3=bad,graded,,false,0.208312,
img_00219,usable,consensus=usable;level1=usable;level2=usable;level3=bad,graded,,false,0.148026,
img_00231,bad,consensus=bad;level1=usable;level2=bad;level3=bad,graded,,false,0.404032,
img_00232,bad,consensus=bad;level1=usable;level2=bad;level3=bad,graded,,false,0.288928,
img_00233,bad,consensus=bad;level1=bad;level2=bad;level3=bad,graded,,false,0.105649,
img_00234,bad,consensus=bad;level1=bad;level2=bad;level3=bad,graded,,false,0.011645,
img_00235,bad,consensus=bad;level1=bad;level2=good;level3=bad,graded,,false,0.098755,
img_00236,usable,consensus=usable;level1=usable;level2=usable;level3=usable,graded,,false,0.328523,
img_00245,usable,consensus=usable;level1=usable;level2=usable;level3=usable,graded,,false,0.373251,
img_00247,bad,consensus=bad;level1=bad;level2=bad;level3=bad,graded,,false,0.015651,
img_00248,bad,consensus=bad;level1=usable;level2=bad;level3=bad,graded,,false,0.385308,
img_00249,bad,consensus=bad;level1=usable;level2=bad;level3=bad,graded,,true,0.525722,
img_00250,bad,consensus=bad;level1=usable;level2=bad;level3=bad,graded,,false,0.366517,
img_00257,usable,consensus=usable;level1=usable;level2=good;level3=usable,graded,,true,0.547245,
img_00258,usable,consensus=usable;level1=usable;level2=usable;level3=bad,graded,,false,0.243795,
img_00259,usable,consensus=usable;level1=usable;level2=usable;level3=bad,graded,,true,0.644233,
img_00260,usable,consensus=usable;level1=usable;level2=usable;level3=bad,graded,,false,0.392935,
img_00261,usable,consensus=usable;level1=usable;level2=usable;level3=bad,graded,,true,0.526144,
img_00267,good,consensus=good;level1=good;level2=good;level3=usable,graded,,true,0.673601,
img_00268,good,consensus=good;level1=good;level2=good;level3=usable,graded,,true,0.701764,
img_00269,usable,consensus=usable;level1=good;level2=usable;level3=usable,graded,,true,0.702028,
img_00270,good,consensus=good;level1=good;level2=usable;level3=good,graded,,true,0.728856,
img_00273,good,consensus=good;level1=good;level2=good;level3=good,graded,,true,0.757246,
img_00274,good,consensus=good;level1=good;level2=good;level3=good,graded,,true,0.576789,
img_00275,bad,consensus=bad;level1=bad;level2=bad;level3=bad,graded,,false,0.005136,
img_00276,bad,consensus=bad;level1=bad;level2=bad;level3=bad,graded,,false,0.002460,
img_00277,usable,consensus=usable;level1=good;level2=usable;level3=usable,graded,,true,0.703420,
img_00278,usable,consensus=usable;level1=good;level2=usable;level3=usable,graded,,false,0.410100,
img_00281,good,consensus=good;level1=good;level2=good;level3=usable,graded,,true,0.672664,
img_00282,usable,consensus=usable;level1=usable;level2=usable;level3=bad,graded,,false,0.468991,
img_00283,bad,consensus=bad;level1=usable;level2=bad;level3=bad,graded,,false,0.185298,
img_00284,usable,consensus=usable;level1=usable;level2=usable;level3=bad,graded,,false,0.409200,
img_00285,bad,consensus=bad;level1=usable;level2=bad;level3=bad,graded,,false,0.233316,
img_00286,bad,consensus=bad;level1=usable;level2=bad;level3=bad,graded,,false,0.451800,
img_00287,usable,consensus=usable;level1=good;level2=usable;level3=usable,graded,,true,0.731150,
img_00288,usable,consensus=usable;level1=usable;level2=good;level3=usable,graded,,true,0.589524,
img_00289,usable,consensus=usable;level1=usable;level2=good;level3=usable,graded,,false,0.461266,
img_00290,good,consensus=good;level1=good;level2=good;level3=usable,graded,,true,0.770688,
img_00291,good,consensus=good;level1=good;level2=good;level3=good,graded,,true,0.829381,
img_00292,good,consensus=good;level1=good;level2=good;level3=good,graded,,true,0.824396,
img_00293,good,consensus=good;level1=good;level2=good;level3=good,graded,,true,0.849747,
img_00294,usable,consensus=usable;level1=usable;level2=usable;level3=usable,graded,,true,0.514508,
img_00295,bad,consensus=bad;level1=usable;level2=bad;level3=bad,graded,,false,0.125923,
img_00296,usable,consensus=usable;level1=usable;level2=usable;level3=bad,graded,,false,0.284519,
img_00297,usable,consensus=usable;level1=good;level2=usable;level3=usable,graded,,false,0.123670,
img_00298,bad,consensus=bad;level1=usable;level2=bad;level3=bad,graded,,false,0.055296,
img_00299,usable,consensus=usable;level1=good;level2=bad;level3=usable,graded,,false,0.137877,
img_00300,usable,consensus=usable;level1=usable;level2=good;level3=usable,graded,,true,0.737714,
img_00301,usable,consensus=usable;level1=usable;level2=good;level3=usable,graded,,true,0.793871,
img_00302,bad,consensus=bad;level1=usable;level2=bad;level3=bad,graded,,false,0.079907,
img_00303,bad,consensus=bad;level1=usable;level2=bad;level3=bad,graded,,false,0.274524,
img_00304,good,consensus=good;level1=good;level2=good;level3=usable,graded,,true,0.784126,
img_00305,bad,consensus=bad;level1=usable;level2=bad;level3=bad,graded,,false,0.064731,
img_00306,bad,consensus=bad;level1=usable;level2=bad;level3=bad,graded,,false,0.240115,
img_00307,bad,consensus=bad;level1=bad;level2=bad;level3=bad,graded,,false,0.064761,
img_00308,bad,consensus=bad;level1=bad;level2=usable;level3=bad,graded,,false,0.029660,
img_00309,usable,consensus=usable;level1=usable;level2=good;level3=usable,graded,,true,0.585081,
img_00310,usable,consensus=usable;level1=usable;level2=good;level3=usable,graded,,true,0.535733,
img_00311,usable,consensus=usable;level1=good;level2=usable;level3=usable,graded,,true,0.611963,
img_00323,bad,consensus=bad;level1=bad;level2=bad;level3=bad,graded,,false,0.016193,
img_00324,usable,consensus=usable;level1=good;level2=usable;level3=usable,graded,,true,0.522157,
img_00325,good,consensus=good;level1=good;level2=good;level3=good,graded,,true,0.802122,
img_00326,bad,consensus=bad;level1=bad;level2=bad;level3=bad,graded,,false,0.371254,
img_00327,good,consensus=good;level1=good;level2=good;level3=good,graded,,true,0.777074,
img_00328,usable,consensus=usable;level1=good;level2=usable;level3=usable,graded,,true,0.587527,
img_00329,good,consensus=good;level1=good;level2=good;level3=good,graded,,true,0.833157,
img_00330,good,consensus=good;level1=good;level2=good;level3=good,graded,,true,0.753722,
img_00331,bad,consensus=bad;level1=bad;level2=bad;level3=bad,graded,,false,0.046518,
img_00338,usable,consensus=usable;level1=good;level2=usable;level3=usable,graded,,true,0.804563,
img_00345,bad,consensus=bad;level1=bad;level2=bad;level3=bad,graded,,false,0.024812,
img_00346,bad,consensus=bad;level1=bad;level2=bad;level3=bad,graded,,false,0.034460,
img_00347,bad,consensus=bad;level1=bad;level2=usable;level3=bad,graded,,false,0.331850,
img_00348,bad,consensus=bad;level1=usable;level2=bad;level3=bad,graded,,false,0.209919,
img_00349,usable,consensus=usable;level1=good;level2=usable;level3=usable,graded,,true,0.537176,
img_00350,good,consensus=good;level1=good;level2=good;level3=good,graded,,true,0.774334,
img_00351,bad,consensus=bad;level1=usable;level2=bad;level3=bad,graded,,false,0.487578,
img_00352,good,consensus=good;level1=good;level2=good;level3=good,graded,,true,0.868520,
img_00353,good,consensus=good;level1=good;level2=good;level3=good,graded,,true,0.788508,
img_00356,good,consensus=good;level1=good;level2=good;level3=usable,graded,,true,0.548710,
img_00357,good,consensus=good;level1=good;level2=good;level3=usable,graded,,true,0.712778,
img_00358,good,consensus=good;level1=good;level2=good;level3=usable,graded,,true,0.675648,
img_00359,usable,consensus=usable;level1=usable;level2=usable;level3=bad,graded,,false,0.269022,
img_00361,bad,consensus=bad;level1=bad;level2=bad;level3=bad,graded,,false,0.074974,
img_00362,bad,consensus=bad;level1=bad;level2=bad;level3=bad,graded,,false,0.120015,
img_00363,bad,consensus=bad;level1=bad;level2=bad;level3=bad,graded,,false,0.274269,
img_00364,usable,consensus=usable;level1=good;level2=usable;level3=usable,graded,,true,0.811152,
img_00365,bad,consensus=bad;level1=usable;level2=bad;level3=bad,graded,,false,0.303760,
img_00366,bad,consensus=bad;level1=bad;level2=bad;level3=bad,graded,,false,0.122169,
img_00367,usable,consensus=usable;level1=usable;level2=usable;level3=bad,graded,,false,0.375793,
img_00370,bad,consensus=bad;level1=bad;level2=usable;level3=bad,graded,,false,0.250626,
img_00371,good,consensus=good;level1=good;level2=good;level3=good,graded,,true,0.679353,
img_00372,good,consensus=good;level1=good;level2=good;level3=usable,graded,,true,0.688105,
img_00373,good,consensus=good;level1=good;level2=good;level3=good,graded,,true,0.615330,
img_00374,bad,consensus=bad;level1=bad;level2=bad;level3=bad,graded,,false,0.281183,
img_00375,usable,consensus=usable;level1=usable;level2=usable;level3=bad,graded,,false,0.297289,
img_00376,good,consensus=good;level1=good;level2=good;level3=good,graded,,true,0.755607,
img_00377,usable,consensus=usable;level1=usable;level2=usable;level3=bad,graded,,false,0.348581,
img_00378,good,consensus=good;level1=good;level2=good;level3=good,graded,,true,0.792626,
img_00379,good,consensus=good;level1=good;level2=good;level3=good,graded,,true,0.805489,
img_00380,good,consensus=good;level1=good;level2=good;level3=good,graded,,true,0.822880,
img_00381,usable,consensus=usable;level1=usable;level2=usable;level3=good,graded,,false,0.287826,
img_00387,usable,consensus=usable;level1=usable;level2=usable;level3=bad,graded,,false,0.339558,
img_00389,bad,consensus=bad;level1=usable;level2=bad;level3=bad,graded,,false,0.047566,
img_00390,bad,consensus=bad;level1=bad;level2=bad;level3=bad,graded,,false,0.024871,
img_00391,usable,consensus=usable;level1=usable;level2=usable;level3=good,graded,,true,0.778336,
img_00392,good,consensus=good;level1=good;level2=good;level3=good,graded,,false,0.493546,
img_00393,usable,consensus=usable;level1=usable;level2=usable;level3=bad,graded,,false,0.336180,
img_00394,bad,consensus=bad;level1=bad;level2=usable;level3=bad,graded,,false,0.284135,
img_00395,bad,consensus=bad;level1=usable;level2=bad;level3=bad,graded,,false,0.159332,
img_00396,bad,consensus=bad;level1=bad;level2=bad;level3=bad,graded,,false,0.012469,
img_00397,usable,consensus=usable;level1=usable;level2=usable;level3=bad,graded,,true,0.587563,
img_00398,usable,consensus=usable;level1=usable;level2=usable;level3=bad,graded,,false,0.084988,
img_00399,usable,consensus=usable;level1=good;level2=usable;level3=usable,graded,,false,0.432092,
img_00400,usable,consensus=usable;level1=good;level2=usable;level3=usable,graded,,true,0.646524,
img_00401,good,consensus=good;level1=good;level2=good;level3=usable,graded,,true,0.641258,
img_00402,usable,consensus=usable;level1=usable;level2=usable;level3=bad,graded,,false,0.379268,
img_00403,usable,consensus=usable;level1=usable;level2=usable;level3=bad,graded,,false,0.399354,
img_00404,usable,consensus=usable;level1=usable;level2=usable;level3=bad,graded,,false,0.316358,
img_00405,usable,consensus=usable;level1=good;level2=usable;level3=usable,graded,,true,0.598312,
img_00406,usable,consensus=usable;level1=usable;level2=usable;level3=bad,graded,,false,0.409567,
img_00407,good,consensus=good;level1=good;level2=usable;level3=good,graded,,true,0.720409,
img_00408,good,consensus=good;level1=good;level2=good;level3=good,graded,,true,0.899733,
img_00409,good,consensus=good;level1=good;level2=good;level3=good,graded,,true,0.744443,
img_00410,good,consensus=good;level1=good;level2=good;level3=good,graded,,true,0.725175,
img_00411,good,consensus=good;level1=good;level2=good;level3=good,graded,,true,0.754870,
img_00412,good,consensus=good;level1=good;level2=good;level3=good,graded,,true,0.717665,
img_00413,good,consensus=good;level1=good;level2=good;level3=good,graded,,true,0.819182,
img_00414,good,consensus=good;level1=good;level2=good;level3=good,graded,,true,0.826371,
img_00415,good,consensus=good;level1=good;level2=good;level3=good,graded,,true,0.676360,
img_00416,bad,consensus=bad;level1=bad;level2=bad;level3=usable,graded,,false,0.300060,
img_00418,usable,consensus=usable;level1=usable;level2=usable;level3=bad,graded,,false,0.488151,
img_00419,usable,consensus=usable;level1=good;level2=usable;level3=usable,graded,,true,0.665829,
img_00420,bad,consensus=bad;level1=bad;level2=bad;level3=bad,graded,,false,0.008738,
img_00421,usable,consensus=usable;level1=usable;level2=usable;level3=bad,graded,,false,0.442585,
img_00422,bad,consensus=bad;level1=bad;level2=bad;level3=bad,graded,,false,0.010069,
img_00423,bad,consensus=bad;level1=bad;level2=bad;level3=bad,graded,,false,0.149329,
img_00424,bad,consensus=bad;level1=bad;level2=bad;level3=bad,graded,,false,0.293673,
img_00425,bad,consensus=bad;level1=bad;level2=bad;level3=bad,graded,,false,0.110251,
img_00426,bad,consensus=bad;level1=bad;level2=bad;level3=bad,graded,,false,0.022683,
img_00427,bad,consensus=bad;level1=bad;level2=bad;level3=bad,graded,,false,0.110299,
img_00428,usable,consensus=usable;level1=good;level2=usable;level3=usable,graded,,true,0.581115,
img_00429,usable,consensus=usable;level1=good;level2=usable;level3=usable,graded,,true,0.744880,
img_00430,usable,consensus=usable;level1=good;level2=usable;level3=usable,graded,,true,0.513167,
img_00432,usable,consensus=usable;level1=usable;level2=usable;level3=bad,graded,,false,0.419312,
img_00433,usable,consensus=usable;level1=good;level2=usable;level3=usable,graded,,false,0.428061,
img_00434,usable,consensus=usable;level1=usable;level2=usable;level3=bad,graded,,true,0.556011,
img_00435,good,consensus=good;level1=good;level2=good;level3=usable,graded,,true,0.776160,
img_00436,good,consensus=good;level1=good;level2=good;level3=good,graded,,true,0.792819,
img_00437,good,consensus=good;level1=good;level2=good;level3=good,graded,,true,0.823959,
img_00438,good,consensus=good;level1=good;level2=good;level3=good,graded,,true,0.791448,
img_00439,good,consensus=good;level1=good;level2=good;level3=good,graded,,true,0.757538,
img_00440,good,consensus=good;level1=good;level2=good;level3=good,graded,,true,0.800048,
img_00441,good,consensus=good;level1=good;level2=good;level3=good,graded,,true,0.547881,
img_00442,good,consensus=good;level1=good;level2=good;level3=good,graded,,true,0.535006,
img_00443,bad,consensus=bad;level1=bad;level2=usable;level3=bad,graded,,false,0.170058,
img_00444,bad,consensus=bad;level1=bad;level2=bad;level3=bad,graded,,false,0.058122,
img_00446,bad,consensus=bad;level1=bad;level2=bad;level3=bad,graded,,false,0.012841,
img_00447,usable,consensus=usable;level1=usable;level2=usable;level3=bad,graded,,true,0.541619,
img_00448,usable,consensus=usable;level1=usable;level2=usable;level3=bad,graded,,false,0.453667,
img_00449,usable,consensus=usable;level1=usable;level2=good;level3=usable,graded,,true,0.678625,
img_00450,usable,consensus=usable;level1=usable;level2=usable;level3=usable,graded,,true,0.675747,
img_00451,usable,consensus=usable;level1=usable;level2=usable;level3=bad,graded,,false,0.355129,
img_00452,bad,consensus=bad;level1=usable;level2=bad;level3=bad,graded,,false,0.270506,
img_00453,bad,consensus=bad;level1=usable;level2=bad;level3=bad,graded,,true,0.694139,
img_00454,good,consensus=good;level1=good;level2=good;level3=good,graded,,true,0.851236,
img_00455,good,consensus=good;level1=good;level2=good;level3=good,graded,,false,0.344545,
img_00456,good,consensus=good;level1=good;level2=good;level3=good,graded,,false,0.210160,
img_00457,bad,consensus=bad;level1=usable;level2=bad;level3=bad,graded,,false,0.253848,
img_00458,bad,consensus=bad;level1=bad;level2=bad;level3=bad,graded,,false,0.045819,
img_00459,good,consensus=good;level1=good;level2=good;level3=good,graded,,true,0.826940,
img_00460,bad,consensus=bad;level1=bad;level2=bad;level3=bad,graded,,false,0.082009,
img_00461,usable,consensus=usable;level1=usable;level2=usable;level3=bad,graded,,false,0.314203,
img_00462,usable,consensus=usable;level1=usable;level2=usable;level3=bad,graded,,false,0.268489,
img_00463,usable,consensus=usable;level1=usable;level2=usable;level3=bad,graded,,false,0.262384,
img_00464,usable,consensus=usable;level1=usable;level2=usable;level3=bad,graded,,false,0.247678,
img_00465,usable,consensus=usable;level1=usable;level2=usable;level3=bad,graded,,false,0.354147,
img_00466,bad,consensus=bad;level1=bad;level2=bad;level3=bad,graded,,false,0.142959,
img_00467,bad,consensus=bad;level1=bad;level2=bad;level3=bad,graded,,false,0.079236,
img_00471,usable,consensus=usable;level1=good;level2=usable;level3=usable,graded,,true,0.553359,
img_00472,usable,consensus=usable;level1=good;level2=usable;level3=usable,graded,,true,0.643758,
img_00473,usable,consensus=usable;level1=usable;level2=usable;level3=bad,graded,,false,0.293960,
img_00474,good,consensus=good;level1=good;level2=good;level3=good,graded,,true,0.803338,
img_00475,usable,consensus=usable;level1=usable;level2=usable;level3=usable,graded,,false,0.291305,
img_00482,usable,consensus=usable;level1=usable;level2=good;level3=usable,graded,,false,0.356877,
img_00493,bad,consensus=bad;level1=bad;level2=bad;level3=bad,graded,,false,0.113714,
img_00494,usable,consensus=usable;level1=usable;level2=bad;level3=usable,graded,,false,0.348254,
img_00496,bad,consensus=bad;level1=usable;level2=bad;level3=bad,graded,,false,0.267571,
img_00497,bad,consensus=bad;level1=bad;level2=bad;level3=bad,graded,,false,0.057430,
img_00498,usable,consensus=usable;level1=usable;level2=usable;level3=bad,graded,,false,0.333625,
img_00499,bad,consensus=bad;level1=usable;level2=bad;level3=bad,graded,,true,0.582249,
img_00500,usable,consensus=usable;level1=good;level2=usable;level3=usable,graded,,true,0.632343,
img_00501,good,consensus=good;level1=good;level2=good;level3=good,graded,,true,0.683048,
img_00502,usable,consensus=usable;level1=usable;level2=usable;level3=bad,graded,,false,0.249037,
img_00504,good,consensus=good;level1=good;level2=usable;level3=good,graded,,true,0.780625,
img_00505,good,consensus=good;level1=good;level2=good;level3=good,graded,,true,0.775692,
img_00509,bad,consensus=bad;level1=bad;level2=bad;level3=bad,graded,,false,0.114042,
img_00510,bad,consensus=bad;level1=bad;level2=bad;level3=bad,graded,,false,0.087776,
img_00511,usable,consensus=usable;level1=good;level2=usable;level3=usable,graded,,true,0.564351,
img_00512,usable,consensus=usable;level1=usable;level2=good;level3=usable,graded,,false,0.308897,
img_00513,usable,consensus=usable;level1=usable;level2=usable;level3=bad,graded,,false,0.313438,
img_00514,usable,consensus=usable;level1=good;level2=usable;level3=usable,graded,,true,0.685838,
img_00515,usable,consensus=usable;level1=good;level2=usable;level3=usable,graded,,false,0.190666,
img_00516,bad,consensus=bad;level1=bad;level2=bad;level3=bad,graded,,false,0.046785,
img_00517,bad,consensus=bad;level1=bad;level2=bad;level3=bad,graded,,false,0.009139,
img_00518,usable,consensus=usable;level1=usable;level2=usable;level3=usable,graded,,true,0.603088,
img_00519,usable,consensus=usable;level1=usable;level2=usable;level3=bad,graded,,false,0.398302,
img_00520,usable,consensus=usable;level1=good;level2=usable;level3=usable,graded,,true,0.596185,
img_00521,good,consensus=good;level1=good;level2=good;level3=good,graded,,true,0.765834,
img_00522,good,consensus=good;level1=good;level2=good;level3=good,graded,,true,0.783701,
img_00523,usable,consensus=usable;level1=good;level2=usable;level3=usable,graded,,true,0.507479,
img_00524,usable,consensus=usable;level1=usable;level2=usable;level3=usable,graded,,false,0.380891,
img_00525,usable,consensus=usable;level1=usable;level2=usable;level3=bad,graded,,false,0.183582,
img_00526,usable,consensus=usable;level1=usable;level2=usable;level3=bad,graded,,false,0.133971,
img_00527,usable,consensus=usable;level1=good;level2=usable;level3=usable,graded,,true,0.686406,
img_00528,bad,consensus=bad;level1=bad;level2=bad;level3=bad,graded,,false,0.130192,
img_00529,good,consensus=good;level1=good;level2=good;level3=good,graded,,true,0.825674,
img_00530,good,consensus=good;level1=good;level2=good;level3=good,graded,,true,0.794120,
img_00533,usable,consensus=usable;level1=usable;level2=good;level3=usable,graded,,true,0.605052,
img_00534,good,consensus=good;level1=usable;level2=good;level3=good,graded,,true,0.572791,
img_00536,bad,consensus=bad;level1=bad;level2=bad;level3=bad,graded,,false,0.055080,
img_00538,good,consensus=good;level1=good;level2=good;level3=good,graded,,true,0.745393,
img_00539,usable,consensus=usable;level1=usable;level2=usable;level3=usable,graded,,true,0.685832,
img_00540,bad,consensus=bad;level1=usable;level2=bad;level3=bad,graded,,false,0.179446,
img_00544,usable,consensus=usable;level1=good;level2=usable;level3=usable,graded,,true,0.745363,
img_00548,usable,consensus=usable;level1=good;level2=usable;level3=usable,graded,,true,0.760384,
img_00549,bad,consensus=bad;level1=usable;level2=bad;level3=bad,graded,,false,0.247758,
img_00550,good,consensus=good;level1=good;level2=good;level3=usable,graded,,true,0.753020,
img_00551,good,consensus=good;level1=good;level2=good;level3=usable,graded,,true,0.548265,
img_00552,usable,consensus=usable;level1=usable;level2=usable;level3=bad,graded,,true,0.552245,
img_00553,usable,consensus=usable;level1=usable;level2=usable;level3=bad,graded,,true,0.586939,
img_00554,good,consensus=good;level1=good;level2=good;level3=good,graded,,true,0.851065,
img_00555,usable,consensus=usable;level1=good;level2=usable;level3=usable,graded,,true,0.823242,
img_00558,good,consensus=good;level1=good;level2=good;level3=usable,graded,,true,0.694588,
img_00559,usable,consensus=usable;level1=usable;level2=usable;level3=bad,graded,,false,0.213525,
img_00560,usable,consensus=usable;level1=usable;level2=usable;level3=bad,graded,,false,0.450320,
img_00561,usable,consensus=usable;level1=good;level2=bad;level3=usable,graded,,true,0.599313,
img_00562,usable,consensus=usable;level1=good;level2=usable;level3=usable,graded,,true,0.528338,
img_00563,usable,consensus=usable;level1=usable;level2=usable;level3=bad,graded,,false,0.387133,
img_00564,bad,consensus=bad;level1=bad;level2=bad;level3=bad,graded,,false,0.304877,
img_00569,good,consensus=good;level1=good;level2=good;level3=usable,graded,,true,0.674114,
img_00570,good,consensus=good;level1=good;level2=good;level3=good,graded,,true,0.699977,
img_00571,usable,consensus=usable;level1=good;level2=usable;level3=usable,graded,,true,0.762152,
img_00572,bad,consensus=bad;level1=bad;level2=bad;level3=bad,graded,,false,0.065671,
img_00573,bad,consensus=bad;level1=usable;level2=bad;level3=bad,graded,,false,0.298958,
img_00575,bad,consensus=bad;level1=bad;level2=bad;level3=bad,graded,,false,0.009675,
img_00576,usable,consensus=usable;level1=usable;level2=usable;level3=bad,graded,,false,0.266445,
img_00577,good,consensus=good;level1=good;level2=good;level3=usable,graded,,true,0.730888,
img_00578,good,consensus=good;level1=good;level2=good;level3=usable,graded,,true,0.778304,
img_00579,usable,consensus=usable;level1=good;level2=usable;level3=usable,graded,,false,0.478977,
img_00580,bad,consensus=bad;level1=bad;level2=bad;level3=bad,graded,,false,0.087652,
img_00582,usable,consensus=usable;level1=good;level2=usable;level3=usable,graded,,true,0.661186,
img_00583,usable,consensus=usable;level1=usable;level2=usable;level3=bad,graded,,false,0.433811,
img_00584,usable,consensus=usable;level1=usable;level2=usable;level3=bad,graded,,true,0.559139,
img_00585,usable,consensus=usable;level1=usable;level2=usable;level3=bad,graded,,true,0.659478,
img_00586,good,consensus=good;level1=good;level2=good;level3=usable,graded,,true,0.819893,
img_00587,bad,consensus=bad;level1=bad;level2=bad;level3=bad,graded,,false,0.227281,
img_00588,bad,consensus=bad;level1=bad;level2=bad;level3=bad,graded,,false,0.046740,
img_00589,bad,consensus=bad;level1=bad;level2=bad;level3=bad,graded,,false,0.036587,
img_00591,bad,consensus=bad;level1=usable;level2=bad;level3=bad,graded,,false,0.146082,
img_00596,bad,consensus=bad;level1=bad;level2=bad;level3=bad,graded,,false,0.002493,
img_00598,usable,consensus=usable;level1=usable;level2=usable;level3=bad,graded,,false,0.369458,
img_00601,bad,consensus=bad;level1=bad;level2=bad;level3=bad,graded,,false,0.035695,
img_00604,usable,consensus=usable;level1=good;level2=usable;level3=usable,graded,,false,0.346647,
img_00605,usable,consensus=usable;level1=usable;level2=usable;level3=bad,graded,,false,0.178652,
img_00606,good,consensus=good;level1=good;level2=good;level3=usable,graded,,true,0.712533,
img_00607,good,consensus=good;level1=good;level2=good;level3=usable,graded,,true,0.757563,
img_00608,usable,consensus=usable;level1=bad;level2=usable;level3=usable,graded,,false,0.087770,
img_00609,usable,consensus=usable;level1=usable;level2=usable;level3=bad,graded,,false,0.221019,
img_00610,bad,consensus=bad;level1=bad;level2=usable;level3=bad,graded,,false,0.187928,
img_00611,bad,consensus=bad;level1=bad;level2=bad;level3=bad,graded,,false,0.117043,
img_00612,bad,consensus=bad;level1=bad;level2=bad;level3=bad,graded,,false,0.034010,
img_00613,good,consensus=good;level1=good;level2=good;level3=bad,graded,,true,0.719873,
img_00614,bad,consensus=bad;level1=bad;level2=usable;level3=bad,graded,,false,0.252890,
img_00615,usable,consensus=usable;level1=usable;level2=usable;level3=bad,graded,,false,0.462188,
img_00616,good,consensus=good;level1=good;level2=good;level3=usable,graded,,true,0.739372,
img_00617,usable,consensus=usable;level1=good;level2=usable;level3=usable,graded,,true,0.581802,
img_00618,usable,consensus=usable;level1=usable;level2=usable;level3=bad,graded,,false,0.411869,
img_00621,usable,consensus=usable;level1=good;level2=usable;level3=usable,graded,,false,0.494074,
img_00622,usable,consensus=usable;level1=good;level2=usable;level3=usable,graded,,true,0.662013,
img_00623,bad,consensus=bad;level1=usable;level2=bad;level3=bad,graded,,false,0.168445,
img_00624,bad,consensus=bad;level1=bad;level2=bad;level3=bad,graded,,false,0.195644,
img_00625,bad,consensus=bad;level1=bad;level2=usable;level3=bad,graded,,false,0.393392,
img_00626,bad,consensus=bad;level1=usable;level2=bad;level3=bad,graded,,false,0.129905,
img_00627,usable,consensus=usable;level1=usable;level2=usable;level3=bad,graded,,false,0.224048,
img_00631,bad,consensus=bad;level1=usable;level2=bad;level3=bad,graded,,false,0.250231,
img_00632,bad,consensus=bad;level1=bad;level2=bad;level3=bad,graded,,false,0.020073,
img_00633,usable,consensus=usable;level1=usable;level2=good;level3=usable,graded,,false,0.437051,
img_00634,good,consensus=good;level1=good;level2=good;level3=good,graded,,true,0.582581,
img_00638,bad,consensus=bad;level1=bad;level2=bad;level3=bad,graded,,false,0.177220,
img_00639,bad,consensus=bad;level1=bad;level2=bad;level3=bad,graded,,false,0.152172,
img_00640,bad,consensus=bad;level1=bad;level2=bad;level3=bad,graded,,false,0.086309,
img_00641,bad,consensus=bad;level1=bad;level2=bad;level3=bad,graded,,false,0.057246,
img_00642,good,consensus=good;level1=good;level2=good;level3=usable,graded,,true,0.779562,
img_00643,good,consensus=good;level1=good;level2=good;level3=good,graded,,true,0.865302,
img_00644,bad,consensus=bad;level1=bad;level2=bad;level3=bad,graded,,false,0.139271,
img_00645,bad,consensus=bad;level1=bad;level2=bad;level3=bad,graded,,false,0.209658,
img_00646,bad,consensus=bad;level1=usable;level2=bad;level3=bad,graded,,false,0.425654,
img_00647,bad,consensus=bad;level1=usable;level2=bad;level3=bad,graded,,false,0.448406,
img_00648,bad,consensus=bad;level1=usable;level2=bad;level3=bad,graded,,false,0.069902,
img_00649,bad,consensus=bad;level1=usable;level2=bad;level3=bad,graded,,false,0.183159,
img_00650,bad,consensus=bad;level1=bad;level2=bad;level3=bad,graded,,false,0.079152,
img_00651,bad,consensus=bad;level1=bad;level2=bad;level3=bad,graded,,false,0.054555,
img_00652,usable,consensus=usable;level1=good;level2=usable;level3=usable,graded,,true,0.766174,
img_00653,usable,consensus=usable;level1=good;level2=usable;level3=usable,graded,,true,0.551786,
img_00654,usable,consensus=usable;level1=good;level2=usable;level3=usable,graded,,false,0.359837,
img_00655,usable,consensus=usable;level1=usable;level2=usable;level3=usable,graded,,false,0.355750,
img_00656,bad,consensus=bad;level1=bad;level2=bad;level3=bad,graded,,false,0.041753,
img_00658,bad,consensus=bad;level1=bad;level2=usable;level3=bad,graded,,false,0.442327,
img_00662,bad,consensus=bad;level1=usable;level2=bad;level3=bad,graded,,false,0.330993,
img_00663,bad,consensus=bad;level1=usable;level2=bad;level3=bad,graded,,false,0.131802,
img_00665,bad,consensus=bad;level1=bad;level2=bad;level3=bad,graded,,false,0.046496,
img_00667,usable,consensus=usable;level1=good;level2=usable;level3=usable,graded,,true,0.585384,
img_00668,good,consensus=good;level1=good;level2=good;level3=good,graded,,true,0.635500,
img_00669,good,consensus=good;level1=good;level2=good;level3=good,graded,,true,0.669802,
img_00670,bad,consensus=bad;level1=usable;level2=bad;level3=bad,graded,,false,0.267112,
img_00671,bad,consensus=bad;level1=bad;level2=bad;level3=bad,graded,,false,0.278511,
img_00672,usable,consensus=usable;level1=good;level2=usable;level3=usable,graded,,true,0.661222,
img_00673,usable,consensus=usable;level1=usable;level2=usable;level3=usable,graded,,true,0.572643,
img_00674,usable,consensus=usable;level1=usable;level2=usable;level3=bad,graded,,false,0.132757,
img_00675,usable,consensus=usable;level1=usable;level2=usable;level3=bad,graded,,false,0.127249,
img_00676,bad,consensus=bad;level1=good;level2=bad;level3=bad,graded,,false,0.027776,
img_00677,bad,consensus=bad;level1=usable;level2=bad;level3=bad,graded,,false,0.278802,
img_00678,usable,consensus=usable;level1=good;level2=usable;level3=usable,graded,,true,0.814419,
img_00683,usable,consensus=usable;level1=good;level2=usable;level3=usable,graded,,true,0.737341,
img_00684,good,consensus=good;level1=good;level2=good;level3=usable,graded,,true,0.753185,
img_00685,usable,consensus=usable;level1=usable;level2=usable;level3=bad,graded,,true,0.591611,
img_00686,bad,consensus=bad;level1=bad;level2=bad;level3=bad,graded,,false,0.010943,
img_00687,bad,consensus=bad;level1=bad;level2=bad;level3=bad,graded,,false,0.012244,
img_00688,bad,consensus=bad;level1=bad;level2=bad;level3=bad,graded,,false,0.001199,
img_00691,bad,consensus=bad;level1=bad;level2=bad;level3=bad,graded,,false,0.000618,
img_00693,bad,consensus=bad;level1=bad;level2=bad;level3=bad,graded,,false,0.003303,
img_00696,usable,consensus=usable;level1=good;level2=usable;level3=usable,graded,,true,0.726115,
img_00697,usable,consensus=usable;level1=good;level2=usable;level3=usable,graded,,true,0.749265,
img_00698,bad,consensus=bad;level1=bad;level2=bad;level3=bad,graded,,false,0.058646,
img_00699,bad,consensus=bad;level1=bad;level2=bad;level3=bad,graded,,false,0.016020,
img_00700,bad,consensus=bad;level1=usable;level2=bad;level3=bad,graded,,true,0.521490,
img_00701,bad,consensus=bad;level1=bad;level2=bad;level3=bad,graded,,false,0.047352,
img_00702,bad,consensus=bad;level1=bad;level2=bad;level3=bad,graded,,false,0.137307,
img_00703,usable,consensus=usable;level1=usable;level2=usable;level3=bad,graded,,false,0.486708,
img_00704,usable,consensus=usable;level1=usable;level2=usable;level3=bad,graded,,false,0.440940,
img_00705,usable,consensus=usable;level1=usable;level2=usable;level3=bad,graded,,true,0.601203,
img_00706,usable,consensus=usable;level1=usable;level2=usable;level3=bad,graded,,true,0.586094,
img_00707,good,consensus=good;level1=good;level2=good;level3=bad,graded,,true,0.709969,
img_00708,bad,consensus=bad;level1=bad;level2=bad;level3=bad,graded,,false,0.033711,
img_00709,usable,consensus=usable;level1=good;level2=usable;level3=usable,graded,,true,0.618656,
img_00710,bad,consensus=bad;level1=usable;level2=bad;level3=bad,graded,,true,0.535105,
img_00711,bad,consensus=bad;level1=bad;level2=usable;level3=bad,graded,,false,0.177749,
img_00713,bad,consensus=bad;level1=usable;level2=bad;level3=bad,graded,,false,0.106074,
img_00714,usable,consensus=usable;level1=usable;level2=usable;level3=bad,graded,,true,0.571583,
img_00715,bad,consensus=bad;level1=good;level2=bad;level3=bad,graded,,false,0.444557,
img_00716,good,consensus=good;level1=good;level2=good;level3=usable,graded,,false,0.491716,
img_00717,good,consensus=good;level1=good;level2=good;level3=usable,graded,,false,0.416876,
img_00718,usable,consensus=usable;level1=good;level2=usable;level3=usable,graded,,false,0.199694,
img_00719,good,consensus=good;level1=good;level2=good;level3=good,graded,,true,0.807602,
img_00720,good,consensus=good;level1=good;level2=good;level3=good,graded,,true,0.761016,
img_00721,usable,consensus=usable;level1=good;level2=usable;level3=usable,graded,,false,0.468620,
img_00722,usable,consensus=usable;level1=good;level2=usable;level3=usable,graded,,false,0.200380,
img_00723,usable,consensus=usable;level1=usable;level2=usable;level3=bad,graded,,false,0.174531,
img_00724,usable,consensus=usable;level1=usable;level2=usable;level3=bad,graded,,false,0.469220,
img_00725,usable,consensus=usable;level1=good;level2=usable;level3=usable,graded,,true,0.660254,
img_00726,usable,consensus=usable;level1=usable;level2=usable;level3=bad,graded,,false,0.381767,
img_00727,bad,consensus=bad;level1=usable;level2=bad;level3=bad,graded,,false,0.223652,
img_00728,usable,consensus=usable;level1=good;level2=usable;level3=usable,graded,,true,0.520217,
img_00729,usable,consensus=usable;level1=usable;level2=usable;level3=usable,graded,,false,0.433881,
img_00730,good,consensus=good;level1=good;level2=good;level3=usable,graded,,true,0.562073,
img_00731,bad,consensus=bad;level1=bad;level2=bad;level3=bad,graded,,false,0.070480,
img_00732,bad,consensus=bad;level1=bad;level2=bad;level3=bad,graded,,false,0.161542,
img_00733,good,consensus=good;level1=good;level2=good;level3=usable,graded,,true,0.651080,
img_00734,bad,consensus=bad;level1=bad;level2=bad;level3=bad,graded,,false,0.064227,
img_00735,good,consensus=good;level1=good;level2=good;level3=good,graded,,true,0.678276,
img_00736,good,consensus=good;level1=good;level2=bad;level3=good,graded,,true,0.733890,
img_00737,bad,consensus=bad;level1=bad;level2=bad;level3=bad,graded,,false,0.130799,
img_00738,bad,consensus=bad;level1=bad;level2=bad;level3=bad,graded,,false,0.010039,
img_00739,bad,consensus=bad;level1=bad;level2=bad;level3=bad,graded,,false,0.037457,
img_00740,bad,consensus=bad;level1=bad;level2=bad;level3=bad,graded,,false,0.014017,
img_00741,bad,consensus=bad;level1=bad;level2=bad;level3=bad,graded,,false,0.091404,
img_00742,bad,consensus=bad;level1=good;level2=bad;level3=bad,graded,,false,0.223732,
img_00743,usable,consensus=usable;level1=usable;level2=usable;level3=bad,graded,,false,0.489309,
img_00744,usable,consensus=usable;level1=good;level2=usable;level3=usable,graded,,true,0.739541,
img_00745,usable,consensus=usable;level1=usable;level2=usable;level3=bad,graded,,true,0.614126,
img_00746,good,consensus=good;level1=good;level2=good;level3=usable,graded,,true,0.631825,
img_00747,good,consensus=good;level1=good;level2=good;level3=usable,graded,,false,0.465855,
img_00750,usable,consensus=usable;level1=good;level2=usable;level3=usable,graded,,false,0.403926,
img_00751,bad,consensus=bad;level1=bad;level2=usable;level3=bad,graded,,false,0.077382,
img_00752,bad,consensus=bad;level1=bad;level2=bad;level3=bad,graded,,false,0.127240,
img_00753,bad,consensus=bad;level1=bad;level2=bad;level3=bad,graded,,false,0.008785,
img_00754,good,consensus=good;level1=good;level2=good;level3=usable,graded,,true,0.803030,
img_00755,good,consensus=good;level1=good;level2=good;level3=good,graded,,true,0.837415,
img_00756,usable,consensus=usable;level1=usable;level2=usable;level3=usable,graded,,false,0.298554,
img_00757,usable,consensus=usable;level1=usable;level2=bad;level3=usable,graded,,true,0.545421,
img_00758,usable,consensus=usable;level1=good;level2=usable;level3=usable,graded,,true,0.755643,
img_00759,good,consensus=good;level1=good;level2=good;level3=good,graded,,true,0.823441,
img_00760,usable,consensus=usable;level1=good;level2=usable;level3=usable,graded,,false,0.494356,
img_00761,usable,consensus=usable;level1=good;level2=usable;level3=usable,graded,,true,0.728833,
img_00762,good,consensus=good;level1=good;level2=good;level3=good,graded,,true,0.800323,
img_00763,good,consensus=good;level1=good;level2=good;level3=good,graded,,true,0.654518,
img_00764,good,consensus=good;level1=good;level2=good;level3=good,graded,,true,0.624998,
img_00765,good,consensus=good;level1=good;level2=good;level3=good,graded,,true,0.725146,
img_00766,usable,consensus=usable;level1=usable;level2=usable;level3=good,graded,,false,0.497188,
img_00767,usable,consensus=usable;level1=good;level2=bad;level3=usable,graded,,false,0.498491,
img_00768,bad,consensus=bad;level1=bad;level2=bad;level3=bad,graded,,false,0.398479,
img_00769,bad,consensus=bad;level1=bad;level2=bad;level3=bad,graded,,false,0.045487,
img_00770,usable,consensus=usable;level1=usable;level2=usable;level3=usable,graded,,true,0.706121,
img_00771,bad,consensus=bad;level1=usable;level2=bad;level3=bad,graded,,false,0.152755,
img_00772,bad,consensus=bad;level1=bad;level2=bad;level3=bad,graded,,false,0.171986,
img_00773,bad,consensus=bad;level1=bad;level2=bad;level3=bad,graded,,false,0.225303,
img_00774,bad,consensus=bad;level1=usable;level2=bad;level3=bad,graded,,true,0.523970,
img_00775,usable,consensus=usable;level1=good;level2=usable;level3=usable,graded,,true,0.746019,
img_00776,usable,consensus=usable;level1=good;level2=usable;level3=usable,graded,,true,0.697739,
img_00779,usable,consensus=usable;level1=usable;level2=usable;level3=bad,graded,,false,0.303539,
img_00780,good,consensus=good;level1=good;level2=good;level3=good,graded,,true,0.713204,
img_00781,usable,consensus=usable;level1=usable;level2=usable;level3=bad,graded,,false,0.370764,
img_00782,usable,consensus=usable;level1=good;level2=usable;level3=usable,graded,,true,0.733628,
img_00783,usable,consensus=usable;level1=good;level2=usable;level3=usable,graded,,false,0.357483,
img_00784,good,consensus=good;level1=good;level2=good;level3=usable,graded,,true,0.643936,
img_00785,usable,consensus=usable;level1=good;level2=usable;level3=usable,graded,,true,0.575218,
img_00786,good,consensus=good;level1=good;level2=good;level3=usable,graded,,true,0.711474,
img_00787,good,consensus=good;level1=good;level2=good;level3=good,graded,,true,0.845719,
img_00788,usable,consensus=usable;level1=usable;level2=good;level3=usable,graded,,true,0.619854,
img_00789,usable,consensus=usable;level1=good;level2=usable;level3=usable,graded,,true,0.632729,
img_00790,usable,consensus=usable;level1=usable;level2=usable;level3=bad,graded,,true,0.534437,
img_00791,usable,consensus=usable;level1=usable;level2=usable;level3=bad,graded,,false,0.440115,
img_00792,usable,consensus=usable;level1=usable;level2=good;level3=usable,graded,,false,0.487204,
img_00793,bad,consensus=bad;level1=bad;level2=usable;level3=bad,graded,,false,0.054914,
img_00794,usable,consensus=usable;level1=usable;level2=usable;level3=bad,graded,,false,0.478374,
img_00795,usable,consensus=usable;level1=usable;level2=good;level3=usable,graded,,true,0.690902,
img_00796,usable,consensus=usable;level1=usable;level2=usable;level3=bad,graded,,false,0.317447,
img_00797,bad,consensus=bad;level1=bad;level2=bad;level3=bad,graded,,false,0.120764,
img_00798,bad,consensus=bad;level1=bad;level2=bad;level3=bad,graded,,false,0.033783,
img_00799,usable,consensus=usable;level1=usable;level2=usable;level3=usable,graded,,false,0.351960,
img_00800,good,consensus=good;level1=good;level2=good;level3=good,graded,,true,0.701387,
img_00801,usable,consensus=usable;level1=good;level2=usable;level3=usable,graded,,true,0.629136,
img_00802,usable,consensus=usable;level1=good;level2=usable;level3=usable,graded,,true,0.703645,
img_00803,bad,consensus=bad;level1=usable;level2=bad;level3=bad,graded,,false,0.188092,
img_00804,bad,consensus=bad;level1=bad;level2=bad;level3=bad,graded,,false,0.137403,
img_00805,bad,consensus=bad;level1=bad;level2=bad;level3=bad,graded,,false,0.077569,
img_00806,bad,consensus=bad;level1=bad;level2=bad;level3=bad,graded,,false,0.085127,
img_00807,bad,consensus=bad;level1=bad;level2=bad;level3=bad,graded,,false,0.054387,
img_00808,usable,consensus=usable;level1=good;level2=usable;level3=usable,graded,,true,0.756119,
img_00809,good,consensus=good;level1=good;level2=good;level3=good,graded,,true,0.758866,
img_00810,good,consensus=good;level1=good;level2=good;level3=usable,graded,,true,0.556584,
img_00811,good,consensus=good;level1=good;level2=good;level3=usable,graded,,true,0.609368,
img_00813,bad,consensus=bad;level1=bad;level2=bad;level3=usable,graded,,false,0.105589,
img_00814,usable,consensus=usable;level1=usable;level2=good;level3=usable,graded,,false,0.277880,
img_00815,usable,consensus=usable;level1=usable;level2=usable;level3=bad,graded,,false,0.308277,
img_00816,usable,consensus=usable;level1=usable;level2=usable;level3=bad,graded,,false,0.344412,
img_00817,usable,consensus=usable;level1=usable;level2=usable;level3=bad,graded,,false,0.125744,
img_00818,bad,consensus=bad;level1=usable;level2=bad;level3=bad,graded,,false,0.414506,
img_00819,usable,consensus=usable;level1=usable;level2=good;level3=usable,graded,,true,0.729065,
img_00820,bad,consensus=bad;level1=bad;level2=bad;level3=bad,graded,,false,0.048041,
img_00821,bad,consensus=bad;level1=bad;level2=bad;level3=bad,graded,,false,0.006994,
img_00822,bad,consensus=bad;level1=bad;level2=bad;level3=bad,graded,,false,0.004094,
img_00823,good,consensus=good;level1=good;level2=good;level3=good,graded,,true,0.824603,
img_00824,usable,consensus=usable;level1=usable;level2=usable;level3=usable,graded,,true,0.569174,
img_00825,good,consensus=good;level1=good;level2=good;level3=usable,graded,,true,0.700550,
img_00826,usable,consensus=usable;level1=usable;level2=usable;level3=usable,graded,,false,0.125181,
img_00827,usable,consensus=usable;level1=usable;level2=usable;level3=usable,graded,,true,0.673564,
img_00828,usable,consensus=usable;level1=usable;level2=usable;level3=bad,graded,,false,0.164570,
img_00829,usable,consensus=usable;level1=usable;level2=good;level3=usable,graded,,false,0.070288,
img_00830,usable,consensus=usable;level1=usable;level2=usable;level3=bad,graded,,false,0.096909,
img_00831,usable,consensus=usable;level1=usable;level2=usable;level3=bad,graded,,false,0.146636,
img_00832,usable,consensus=usable;level1=good;level2=usable;level3=usable,graded,,false,0.327130,
img_00833,usable,consensus=usable;level1=bad;level2=usable;level3=usable,graded,,false,0.323373,
img_00834,bad,consensus=bad;level1=bad;level2=bad;level3=bad,graded,,false,0.075526,
img_00835,usable,consensus=usable;level1=usable;level2=usable;level3=bad,graded,,false,0.090132,
img_00836,bad,consensus=bad;level1=bad;level2=bad;level3=bad,graded,,false,0.018027,
img_00838,bad,consensus=bad;level1=bad;level2=good;level3=bad,graded,,true,0.533463,
img_00839,usable,consensus=usable;level1=usable;level2=usable;level3=bad,graded,,false,0.264349,
img_00840,usable,consensus=usable;level1=usable;level2=good;level3=usable,graded,,false,0.344934,
img_00841,usable,consensus=usable;level1=usable;level2=good;level3=usable,graded,,false,0.293484,
img_00842,usable,consensus=usable;level1=usable;level2=usable;level3=bad,graded,,false,0.330387,
img_00843,bad,consensus=bad;level1=bad;level2=bad;level3=bad,graded,,false,0.044108,
img_00844,bad,consensus=bad;level1=bad;level2=usable;level3=bad,graded,,false,0.129595,
img_00845,usable,consensus=usable;level1=bad;level2=usable;level3=usable,graded,,false,0.142289,
img_00846,usable,consensus=usable;level1=usable;level2=usable;level3=usable,graded,,true,0.623726,
img_00847,bad,consensus=bad;level1=bad;level2=usable;level3=bad,graded,,false,0.166824,
img_00850,usable,consensus=usable;level1=good;level2=usable;level3=usable,graded,,true,0.654844,
img_00851,usable,consensus=usable;level1=usable;level2=usable;level3=usable,graded,,true,0.549493,
img_00852,usable,consensus=usable;level1=good;level2=usable;level3=usable,graded,,true,0.639506,
img_00853,usable,consensus=usable;level1=usable;level2=usable;level3=usable,graded,,false,0.480843,
img_00854,usable,consensus=usable;level1=good;level2=usable;level3=usable,graded,,true,0.525043,
img_00855,usable,consensus=usable;level1=good;level2=usable;level3=usable,graded,,true,0.762069,
img_00856,bad,consensus=bad;level1=bad;level2=bad;level3=bad,graded,,false,0.080146,
img_00857,bad,consensus=bad;level1=bad;level2=bad;level3=bad,graded,,false,0.172438,
img_00858,usable,consensus=usable;level1=usable;level2=usable;level3=bad,graded,,false,0.330985,
img_00859,bad,consensus=bad;level1=bad;level2=usable;level3=bad,graded,,false,0.061726,
img_00860,usable,consensus=usable;level1=usable;level2=usable;level3=bad,graded,,false,0.426894,
img_00861,bad,consensus=bad;level1=bad;level2=bad;level3=bad,graded,,false,0.011445,
img_00862,bad,consensus=bad;level1=bad;level2=usable;level3=bad,graded,,false,0.215704,
img_00863,usable,consensus=usable;level1=good;level2=usable;level3=usable,graded,,true,0.661644,
img_00864,good,consensus=good;level1=good;level2=good;level3=usable,graded,,true,0.756496,
img_00867,bad,consensus=bad;level1=bad;level2=bad;level3=bad,graded,,false,0.082339,
img_00868,bad,consensus=bad;level1=bad;level2=bad;level3=bad,graded,,false,0.167988,
img_00870,bad,consensus=bad;level1=bad;level2=bad;level3=bad,graded,,false,0.154650,
img_00873,usable,consensus=usable;level1=usable;level2=usable;level3=bad,graded,,false,0.479765,
img_00874,bad,consensus=bad;level1=bad;level2=usable;level3=bad,graded,,false,0.304858,
img_00875,bad,consensus=bad;level1=usable;level2=bad;level3=bad,graded,,false,0.133176,
img_00876,usable,consensus=usable;level1=usable;level2=usable;level3=bad,graded,,false,0.445173,
img_00877,usable,consensus=usable;level1=usable;level2=usable;level3=bad,graded,,false,0.266552,
img_00878,good,consensus=good;level1=good;level2=good;level3=usable,graded,,true,0.708754,
img_00879,usable,consensus=usable;level1=usable;level2=usable;level3=usable,graded,,false,0.379914,
img_00880,good,consensus=good;level1=good;level2=good;level3=usable,graded,,true,0.802371,
img_00881,good,consensus=good;level1=good;level2=good;level3=good,graded,,true,0.827587,
img_00882,usable,consensus=usable;level1=usable;level2=usable;level3=bad,graded,,false,0.399998,
img_00883,usable,consensus=usable;level1=usable;level2=usable;level3=bad,graded,,false,0.454721,
img_00884,bad,consensus=bad;level1=bad;level2=bad;level3=bad,graded,,false,0.049429,
img_00885,bad,consensus=bad;level1=bad;level2=bad;level3=bad,graded,,false,0.009246,
img_00886,usable,consensus=usable;level1=good;level2=usable;level3=usable,graded,,true,0.608378,
img_00887,bad,consensus=bad;level1=usable;level2=bad;level3=bad,graded,,false,0.171574,
img_00888,bad,consensus=bad;level1=bad;level2=bad;level3=bad,graded,,false,0.241319,
img_00889,bad,consensus=bad;level1=bad;level2=bad;level3=bad,graded,,false,0.176890,
img_00890,bad,consensus=bad;level1=bad;level2=bad;level3=usable,graded,,false,0.228373,
img_00891,usable,consensus=usable;level1=usable;level2=usable;level3=bad,graded,,false,0.280550,
img_00892,good,consensus=good;level1=good;level2=good;level3=good,graded,,true,0.872311,
img_00893,good,consensus=good;level1=good;level2=good;level3=good,graded,,true,0.868259,
img_00900,good,consensus=good;level1=good;level2=good;level3=good,graded,,true,0.813547,
img_00903,good,consensus=good;level1=good;level2=good;level3=good,graded,,true,0.836535,
img_00908,good,consensus=good;level1=good;level2=good;level3=good,graded,,true,0.881749,
img_00912,good,consensus=good;level1=good;level2=good;level3=good,graded,,true,0.843702,
img_00913,good,consensus=good;level1=good;level2=good;level3=good,graded,,true,0.859014,
img_00914,good,consensus=good;level1=good;level2=good;level3=good,graded,,true,0.856392,
img_00915,good,consensus=good;level1=good;level2=good;level3=good,graded,,true,0.803511,
img_00917,good,consensus=good;level1=good;level2=good;level3=good,graded,,true,0.728190,
img_00918,usable,consensus=usable;level1=good;level2=usable;level3=usable,graded,,false,0.260521,
img_00919,bad,consensus=bad;level1=bad;level2=bad;level3=bad,graded,,false,0.002801,
img_00923,bad,consensus=bad;level1=bad;level2=bad;level3=bad,graded,,false,0.013948,
img_00924,bad,consensus=bad;level1=bad;level2=bad;level3=bad,graded,,false,0.008515,
img_00928,good,consensus=good;level1=good;level2=good;level3=good,graded,,true,0.701584,
img_00929,good,consensus=good;level1=good;level2=good;level3=good,graded,,true,0.733455,
img_00932,usable,consensus=usable;level1=good;level2=usable;level3=usable,graded,,false,0.427058,
img_00933,usable,consensus=usable;level1=good;level2=usable;level3=usable,graded,,true,0.563899,
img_00934,good,consensus=good;level1=good;level2=good;level3=good,graded,,true,0.579346,
img_00935,good,consensus=good;level1=good;level2=good;level3=good,graded,,true,0.629237,
img_00936,bad,consensus=bad;level1=bad;level2=bad;level3=bad,graded,,false,0.027709,
img_00938,good,consensus=good;level1=good;level2=good;level3=good,graded,,true,0.746512,
img_00939,usable,consensus=usable;level1=usable;level2=good;level3=usable,graded,,true,0.677118,
img_00940,good,consensus=good;level1=good;level2=good;level3=good,graded,,true,0.705870,
img_00941,good,consensus=good;level1=good;level2=good;level3=good,graded,,true,0.697997,
img_00942,bad,consensus=bad;level1=bad;level2=bad;level3=bad,graded,,false,0.005325,
img_00946,usable,consensus=usable;level1=usable;level2=good;level3=usable,graded,,true,0.671434,
img_00948,usable,consensus=usable;level1=good;level2=usable;level3=usable,graded,,true,0.656280,
img_00950,bad,consensus=bad;level1=usable;level2=bad;level3=bad,graded,,false,0.128893,
img_00951,usable,consensus=usable;level1=usable;level2=bad;level3=usable,graded,,false,0.197220,
img_00952,usable,consensus=usable;level1=usable;level2=usable;level3=usable,graded,,false,0.473671,
img_00953,bad,consensus=bad;level1=usable;level2=bad;level3=bad,graded,,false,0.184611,
img_00955,bad,consensus=bad;level1=bad;level2=bad;level3=bad,graded,,false,0.019165,
img_00956,usable,consensus=usable;level1=good;level2=usable;level3=usable,graded,,true,0.674139,
img_00957,bad,consensus=bad;level1=bad;level2=bad;level3=usable,graded,,false,0.180368,
img_00958,bad,consensus=bad;level1=bad;level2=bad;level3=bad,graded,,false,0.269413,
img_00959,bad,consensus=bad;level1=usable;level2=bad;level3=bad,graded,,true,0.503197,
img_00960,usable,consensus=usable;level1=good;level2=usable;level3=usable,graded,,true,0.602149,
img_00961,bad,consensus=bad;level1=usable;level2=bad;level3=bad,graded,,false,0.354865,
img_00962,usable,consensus=usable;level1=good;level2=usable;level3=usable,graded,,true,0.697552,
img_00963,usable,consensus=usable;level1=good;level2=usable;level3=usable,graded,,false,0.393309,
img_00964,usable,consensus=usable;level1=usable;level2=usable;level3=bad,graded,,false,0.234394,
img_00965,usable,consensus=usable;level1=usable;level2=usable;level3=bad,graded,,false,0.267818,
img_00966,good,consensus=good;level1=good;level2=good;level3=good,graded,,true,0.730835,
img_00967,usable,consensus=usable;level1=usable;level2=good;level3=usable,graded,,true,0.686491,
img_00968,usable,consensus=usable;level1=usable;level2=good;level3=usable,graded,,true,0.568300,
img_00969,good,consensus=good;level1=good;level2=good;level3=usable,graded,,true,0.629329,
img_00970,good,consensus=good;level1=good;level2=good;level3=usable,graded,,true,0.559332,
img_00971,bad,consensus=bad;level1=bad;level2=usable;level3=bad,graded,,false,0.292670,
img_00972,usable,consensus=usable;level1=usable;level2=usable;level3=usable,graded,,true,0.769558,
img_00973,bad,consensus=bad;level1=bad;level2=usable;level3=bad,graded,,false,0.225516,
img_00974,bad,consensus=bad;level1=bad;level2=usable;level3=bad,graded,,false,0.214342,
img_00975,usable,consensus=usable;level1=usable;level2=usable;level3=bad,graded,,false,0.466927,
img_00976,bad,consensus=bad;level1=bad;level2=bad;level3=bad,graded,,false,0.091645,
img_00977,bad,consensus=bad;level1=bad;level2=usable;level3=bad,graded,,false,0.356009,
img_00978,bad,consensus=bad;level1=bad;level2=bad;level3=bad,graded,,false,0.143903,
img_00983,bad,consensus=bad;level1=bad;level2=usable;level3=bad,graded,,false,0.156250,
img_00984,usable,consensus=usable;level1=usable;level2=usable;level3=bad,graded,,false,0.115302,
img_00985,bad,consensus=bad;level1=bad;level2=usable;level3=bad,graded,,false,0.085695,
img_00986,good,consensus=good;level1=good;level2=good;level3=good,graded,,true,0.813159,
img_00987,good,consensus=good;level1=good;level2=good;level3=good,graded,,true,0.780986,
img_00988,usable,consensus=usable;level1=good;level2=usable;level3=usable,graded,,true,0.564759,
img_00990,good,consensus=good;level1=good;level2=good;level3=usable,graded,,true,0.794296,
img_00991,good,consensus=good;level1=good;level2=good;level3=usable,graded,,true,0.730948,
img_00992,good,consensus=good;level1=good;level2=good;level3=good,graded,,true,0.745092,
img_00993,good,consensus=good;level1=good;level2=good;level3=good,graded,,true,0.653731,
img_00995,usable,consensus=usable;level1=usable;level2=good;level3=usable,graded,,true,0.589565,
img_00996,good,consensus=good;level1=good;level2=good;level3=good,graded,,true,0.678105,
img_00997,good,consensus=good;level1=good;level2=good;level3=good,graded,,true,0.837367,
img_00998,good,consensus=good;level1=good;level2=good;level3=good,graded,,true,0.840075,
img_00999,good,consensus=good;level1=good;level2=good;level3=usable,graded,,true,0.564646,
img_01000,good,consensus=good;level1=good;level2=good;level3=usable,graded,,false,0.426236,
img_01001,good,consensus=good;level1=good;level2=good;level3=usable,graded,,true,0.685676,
img_01002,usable,consensus=usable;level1=usable;level2=usable;level3=bad,graded,,false,0.286910,
img_01003,bad,consensus=bad;level1=bad;level2=usable;level3=bad,graded,,false,0.088171,
img_01005,bad,consensus=bad;level1=bad;level2=bad;level3=bad,graded,,false,0.060909,
img_01007,bad,consensus=bad;level1=bad;level2=bad;level3=bad,graded,,false,0.032221,
img_01009,usable,consensus=usable;level1=usable;level2=usable;level3=usable,graded,,true,0.719416,
img_01010,usable,consensus=usable;level1=good;level2=usable;level3=usable,graded,,true,0.674279,
img_01011,usable,consensus=usable;level1=good;level2=usable;level3=usable,graded,,false,0.291481,
img_01012,usable,consensus=usable;level1=good;level2=usable;level3=usable,graded,,false,0.378944,
img_01013,usable,consensus=usable;level1=usable;level2=usable;level3=bad,graded,,false,0.262154,
img_01016,usable,consensus=usable;level1=good;level2=usable;level3=usable,graded,,true,0.716662,
img_01017,good,consensus=good;level1=good;level2=usable;level3=good,graded,,true,0.789385,
img_01018,usable,consensus=usable;level1=usable;level2=usable;level3=usable,graded,,true,0.737705,
img_01019,good,consensus=good;level1=good;level2=good;level3=usable,graded,,true,0.823768,
img_01020,bad,consensus=bad;level1=bad;level2=bad;level3=bad,graded,,false,0.350706,
img_01021,bad,consensus=bad;level1=bad;level2=bad;level3=bad,graded,,false,0.305379,
img_01022,bad,consensus=bad;level1=bad;level2=bad;level3=bad,graded,,false,0.167462,
img_01023,bad,consensus=bad;level1=usable;level2=bad;level3=bad,graded,,true,0.619356,
img_01024,usable,consensus=usable;level1=usable;level2=usable;level3=bad,graded,,false,0.449602,
img_01025,bad,consensus=bad;level1=usable;level2=bad;level3=bad,graded,,false,0.103303,
img_01026,good,consensus=good;level1=good;level2=good;level3=usable,graded,,true,0.745438,
img_01027,good,consensus=good;level1=good;level2=good;level3=usable,graded,,true,0.592370,
img_01028,usable,consensus=usable;level1=usable;level2=good;level3=usable,graded,,true,0.699926,
img_01029,usable,consensus=usable;level1=good;level2=usable;level3=usable,graded,,false,0.431778,
img_01030,good,consensus=good;level1=good;level2=usable;level3=good,graded,,true,0.623148,
img_01032,bad,consensus=bad;level1=usable;level2=bad;level3=bad,graded,,false,0.419851,
img_01033,bad,consensus=bad;level1=bad;level2=usable;level3=bad,graded,,false,0.061152,
img_01034,bad,consensus=bad;level1=bad;level2=usable;level3=bad,graded,,false,0.310946,
img_01036,usable,consensus=usable;level1=usable;level2=usable;level3=bad,graded,,true,0.542678,
img_01037,usable,consensus=usable;level1=usable;level2=usable;level3=bad,graded,,false,0.494761,
img_01038,bad,consensus=bad;level1=bad;level2=usable;level3=bad,graded,,false,0.120263,
img_01039,bad,consensus=bad;level1=bad;level2=bad;level3=bad,graded,,false,0.138655,
img_01040,bad,consensus=bad;level1=usable;level2=bad;level3=bad,graded,,false,0.380600,
img_01041,bad,consensus=bad;level1=usable;level2=bad;level3=bad,graded,,false,0.147827,
img_01042,bad,consensus=bad;level1=usable;level2=bad;level3=bad,graded,,false,0.164483,
img_01043,usable,consensus=usable;level1=good;level2=usable;level3=usable,graded,,true,0.616011,
img_01044,good,consensus=good;level1=good;level2=good;level3=usable,graded,,true,0.580998,
img_01045,bad,consensus=bad;level1=bad;level2=usable;level3=bad,graded,,false,0.211118,
img_01046,good,consensus=good;level1=good;level2=good;level3=good,graded,,true,0.747779,
img_01047,good,consensus=good;level1=good;level2=good;level3=good,graded,,true,0.839048,
img_01048,usable,consensus=usable;level1=usable;level2=usable;level3=bad,graded,,false,0.317107,
img_01049,usable,consensus=usable;level1=usable;level2=usable;level3=bad,graded,,false,0.344039,
img_01050,bad,consensus=bad;level1=usable;level2=bad;level3=bad,graded,,false,0.199203,
img_01052,good,consensus=good;level1=good;level2=good;level3=usable,graded,,true,0.752515,
img_01053,usable,consensus=usable;level1=usable;level2=usable;level3=bad,graded,,true,0.770082,
img_01054,bad,consensus=bad;level1=bad;level2=usable;level3=bad,graded,,false,0.121782,
img_01055,bad,consensus=bad;level1=bad;level2=usable;level3=bad,graded,,false,0.074632,
img_01056,bad,consensus=bad;level1=bad;level2=bad;level3=bad,graded,,false,0.022403,
img_01057,bad,consensus=bad;level1=bad;level2=bad;level3=bad,graded,,false,0.196741,
img_01058,usable,consensus=usable;level1=usable;level2=usable;level3=bad,graded,,false,0.256222,
img_01059,usable,consensus=usable;level1=usable;level2=usable;level3=usable,graded,,true,0.524966,
img_01060,usable,consensus=usable;level1=usable;level2=usable;level3=usable,graded,,true,0.503307,
img_01063,good,consensus=good;level1=good;level2=good;level3=good,graded,,true,0.848306,
img_01064,good,consensus=good;level1=usable;level2=good;level3=good,graded,,true,0.869657,
img_01066,bad,consensus=bad;level1=bad;level2=usable;level3=bad,graded,,false,0.037205,
img_01067,bad,consensus=bad;level1=bad;level2=bad;level3=bad,graded,,false,0.003191,
img_01068,bad,consensus=bad;level1=bad;level2=bad;level3=bad,graded,,false,0.064899,
img_01069,bad,consensus=bad;level1=bad;level2=bad;level3=bad,graded,,false,0.028522,
img_01070,bad,consensus=bad;level1=bad;level2=bad;level3=bad,graded,,false,0.038329,
img_01072,bad,consensus=bad;level1=bad;level2=bad;level3=bad,graded,,false,0.004514,
img_01073,bad,consensus=bad;level1=bad;level2=bad;level3=bad,graded,,false,0.208206,
img_01074,bad,consensus=bad;level1=bad;level2=bad;level3=bad,graded,,false,0.256522,
img_01077,bad,consensus=bad;level1=bad;level2=bad;level3=bad,graded,,false,0.070613,
img_01078,bad,consensus=bad;level1=bad;level2=bad;level3=bad,graded,,false,0.157571,
img_01079,bad,consensus=bad;level1=bad;level2=bad;level3=bad,graded,,false,0.019912,
img_01080,bad,consensus=bad;level1=bad;level2=bad;level3=bad,graded,,false,0.036429,
img_01081,bad,consensus=bad;level1=bad;level2=bad;level3=bad,graded,,true,0.593348,
img_01082,usable,consensus=usable;level1=usable;level2=usable;level3=usable,graded,,true,0.705383,
img_01083,usable,consensus=usable;level1=usable;level2=usable;level3=usable,graded,,false,0.337465,
img_01084,usable,consensus=usable;level1=good;level2=usable;level3=usable,graded,,true,0.754685,
img_01085,usable,consensus=usable;level1=good;level2=usable;level3=usable,graded,,false,0.487585,
img_01086,bad,consensus=bad;level1=bad;level2=bad;level3=bad,graded,,false,0.011349,
img_01087,bad,consensus=bad;level1=bad;level2=bad;level3=bad,graded,,false,0.015055,
img_01092,usable,consensus=usable;level1=good;level2=usable;level3=usable,graded,,true,0.613345,
img_01093,usable,consensus=usable;level1=usable;level2=usable;level3=bad,graded,,false,0.202962,
img_01094,usable,consensus=usable;level1=usable;level2=good;level3=usable,graded,,false,0.426516,
img_01095,usable,consensus=usable;level1=usable;level2=usable;level3=bad,graded,,false,0.336201,
img_01096,bad,consensus=bad;level1=bad;level2=bad;level3=bad,graded,,false,0.007349,
img_01097,bad,consensus=bad;level1=usable;level2=bad;level3=bad,graded,,false,0.292844,
img_01098,usable,consensus=usable;level1=good;level2=usable;level3=usable,graded,,true,0.662969,
img_01099,usable,consensus=usable;level1=good;level2=usable;level3=usable,graded,,true,0.692486,
img_01100,good,consensus=good;level1=good;level2=usable;level3=good,graded,,true,0.807810,
img_01101,bad,consensus=bad;level1=bad;level2=bad;level3=bad,graded,,false,0.001165,
img_01104,bad,consensus=bad;level1=bad;level2=bad;level3=usable,graded,,false,0.060198,
img_01105,bad,consensus=bad;level1=bad;level2=bad;level3=bad,graded,,false,0.028834,
img_01106,good,consensus=good;level1=good;level2=good;level3=usable,graded,,true,0.604570,
img_01107,good,consensus=good;level1=good;level2=good;level3=good,graded,,true,0.736213,
img_01108,good,consensus=good;level1=good;level2=usable;level3=good,graded,,true,0.847980,
img_01110,bad,consensus=bad;level1=bad;level2=bad;level3=bad,graded,,false,0.033969,
img_01111,usable,consensus=usable;level1=usable;level2=usable;level3=bad,graded,,true,0.642265,
img_01112,bad,consensus=bad;level1=bad;level2=bad;level3=bad,graded,,false,0.058024,
img_01113,good,consensus=good;level1=good;level2=good;level3=good,graded,,true,0.685956,
img_01114,usable,consensus=usable;level1=usable;level2=usable;level3=usable,graded,,true,0.648735,
img_01115,bad,consensus=bad;level1=bad;level2=bad;level3=bad,graded,,false,0.032188,
img_01116,bad,consensus=bad;level1=bad;level2=bad;level3=bad,graded,,false,0.104140,
img_01117,good,consensus=good;level1=good;level2=good;level3=good,graded,,true,0.801487,
img_01118,good,consensus=good;level1=good;level2=good;level3=good,graded,,true,0.711396,
img_01120,good,consensus=good;level1=good;level2=good;level3=good,graded,,true,0.823196,
img_01121,good,consensus=good;level1=good;level2=good;level3=good,graded,,true,0.764113,
img_01122,good,consensus=good;level1=good;level2=good;level3=good,graded,,true,0.819343,
img_01123,good,consensus=good;level1=good;level2=good;level3=good,graded,,true,0.859762,
img_01125,bad,consensus=bad;level1=bad;level2=bad;level3=bad,graded,,false,0.006346,
img_01126,bad,consensus=bad;level1=bad;level2=bad;level3=bad,graded,,false,0.050469,
img_01127,bad,consensus=bad;level1=bad;level2=bad;level3=bad,graded,,false,0.044085,
img_01130,usable,consensus=usable;level1=usable;level2=usable;level3=bad,graded,,false,0.498930,
img_01131,bad,consensus=bad;level1=bad;level2=bad;level3=bad,graded,,false,0.024031,
img_01132,bad,consensus=bad;level1=bad;level2=bad;level3=bad,graded,,false,0.098189,
img_01133,bad,consensus=bad;level1=bad;level2=bad;level3=bad,graded,,false,0.070303,
img_01134,bad,consensus=bad;level1=bad;level2=bad;level3=bad,graded,,false,0.042436,
img_01135,bad,consensus=bad;level1=bad;level2=bad;level3=bad,graded,,false,0.004381,
img_01136,usable,consensus=usable;level1=usable;level2=usable;level3=bad,graded,,true,0.782149,
img_01137,usable,consensus=usable;level1=usable;level2=good;level3=usable,graded,,true,0.597735,
img_01138,usable,consensus=usable;level1=usable;level2=usable;level3=bad,graded,,true,0.551780,
img_01139,bad,consensus=bad;level1=bad;level2=bad;level3=bad,graded,,false,0.306980,
img_01140,bad,consensus=bad;level1=bad;level2=bad;level3=bad,graded,,false,0.250976,
img_01141,bad,consensus=bad;level1=bad;level2=bad;level3=bad,graded,,false,0.406257,
img_01142,bad,consensus=bad;level1=bad;level2=bad;level3=bad,graded,,false,0.178740,
img_01143,usable,consensus=usable;level1=usable;level2=bad;level3=usable,graded,,false,0.130758,
img_01144,bad,consensus=bad;level1=bad;level2=bad;level3=bad,graded,,false,0.004054,
img_01145,usable,consensus=usable;level1=usable;level2=usable;level3=bad,graded,,false,0.122001,
img_01147,good,consensus=good;level1=good;level2=good;level3=usable,graded,,true,0.609258,
img_01148,good,consensus=good;level1=good;level2=good;level3=usable,graded,,true,0.776006,
img_01149,usable,consensus=usable;level1=usable;level2=usable;level3=usable,graded,,true,0.539994,
img_01150,bad,consensus=bad;level1=bad;level2=bad;level3=bad,graded,,false,0.073656,
img_01151,bad,consensus=bad;level1=bad;level2=bad;level3=bad,graded,,false,0.037203,
img_01152,usable,consensus=usable;level1=good;level2=usable;level3=usable,graded,,true,0.760130,
img_01153,usable,consensus=usable;level1=good;level2=usable;level3=usable,graded,,false,0.421988,
img_01154,good,consensus=good;level1=good;level2=good;level3=usable,graded,,true,0.724149,
img_01155,usable,consensus=usable;level1=usable;level2=good;level3=usable,graded,,true,0.700039,
img_01156,good,consensus=good;level1=good;level2=good;level3=usable,graded,,true,0.685071,
img_01157,good,consensus=good;level1=good;level2=good;level3=usable,graded,,true,0.624011,
img_01160,bad,consensus=bad;level1=bad;level2=bad;level3=bad,graded,,false,0.145061,
img_01161,bad,consensus=bad;level1=bad;level2=bad;level3=bad,graded,,false,0.079726,
img_01162,bad,consensus=bad;level1=bad;level2=bad;level3=bad,graded,,false,0.167199,
img_01164,bad,consensus=bad;level1=usable;level2=bad;level3=bad,graded,,true,0.615761,
img_01165,bad,consensus=bad;level1=bad;level2=bad;level3=bad,graded,,false,0.024074,
img_01167,bad,consensus=bad;level1=usable;level2=bad;level3=bad,graded,,true,0.607739,
img_01168,bad,consensus=bad;level1=bad;level2=bad;level3=bad,graded,,false,0.109429,
img_01169,bad,consensus=bad;level1=bad;level2=bad;level3=bad,graded,,false,0.068939,
img_01170,bad,consensus=bad;level1=bad;level2=bad;level3=bad,graded,,false,0.231805,
img_01171,bad,consensus=bad;level1=bad;level2=bad;level3=bad,graded,,false,0.093529,
img_01172,bad,consensus=bad;level1=bad;level2=bad;level3=bad,graded,,false,0.048377,
img_01175,bad,consensus=bad;level1=usable;level2=bad;level3=bad,graded,,false,0.279695,
img_01176,usable,consensus=usable;level1=usable;level2=good;level3=usable,graded,,false,0.494918,
img_01177,usable,consensus=usable;level1=usable;level2=usable;level3=bad,graded,,true,0.809148,
img_01178,usable,consensus=usable;level1=good;level2=usable;level3=usable,graded,,true,0.528531,
img_01179,usable,consensus=usable;level1=usable;level2=usable;level3=bad,graded,,false,0.367608,
img_01180,bad,consensus=bad;level1=usable;level2=bad;level3=bad,graded,,true,0.518521,
img_01181,usable,consensus=usable;level1=usable;level2=usable;level3=bad,graded,,true,0.551433,
img_01182,usable,consensus=usable;level1=usable;level2=usable;level3=bad,graded,,false,0.484714,
img_01183,usable,consensus=usable;level1=usable;level2=usable;level3=bad,graded,,false,0.378694,
img_01188,usable,consensus=usable;level1=usable;level2=usable;level3=usable,graded,,false,0.488138,
img_01189,bad,consensus=bad;level1=bad;level2=bad;level3=bad,graded,,false,0.212881,
img_01190,bad,consensus=bad;level1=bad;level2=usable;level3=bad,graded,,true,0.639133,
img_01191,usable,consensus=usable;level1=usable;level2=usable;level3=usable,graded,,true,0.728526,
img_01192,bad,consensus=bad;level1=bad;level2=bad;level3=bad,graded,,false,0.078515,
img_01193,bad,consensus=bad;level1=bad;level2=bad;level3=bad,graded,,false,0.011247,
img_01194,bad,consensus=bad;level1=usable;level2=bad;level3=bad,graded,,false,0.175040,
img_01195,bad,consensus=bad;level1=bad;level2=bad;level3=bad,graded,,false,0.081264,
img_01196,bad,consensus=bad;level1=bad;level2=bad;level3=bad,graded,,false,0.091020,
img_01197,good,consensus=good;level1=good;level2=good;level3=good,graded,,true,0.733966,
img_01198,good,consensus=good;level1=bad;level2=good;level3=good,graded,,true,0.810028,
img_01199,bad,consensus=bad;level1=usable;level2=bad;level3=bad,graded,,false,0.285766,
img_01207,bad,consensus=bad;level1=usable;level2=bad;level3=bad,graded,,false,0.230275,
img_01208,bad,consensus=bad;level1=bad;level2=bad;level3=bad,graded,,false,0.147440,
img_01209,usable,consensus=usable;level1=good;level2=usable;level3=usable,graded,,false,0.453184,
img_01210,bad,consensus=bad;level1=usable;level2=bad;level3=bad,graded,,false,0.078709,
img_01211,bad,consensus=bad;level1=usable;level2=bad;level3=bad,graded,,false,0.220826,
img_01212,bad,consensus=bad;level1=bad;level2=bad;level3=bad,graded,,false,0.109310,
img_01213,bad,consensus=bad;level1=usable;level2=bad;level3=bad,graded,,false,0.151032,
img_01217,good,consensus=good;level1=good;level2=usable;level3=good,graded,,true,0.820467,
img_01218,good,consensus=good;level1=good;level2=good;level3=good,graded,,true,0.781675,
img_01219,good,consensus=good;level1=good;level2=good;level3=good,graded,,true,0.760780,
img_01220,bad,consensus=bad;level1=bad;level2=bad;level3=bad,graded,,false,0.070208,
img_01221,bad,consensus=bad;level1=bad;level2=bad;level3=bad,graded,,false,0.078636,
img_01222,good,consensus=good;level1=good;level2=bad;level3=good,graded,,true,0.661323,
img_01223,good,consensus=good;level1=good;level2=good;level3=good,graded,,true,0.775853,
img_01224,bad,consensus=bad;level1=bad;level2=bad;level3=bad,graded,,false,0.115164,
img_01225,bad,consensus=bad;level1=bad;level2=bad;level3=bad,graded,,false,0.148746,
img_01226,bad,consensus=bad;level1=bad;level2=bad;level3=bad,graded,,false,0.044009,
img_01227,bad,consensus=bad;level1=bad;level2=bad;level3=bad,graded,,false,0.002089,
img_01229,bad,consensus=bad;level1=bad;level2=bad;level3=bad,graded,,false,0.197832,
img_01231,usable,consensus=usable;level1=usable;level2=bad;level3=usable,graded,,true,0.656190,
img_01233,usable,consensus=usable;level1=good;level2=usable;level3=usable,graded,,true,0.576339,
img_01234,good,consensus=good;level1=good;level2=good;level3=good,graded,,true,0.813342,
img_01235,bad,consensus=bad;level1=bad;level2=bad;level3=bad,graded,,false,0.031457,
img_01236,bad,consensus=bad;level1=bad;level2=bad;level3=bad,graded,,false,0.014052,
img_01237,bad,consensus=bad;level1=bad;level2=bad;level3=bad,graded,,false,0.024913,
img_01238,bad,consensus=bad;level1=usable;level2=bad;level3=bad,graded,,false,0.063061,
img_01239,bad,consensus=bad;level1=usable;level2=bad;level3=bad,graded,,false,0.148165,
img_01240,bad,consensus=bad;level1=bad;level2=bad;level3=bad,graded,,false,0.209511,
img_01241,bad,consensus=bad;level1=bad;level2=bad;level3=bad,graded,,false,0.221144,
img_01242,usable,consensus=usable;level1=usable;level2=usable;level3=usable,graded,,false,0.476489,
img_01243,usable,consensus=usable;level1=usable;level2=usable;level3=bad,graded,,false,0.470906,
img_01244,usable,consensus=usable;level1=usable;level2=usable;level3=usable,graded,,false,0.247940,
img_01245,usable,consensus=usable;level1=usable;level2=usable;level3=usable,graded,,false,0.190907,
img_01246,bad,consensus=bad;level1=usable;level2=bad;level3=bad,graded,,false,0.136939,
img_01247,bad,consensus=bad;level1=bad;level2=bad;level3=bad,graded,,false,0.192161,
img_01248,bad,consensus=bad;level1=bad;level2=bad;level3=bad,graded,,false,0.018094,
img_01250,good,consensus=good;level1=good;level2=good;level3=usable,graded,,true,0.588259,
img_01251,good,consensus=good;level1=good;level2=good;level3=usable,graded,,true,0.534797,
img_01252,bad,consensus=bad;level1=bad;level2=bad;level3=bad,graded,,false,0.056491,
img_01253,usable,consensus=usable;level1=usable;level2=usable;level3=bad,graded,,false,0.416255,
img_01254,bad,consensus=bad;level1=bad;level2=usable;level3=bad,graded,,false,0.075312,
img_01255,good,consensus=good;level1=good;level2=good;level3=good,graded,,true,0.577555,
img_01256,usable,consensus=usable;level1=usable;level2=good;level3=usable,graded,,true,0.550772,
img_01257,bad,consensus=bad;level1=bad;level2=bad;level3=bad,graded,,false,0.171787,
img_01258,bad,consensus=bad;level1=bad;level2=bad;level3=bad,graded,,false,0.229574,
img_01259,good,consensus=good;level1=good;level2=good;level3=good,graded,,true,0.805086,
img_01260,bad,consensus=bad;level1=bad;level2=usable;level3=bad,graded,,false,0.239141,
img_01261,usable,consensus=usable;level1=usable;level2=usable;level3=usable,graded,,false,0.397819,
img_01262,bad,consensus=bad;level1=bad;level2=bad;level3=bad,graded,,false,0.046906,
img_01263,bad,consensus=bad;level1=bad;level2=bad;level3=bad,graded,,false,0.099716,
img_01264,bad,consensus=bad;level1=usable;level2=bad;level3=bad,graded,,false,0.457755,
img_01265,usable,consensus=usable;level1=usable;level2=usable;level3=bad,graded,,true,0.528634,
img_01266,usable,consensus=usable;level1=good;level2=usable;level3=usable,graded,,true,0.656074,
img_01267,usable,consensus=usable;level1=usable;level2=usable;level3=bad,graded,,false,0.415900,
img_01268,good,consensus=good;level1=good;level2=good;level3=good,graded,,true,0.758081,
img_01269,usable,consensus=usable;level1=good;level2=usable;level3=usable,graded,,true,0.569839,
img_01270,usable,consensus=usable;level1=usable;level2=usable;level3=bad,graded,,false,0.407780,
img_01271,usable,consensus=usable;level1=usable;level2=usable;level3=usable,graded,,false,0.219846,
img_01272,bad,consensus=bad;level1=bad;level2=bad;level3=bad,graded,,false,0.148086,
img_01273,bad,consensus=bad;level1=bad;level2=bad;level3=bad,graded,,false,0.060256,
img_01274,good,consensus=good;level1=good;level2=good;level3=good,graded,,true,0.604556,
img_01275,bad,consensus=bad;level1=usable;level2=bad;level3=bad,graded,,false,0.314426,
img_01276,usable,consensus=usable;level1=usable;level2=usable;level3=usable,graded,,false,0.455442,
img_01277,usable,consensus=usable;level1=usable;level2=usable;level3=bad,graded,,false,0.300985,
img_01278,bad,consensus=bad;level1=bad;level2=bad;level3=bad,graded,,false,0.039098,
img_01279,bad,consensus=bad;level1=bad;level2=bad;level3=bad,graded,,false,0.034011,
img_01280,bad,consensus=bad;level1=bad;level2=bad;level3=bad,graded,,false,0.176190,
img_01281,bad,consensus=bad;level1=bad;level2=bad;level3=bad,graded,,false,0.175385,
img_01282,usable,consensus=usable;level1=usable;level2=good;level3=usable,graded,,true,0.770339,
img_01283,good,consensus=good;level1=good;level2=good;level3=usable,graded,,true,0.686187,
img_01284,bad,consensus=bad;level1=usable;level2=bad;level3=bad,graded,,false,0.122276,
img_01285,bad,consensus=bad;level1=bad;level2=bad;level3=bad,graded,,false,0.042831,
img_01286,good,consensus=good;level1=good;level2=good;level3=good,graded,,true,0.758012,
img_01287,good,consensus=good;level1=good;level2=good;level3=good,graded,,true,0.726493,
img_01288,bad,consensus=bad;level1=bad;level2=bad;level3=bad,graded,,false,0.122064,
img_01289,bad,consensus=bad;level1=usable;level2=bad;level3=bad,graded,,false,0.043150,
img_01290,good,consensus=good;level1=good;level2=good;level3=usable,graded,,true,0.696876,
img_01292,good,consensus=good;level1=good;level2=good;level3=good,graded,,true,0.842288,
img_01293,usable,consensus=usable;level1=good;level2=usable;level3=usable,graded,,true,0.662191,
img_01294,bad,consensus=bad;level1=bad;level2=bad;level3=bad,graded,,false,0.002081,
img_01295,usable,consensus=usable;level1=usable;level2=usable;level3=bad,graded,,true,0.662062,
img_01296,usable,consensus=usable;level1=usable;level2=usable;level3=bad,graded,,true,0.704112,
img_01297,good,consensus=good;level1=good;level2=good;level3=usable,graded,,true,0.794244,
img_01298,good,consensus=good;level1=good;level2=good;level3=good,graded,,true,0.794807,
img_01299,usable,consensus=usable;level1=usable;level2=usable;level3=bad,graded,,false,0.301869,
img_01333,bad,consensus=bad;level1=bad;level2=bad;level3=usable,graded,,false,0.101010,
img_01338,bad,consensus=bad;level1=bad;level2=bad;level3=bad,graded,,false,0.014129,
img_01351,usable,consensus=usable;level1=usable;level2=usable;level3=bad,graded,,false,0.412894,
img_01352,usable,consensus=usable;level1=usable;level2=usable;level3=bad,graded,,false,0.312607,
img_01353,usable,consensus=usable;level1=usable;level2=usable;level3=bad,graded,,false,0.413520,
img_01354,usable,consensus=usable;level1=usable;level2=usable;level3=bad,graded,,false,0.436743,
img_01355,good,consensus=good;level1=good;level2=good;level3=usable,graded,,true,0.550886,
img_01356,bad,consensus=bad;level1=usable;level2=bad;level3=bad,graded,,false,0.083525,
img_01357,good,consensus=good;level1=good;level2=usable;level3=good,graded,,true,0.807760,
img_01360,usable,consensus=usable;level1=good;level2=usable;level3=usable,graded,,true,0.638462,
img_01361,usable,consensus=usable;level1=usable;level2=usable;level3=usable,graded,,false,0.366427,
img_01362,good,consensus=good;level1=good;level2=good;level3=usable,graded,,true,0.643843,
img_01363,good,consensus=good;level1=good;level2=good;level3=usable,graded,,false,0.455946,
img_01364,bad,consensus=bad;level1=bad;level2=bad;level3=usable,graded,,false,0.373507,
img_01365,bad,consensus=bad;level1=bad;level2=bad;level3=bad,graded,,false,0.109637,
img_01366,bad,consensus=bad;level1=bad;level2=bad;level3=bad,graded,,false,0.491491,
img_01368,usable,consensus=usable;level1=usable;level2=bad;level3=usable,graded,,false,0.198483,
img_01370,usable,consensus=usable;level1=usable;level2=usable;level3=usable,graded,,false,0.170334,
img_01371,bad,consensus=bad;level1=bad;level2=bad;level3=bad,graded,,false,0.028592,
img_01372,usable,consensus=usable;level1=usable;level2=usable;level3=bad,graded,,true,0.626439,
img_01373,usable,consensus=usable;level1=usable;level2=usable;level3=bad,graded,,true,0.504166,
img_01376,bad,consensus=bad;level1=bad;level2=bad;level3=bad,graded,,false,0.052115,
img_01377,bad,consensus=bad;level1=bad;level2=bad;level3=bad,graded,,false,0.023750,
img_01378,good,consensus=good;level1=good;level2=usable;level3=good,graded,,true,0.640867,
img_01379,usable,consensus=usable;level1=good;level2=usable;level3=usable,graded,,true,0.548201,
img_01380,usable,consensus=usable;level1=good;level2=usable;level3=usable,graded,,true,0.762304,
img_01381,usable,consensus=usable;level1=good;level2=usable;level3=usable,graded,,true,0.642542,
img_01382,bad,consensus=bad;level1=usable;level2=bad;level3=bad,graded,,false,0.260026,
img_01383,usable,consensus=usable;level1=good;level2=usable;level3=usable,graded,,true,0.685125,
img_01384,usable,consensus=usable;level1=usable;level2=good;level3=usable,graded,,true,0.733713,
img_01385,usable,consensus=usable;level1=usable;level2=usable;level3=bad,graded,,true,0.673965,
img_01386,usable,consensus=usable;level1=usable;level2=bad;level3=usable,graded,,true,0.565789,
img_01387,usable,consensus=usable;level1=usable;level2=bad;level3=usable,graded,,true,0.526814,
img_01388,bad,consensus=bad;level1=bad;level2=bad;level3=bad,graded,,false,0.124453,
img_01389,bad,consensus=bad;level1=usable;level2=bad;level3=bad,graded,,false,0.328442,
img_01390,usable,consensus=usable;level1=good;level2=usable;level3=usable,graded,,true,0.757225,
img_01391,usable,consensus=usable;level1=good;level2=usable;level3=usable,graded,,true,0.755296,
img_01393,usable,consensus=usable;level1=good;level2=usable;level3=usable,graded,,true,0.822556,
img_01394,bad,consensus=bad;level1=bad;level2=bad;level3=bad,graded,,false,0.219867,
img_01395,bad,consensus=bad;level1=bad;level2=bad;level3=bad,graded,,false,0.400211,
img_01396,bad,consensus=bad;level1=bad;level2=bad;level3=bad,graded,,false,0.333255,
img_01397,bad,consensus=bad;level1=bad;level2=bad;level3=bad,graded,,true,0.655654,
img_01398,bad,consensus=bad;level1=usable;level2=bad;level3=bad,graded,,true,0.674225,
img_01399,bad,consensus=bad;level1=bad;level2=usable;level3=bad,graded,,false,0.280072,
img_01400,bad,consensus=bad;level1=bad;level2=bad;level3=bad,graded,,true,0.517041,
img_01401,bad,consensus=bad;level1=bad;level2=bad;level3=bad,graded,,false,0.485726,
img_01402,good,consensus=good;level1=good;level2=good;level3=good,graded,,true,0.707749,
img_01403,good,consensus=good;level1=good;level2=good;level3=good,graded,,true,0.700838,
img_01404,good,consensus=good;level1=good;level2=good;level3=good,graded,,true,0.728309,
img_01405,usable,consensus=usable;level1=good;level2=usable;level3=usable,graded,,true,0.659812,
img_01406,bad,consensus=bad;level1=bad;level2=bad;level3=bad,graded,,false,0.243232,
img_01407,good,consensus=good;level1=good;level2=usable;level3=good,graded,,true,0.709154,
img_01408,usable,consensus=usable;level1=usable;level2=usable;level3=usable,graded,,true,0.550179,
img_01409,good,consensus=good;level1=good;level2=good;level3=good,graded,,true,0.757218,
img_01410,usable,consensus=usable;level1=usable;level2=good;level3=usable,graded,,true,0.677774,
img_01411,usable,consensus=usable;level1=usable;level2=usable;level3=usable,graded,,false,0.441436,
img_01413,bad,consensus=bad;level1=bad;level2=bad;level3=bad,graded,,false,0.074776,
img_01414,usable,consensus=usable;level1=usable;level2=usable;level3=usable,graded,,true,0.581600,
img_01415,good,consensus=good;level1=usable;level2=good;level3=good,graded,,false,0.227726,
img_01416,bad,consensus=bad;level1=bad;level2=bad;level3=bad,graded,,false,0.033047,
img_01417,bad,consensus=bad;level1=bad;level2=bad;level3=bad,graded,,false,0.015899,
img_01418,usable,consensus=usable;level1=usable;level2=usable;level3=bad,graded,,false,0.362050,
img_01419,bad,consensus=bad;level1=bad;level2=bad;level3=bad,graded,,false,0.057638,
img_01420,bad,consensus=bad;level1=bad;level2=bad;level3=bad,graded,,false,0.035766,
img_01421,bad,consensus=bad;level1=bad;level2=bad;level3=bad,graded,,false,0.235395,
img_01422,bad,consensus=bad;level1=usable;level2=bad;level3=bad,graded,,false,0.200364,
img_01426,usable,consensus=usable;level1=usable;level2=bad;level3=usable,graded,,false,0.420225,
img_01427,good,consensus=good;level1=good;level2=bad;level3=good,graded,,true,0.705566,
img_01428,usable,consensus=usable;level1=usable;level2=usable;level3=usable,graded,,true,0.504299,
img_01429,bad,consensus=bad;level1=usable;level2=bad;level3=bad,graded,,false,0.347788,
img_01430,bad,consensus=bad;level1=usable;level2=bad;level3=bad,graded,,false,0.231616,
img_01431,usable,consensus=usable;level1=usable;level2=usable;level3=bad,graded,,false,0.374379,
img_01432,usable,consensus=usable;level1=usable;level2=usable;level3=bad,graded,,false,0.480898,
img_01433,bad,consensus=bad;level1=bad;level2=bad;level3=bad,graded,,false,0.108444,
img_01434,bad,consensus=bad;level1=bad;level2=bad;level3=bad,graded,,false,0.177586,
img_01435,usable,consensus=usable;level1=good;level2=usable;level3=usable,graded,,false,0.496897,
img_01436,good,consensus=good;level1=good;level2=good;level3=good,graded,,true,0.508441,
img_01437,usable,consensus=usable;level1=usable;level2=usable;level3=bad,graded,,false,0.239793,
img_01438,bad,consensus=bad;level1=bad;level2=bad;level3=bad,graded,,false,0.002005,
img_01439,usable,consensus=usable;level1=usable;level2=usable;level3=usable,graded,,false,0.197088,
img_01440,bad,consensus=bad;level1=bad;level2=usable;level3=bad,graded,,false,0.156039,
img_01444,good,consensus=good;level1=good;level2=good;level3=good,graded,,true,0.682548,
img_01445,usable,consensus=usable;level1=usable;level2=usable;level3=bad,graded,,false,0.390576,
img_01446,bad,consensus=bad;level1=usable;level2=bad;level3=bad,graded,,false,0.094000,
img_01447,usable,consensus=usable;level1=good;level2=usable;level3=usable,graded,,true,0.593019,
img_01448,usable,consensus=usable;level1=good;level2=usable;level3=usable,graded,,false,0.455305,
img_01450,usable,consensus=usable;level1=usable;level2=usable;level3=good,graded,,true,0.908923,
img_01451,good,consensus=good;level1=good;level2=good;level3=good,graded,,false,0.458192,
img_01452,usable,consensus=usable;level1=usable;level2=usable;level3=usable,graded,,false,0.283448,
img_01453,bad,consensus=bad;level1=bad;level2=bad;level3=bad,graded,,false,0.120159,
img_01454,usable,consensus=usable;level1=usable;level2=usable;level3=usable,graded,,true,0.670856,
img_01455,usable,consensus=usable;level1=usable;level2=bad;level3=usable,graded,,false,0.332577,
img_01456,good,consensus=good;level1=good;level2=good;level3=usable,graded,,true,0.725821,
img_01457,usable,consensus=usable;level1=good;level2=usable;level3=usable,graded,,true,0.573992,
img_01458,usable,consensus=usable;level1=usable;level2=usable;level3=bad,graded,,false,0.496303,
img_01461,good,consensus=good;level1=good;level2=usable;level3=good,graded,,true,0.538683,
img_01462,good,consensus=good;level1=good;level2=good;level3=good,graded,,true,0.739464,
img_01463,usable,consensus=usable;level1=usable;level2=usable;level3=bad,graded,,false,0.234551,
img_01464,bad,consensus=bad;level1=bad;level2=bad;level3=bad,graded,,false,0.056430,
img_01465,bad,consensus=bad;level1=usable;level2=bad;level3=bad,graded,,false,0.430579,
img_01466,bad,consensus=bad;level1=usable;level2=bad;level3=bad,graded,,false,0.126171,
img_01467,bad,consensus=bad;level1=usable;level2=bad;level3=bad,graded,,false,0.368640,
img_01468,bad,consensus=bad;level1=usable;level2=bad;level3=bad,graded,,false,0.278897,
img_01469,good,consensus=good;level1=usable;level2=good;level3=good,graded,,true,0.818227,
img_01470,usable,consensus=usable;level1=usable;level2=usable;level3=usable,graded,,true,0.538009,
img_01471,bad,consensus=bad;level1=bad;level2=bad;level3=bad,graded,,false,0.111358,
img_01472,bad,consensus=bad;level1=usable;level2=bad;level3=bad,graded,,false,0.198813,
img_01473,usable,consensus=usable;level1=good;level2=usable;level3=usable,graded,,true,0.778115,
img_01474,usable,consensus=usable;level1=usable;level2=usable;level3=usable,graded,,false,0.403531,
img_01475,usable,consensus=usable;level1=usable;level2=usable;level3=bad,graded,,false,0.315230,
img_01476,bad,consensus=bad;level1=usable;level2=bad;level3=bad,graded,,false,0.421893,
img_01477,bad,consensus=bad;level1=bad;level2=bad;level3=bad,graded,,false,0.141676,
img_01478,usable,consensus=usable;level1=usable;level2=usable;level3=usable,graded,,true,0.627184,
img_01479,bad,consensus=bad;level1=usable;level2=bad;level3=bad,graded,,false,0.443971,
img_01480,bad,consensus=bad;level1=bad;level2=bad;level3=bad,graded,,false,0.052918,
img_01481,usable,consensus=usable;level1=usable;level2=usable;level3=bad,graded,,false,0.149427,
img_01482,bad,consensus=bad;level1=bad;level2=bad;level3=bad,graded,,false,0.141278,
img_01483,good,consensus=good;level1=good;level2=good;level3=good,graded,,true,0.792276,
img_01484,usable,consensus=usable;level1=usable;level2=usable;level3=usable,graded,,true,0.642095,
img_01485,good,consensus=good;level1=good;level2=good;level3=good,graded,,false,0.487310,
img_01486,usable,consensus=usable;level1=usable;level2=usable;level3=usable,graded,,false,0.378410,
img_01487,good,consensus=good;level1=good;level2=good;level3=good,graded,,true,0.584738,
img_01488,bad,consensus=bad;level1=bad;level2=bad;level3=bad,graded,,false,0.093695,
img_01489,bad,consensus=bad;level1=bad;level2=bad;level3=bad,graded,,false,0.006197,
img_01490,usable,consensus=usable;level1=usable;level2=usable;level3=usable,graded,,true,0.677306,
img_01491,good,consensus=good;level1=good;level2=good;level3=good,graded,,true,0.728466,
img_01492,bad,consensus=bad;level1=usable;level2=bad;level3=bad,graded,,false,0.305364,
img_01493,usable,consensus=usable;level1=good;level2=usable;level3=usable,graded,,true,0.732270,
img_01494,good,consensus=good;level1=good;level2=good;level3=usable,graded,,true,0.748646,
img_01495,good,consensus=good;level1=good;level2=good;level3=good,graded,,true,0.656757,
img_01496,bad,consensus=bad;level1=usable;level2=bad;level3=bad,graded,,false,0.144888,
img_01497,bad,consensus=bad;level1=bad;level2=bad;level3=bad,graded,,false,0.047177,
img_01498,usable,consensus=usable;level1=usable;level2=usable;level3=bad,graded,,false,0.314359,
img_01501,usable,consensus=usable;level1=usable;level2=usable;level3=bad,graded,,false,0.322731,
img_01502,usable,consensus=usable;level1=usable;level2=usable;level3=bad,graded,,false,0.367559,
img_01504,usable,consensus=usable;level1=usable;level2=usable;level3=bad,graded,,false,0.408800,
img_01505,usable,consensus=usable;level1=usable;level2=usable;level3=bad,graded,,false,0.427940,
img_01506,bad,consensus=bad;level1=bad;level2=bad;level3=bad,graded,,false,0.010039,
img_01509,bad,consensus=bad;level1=bad;level2=bad;level3=bad,graded,,false,0.001120,
img_01510,good,consensus=good;level1=good;level2=good;level3=good,graded,,true,0.702758,
img_01511,usable,consensus=usable;level1=good;level2=usable;level3=usable,graded,,true,0.525699,
img_01512,bad,consensus=bad;level1=bad;level2=bad;level3=bad,graded,,false,0.028007,
img_01513,bad,consensus=bad;level1=bad;level2=bad;level3=usable,graded,,false,0.018219,
img_01514,bad,consensus=bad;level1=bad;level2=bad;level3=bad,graded,,false,0.002340,
img_01515,bad,consensus=bad;level1=bad;level2=bad;level3=bad,graded,,false,0.005664,
img_01517,bad,consensus=bad;level1=bad;level2=bad;level3=bad,graded,,false,0.005541,
img_01518,bad,consensus=bad;level1=bad;level2=bad;level3=bad,graded,,false,0.092592,
img_01519,good,consensus=good;level1=good;level2=good;level3=good,graded,,true,0.710101,
img_01520,good,consensus=good;level1=good;level2=good;level3=good,graded,,true,0.691538,
img_01521,good,consensus=good;level1=good;level2=good;level3=good,graded,,true,0.740911,
img_01522,good,consensus=good;level1=good;level2=good;level3=good,graded,,true,0.741338,
img_01523,good,consensus=good;level1=good;level2=good;level3=usable,graded,,true,0.689920,
img_01524,good,consensus=good;level1=good;level2=good;level3=usable,graded,,false,0.302041,
img_01525,good,consensus=good;level1=good;level2=good;level3=usable,graded,,true,0.577917,
img_01526,good,consensus=good;level1=good;level2=good;level3=usable,graded,,true,0.509302,
img_01529,bad,consensus=bad;level1=bad;level2=bad;level3=bad,graded,,false,0.023467,
img_01530,bad,consensus=bad;level1=usable;level2=bad;level3=bad,graded,,false,0.043728,
img_01531,bad,consensus=bad;level1=usable;level2=bad;level3=bad,graded,,false,0.139370,
img_01532,bad,consensus=bad;level1=bad;level2=bad;level3=bad,graded,,false,0.083504,
img_01533,good,consensus=good;level1=good;level2=good;level3=good,graded,,true,0.739391,
img_01534,bad,consensus=bad;level1=usable;level2=bad;level3=bad,graded,,false,0.250263,
img_01535,bad,consensus=bad;level1=bad;level2=bad;level3=bad,graded,,false,0.044977,
img_01536,bad,consensus=bad;level1=bad;level2=bad;level3=bad,graded,,false,0.065896,
img_01539,bad,consensus=bad;level1=bad;level2=bad;level3=bad,graded,,false,0.074525,
img_01540,bad,consensus=bad;level1=bad;level2=bad;level3=bad,graded,,false,0.034135,
img_01541,good,consensus=good;level1=good;level2=good;level3=good,graded,,true,0.760761,
img_01542,good,consensus=good;level1=good;level2=good;level3=good,graded,,true,0.782879,
img_01543,bad,consensus=bad;level1=usable;level2=bad;level3=bad,graded,,false,0.286743,
img_01544,bad,consensus=bad;level1=usable;level2=bad;level3=bad,graded,,true,0.525033,
img_01545,usable,consensus=usable;level1=good;level2=usable;level3=usable,graded,,true,0.672486,
img_01546,bad,consensus=bad;level1=usable;level2=bad;level3=bad,graded,,false,0.167667,
img_01547,bad,consensus=bad;level1=bad;level2=bad;level3=bad,graded,,false,0.028307,
img_01548,usable,consensus=usable;level1=usable;level2=usable;level3=bad,graded,,false,0.138660,
img_01549,bad,consensus=bad;level1=usable;level2=bad;level3=bad,graded,,true,0.501517,
img_01550,usable,consensus=usable;level1=usable;level2=usable;level3=bad,graded,,true,0.522878,
img_01551,good,consensus=good;level1=good;level2=usable;level3=good,graded,,true,0.595238,
img_01552,good,consensus=good;level1=good;level2=good;level3=good,graded,,true,0.557653,
img_01553,good,consensus=good;level1=good;level2=good;level3=good,graded,,true,0.760886,
img_01554,bad,consensus=bad;level1=usable;level2=bad;level3=bad,graded,,false,0.246547,
img_01555,bad,consensus=bad;level1=usable;level2=bad;level3=bad,graded,,false,0.454925,
img_01556,bad,consensus=bad;level1=bad;level2=bad;level3=bad,graded,,false,0.206968,
img_01557,bad,consensus=bad;level1=bad;level2=bad;level3=bad,graded,,false,0.199348,
img_01558,bad,consensus=bad;level1=bad;level2=bad;level3=bad,graded,,false,0.060971,
img_01559,bad,consensus=bad;level1=bad;level2=bad;level3=bad,graded,,false,0.122137,
img_01560,bad,consensus=bad;level1=bad;level2=bad;level3=bad,graded,,false,0.022078,
img_01561,bad,consensus=bad;level1=bad;level2=bad;level3=bad,graded,,false,0.081441,
img_01562,usable,consensus=usable;level1=good;level2=usable;level3=usable,graded,,false,0.327524,
img_01563,bad,consensus=bad;level1=usable;level2=bad;level3=bad,graded,,false,0.326051,
img_01564,usable,consensus=usable;level1=usable;level2=good;level3=usable,graded,,true,0.530985,
img_01565,usable,consensus=usable;level1=usable;level2=usable;level3=usable,graded,,true,0.606435,
img_01569,good,consensus=good;level1=good;level2=good;level3=usable,graded,,true,0.778448,
img_01570,bad,consensus=bad;level1=usable;level2=bad;level3=bad,graded,,false,0.396297,
img_01571,good,consensus=good;level1=good;level2=good;level3=good,graded,,true,0.835801,
img_01573,good,consensus=good;level1=good;level2=good;level3=good,graded,,true,0.821586,
img_01575,bad,consensus=bad;level1=usable;level2=bad;level3=bad,graded,,false,0.009253,
img_01576,bad,consensus=bad;level1=bad;level2=bad;level3=bad,graded,,false,0.025772,
img_01577,bad,consensus=bad;level1=bad;level2=bad;level3=bad,graded,,false,0.007313,
img_01580,bad,consensus=bad;level1=bad;level2=bad;level3=bad,graded,,false,0.016715,
img_01581,bad,consensus=bad;level1=bad;level2=bad;level3=bad,graded,,false,0.269100,
img_01582,bad,consensus=bad;level1=bad;level2=bad;level3=bad,graded,,false,0.103148,
img_01584,bad,consensus=bad;level1=bad;level2=bad;level3=bad,graded,,false,0.007359,
img_01585,bad,consensus=bad;level1=bad;level2=bad;level3=bad,graded,,false,0.052225,
img_01586,bad,consensus=bad;level1=usable;level2=bad;level3=bad,graded,,false,0.244816,
img_01587,bad,consensus=bad;level1=usable;level2=bad;level3=bad,graded,,false,0.303525,
img_01588,bad,consensus=bad;level1=usable;level2=bad;level3=bad,graded,,false,0.350378,
img_01589,bad,consensus=bad;level1=bad;level2=bad;level3=bad,graded,,false,0.011924,
img_01590,bad,consensus=bad;level1=bad;level2=bad;level3=bad,graded,,false,0.020650,
img_01591,bad,consensus=bad;level1=bad;level2=bad;level3=bad,graded,,false,0.014856,
img_01592,bad,consensus=bad;level1=bad;level2=bad;level3=bad,graded,,false,0.008325,
img_01593,bad,consensus=bad;level1=bad;level2=bad;level3=bad,graded,,false,0.010127,
img_01594,bad,consensus=bad;level1=bad;level2=bad;level3=bad,graded,,false,0.027041,
img_01595,bad,consensus=bad;level1=bad;level2=bad;level3=bad,graded,,false,0.023960,
img_01596,bad,consensus=bad;level1=bad;level2=bad;level3=bad,graded,,false,0.031328,
img_01599,good,consensus=good;level1=good;level2=good;level3=good,graded,,true,0.725599,
img_01600,usable,consensus=usable;level1=good;level2=usable;level3=usable,graded,,true,0.576955,
img_01601,good,consensus=good;level1=good;level2=good;level3=good,graded,,true,0.727755,
img_01602,usable,consensus=usable;level1=good;level2=usable;level3=usable,graded,,false,0.499075,
img_01603,usable,consensus=usable;level1=good;level2=usable;level3=usable,graded,,true,0.633726,
img_01604,usable,consensus=usable;level1=usable;level2=usable;level3=usable,graded,,true,0.595486,
img_01605,good,consensus=good;level1=good;level2=good;level3=good,graded,,true,0.721553,
img_01606,usable,consensus=usable;level1=usable;level2=usable;level3=bad,graded,,false,0.321084,
img_01607,usable,consensus=usable;level1=usable;level2=usable;level3=usable,graded,,false,0.281261,
img_01608,bad,consensus=bad;level1=bad;level2=bad;level3=bad,graded,,false,0.087534,
img_01609,usable,consensus=usable;level1=usable;level2=usable;level3=bad,graded,,true,0.512601,
img_01610,bad,consensus=bad;level1=usable;level2=bad;level3=bad,graded,,false,0.207949,
img_01611,bad,consensus=bad;level1=usable;level2=bad;level3=bad,graded,,false,0.194559,
img_01612,bad,consensus=bad;level1=bad;level2=bad;level3=bad,graded,,false,0.029889,
img_01613,usable,consensus=usable;level1=good;level2=usable;level3=usable,graded,,false,0.458309,
img_01614,good,consensus=good;level1=good;level2=usable;level3=good,graded,,false,0.314941,
img_01620,bad,consensus=bad;level1=bad;level2=bad;level3=bad,graded,,false,0.007524,
img_01621,bad,consensus=bad;level1=usable;level2=bad;level3=bad,graded,,false,0.246301,
img_01622,bad,consensus=bad;level1=usable;level2=bad;level3=bad,graded,,false,0.247818,
img_01625,bad,consensus=bad;level1=usable;level2=bad;level3=bad,graded,,false,0.253439,
img_01626,usable,consensus=usable;level1=good;level2=usable;level3=usable,graded,,false,0.340459,
img_01627,bad,consensus=bad;level1=bad;level2=bad;level3=bad,graded,,false,0.109396,
img_01630,usable,consensus=usable;level1=good;level2=usable;level3=usable,graded,,true,0.679272,
img_01635,bad,consensus=bad;level1=bad;level2=bad;level3=bad,graded,,false,0.045542,
img_01636,bad,consensus=bad;level1=bad;level2=bad;level3=bad,graded,,false,0.093308,
img_01642,usable,consensus=usable;level1=good;level2=usable;level3=usable,graded,,true,0.706632,
img_01643,usable,consensus=usable;level1=good;level2=usable;level3=usable,graded,,true,0.558791,
img_01644,usable,consensus=usable;level1=good;level2=usable;level3=usable,graded,,true,0.658115,
img_01645,usable,consensus=usable;level1=usable;level2=usable;level3=usable,graded,,true,0.724021,
img_01646,usable,consensus=usable;level1=usable;level2=good;level3=usable,graded,,false,0.436226,
img_01647,good,consensus=good;level1=good;level2=good;level3=usable,graded,,true,0.622907,
img_01648,usable,consensus=usable;level1=usable;level2=good;level3=usable,graded,,false,0.461709,
img_01649,usable,consensus=usable;level1=usable;level2=usable;level3=bad,graded,,false,0.409698,
img_01650,usable,consensus=usable;level1=usable;level2=usable;level3=bad,graded,,true,0.605167,
img_01653,usable,consensus=usable;level1=good;level2=usable;level3=usable,graded,,true,0.598530,
img_01654,bad,consensus=bad;level1=bad;level2=bad;level3=bad,graded,,false,0.147931,
img_01655,bad,consensus=bad;level1=bad;level2=bad;level3=bad,graded,,false,0.109879,
img_01656,bad,consensus=bad;level1=usable;level2=bad;level3=bad,graded,,false,0.492962,
img_01657,bad,consensus=bad;level1=usable;level2=bad;level3=bad,graded,,false,0.324961,
img_01658,bad,consensus=bad;level1=bad;level2=bad;level3=bad,graded,,false,0.139651,
img_01660,bad,consensus=bad;level1=bad;level2=bad;level3=bad,graded,,false,0.126627,
img_01661,bad,consensus=bad;level1=bad;level2=bad;level3=bad,graded,,false,0.028100,
img_01662,bad,consensus=bad;level1=bad;level2=bad;level3=bad,graded,,false,0.212600,
img_01664,bad,consensus=bad;level1=bad;level2=bad;level3=bad,graded,,false,0.124059,
img_01665,bad,consensus=bad;level1=usable;level2=bad;level3=bad,graded,,false,0.295675,
img_01666,usable,consensus=usable;level1=good;level2=usable;level3=usable,graded,,true,0.538562,
img_01667,bad,consensus=bad;level1=bad;level2=bad;level3=bad,graded,,false,0.007536,
img_01668,bad,consensus=bad;level1=bad;level2=bad;level3=bad,graded,,false,0.004926,
img_01669,good,consensus=good;level1=good;level2=usable;level3=good,graded,,true,0.762670,
img_01670,usable,consensus=usable;level1=usable;level2=usable;level3=usable,graded,,true,0.578956,
img_01671,bad,consensus=bad;level1=bad;level2=bad;level3=bad,graded,,false,0.102014,
img_01672,usable,consensus=usable;level1=good;level2=usable;level3=usable,graded,,true,0.640267,
img_01673,bad,consensus=bad;level1=bad;level2=bad;level3=bad,graded,,false,0.013685,
img_01674,bad,consensus=bad;level1=usable;level2=bad;level3=bad,graded,,false,0.336030,
img_01675,good,consensus=good;level1=good;level2=usable;level3=good,graded,,true,0.762929,
img_01676,good,consensus=good;level1=good;level2=good;level3=usable,graded,,true,0.670032,
img_01677,usable,consensus=usable;level1=usable;level2=good;level3=usable,graded,,true,0.589521,
img_01678,usable,consensus=usable;level1=good;level2=usable;level3=usable,graded,,true,0.678754,
img_01679,bad,consensus=bad;level1=usable;level2=bad;level3=bad,graded,,false,0.196215,
img_01680,bad,consensus=bad;level1=usable;level2=bad;level3=bad,graded,,false,0.472744,
img_01684,good,consensus=good;level1=good;level2=good;level3=good,graded,,true,0.831525,
img_01685,good,consensus=good;level1=good;level2=usable;level3=good,graded,,true,0.785950,
img_01686,good,consensus=good;level1=good;level2=good;level3=good,graded,,true,0.811507,
img_01687,bad,consensus=bad;level1=bad;level2=bad;level3=bad,graded,,false,0.126160,
img_01688,bad,consensus=bad;level1=usable;level2=bad;level3=bad,graded,,false,0.186258,
img_01689,usable,consensus=usable;level1=usable;level2=usable;level3=good,graded,,true,0.757814,
img_01690,usable,consensus=usable;level1=usable;level2=usable;level3=usable,graded,,true,0.629654,
img_01691,usable,consensus=usable;level1=usable;level2=usable;level3=good,graded,,false,0.044126,
img_01692,usable,consensus=usable;level1=usable;level2=good;level3=usable,graded,,false,0.129093,
img_01693,usable,consensus=usable;level1=good;level2=usable;level3=usable,graded,,false,0.057938,
img_01694,bad,consensus=bad;level1=bad;level2=bad;level3=bad,graded,,false,0.042379,
img_01695,bad,consensus=bad;level1=bad;level2=bad;level3=bad,graded,,false,0.098745,
img_01696,good,consensus=good;level1=good;level2=usable;level3=good,graded,,true,0.799190,
img_01697,good,consensus=good;level1=good;level2=good;level3=good,graded,,true,0.829597,
img_01698,good,consensus=good;level1=good;level2=good;level3=good,graded,,true,0.736834,
img_01699,usable,consensus=usable;level1=usable;level2=bad;level3=usable,graded,,true,0.561797,
img_01700,usable,consensus=usable;level1=usable;level2=usable;level3=usable,graded,,true,0.737072,
img_01701,bad,consensus=bad;level1=usable;level2=bad;level3=bad,graded,,false,0.051807,
img_01702,bad,consensus=bad;level1=bad;level2=bad;level3=bad,graded,,false,0.320616,
img_01703,bad,consensus=bad;level1=bad;level2=bad;level3=bad,graded,,false,0.387012,
img_01704,usable,consensus=usable;level1=usable;level2=usable;level3=usable,graded,,false,0.458794,
img_01705,usable,consensus=usable;level1=usable;level2=usable;level3=bad,graded,,false,0.297576,
img_01708,bad,consensus=bad;level1=usable;level2=bad;level3=bad,graded,,true,0.592020,
img_01709,bad,consensus=bad;level1=usable;level2=bad;level3=bad,graded,,true,0.604712,
img_01710,usable,consensus=usable;level1=good;level2=usable;level3=usable,graded,,true,0.563156,
img_01711,bad,consensus=bad;level1=bad;level2=bad;level3=bad,graded,,false,0.162415,
img_01712,usable,consensus=usable;level1=usable;level2=usable;level3=good,graded,,true,0.797733,
img_01713,bad,consensus=bad;level1=bad;level2=bad;level3=bad,graded,,false,0.172106,
img_01714,bad,consensus=bad;level1=usable;level2=bad;level3=bad,graded,,false,0.063107,
img_01715,bad,consensus=bad;level1=bad;level2=bad;level3=bad,graded,,false,0.065269,
img_01716,bad,consensus=bad;level1=bad;level2=bad;level3=usable,graded,,false,0.200705,
img_01717,bad,consensus=bad;level1=usable;level2=bad;level3=bad,graded,,false,0.242655,
img_01718,bad,consensus=bad;level1=bad;level2=bad;level3=bad,graded,,false,0.180579,
img_01719,bad,consensus=bad;level1=bad;level2=bad;level3=bad,graded,,false,0.110743,
img_01720,bad,consensus=bad;level1=bad;level2=bad;level3=bad,graded,,false,0.073337,
img_01721,bad,consensus=bad;level1=bad;level2=bad;level3=bad,graded,,false,0.050784,
img_01722,usable,consensus=usable;level1=bad;level2=usable;level3=usable,graded,,true,0.641093,
img_01723,bad,consensus=bad;level1=bad;level2=bad;level3=bad,graded,,false,0.016630,
img_01724,bad,consensus=bad;level1=usable;level2=bad;level3=bad,graded,,false,0.301000,
img_01725,bad,consensus=bad;level1=usable;level2=bad;level3=bad,graded,,false,0.160171,
img_01726,good,consensus=good;level1=good;level2=usable;level3=good,graded,,true,0.674068,
img_01727,good,consensus=good;level1=good;level2=good;level3=good,graded,,false,0.426199,
img_01728,usable,consensus=usable;level1=usable;level2=usable;level3=usable,graded,,true,0.629193,
img_01729,usable,consensus=usable;level1=usable;level2=usable;level3=usable,graded,,true,0.522809,
img_01730,good,consensus=good;level1=good;level2=good;level3=usable,graded,,true,0.744985,
img_01731,usable,consensus=usable;level1=usable;level2=usable;level3=bad,graded,,false,0.252213,
img_01732,bad,consensus=bad;level1=bad;level2=bad;level3=bad,graded,,false,0.026948,
img_01733,usable,consensus=usable;level1=usable;level2=bad;level3=usable,graded,,true,0.761283,
img_01734,bad,consensus=bad;level1=bad;level2=bad;level3=bad,graded,,false,0.257178,
img_01735,bad,consensus=bad;level1=bad;level2=bad;level3=bad,graded,,false,0.251644,
img_01736,bad,consensus=bad;level1=usable;level2=bad;level3=bad,graded,,false,0.288831,
img_01737,bad,consensus=bad;level1=bad;level2=bad;level3=bad,graded,,false,0.427563,
img_01738,usable,consensus=usable;level1=usable;level2=usable;level3=bad,graded,,true,0.516924,
img_01739,usable,consensus=usable;level1=usable;level2=usable;level3=bad,graded,,false,0.477390,
img_01740,usable,consensus=usable;level1=usable;level2=usable;level3=bad,graded,,true,0.527998,
img_01741,bad,consensus=bad;level1=usable;level2=bad;level3=bad,graded,,false,0.217771,
img_01742,bad,consensus=bad;level1=bad;level2=bad;level3=bad,graded,,false,0.101978,
img_01743,good,consensus=good;level1=good;level2=good;level3=usable,graded,,true,0.823148,
img_01753,usable,consensus=usable;level1=usable;level2=usable;level3=bad,graded,,false,0.384226,
img_01754,bad,consensus=bad;level1=usable;level2=bad;level3=bad,graded,,false,0.132450,
img_01755,usable,consensus=usable;level1=usable;level2=usable;level3=bad,graded,,false,0.379746,
img_01756,bad,consensus=bad;level1=bad;level2=bad;level3=bad,graded,,false,0.021920,
img_01757,usable,consensus=usable;level1=usable;level2=usable;level3=bad,graded,,false,0.403823,
img_01758,usable,consensus=usable;level1=usable;level2=usable;level3=bad,graded,,true,0.551996,
img_01759,usable,consensus=usable;level1=good;level2=usable;level3=usable,graded,,true,0.660986,
img_01760,usable,consensus=usable;level1=good;level2=usable;level3=usable,graded,,true,0.691302,
img_01761,good,consensus=good;level1=good;level2=good;level3=good,graded,,true,0.845405,
img_01762,good,consensus=good;level1=good;level2=good;level3=good,graded,,true,0.806201,
img_01763,usable,consensus=usable;level1=good;level2=usable;level3=usable,graded,,true,0.572727,
img_01764,bad,consensus=bad;level1=usable;level2=bad;level3=bad,graded,,false,0.405409,
img_01765,bad,consensus=bad;level1=usable;level2=bad;level3=bad,graded,,false,0.318410,
img_01766,bad,consensus=bad;level1=good;level2=bad;level3=bad,graded,,false,0.489971,
img_01767,bad,consensus=bad;level1=usable;level2=bad;level3=bad,graded,,false,0.281718,
img_01768,usable,consensus=usable;level1=good;level2=usable;level3=usable,graded,,true,0.636378,
img_01769,good,consensus=good;level1=good;level2=good;level3=good,graded,,true,0.787001,
img_01770,usable,consensus=usable;level1=good;level2=usable;level3=usable,graded,,false,0.499101,
img_01771,bad,consensus=bad;level1=good;level2=bad;level3=bad,graded,,false,0.319876,
img_01772,bad,consensus=bad;level1=usable;level2=bad;level3=bad,graded,,false,0.344478,
img_01773,bad,consensus=bad;level1=bad;level2=bad;level3=bad,graded,,false,0.057269,
img_01774,usable,consensus=usable;level1=usable;level2=bad;level3=usable,graded,,true,0.709719,
img_01775,bad,consensus=bad;level1=bad;level2=bad;level3=bad,graded,,false,0.008397,
img_01776,usable,consensus=usable;level1=usable;level2=usable;level3=bad,graded,,false,0.091829,
img_01777,usable,consensus=usable;level1=usable;level2=good;level3=usable,graded,,false,0.155872,
img_01778,bad,consensus=bad;level1=bad;level2=bad;level3=bad,graded,,false,0.066148,
img_01787,bad,consensus=bad;level1=bad;level2=bad;level3=bad,graded,,false,0.021434,
img_01797,bad,consensus=bad;level1=bad;level2=bad;level3=bad,graded,,false,0.176897,
img_01807,bad,consensus=bad;level1=bad;level2=bad;level3=bad,graded,,false,0.079081,
img_01808,bad,consensus=bad;level1=usable;level2=bad;level3=bad,graded,,false,0.340420,
img_01809,bad,consensus=bad;level1=bad;level2=bad;level3=bad,graded,,false,0.024184,
img_01810,bad,consensus=bad;level1=bad;level2=bad;level3=bad,graded,,false,0.001638,
img_01811,usable,consensus=usable;level1=bad;level2=usable;level3=usable,graded,,true,0.500385,
img_01812,bad,consensus=bad;level1=bad;level2=bad;level3=bad,graded,,false,0.094023,
img_01813,bad,consensus=bad;level1=usable;level2=bad;level3=bad,graded,,false,0.189634,
img_01814,bad,consensus=bad;level1=usable;level2=bad;level3=bad,graded,,false,0.295272,
img_01815,bad,consensus=bad;level1=bad;level2=bad;level3=bad,graded,,false,0.217352,
img_01816,bad,consensus=bad;level1=bad;level2=bad;level3=bad,graded,,false,0.006855,
img_01817,bad,consensus=bad;level1=bad;level2=bad;level3=bad,graded,,false,0.214795,
img_01818,bad,consensus=bad;level1=bad;level2=bad;level3=bad,graded,,false,0.019074,
img_01819,bad,consensus=bad;level1=bad;level2=bad;level3=bad,graded,,false,0.031945,
img_01820,bad,consensus=bad;level1=bad;level2=bad;level3=bad,graded,,false,0.018633,
img_01821,usable,consensus=usable;level1=usable;level2=usable;level3=bad,graded,,false,0.308805,
img_01822,usable,consensus=usable;level1=usable;level2=usable;level3=bad,graded,,false,0.332213,
img_01823,good,consensus=good;level1=good;level2=good;level3=usable,graded,,true,0.615011,
img_01824,bad,consensus=bad;level1=usable;level2=bad;level3=bad,graded,,false,0.270024,
img_01825,bad,consensus=bad;level1=usable;level2=bad;level3=bad,graded,,false,0.046975,
img_01826,usable,consensus=usable;level1=usable;level2=usable;level3=bad,graded,,false,0.243213,
img_01827,usable,consensus=usable;level1=usable;level2=usable;level3=usable,graded,,true,0.638161,
img_01828,bad,consensus=bad;level1=usable;level2=bad;level3=bad,graded,,false,0.224659,
img_01829,bad,consensus=bad;level1=bad;level2=bad;level3=bad,graded,,false,0.049736,
img_01830,usable,consensus=usable;level1=good;level2=usable;level3=usable,graded,,false,0.314704,
img_01831,bad,consensus=bad;level1=usable;level2=bad;level3=bad,graded,,false,0.198512,
img_01832,usable,consensus=usable;level1=usable;level2=usable;level3=bad,graded,,false,0.362388,
img_01833,bad,consensus=bad;level1=bad;level2=bad;level3=bad,graded,,false,0.128470,
img_01834,good,consensus=good;level1=good;level2=good;level3=good,graded,,true,0.728605,
img_01835,good,consensus=good;level1=good;level2=good;level3=usable,graded,,true,0.724360,
img_01836,good,consensus=good;level1=good;level2=good;level3=good,graded,,true,0.734019,
img_01837,usable,consensus=usable;level1=good;level2=usable;level3=usable,graded,,true,0.628877,
img_01838,good,consensus=good;level1=good;level2=good;level3=good,graded,,true,0.779332,
img_01847,bad,consensus=bad;level1=bad;level2=bad;level3=bad,graded,,false,0.016316,
img_01859,usable,consensus=usable;level1=usable;level2=usable;level3=bad,graded,,false,0.124209,
img_01861,bad,consensus=bad;level1=usable;level2=bad;level3=bad,graded,,true,0.656335,
img_01862,bad,consensus=bad;level1=bad;level2=bad;level3=bad,graded,,false,0.072120,
img_01864,bad,consensus=bad;level1=usable;level2=bad;level3=bad,graded,,false,0.455694,
img_01865,bad,consensus=bad;level1=bad;level2=bad;level3=bad,graded,,false,0.214530,
img_01866,usable,consensus=usable;level1=usable;level2=usable;level3=bad,graded,,false,0.393385,
img_01868,bad,consensus=bad;level1=bad;level2=bad;level3=bad,graded,,false,0.002609,
img_01869,bad,consensus=bad;level1=bad;level2=bad;level3=bad,graded,,false,0.021827,
img_01870,bad,consensus=bad;level1=bad;level2=bad;level3=bad,graded,,false,0.057720,
img_01871,usable,consensus=usable;level1=good;level2=usable;level3=usable,graded,,true,0.760909,
img_01872,good,consensus=good;level1=good;level2=good;level3=good,graded,,true,0.522622,
img_01873,usable,consensus=usable;level1=good;level2=usable;level3=usable,graded,,true,0.544834,
img_01884,good,consensus=good;level1=good;level2=good;level3=good,graded,,true,0.771481,
img_01886,good,consensus=good;level1=good;level2=good;level3=good,graded,,true,0.758546,
img_01887,usable,consensus=usable;level1=usable;level2=usable;level3=bad,graded,,false,0.381819,
img_01888,usable,consensus=usable;level1=usable;level2=usable;level3=bad,graded,,false,0.434882,
img_01889,bad,consensus=bad;level1=bad;level2=bad;level3=bad,graded,,false,0.242558,
img_01890,bad,consensus=bad;level1=usable;level2=bad;level3=bad,graded,,false,0.370393,
img_01891,usable,consensus=usable;level1=usable;level2=usable;level3=usable,graded,,true,0.629771,
img_01892,usable,consensus=usable;level1=usable;level2=usable;level3=usable,graded,,true,0.501100,
img_01893,good,consensus=good;level1=good;level2=good;level3=usable,graded,,false,0.486828,
img_01894,good,consensus=good;level1=good;level2=usable;level3=good,graded,,true,0.653833,
img_01895,bad,consensus=bad;level1=usable;level2=bad;level3=bad,graded,,false,0.297760,
img_01898,good,consensus=good;level1=good;level2=usable;level3=good,graded,,true,0.745694,
img_01899,good,consensus=good;level1=good;level2=good;level3=good,graded,,true,0.750592,
img_01900,bad,consensus=bad;level1=bad;level2=bad;level3=bad,graded,,false,0.061838,
img_01901,usable,consensus=usable;level1=usable;level2=usable;level3=bad,graded,,false,0.393649,
img_01902,usable,consensus=usable;level1=usable;level2=bad;level3=usable,graded,,true,0.605357,
img_01903,good,consensus=good;level1=good;level2=bad;level3=good,graded,,true,0.718202,
img_01904,bad,consensus=bad;level1=bad;level2=bad;level3=bad,graded,,false,0.040876,
img_01906,bad,consensus=bad;level1=bad;level2=bad;level3=bad,graded,,false,0.060405,
img_01907,bad,consensus=bad;level1=bad;level2=bad;level3=bad,graded,,false,0.021117,
img_01910,usable,consensus=usable;level1=usable;level2=good;level3=usable,graded,,false,0.418405,
img_01911,usable,consensus=usable;level1=usable;level2=usable;level3=good,graded,,false,0.218881,
img_01912,bad,consensus=bad;level1=bad;level2=bad;level3=bad,graded,,false,0.040847,
img_01913,bad,consensus=bad;level1=bad;level2=bad;level3=bad,graded,,false,0.010675,
img_01914,bad,consensus=bad;level1=bad;level2=bad;level3=bad,graded,,false,0.152621,
img_01915,bad,consensus=bad;level1=bad;level2=bad;level3=bad,graded,,false,0.176075,
img_01916,bad,consensus=bad;level1=bad;level2=bad;level3=bad,graded,,false,0.164458,
img_01917,good,consensus=good;level1=usable;level2=good;level3=good,graded,,true,0.728292,
img_01918,good,consensus=good;level1=good;level2=good;level3=good,graded,,true,0.771054,
img_01919,bad,consensus=bad;level1=bad;level2=bad;level3=bad,graded,,false,0.183629,
img_01920,bad,consensus=bad;level1=bad;level2=bad;level3=bad,graded,,false,0.023638,
img_01921,usable,consensus=usable;level1=good;level2=usable;level3=usable,graded,,true,0.642764,
img_01922,usable,consensus=usable;level1=usable;level2=usable;level3=usable,graded,,true,0.578280,
img_01923,good,consensus=good;level1=good;level2=good;level3=good,graded,,true,0.730568,
img_01925,usable,consensus=usable;level1=usable;level2=usable;level3=bad,graded,,false,0.162722,
img_01926,usable,consensus=usable;level1=usable;level2=bad;level3=usable,graded,,false,0.179922,
img_01927,bad,consensus=bad;level1=usable;level2=bad;level3=bad,graded,,false,0.298761,
img_01928,bad,consensus=bad;level1=bad;level2=bad;level3=bad,graded,,false,0.096141,
img_01930,bad,consensus=bad;level1=bad;level2=bad;level3=bad,graded,,false,0.005915,
img_01931,bad,consensus=bad;level1=bad;level2=bad;level3=bad,graded,,false,0.000925,
img_01932,usable,consensus=usable;level1=good;level2=usable;level3=usable,graded,,true,0.797421,
img_01933,good,consensus=good;level1=usable;level2=good;level3=good,graded,,true,0.856257,
img_01934,usable,consensus=usable;level1=good;level2=usable;level3=usable,graded,,true,0.527120,
img_01935,bad,consensus=bad;level1=bad;level2=bad;level3=bad,graded,,false,0.056727,
img_01937,bad,consensus=bad;level1=bad;level2=bad;level3=bad,graded,,false,0.006048,
img_01938,bad,consensus=bad;level1=bad;level2=bad;level3=bad,graded,,false,0.136360,
img_01940,good,consensus=good;level1=good;level2=good;level3=good,graded,,true,0.829601,
img_01941,good,consensus=good;level1=good;level2=good;level3=good,graded,,true,0.821684,
img_01942,bad,consensus=bad;level1=bad;level2=bad;level3=bad,graded,,false,0.009700,
img_01943,usable,consensus=usable;level1=usable;level2=usable;level3=bad,graded,,false,0.293728,
img_01944,good,consensus=good;level1=good;level2=good;level3=good,graded,,true,0.671356,
img_01945,usable,consensus=usable;level1=usable;level2=usable;level3=bad,graded,,true,0.521746,
img_01946,usable,consensus=usable;level1=usable;level2=usable;level3=bad,graded,,true,0.612620,
img_01947,usable,consensus=usable;level1=usable;level2=usable;level3=good,graded,,true,0.791060,
img_01948,usable,consensus=usable;level1=good;level2=usable;level3=usable,graded,,true,0.720564,
img_01949,usable,consensus=usable;level1=good;level2=usable;level3=usable,graded,,true,0.739378,
img_01950,bad,consensus=bad;level1=bad;level2=bad;level3=bad,graded,,false,0.061365,
img_01951,bad,consensus=bad;level1=bad;level2=bad;level3=bad,graded,,false,0.174454,
img_01952,usable,consensus=usable;level1=good;level2=usable;level3=usable,graded,,true,0.705067,
img_01953,usable,consensus=usable;level1=good;level2=usable;level3=usable,graded,,true,0.749294,
img_01954,bad,consensus=bad;level1=usable;level2=bad;level3=bad,graded,,false,0.294887,
img_01955,bad,consensus=bad;level1=usable;level2=bad;level3=bad,graded,,false,0.150769,
img_01956,usable,consensus=usable;level1=usable;level2=usable;level3=bad,graded,,true,0.504872,
img_01957,bad,consensus=bad;level1=usable;level2=bad;level3=bad,graded,,false,0.219885,
img_01960,bad,consensus=bad;level1=bad;level2=bad;level3=bad,graded,,false,0.213810,
img_01961,bad,consensus=bad;level1=usable;level2=bad;level3=bad,graded,,false,0.177309,
img_01962,usable,consensus=usable;level1=usable;level2=usable;level3=bad,graded,,false,0.280247,
img_01963,usable,consensus=usable;level1=good;level2=usable;level3=usable,graded,,false,0.365629,
img_01964,usable,consensus=usable;level1=usable;level2=good;level3=usable,graded,,true,0.701218,
img_01965,good,consensus=good;level1=good;level2=good;level3=usable,graded,,true,0.688646,
img_01966,good,consensus=good;level1=good;level2=good;level3=good,graded,,true,0.719620,
img_01968,usable,consensus=usable;level1=usable;level2=usable;level3=bad,graded,,false,0.183665,
img_01969,good,consensus=good;level1=good;level2=good;level3=good,graded,,true,0.534139,
img_01970,usable,consensus=usable;level1=good;level2=usable;level3=usable,graded,,false,0.222872,
img_01971,good,consensus=good;level1=good;level2=good;level3=good,graded,,true,0.759979,
img_01972,good,consensus=good;level1=good;level2=good;level3=good,graded,,true,0.680508,
img_01973,bad,consensus=bad;level1=bad;level2=bad;level3=bad,graded,,false,0.172264,
img_01974,bad,consensus=bad;level1=usable;level2=bad;level3=bad,graded,,false,0.351828,
img_01975,bad,consensus=bad;level1=usable;level2=bad;level3=bad,graded,,false,0.133689,
img_01976,bad,consensus=bad;level1=bad;level2=bad;level3=bad,graded,,false,0.017907,
img_01977,bad,consensus=bad;level1=bad;level2=bad;level3=bad,graded,,false,0.026189,
img_01978,bad,consensus=bad;level1=bad;level2=bad;level3=bad,graded,,false,0.130188,
img_01979,bad,consensus=bad;level1=bad;level2=bad;level3=bad,graded,,false,0.066462,
img_01981,bad,consensus=bad;level1=bad;level2=bad;level3=bad,graded,,false,0.013104,
img_01982,bad,consensus=bad;level1=bad;level2=bad;level3=bad,graded,,false,0.029559,
img_01983,bad,consensus=bad;level1=bad;level2=usable;level3=bad,graded,,false,0.197650,
img_01984,bad,consensus=bad;level1=bad;level2=usable;level3=bad,graded,,false,0.195484,
img_01985,bad,consensus=bad;level1=bad;level2=bad;level3=bad,graded,,false,0.001046,
img_01986,usable,consensus=usable;level1=usable;level2=usable;level3=bad,graded,,true,0.778378,
img_01987,usable,consensus=usable;level1=usable;level2=usable;level3=usable,graded,,true,0.706831,
img_01989,bad,consensus=bad;level1=bad;level2=bad;level3=bad,graded,,false,0.023314,
img_01990,bad,consensus=bad;level1=bad;level2=bad;level3=bad,graded,,false,0.015651,
img_01991,bad,consensus=bad;level1=bad;level2=bad;level3=bad,graded,,false,0.047887,
img_01993,bad,consensus=bad;level1=bad;level2=bad;level3=bad,graded,,false,0.059307,
img_01994,good,consensus=good;level1=good;level2=good;level3=good,graded,,true,0.820686,
img_01995,good,consensus=good;level1=good;level2=usable;level3=good,graded,,true,0.756905,
img_01996,usable,consensus=usable;level1=usable;level2=usable;level3=usable,graded,,false,0.349360,
img_01997,usable,consensus=usable;level1=usable;level2=usable;level3=bad,graded,,false,0.204123,
img_02000,good,consensus=good;level1=good;level2=good;level3=usable,graded,,true,0.727975,
img_02001,good,consensus=good;level1=good;level2=good;level3=good,graded,,true,0.807354,
img_02002,good,consensus=good;level1=good;level2=good;level3=good,graded,,true,0.805927,
img_02003,good,consensus=good;level1=good;level2=good;level3=usable,graded,,true,0.695185,
img_02004,good,consensus=good;level1=good;level2=good;level3=usable,graded,,true,0.752973,
img_02005,bad,consensus=bad;level1=usable;level2=bad;level3=bad,graded,,false,0.156110,
img_02006,bad,consensus=bad;level1=bad;level2=bad;level3=bad,graded,,false,0.027972,
img_02007,usable,consensus=usable;level1=usable;level2=usable;level3=bad,graded,,false,0.093705,
img_02008,usable,consensus=usable;level1=good;level2=usable;level3=usable,graded,,true,0.637565,
img_02009,good,consensus=good;level1=good;level2=good;level3=good,graded,,true,0.723074,
img_02010,good,consensus=good;level1=good;level2=good;level3=good,graded,,true,0.883121,
img_02011,good,consensus=good;level1=good;level2=good;level3=good,graded,,true,0.853396,
img_02012,bad,consensus=bad;level1=bad;level2=bad;level3=bad,graded,,false,0.077376,
img_02014,bad,consensus=bad;level1=bad;level2=bad;level3=bad,graded,,false,0.148703,
img_02015,good,consensus=good;level1=good;level2=good;level3=usable,graded,,true,0.762234,
img_02016,bad,consensus=bad;level1=bad;level2=bad;level3=bad,graded,,false,0.080656,
img_02017,bad,consensus=bad;level1=usable;level2=bad;level3=bad,graded,,false,0.191718,
img_02018,usable,consensus=usable;level1=usable;level2=usable;level3=usable,graded,,true,0.807064,
img_02019,usable,consensus=usable;level1=good;level2=usable;level3=usable,graded,,true,0.773327,
img_02020,good,consensus=good;level1=good;level2=good;level3=good,graded,,true,0.822462,
img_02021,good,consensus=good;level1=good;level2=good;level3=good,graded,,true,0.799978,
img_02022,bad,consensus=bad;level1=bad;level2=bad;level3=bad,graded,,false,0.038401,
img_02023,usable,consensus=usable;level1=usable;level2=usable;level3=usable,graded,,false,0.485084,
img_02024,bad,consensus=bad;level1=bad;level2=usable;level3=bad,graded,,false,0.231285,
img_02025,usable,consensus=usable;level1=usable;level2=usable;level3=bad,graded,,false,0.492882,
img_02026,bad,consensus=bad;level1=usable;level2=bad;level3=bad,graded,,false,0.321371,
img_02027,bad,consensus=bad;level1=bad;level2=bad;level3=bad,graded,,false,0.118832,
img_02031,usable,consensus=usable;level1=usable;level2=usable;level3=usable,graded,,true,0.525297,
img_02032,usable,consensus=usable;level1=usable;level2=usable;level3=usable,graded,,false,0.295960,
img_02033,bad,consensus=bad;level1=usable;level2=bad;level3=bad,graded,,false,0.145269,
img_02034,usable,consensus=usable;level1=usable;level2=good;level3=usable,graded,,false,0.232210,
img_02035,usable,consensus=usable;level1=usable;level2=usable;level3=usable,graded,,false,0.161487,
img_02036,good,consensus=good;level1=usable;level2=good;level3=good,graded,,true,0.807191,
img_02037,good,consensus=good;level1=good;level2=good;level3=good,graded,,true,0.763711,
img_02038,bad,consensus=bad;level1=usable;level2=bad;level3=bad,graded,,false,0.399339,
img_02039,bad,consensus=bad;level1=bad;level2=bad;level3=bad,graded,,false,0.079157,
img_02041,usable,consensus=usable;level1=usable;level2=usable;level3=usable,graded,,false,0.496421,
img_02042,good,consensus=good;level1=good;level2=good;level3=good,graded,,true,0.788496,
img_02043,good,consensus=good;level1=good;level2=good;level3=good,graded,,true,0.752329,
img_02044,good,consensus=good;level1=good;level2=good;level3=good,graded,,true,0.747163,
img_02045,good,consensus=good;level1=good;level2=good;level3=good,graded,,true,0.771437,
img_02046,good,consensus=good;level1=good;level2=good;level3=good,graded,,true,0.661034,
img_02047,usable,consensus=usable;level1=usable;level2=good;level3=usable,graded,,true,0.694516,
img_02048,usable,consensus=usable;level1=usable;level2=usable;level3=usable,graded,,true,0.517785,
img_02049,bad,consensus=bad;level1=bad;level2=bad;level3=bad,graded,,false,0.038125,
img_02050,usable,consensus=usable;level1=good;level2=usable;level3=usable,graded,,true,0.718928,
img_02051,good,consensus=good;level1=good;level2=good;level3=good,graded,,true,0.678282,
img_02052,good,consensus=good;level1=good;level2=good;level3=good,graded,,true,0.816650,
img_02053,good,consensus=good;level1=good;level2=good;level3=good,graded,,true,0.793760,
img_02054,good,consensus=good;level1=good;level2=good;level3=good,graded,,true,0.742902,
img_02055,good,consensus=good;level1=good;level2=usable;level3=good,graded,,true,0.670438,
img_02056,bad,consensus=bad;level1=usable;level2=bad;level3=bad,graded,,true,0.666518,
img_02057,good,consensus=good;level1=good;level2=bad;level3=good,graded,,true,0.846206,
img_02058,good,consensus=good;level1=good;level2=good;level3=good,graded,,true,0.749091,
img_02059,good,consensus=good;level1=good;level2=good;level3=good,graded,,true,0.756539,
img_02063,usable,consensus=usable;level1=usable;level2=bad;level3=usable,graded,,false,0.479642,
img_02064,usable,consensus=usable;level1=usable;level2=bad;level3=usable,graded,,true,0.528041,
img_02066,good,consensus=good;level1=good;level2=usable;level3=good,graded,,true,0.850903,
img_02067,good,consensus=good;level1=good;level2=good;level3=good,graded,,true,0.773644,
img_02068,bad,consensus=bad;level1=bad;level2=bad;level3=bad,graded,,false,0.057785,
img_02069,bad,consensus=bad;level1=bad;level2=bad;level3=bad,graded,,false,0.310699,
img_02070,good,consensus=good;level1=good;level2=good;level3=good,graded,,true,0.798784,
img_02071,good,consensus=good;level1=good;level2=good;level3=good,graded,,true,0.772457,
img_02072,usable,consensus=usable;level1=usable;level2=bad;level3=usable,graded,,true,0.542003,
img_02073,usable,consensus=usable;level1=usable;level2=usable;level3=usable,graded,,true,0.635187,
img_02074,good,consensus=good;level1=good;level2=good;level3=good,graded,,true,0.742161,
img_02075,good,consensus=good;level1=good;level2=good;level3=good,graded,,true,0.707958,
img_02077,bad,consensus=bad;level1=bad;level2=bad;level3=bad,graded,,false,0.150767,
img_02078,bad,consensus=bad;level1=bad;level2=bad;level3=bad,graded,,false,0.228163,
img_02079,usable,consensus=usable;level1=usable;level2=good;level3=usable,graded,,false,0.392702,
img_02080,bad,consensus=bad;level1=usable;level2=bad;level3=bad,graded,,false,0.267482,
img_02081,usable,consensus=usable;level1=good;level2=usable;level3=usable,graded,,true,0.680864,
img_02082,good,consensus=good;level1=good;level2=usable;level3=good,graded,,true,0.601332,
img_02083,good,consensus=good;level1=good;level2=usable;level3=good,graded,,true,0.538658,
img_02085,bad,consensus=bad;level1=bad;level2=bad;level3=bad,graded,,false,0.009641,
img_02086,good,consensus=good;level1=good;level2=usable;level3=good,graded,,true,0.618266,
img_02089,usable,consensus=usable;level1=usable;level2=usable;level3=good,graded,,false,0.203257,
img_02094,usable,consensus=usable;level1=usable;level2=usable;level3=usable,graded,,false,0.237972,
img_02095,bad,consensus=bad;level1=bad;level2=bad;level3=bad,graded,,false,0.037899,
img_02096,bad,consensus=bad;level1=bad;level2=bad;level3=bad,graded,,false,0.016361,
img_02097,good,consensus=good;level1=good;level2=usable;level3=good,graded,,true,0.785549,
img_02098,bad,consensus=bad;level1=bad;level2=bad;level3=bad,graded,,false,0.049208,
img_02099,bad,consensus=bad;level1=bad;level2=bad;level3=bad,graded,,false,0.043678,
img_02100,bad,consensus=bad;level1=usable;level2=bad;level3=bad,graded,,false,0.295998,
img_02101,usable,consensus=usable;level1=usable;level2=usable;level3=bad,graded,,false,0.276492,
img_02102,usable,consensus=usable;level1=usable;level2=usable;level3=bad,graded,,false,0.198710,
img_02103,good,consensus=good;level1=usable;level2=good;level3=good,graded,,true,0.630554,
img_02104,usable,consensus=usable;level1=usable;level2=usable;level3=bad,graded,,false,0.336313,
img_02106,bad,consensus=bad;level1=bad;level2=bad;level3=bad,graded,,false,0.045472,
img_02107,usable,consensus=usable;level1=usable;level2=usable;level3=bad,graded,,true,0.543205,
img_02108,usable,consensus=usable;level1=usable;level2=usable;level3=bad,graded,,true,0.528688,
img_02110,bad,consensus=bad;level1=bad;level2=bad;level3=bad,graded,,false,0.053750,
img_02111,bad,consensus=bad;level1=bad;level2=bad;level3=bad,graded,,false,0.013704,
img_02112,bad,consensus=bad;level1=bad;level2=bad;level3=bad,graded,,false,0.135683,
img_02113,usable,consensus=usable;level1=good;level2=usable;level3=usable,graded,,true,0.771871,
img_02114,bad,consensus=bad;level1=bad;level2=usable;level3=bad,graded,,false,0.304620,
img_02115,usable,consensus=usable;level1=usable;level2=usable;level3=bad,graded,,false,0.166737,
img_02117,bad,consensus=bad;level1=bad;level2=bad;level3=bad,graded,,false,0.037109,
img_02118,bad,consensus=bad;level1=usable;level2=bad;level3=bad,graded,,false,0.135142,
img_02119,bad,consensus=bad;level1=bad;level2=bad;level3=bad,graded,,false,0.043838,
img_02121,usable,consensus=usable;level1=usable;level2=usable;level3=bad,graded,,false,0.384012,
img_02122,bad,consensus=bad;level1=bad;level2=usable;level3=bad,graded,,false,0.050092,
img_02123,bad,consensus=bad;level1=bad;level2=bad;level3=bad,graded,,false,0.023840,
img_02124,bad,consensus=bad;level1=bad;level2=bad;level3=bad,graded,,false,0.044672,
img_02125,bad,consensus=bad;level1=bad;level2=bad;level3=bad,graded,,false,0.048566,
img_02127,good,consensus=good;level1=good;level2=good;level3=usable,graded,,true,0.825859,
img_02128,usable,consensus=usable;level1=usable;level2=usable;level3=bad,graded,,true,0.574965,
img_02129,usable,consensus=usable;level1=usable;level2=usable;level3=usable,graded,,true,0.597049,
img_02130,usable,consensus=usable;level1=good;level2=usable;level3=usable,graded,,true,0.557290,
img_02132,usable,consensus=usable;level1=usable;level2=usable;level3=bad,graded,,false,0.172535,
img_02133,usable,consensus=usable;level1=usable;level2=usable;level3=bad,graded,,false,0.157546,
img_02134,good,consensus=good;level1=good;level2=good;level3=good,graded,,true,0.844213,
img_02135,good,consensus=good;level1=good;level2=good;level3=usable,graded,,true,0.776041,
img_02136,good,consensus=good;level1=good;level2=good;level3=good,graded,,true,0.837738,
img_02137,good,consensus=good;level1=good;level2=good;level3=good,graded,,true,0.789298,
img_02138,bad,consensus=bad;level1=usable;level2=bad;level3=bad,graded,,false,0.228933,
img_02139,bad,consensus=bad;level1=usable;level2=bad;level3=bad,graded,,false,0.432976,
img_02140,bad,consensus=bad;level1=usable;level2=bad;level3=bad,graded,,false,0.254680,
img_02141,bad,consensus=bad;level1=usable;level2=bad;level3=bad,graded,,false,0.168644,
img_02142,good,consensus=good;level1=good;level2=usable;level3=good,graded,,true,0.690347,
img_02143,good,consensus=good;level1=good;level2=good;level3=good,graded,,true,0.779028,
img_02144,usable,consensus=usable;level1=usable;level2=usable;level3=usable,graded,,true,0.666965,
img_02145,usable,consensus=usable;level1=usable;level2=usable;level3=usable,graded,,true,0.684503,
img_02146,good,consensus=good;level1=good;level2=good;level3=good,graded,,true,0.690891,
img_02147,usable,consensus=usable;level1=usable;level2=usable;level3=bad,graded,,false,0.376293,
img_02148,good,consensus=good;level1=good;level2=good;level3=good,graded,,true,0.524702,
img_02149,good,consensus=good;level1=good;level2=good;level3=good,graded,,true,0.685572,
img_02150,bad,consensus=bad;level1=bad;level2=bad;level3=bad,graded,,false,0.022917,
img_02151,bad,consensus=bad;level1=bad;level2=bad;level3=bad,graded,,false,0.040336,
img_02152,good,consensus=good;level1=good;level2=usable;level3=good,graded,,true,0.786777,
img_02153,good,consensus=good;level1=good;level2=good;level3=usable,graded,,true,0.629655,
img_02156,bad,consensus=bad;level1=bad;level2=bad;level3=bad,graded,,false,0.005769,
img_02157,bad,consensus=bad;level1=bad;level2=bad;level3=bad,graded,,false,0.007273,
img_02158,bad,consensus=bad;level1=bad;level2=bad;level3=bad,graded,,false,0.016461,
img_02159,bad,consensus=bad;level1=bad;level2=bad;level3=usable,graded,,false,0.066789,
img_02160,usable,consensus=usable;level1=usable;level2=usable;level3=bad,graded,,false,0.328036,
img_02161,usable,consensus=usable;level1=usable;level2=usable;level3=bad,graded,,false,0.209316,
img_02162,bad,consensus=bad;level1=usable;level2=bad;level3=bad,graded,,false,0.194325,
img_02163,bad,consensus=bad;level1=bad;level2=bad;level3=bad,graded,,false,0.022176,
img_02164,bad,consensus=bad;level1=bad;level2=bad;level3=bad,graded,,false,0.014148,
img_02165,usable,consensus=usable;level1=usable;level2=usable;level3=bad,graded,,false,0.461407,
img_02166,usable,consensus=usable;level1=usable;level2=usable;level3=bad,graded,,false,0.234291,
img_02167,usable,consensus=usable;level1=good;level2=usable;level3=usable,graded,,false,0.473948,
img_02168,bad,consensus=bad;level1=usable;level2=bad;level3=bad,graded,,false,0.457073,
img_02169,bad,consensus=bad;level1=bad;level2=bad;level3=bad,graded,,false,0.006492,
img_02170,bad,consensus=bad;level1=bad;level2=bad;level3=bad,graded,,false,0.117244,
img_02171,usable,consensus=usable;level1=good;level2=usable;level3=usable,graded,,true,0.685150,
img_02175,usable,consensus=usable;level1=good;level2=usable;level3=usable,graded,,true,0.695550,
img_02176,usable,consensus=usable;level1=usable;level2=usable;level3=usable,graded,,false,0.470072,
img_02177,usable,consensus=usable;level1=usable;level2=usable;level3=usable,graded,,false,0.190632,
img_02178,good,consensus=good;level1=good;level2=usable;level3=good,graded,,true,0.609940,
img_02179,good,consensus=good;level1=good;level2=good;level3=good,graded,,true,0.661819,
img_02180,usable,consensus=usable;level1=usable;level2=good;level3=usable,graded,,true,0.703519,
img_02181,good,consensus=good;level1=good;level2=good;level3=usable,graded,,true,0.586509,
img_02183,usable,consensus=usable;level1=usable;level2=usable;level3=usable,graded,,false,0.435431,
img_02184,usable,consensus=usable;level1=usable;level2=usable;level3=usable,graded,,true,0.725051,
img_02185,usable,consensus=usable;level1=usable;level2=usable;level3=bad,graded,,false,0.252876,
img_02186,usable,consensus=usable;level1=usable;level2=usable;level3=bad,graded,,false,0.278186,
img_02187,usable,consensus=usable;level1=usable;level2=usable;level3=usable,graded,,true,0.570819,
img_02188,usable,consensus=usable;level1=usable;level2=usable;level3=usable,graded,,true,0.613320,
img_02189,bad,consensus=bad;level1=bad;level2=bad;level3=bad,graded,,false,0.090987,
img_02190,bad,consensus=bad;level1=bad;level2=bad;level3=bad,graded,,false,0.054705,
img_02191,usable,consensus=usable;level1=usable;level2=usable;level3=bad,graded,,false,0.466798,
img_02192,usable,consensus=usable;level1=usable;level2=usable;level3=bad,graded,,false,0.458040,
img_02193,bad,consensus=bad;level1=usable;level2=bad;level3=bad,graded,,false,0.236147,
img_02194,bad,consensus=bad;level1=usable;level2=bad;level3=bad,graded,,false,0.305637,
img_02195,usable,consensus=usable;level1=usable;level2=usable;level3=usable,graded,,false,0.424745,
img_02196,bad,consensus=bad;level1=bad;level2=bad;level3=bad,graded,,false,0.033496,
img_02197,good,consensus=good;level1=good;level2=good;level3=good,graded,,true,0.805966,
img_02198,usable,consensus=usable;level1=usable;level2=usable;level3=bad,graded,,false,0.165329,
img_02199,bad,consensus=bad;level1=bad;level2=bad;level3=bad,graded,,false,0.069031,
img_02201,good,consensus=good;level1=good;level2=good;level3=good,graded,,true,0.744690,
img_02202,good,consensus=good;level1=good;level2=good;level3=good,graded,,true,0.748995,
img_02203,good,consensus=good;level1=good;level2=good;level3=good,graded,,true,0.799506,
img_02204,good,consensus=good;level1=good;level2=good;level3=good,graded,,true,0.790430,
img_02205,usable,consensus=usable;level1=usable;level2=usable;level3=bad,graded,,false,0.357039,
img_02206,bad,consensus=bad;level1=bad;level2=bad;level3=bad,graded,,false,0.079877,
img_02207,bad,consensus=bad;level1=usable;level2=bad;level3=bad,graded,,false,0.352477,
img_02208,bad,consensus=bad;level1=usable;level2=bad;level3=bad,graded,,false,0.174356,
img_02209,bad,consensus=bad;level1=usable;level2=bad;level3=bad,graded,,true,0.544406,
img_02210,bad,consensus=bad;level1=bad;level2=bad;level3=bad,graded,,false,0.444485,
img_02211,bad,consensus=bad;level1=usable;level2=bad;level3=bad,graded,,false,0.113402,
img_02213,bad,consensus=bad;level1=bad;level2=bad;level3=bad,graded,,false,0.012498,
img_02214,good,consensus=good;level1=good;level2=good;level3=good,graded,,true,0.789115,
img_02215,good,consensus=good;level1=good;level2=good;level3=good,graded,,true,0.775594,
img_02217,bad,consensus=bad;level1=bad;level2=bad;level3=bad,graded,,false,0.079460,
img_02218,bad,consensus=bad;level1=bad;level2=bad;level3=bad,graded,,false,0.064003,
img_02219,bad,consensus=bad;level1=bad;level2=bad;level3=bad,graded,,false,0.003462,
img_02220,bad,consensus=bad;level1=bad;level2=bad;level3=bad,graded,,false,0.051286,
img_02221,bad,consensus=bad;level1=usable;level2=bad;level3=bad,graded,,false,0.438384,
img_02222,bad,consensus=bad;level1=usable;level2=bad;level3=bad,graded,,false,0.354333,
img_02223,bad,consensus=bad;level1=usable;level2=bad;level3=bad,graded,,false,0.244845,
img_02224,usable,consensus=usable;level1=usable;level2=usable;level3=usable,graded,,true,0.841467,
img_02225,usable,consensus=usable;level1=usable;level2=usable;level3=usable,graded,,false,0.050428,
img_02226,usable,consensus=usable;level1=usable;level2=usable;level3=usable,graded,,false,0.085273,
img_02227,good,consensus=good;level1=good;level2=good;level3=good,graded,,true,0.814497,
img_02228,good,consensus=good;level1=good;level2=good;level3=good,graded,,true,0.747848,
img_02229,bad,consensus=bad;level1=usable;level2=bad;level3=bad,graded,,false,0.259620,
img_02230,bad,consensus=bad;level1=bad;level2=bad;level3=bad,graded,,false,0.176271,
img_02231,usable,consensus=usable;level1=good;level2=usable;level3=usable,graded,,true,0.783725,
img_02232,bad,consensus=bad;level1=bad;level2=bad;level3=bad,graded,,false,0.044561,
img_02233,good,consensus=good;level1=good;level2=good;level3=usable,graded,,true,0.568840,
img_02234,good,consensus=good;level1=good;level2=good;level3=good,graded,,true,0.524448,
img_02235,bad,consensus=bad;level1=usable;level2=bad;level3=bad,graded,,false,0.264736,
img_02237,usable,consensus=usable;level1=usable;level2=usable;level3=usable,graded,,true,0.761748,
img_02249,bad,consensus=bad;level1=bad;level2=bad;level3=bad,graded,,false,0.017230,
img_02269,bad,consensus=bad;level1=bad;level2=bad;level3=bad,graded,,false,0.045684,
img_02282,bad,consensus=bad;level1=bad;level2=bad;level3=bad,graded,,false,0.171576,
img_02283,bad,consensus=bad;level1=bad;level2=bad;level3=bad,graded,,false,0.176722,
img_02285,bad,consensus=bad;level1=bad;level2=bad;level3=bad,graded,,false,0.041639,
img_02290,bad,consensus=bad;level1=bad;level2=usable;level3=bad,graded,,false,0.150354,
img_02291,usable,consensus=usable;level1=good;level2=usable;level3=usable,graded,,true,0.654604,
img_02292,usable,consensus=usable;level1=usable;level2=usable;level3=bad,graded,,false,0.089294,
img_02293,bad,consensus=bad;level1=bad;level2=bad;level3=bad,graded,,false,0.021074,
img_02294,bad,consensus=bad;level1=bad;level2=bad;level3=bad,graded,,false,0.022379,
img_02295,bad,consensus=bad;level1=bad;level2=usable;level3=bad,graded,,false,0.189192,
img_02296,bad,consensus=bad;level1=usable;level2=bad;level3=bad,graded,,false,0.195292,
img_02297,bad,consensus=bad;level1=bad;level2=bad;level3=bad,graded,,false,0.157405,
img_02299,usable,consensus=usable;level1=usable;level2=bad;level3=usable,graded,,false,0.381872,
img_02301,good,consensus=good;level1=good;level2=good;level3=good,graded,,true,0.795161,
img_02302,good,consensus=good;level1=good;level2=good;level3=good,graded,,true,0.776722,
img_02303,bad,consensus=bad;level1=usable;level2=bad;level3=bad,graded,,false,0.285157,
img_02304,bad,consensus=bad;level1=usable;level2=bad;level3=bad,graded,,false,0.122727,
img_02305,usable,consensus=usable;level1=usable;level2=usable;level3=usable,graded,,false,0.462158,
img_02306,bad,consensus=bad;level1=bad;level2=bad;level3=bad,graded,,false,0.129084,
img_02307,bad,consensus=bad;level1=bad;level2=bad;level3=bad,graded,,false,0.008961,
img_02308,bad,consensus=bad;level1=usable;level2=bad;level3=bad,graded,,false,0.238897,
img_02309,bad,consensus=bad;level1=bad;level2=bad;level3=bad,graded,,false,0.059770,
img_02310,bad,consensus=bad;level1=bad;level2=bad;level3=bad,graded,,false,0.015285,
img_02311,bad,consensus=bad;level1=bad;level2=bad;level3=bad,graded,,false,0.006331,
img_02312,bad,consensus=bad;level1=bad;level2=bad;level3=bad,graded,,false,0.177001,
img_02313,usable,consensus=usable;level1=usable;level2=usable;level3=bad,graded,,false,0.480404,
img_02314,usable,consensus=usable;level1=usable;level2=usable;level3=bad,graded,,false,0.442985,
img_02315,usable,consensus=usable;level1=good;level2=usable;level3=usable,graded,,true,0.526174,
img_02316,good,consensus=good;level1=good;level2=good;level3=good,graded,,true,0.768932,
img_02317,good,consensus=good;level1=good;level2=good;level3=good,graded,,true,0.788807,
img_02318,good,consensus=good;level1=good;level2=good;level3=usable,graded,,true,0.651366,
img_02319,good,consensus=good;level1=good;level2=good;level3=usable,graded,,false,0.471919,
img_02320,good,consensus=good;level1=good;level2=good;level3=good,graded,,true,0.832221,
img_02321,good,consensus=good;level1=good;level2=good;level3=good,graded,,true,0.821866,
img_02322,good,consensus=good;level1=good;level2=good;level3=usable,graded,,true,0.628527,
img_02323,bad,consensus=bad;level1=bad;level2=bad;level3=bad,graded,,false,0.039128,
img_02324,bad,consensus=bad;level1=usable;level2=bad;level3=bad,graded,,false,0.274274,
img_02325,bad,consensus=bad;level1=bad;level2=bad;level3=bad,graded,,false,0.058285,
img_02326,bad,consensus=bad;level1=bad;level2=bad;level3=bad,graded,,false,0.070492,
img_02327,bad,consensus=bad;level1=bad;level2=bad;level3=bad,graded,,false,0.083695,
img_02328,bad,consensus=bad;level1=bad;level2=bad;level3=bad,graded,,false,0.014834,
img_02329,usable,consensus=usable;level1=usable;level2=usable;level3=bad,graded,,false,0.406617,
img_02330,bad,consensus=bad;level1=usable;level2=bad;level3=bad,graded,,false,0.212207,
img_02331,usable,consensus=usable;level1=usable;level2=usable;level3=bad,graded,,false,0.411458,
img_02332,usable,consensus=usable;level1=usable;level2=usable;level3=bad,graded,,false,0.092032,
img_02333,bad,consensus=bad;level1=bad;level2=usable;level3=bad,graded,,false,0.031671,
img_02334,good,consensus=good;level1=good;level2=good;level3=good,graded,,true,0.850022,
img_02335,good,consensus=good;level1=good;level2=good;level3=good,graded,,true,0.848872,
img_02336,usable,consensus=usable;level1=usable;level2=usable;level3=usable,graded,,true,0.781566,
img_02337,usable,consensus=usable;level1=good;level2=usable;level3=usable,graded,,true,0.609045,
img_02338,bad,consensus=bad;level1=bad;level2=bad;level3=bad,graded,,false,0.258501,
img_02339,bad,consensus=bad;level1=bad;level2=bad;level3=bad,graded,,false,0.108529,
img_02340,bad,consensus=bad;level1=bad;level2=bad;level3=bad,graded,,false,0.001783,
img_02342,bad,consensus=bad;level1=bad;level2=bad;level3=bad,graded,,false,0.001246,
img_02343,bad,consensus=bad;level1=bad;level2=bad;level3=bad,graded,,false,0.052399,
img_02344,bad,consensus=bad;level1=bad;level2=bad;level3=bad,graded,,false,0.077969,
img_02345,good,consensus=good;level1=good;level2=good;level3=good,graded,,true,0.749443,
img_02346,good,consensus=good;level1=good;level2=good;level3=usable,graded,,true,0.546238,
img_02347,bad,consensus=bad;level1=bad;level2=bad;level3=bad,graded,,false,0.032109,
img_02358,bad,consensus=bad;level1=usable;level2=bad;level3=bad,graded,,false,0.195774,
img_02368,usable,consensus=usable;level1=usable;level2=usable;level3=usable,graded,,true,0.600291,
img_02369,good,consensus=good;level1=good;level2=good;level3=good,graded,,true,0.776415,
img_02371,good,consensus=good;level1=good;level2=good;level3=good,graded,,true,0.636722,
img_02372,good,consensus=good;level1=good;level2=good;level3=good,graded,,true,0.752373,
img_02373,good,consensus=good;level1=good;level2=good;level3=good,graded,,true,0.734432,
img_02374,bad,consensus=bad;level1=bad;level2=bad;level3=bad,graded,,false,0.004898,
img_02375,usable,consensus=usable;level1=usable;level2=usable;level3=bad,graded,,false,0.436599,
img_02376,usable,consensus=usable;level1=usable;level2=usable;level3=bad,graded,,true,0.572148,
img_02378,bad,consensus=bad;level1=bad;level2=usable;level3=bad,graded,,false,0.033240,
img_02382,bad,consensus=bad;level1=bad;level2=bad;level3=bad,graded,,false,0.003470,
img_02387,usable,consensus=usable;level1=usable;level2=usable;level3=usable,graded,,true,0.707492,
img_02389,bad,consensus=bad;level1=bad;level2=bad;level3=bad,graded,,false,0.197320,
img_02390,usable,consensus=usable;level1=usable;level2=usable;level3=usable,graded,,true,0.736742,
img_02391,bad,consensus=bad;level1=bad;level2=bad;level3=bad,graded,,false,0.190927,
img_02392,bad,consensus=bad;level1=bad;level2=bad;level3=bad,graded,,false,0.077120,
img_02393,bad,consensus=bad;level1=bad;level2=bad;level3=bad,graded,,false,0.310546,
img_02394,bad,consensus=bad;level1=bad;level2=usable;level3=bad,graded,,false,0.397259,
img_02395,usable,consensus=usable;level1=usable;level2=good;level3=usable,graded,,false,0.474979,
img_02396,usable,consensus=usable;level1=usable;level2=good;level3=usable,graded,,true,0.556356,
img_02397,usable,consensus=usable;level1=usable;level2=usable;level3=usable,graded,,true,0.768864,
img_02398,usable,consensus=usable;level1=good;level2=usable;level3=usable,graded,,true,0.786556,
img_02399,bad,consensus=bad;level1=usable;level2=bad;level3=bad,graded,,false,0.180216,
img_02400,bad,consensus=bad;level1=usable;level2=bad;level3=bad,graded,,false,0.184971,
img_02404,usable,consensus=usable;level1=usable;level2=usable;level3=bad,graded,,false,0.250486,
img_02405,bad,consensus=bad;level1=usable;level2=bad;level3=bad,graded,,false,0.270909,
img_02406,bad,consensus=bad;level1=bad;level2=bad;level3=bad,graded,,false,0.039615,
img_02407,bad,consensus=bad;level1=bad;level2=bad;level3=bad,graded,,false,0.072126,
img_02408,good,consensus=good;level1=good;level2=good;level3=good,graded,,true,0.779354,
img_02420,usable,consensus=usable;level1=usable;level2=usable;level3=bad,graded,,true,0.584193,
img_02421,usable,consensus=usable;level1=usable;level2=usable;level3=bad,graded,,true,0.622489,
img_02427,good,consensus=good;level1=good;level2=good;level3=good,graded,,true,0.758322,
img_02428,good,consensus=good;level1=good;level2=good;level3=good,graded,,true,0.686948,
img_02429,usable,consensus=usable;level1=usable;level2=usable;level3=usable,graded,,true,0.667613,
img_02431,usable,consensus=usable;level1=usable;level2=usable;level3=usable,graded,,false,0.434226,
img_02433,good,consensus=good;level1=good;level2=usable;level3=good,graded,,true,0.770047,
img_02434,bad,consensus=bad;level1=bad;level2=bad;level3=bad,graded,,false,0.010221,
img_02435,bad,consensus=bad;level1=bad;level2=bad;level3=bad,graded,,false,0.003973,
img_02436,bad,consensus=bad;level1=bad;level2=bad;level3=bad,graded,,false,0.163393,
img_02437,bad,consensus=bad;level1=bad;level2=bad;level3=bad,graded,,false,0.124241,
img_02438,usable,consensus=usable;level1=usable;level2=bad;level3=usable,graded,,false,0.146476,
img_02439,bad,consensus=bad;level1=bad;level2=bad;level3=bad,graded,,false,0.082385,
img_02440,bad,consensus=bad;level1=bad;level2=good;level3=bad,graded,,true,0.529140,
img_02441,bad,consensus=bad;level1=bad;level2=usable;level3=bad,graded,,false,0.460606,
img_02442,usable,consensus=usable;level1=good;level2=usable;level3=usable,graded,,true,0.602296,
img_02443,usable,consensus=usable;level1=usable;level2=usable;level3=usable,graded,,true,0.532391,
img_02444,bad,consensus=bad;level1=bad;level2=bad;level3=bad,graded,,false,0.004881,
img_02445,bad,consensus=bad;level1=bad;level2=bad;level3=bad,graded,,false,0.013701,
img_02446,good,consensus=good;level1=good;level2=good;level3=good,graded,,true,0.757771,
img_02447,good,consensus=good;level1=good;level2=good;level3=good,graded,,true,0.736890,
img_02448,usable,consensus=usable;level1=usable;level2=usable;level3=bad,graded,,false,0.246536,
img_02449,good,consensus=good;level1=good;level2=good;level3=usable,graded,,false,0.168961,
img_02450,bad,consensus=bad;level1=bad;level2=bad;level3=bad,graded,,false,0.024287,
img_02451,bad,consensus=bad;level1=bad;level2=bad;level3=bad,graded,,false,0.020939,
img_02452,usable,consensus=usable;level1=usable;level2=usable;level3=usable,graded,,false,0.183415,
img_02453,good,consensus=good;level1=good;level2=good;level3=good,graded,,true,0.768823,
img_02454,good,consensus=good;level1=good;level2=good;level3=good,graded,,true,0.749949,
img_02455,usable,consensus=usable;level1=usable;level2=good;level3=usable,graded,,false,0.460570,
img_02456,bad,consensus=bad;level1=bad;level2=bad;level3=bad,graded,,false,0.043446,
img_02459,good,consensus=good;level1=good;level2=usable;level3=good,graded,,true,0.727217,
img_02460,usable,consensus=usable;level1=good;level2=usable;level3=usable,graded,,true,0.636403,
img_02461,bad,consensus=bad;level1=bad;level2=bad;level3=bad,graded,,false,0.062971,
img_02463,bad,consensus=bad;level1=bad;level2=bad;level3=bad,graded,,false,0.017833,
img_02464,bad,consensus=bad;level1=usable;level2=bad;level3=bad,graded,,false,0.142277,
img_02465,bad,consensus=bad;level1=bad;level2=bad;level3=bad,graded,,false,0.009965,
img_02466,usable,consensus=usable;level1=usable;level2=usable;level3=bad,graded,,false,0.228838,
img_02467,good,consensus=good;level1=good;level2=usable;level3=good,graded,,false,0.313737,
img_02468,bad,consensus=bad;level1=bad;level2=bad;level3=bad,graded,,false,0.009658,
img_02469,bad,consensus=bad;level1=bad;level2=bad;level3=bad,graded,,false,0.037246,
img_02470,usable,consensus=usable;level1=bad;level2=usable;level3=usable,graded,,false,0.220322,
img_02471,bad,consensus=bad;level1=bad;level2=bad;level3=bad,graded,,false,0.072187,
img_02472,bad,consensus=bad;level1=bad;level2=bad;level3=bad,graded,,false,0.028212,
img_02473,bad,consensus=bad;level1=bad;level2=usable;level3=bad,graded,,false,0.210159,
img_02474,bad,consensus=bad;level1=bad;level2=usable;level3=bad,graded,,false,0.132886,
img_02475,bad,consensus=bad;level1=bad;level2=bad;level3=bad,graded,,false,0.179538,
img_02476,bad,consensus=bad;level1=bad;level2=bad;level3=bad,graded,,false,0.145829,
img_02477,bad,consensus=bad;level1=bad;level2=usable;level3=bad,graded,,true,0.511829,
img_02480,bad,consensus=bad;level1=usable;level2=bad;level3=bad,graded,,true,0.673774,
img_02481,bad,consensus=bad;level1=bad;level2=bad;level3=bad,graded,,true,0.640040,
img_02482,good,consensus=good;level1=good;level2=good;level3=good,graded,,true,0.794932,
img_02483,good,consensus=good;level1=usable;level2=good;level3=good,graded,,true,0.698587,
img_02484,good,consensus=good;level1=good;level2=good;level3=usable,graded,,true,0.704862,
img_02485,good,consensus=good;level1=good;level2=usable;level3=good,graded,,true,0.778969,
img_02486,usable,consensus=usable;level1=good;level2=usable;level3=usable,graded,,true,0.569808,
img_02487,usable,consensus=usable;level1=good;level2=usable;level3=usable,graded,,true,0.684425,
img_02488,usable,consensus=usable;level1=good;level2=usable;level3=usable,graded,,true,0.693671,
img_02489,good,consensus=good;level1=good;level2=bad;level3=good,graded,,true,0.730676,
img_02490,usable,consensus=usable;level1=usable;level2=usable;level3=bad,graded,,false,0.068143,
img_02491,bad,consensus=bad;level1=usable;level2=bad;level3=bad,graded,,false,0.105559,
img_02492,usable,consensus=usable;level1=usable;level2=usable;level3=usable,graded,,false,0.384799,
img_02493,usable,consensus=usable;level1=usable;level2=usable;level3=usable,graded,,false,0.433821,
img_02494,usable,consensus=usable;level1=good;level2=usable;level3=usable,graded,,true,0.540530,
img_02495,usable,consensus=usable;level1=good;level2=usable;level3=usable,graded,,true,0.700594,
img_02496,good,consensus=good;level1=good;level2=good;level3=usable,graded,,true,0.695504,
img_02497,usable,consensus=usable;level1=good;level2=usable;level3=usable,graded,,true,0.595690,
img_02498,usable,consensus=usable;level1=good;level2=usable;level3=usable,graded,,false,0.475081,
img_02499,good,consensus=good;level1=good;level2=good;level3=usable,graded,,true,0.669437,
img_02500,usable,consensus=usable;level1=good;level2=usable;level3=usable,graded,,false,0.491313,
img_02503,bad,consensus=bad;level1=usable;level2=bad;level3=bad,graded,,false,0.146730,
img_02504,usable,consensus=usable;level1=usable;level2=usable;level3=bad,graded,,false,0.168727,
img_02505,usable,consensus=usable;level1=usable;level2=good;level3=usable,graded,,false,0.476975,
img_02506,usable,consensus=usable;level1=usable;level2=good;level3=usable,graded,,false,0.296502,
img_02507,good,consensus=good;level1=good;level2=good;level3=usable,graded,,true,0.639567,
img_02508,usable,consensus=usable;level1=usable;level2=usable;level3=usable,graded,,false,0.484507,
img_02509,bad,consensus=bad;level1=bad;level2=bad;level3=bad,graded,,false,0.067298,
img_02510,usable,consensus=usable;level1=usable;level2=usable;level3=bad,graded,,true,0.508421,
img_02511,usable,consensus=usable;level1=good;level2=usable;level3=usable,graded,,true,0.739352,
img_02512,good,consensus=good;level1=good;level2=good;level3=good,graded,,true,0.845922,
img_02513,good,consensus=good;level1=good;level2=good;level3=good,graded,,true,0.807369,
img_02514,bad,consensus=bad;level1=bad;level2=usable;level3=bad,graded,,false,0.204480,
img_02515,good,consensus=good;level1=good;level2=usable;level3=good,graded,,true,0.655131,
img_02516,good,consensus=good;level1=usable;level2=good;level3=good,graded,,true,0.808912,
img_02517,good,consensus=good;level1=good;level2=good;level3=good,graded,,true,0.819381,
img_02518,bad,consensus=bad;level1=bad;level2=bad;level3=bad,graded,,false,0.025914,
img_02519,usable,consensus=usable;level1=usable;level2=usable;level3=bad,graded,,false,0.262783,
img_02520,good,consensus=good;level1=usable;level2=good;level3=good,graded,,false,0.373902,
img_02522,good,consensus=good;level1=good;level2=good;level3=good,graded,,true,0.649429,
img_02523,good,consensus=good;level1=good;level2=good;level3=good,graded,,true,0.703221,
img_02524,bad,consensus=bad;level1=bad;level2=bad;level3=bad,graded,,false,0.045461,
img_02525,usable,consensus=usable;level1=good;level2=usable;level3=usable,graded,,true,0.505071,
img_02526,bad,consensus=bad;level1=bad;level2=bad;level3=bad,graded,,false,0.075837,
img_02527,bad,consensus=bad;level1=bad;level2=bad;level3=bad,graded,,false,0.160940,
img_02528,bad,consensus=bad;level1=bad;level2=bad;level3=bad,graded,,false,0.013418,
img_02529,bad,consensus=bad;level1=bad;level2=bad;level3=bad,graded,,false,0.014710,
img_02531,good,consensus=good;level1=good;level2=good;level3=good,graded,,true,0.751313,
img_02532,good,consensus=good;level1=good;level2=good;level3=good,graded,,true,0.655243,
img_02533,usable,consensus=usable;level1=good;level2=usable;level3=usable,graded,,false,0.327703,
img_02534,usable,consensus=usable;level1=good;level2=usable;level3=usable,graded,,true,0.518673,
img_02535,good,consensus=good;level1=good;level2=good;level3=good,graded,,false,0.395249,
img_02536,bad,consensus=bad;level1=bad;level2=usable;level3=bad,graded,,false,0.203661,
img_02537,bad,consensus=bad;level1=bad;level2=bad;level3=bad,graded,,false,0.036333,
img_02538,usable,consensus=usable;level1=usable;level2=bad;level3=usable,graded,,true,0.531775,
img_02539,bad,consensus=bad;level1=usable;level2=bad;level3=bad,graded,,false,0.145075,
img_02540,usable,consensus=usable;level1=usable;level2=usable;level3=bad,graded,,false,0.427859,
img_02543,usable,consensus=usable;level1=usable;level2=usable;level3=usable,graded,,true,0.704871,
img_02544,usable,consensus=usable;level1=usable;level2=good;level3=usable,graded,,true,0.531826,
img_02545,usable,consensus=usable;level1=usable;level2=usable;level3=usable,graded,,true,0.708123,
img_02546,usable,consensus=usable;level1=usable;level2=good;level3=usable,graded,,true,0.735071,
img_02547,bad,consensus=bad;level1=bad;level2=bad;level3=bad,graded,,false,0.084240,
img_02548,usable,consensus=usable;level1=usable;level2=good;level3=usable,graded,,true,0.636732,
img_02549,usable,consensus=usable;level1=usable;level2=usable;level3=bad,graded,,false,0.498577,
img_02550,usable,consensus=usable;level1=usable;level2=usable;level3=bad,graded,,false,0.362080,
img_02551,usable,consensus=usable;level1=usable;level2=usable;level3=usable,graded,,false,0.412493,
img_02552,usable,consensus=usable;level1=good;level2=usable;level3=usable,graded,,false,0.336698,
img_02553,usable,consensus=usable;level1=usable;level2=usable;level3=usable,graded,,true,0.548349,
img_02554,usable,consensus=usable;level1=usable;level2=good;level3=usable,graded,,true,0.713792,
img_02555,bad,consensus=bad;level1=bad;level2=bad;level3=bad,graded,,false,0.048373,
img_02556,usable,consensus=usable;level1=usable;level2=usable;level3=usable,graded,,false,0.226510,
img_02557,bad,consensus=bad;level1=bad;level2=bad;level3=bad,graded,,false,0.004957,
img_02559,bad,consensus=bad;level1=bad;level2=bad;level3=bad,graded,,false,0.017980,
img_02560,usable,consensus=usable;level1=usable;level2=good;level3=usable,graded,,true,0.661110,
img_02561,usable,consensus=usable;level1=usable;level2=usable;level3=usable,graded,,false,0.324186,
img_02562,bad,consensus=bad;level1=bad;level2=bad;level3=bad,graded,,false,0.103237,
img_02563,usable,consensus=usable;level1=usable;level2=usable;level3=usable,graded,,false,0.396044,
img_02564,usable,consensus=usable;level1=usable;level2=usable;level3=usable,graded,,true,0.628191,
img_02565,usable,consensus=usable;level1=good;level2=usable;level3=usable,graded,,true,0.760500,
img_02566,good,consensus=good;level1=good;level2=good;level3=usable,graded,,true,0.713710,
img_02567,usable,consensus=usable;level1=usable;level2=usable;level3=good,graded,,true,0.504338,
img_02568,usable,consensus=usable;level1=usable;level2=usable;level3=usable,graded,,false,0.424216,
img_02569,usable,consensus=usable;level1=usable;level2=usable;level3=bad,graded,,false,0.132609,
img_02570,usable,consensus=usable;level1=usable;level2=usable;level3=bad,graded,,false,0.394399,
img_02571,usable,consensus=usable;level1=good;level2=usable;level3=usable,graded,,true,0.676435,
img_02572,usable,consensus=usable;level1=good;level2=usable;level3=usable,graded,,true,0.568879,
img_02573,bad,consensus=bad;level1=bad;level2=bad;level3=bad,graded,,false,0.063578,
img_02574,bad,consensus=bad;level1=bad;level2=bad;level3=bad,graded,,false,0.090614,
img_02575,good,consensus=good;level1=good;level2=good;level3=good,graded,,true,0.767303,
img_02576,good,consensus=good;level1=good;level2=good;level3=good,graded,,true,0.793633,
img_02577,good,consensus=good;level1=good;level2=good;level3=good,graded,,true,0.721601,
img_02578,usable,consensus=usable;level1=usable;level2=bad;level3=usable,graded,,true,0.617909,
img_02579,bad,consensus=bad;level1=usable;level2=bad;level3=bad,graded,,false,0.448299,
img_02580,bad,consensus=bad;level1=bad;level2=bad;level3=bad,graded,,false,0.094407,
img_02581,bad,consensus=bad;level1=bad;level2=bad;level3=bad,graded,,false,0.012617,
img_02582,bad,consensus=bad;level1=bad;level2=bad;level3=bad,graded,,false,0.020309,
img_02583,good,consensus=good;level1=good;level2=good;level3=usable,graded,,true,0.574259,
img_02584,bad,consensus=bad;level1=usable;level2=bad;level3=bad,graded,,false,0.335806,
img_02587,usable,consensus=usable;level1=usable;level2=usable;level3=usable,graded,,false,0.251237,
img_02588,usable,consensus=usable;level1=usable;level2=usable;level3=bad,graded,,false,0.268501,
img_02589,usable,consensus=usable;level1=good;level2=usable;level3=usable,graded,,true,0.771956,
img_02590,good,consensus=good;level1=good;level2=good;level3=good,graded,,true,0.815629,
img_02591,good,consensus=good;level1=good;level2=good;level3=good,graded,,true,0.743953,
img_02592,good,consensus=good;level1=good;level2=good;level3=good,graded,,true,0.588811,
img_02593,usable,consensus=usable;level1=good;level2=usable;level3=usable,graded,,true,0.531656,
img_02594,usable,consensus=usable;level1=usable;level2=usable;level3=bad,graded,,false,0.468518,
img_02595,good,consensus=good;level1=good;level2=good;level3=usable,graded,,true,0.741325,
img_02597,bad,consensus=bad;level1=usable;level2=bad;level3=bad,graded,,true,0.627177,
img_02599,bad,consensus=bad;level1=usable;level2=bad;level3=bad,graded,,false,0.072748,
img_02600,bad,consensus=bad;level1=usable;level2=bad;level3=bad,graded,,false,0.223078,
img_02601,bad,consensus=bad;level1=bad;level2=bad;level3=bad,graded,,false,0.099518,
img_02602,good,consensus=good;level1=good;level2=usable;level3=good,graded,,true,0.762633,
img_02603,good,consensus=good;level1=good;level2=good;level3=good,graded,,true,0.737907,
img_02604,good,consensus=good;level1=good;level2=good;level3=good,graded,,true,0.783750,
img_02605,bad,consensus=bad;level1=bad;level2=bad;level3=bad,graded,,false,0.110483,
img_02606,usable,consensus=usable;level1=good;level2=usable;level3=usable,graded,,true,0.688379,
img_02607,bad,consensus=bad;level1=bad;level2=usable;level3=bad,graded,,false,0.216647,
img_02608,usable,consensus=usable;level1=usable;level2=usable;level3=usable,graded,,true,0.515287,
img_02609,usable,consensus=usable;level1=usable;level2=usable;level3=bad,graded,,false,0.452353,
img_02610,usable,consensus=usable;level1=usable;level2=usable;level3=usable,graded,,false,0.257710,
img_02611,usable,consensus=usable;level1=usable;level2=usable;level3=usable,graded,,false,0.188127,
img_02612,bad,consensus=bad;level1=bad;level2=bad;level3=bad,graded,,false,0.048819,
img_02652,usable,consensus=usable;level1=usable;level2=usable;level3=good,graded,,true,0.718244,
img_02656,usable,consensus=usable;level1=usable;level2=usable;level3=good,graded,,true,0.766008,
img_02724,usable,consensus=usable;level1=good;level2=usable;level3=usable,graded,,true,0.779018,
img_02743,bad,consensus=bad;level1=bad;level2=bad;level3=bad,graded,,false,0.046219,
img_02744,bad,consensus=bad;level1=bad;level2=bad;level3=bad,graded,,false,0.100409,
img_02745,usable,consensus=usable;level1=usable;level2=usable;level3=bad,graded,,true,0.516117,
img_02747,bad,consensus=bad;level1=bad;level2=bad;level3=bad,graded,,false,0.007151,
img_02748,usable,consensus=usable;level1=usable;level2=good;level3=usable,graded,,true,0.641193,
img_02749,usable,consensus=usable;level1=usable;level2=good;level3=usable,graded,,true,0.540268,
img_02750,usable,consensus=usable;level1=good;level2=usable;level3=usable,graded,,false,0.351274,
img_02751,bad,consensus=bad;level1=bad;level2=usable;level3=bad,graded,,false,0.167288,
img_02752,usable,consensus=usable;level1=usable;level2=usable;level3=usable,graded,,false,0.178421,
img_02763,bad,consensus=bad;level1=bad;level2=bad;level3=bad,graded,,false,0.042368,
img_02829,usable,consensus=usable;level1=usable;level2=usable;level3=good,graded,,true,0.706774,
img_02873,bad,consensus=bad;level1=bad;level2=bad;level3=bad,graded,,false,0.009495,
img_02909,bad,consensus=bad;level1=bad;level2=bad;level3=usable,graded,,false,0.018637,
img_03128,usable,consensus=usable;level1=bad;level2=usable;level3=usable,graded,,false,0.210351,
img_03178,usable,consensus=usable;level1=bad;level2=usable;level3=usable,graded,,false,0.182287,
img_03189,usable,consensus=usable;level1=usable;level2=usable;level3=good,graded,,true,0.648170,
img_03285,usable,consensus=usable;level1=usable;level2=usable;level3=good,graded,,false,0.454536,
img_03322,usable,consensus=usable;level1=usable;level2=usable;level3=good,graded,,true,0.517662,
img_03355,bad,consensus=bad;level1=bad;level2=bad;level3=bad,graded,,false,0.007039,
img_03361,bad,consensus=bad;level1=bad;level2=bad;level3=bad,graded,,false,0.068832,
img_03424,usable,consensus=usable;level1=bad;level2=usable;level3=usable,graded,,false,0.301671,
img_03595,good,consensus=good;level1=good;level2=good;level3=good,graded,,true,0.720979,
img_03716,bad,consensus=bad;level1=bad;level2=bad;level3=bad,graded,,false,0.082458,
img_03718,bad,consensus=bad;level1=bad;level2=bad;level3=bad,graded,,false,0.028775,
img_03723,usable,consensus=usable;level1=usable;level2=bad;level3=usable,graded,,false,0.269013,
img_03727,bad,consensus=bad;level1=bad;level2=bad;level3=bad,graded,,false,0.042815,
img_03745,bad,consensus=bad;level1=bad;level2=bad;level3=bad,graded,,false,0.156257,
img_03750,usable,consensus=usable;level1=bad;level2=usable;level3=usable,graded,,true,0.738534,
img_03756,good,consensus=good;level1=usable;level2=good;level3=good,graded,,true,0.759339,
img_03764,usable,consensus=usable;level1=good;level2=usable;level3=usable,graded,,false,0.334683,
img_03776,usable,consensus=usable;level1=usable;level2=usable;level3=good,graded,,false,0.351827,
img_03779,usable,consensus=usable;level1=bad;level2=usable;level3=usable,graded,,true,0.634799,
img_03792,bad,consensus=bad;level1=usable;level2=bad;level3=bad,graded,,false,0.058528,
img_03794,usable,consensus=usable;level1=good;level2=usable;level3=usable,graded,,false,0.193611,
img_03812,bad,consensus=bad;level1=bad;level2=bad;level3=usable,graded,,false,0.231522,
img_03821,usable,consensus=usable;level1=usable;level2=bad;level3=usable,graded,,false,0.301485,
img_03830,bad,consensus=bad;level1=bad;level2=bad;level3=bad,graded,,false,0.186868,
img_03836,bad,consensus=bad;level1=usable;level2=bad;level3=bad,graded,,false,0.008377,
img_03849,good,consensus=good;level1=usable;level2=good;level3=good,graded,,true,0.730718,
img_03863,bad,consensus=bad;level1=usable;level2=bad;level3=bad,graded,,false,0.071243,
img_03869,good,consensus=good;level1=good;level2=good;level3=good,graded,,true,0.611202,
img_03873,bad,consensus=bad;level1=bad;level2=bad;level3=bad,graded,,false,0.017602,
img_03890,usable,consensus=usable;level1=bad;level2=usable;level3=good,graded,,true,0.595728,
img_03949,usable,consensus=usable;level1=usable;level2=good;level3=usable,graded,,true,0.533969,
img_03995,usable,consensus=usable;level1=usable;level2=usable;level3=usable,graded,,true,0.562037,
img_04121,bad,consensus=bad;level1=bad;level2=bad;level3=bad,graded,,false,0.007367,
img_04132,usable,consensus=usable;level1=bad;level2=usable;level3=usable,graded,,true,0.650374,
img_04157,bad,consensus=bad;level1=bad;level2=bad;level3=bad,graded,,false,0.011177,
img_04180,bad,consensus=bad;level1=bad;level2=bad;level3=bad,graded,,false,0.007842,
img_04228,bad,consensus=bad;level1=bad;level2=bad;level3=usable,graded,,false,0.173749,
img_04239,usable,consensus=usable;level1=usable;level2=usable;level3=good,graded,,true,0.768353,
img_04245,good,consensus=good;level1=good;level2=usable;level3=good,graded,,true,0.558320,
img_04264,usable,consensus=usable;level1=usable;level2=bad;level3=usable,graded,,false,0.200412,
img_04305,bad,consensus=bad;level1=bad;level2=bad;level3=good,graded,,false,0.289159,
img_04366,bad,consensus=bad;level1=bad;level2=bad;level3=usable,graded,,false,0.220538,
img_04416,bad,consensus=bad;level1=bad;level2=bad;level3=bad,graded,,false,0.018733,
img_04448,good,consensus=good;level1=usable;level2=good;level3=good,graded,,false,0.493659,
img_04507,usable,consensus=usable;level1=usable;level2=usable;level3=good,graded,,true,0.554619,
img_04518,bad,consensus=bad;level1=bad;level2=bad;level3=usable,graded,,false,0.270481,
img_04525,usable,consensus=usable;level1=bad;level2=usable;level3=good,graded,,true,0.778689,
img_04563,bad,consensus=bad;level1=bad;level2=bad;level3=usable,graded,,true,0.645685,
img_04597,bad,consensus=bad;level1=bad;level2=bad;level3=bad,graded,,false,0.034623,
img_04599,bad,consensus=bad;level1=usable;level2=bad;level3=bad,graded,,false,0.080994,
img_04627,usable,consensus=usable;level1=usable;level2=usable;level3=usable,graded,,false,0.204458,
img_04645,bad,consensus=bad;level1=bad;level2=bad;level3=usable,graded,,false,0.149869,
img_04658,bad,consensus=bad;level1=bad;level2=bad;level3=usable,graded,,false,0.090930,
img_04718,usable,consensus=usable;level1=bad;level2=usable;level3=usable,graded,,true,0.500614,
img_04738,bad,consensus=bad;level1=usable;level2=bad;level3=bad,graded,,false,0.014240,
img_04741,good,consensus=good;level1=usable;level2=good;level3=good,graded,,true,0.741110,
img_04750,bad,consensus=bad;level1=bad;level2=bad;level3=usable,graded,,true,0.529569,
img_04758,bad,consensus=bad;level1=bad;level2=bad;level3=usable,graded,,false,0.089540,
img_04772,usable,consensus=usable;level1=usable;level2=usable;level3=good,graded,,true,0.721854,
img_04790,bad,consensus=bad;level1=bad;level2=bad;level3=usable,graded,,false,0.283453,
img_04825,usable,consensus=usable;level1=bad;level2=usable;level3=usable,graded,,true,0.730313,
img_04840,bad,consensus=bad;level1=bad;level2=usable;level3=bad,graded,,false,0.408294,
img_04843,bad,consensus=bad;level1=bad;level2=bad;level3=bad,graded,,false,0.022804,
img_04856,bad,consensus=bad;level1=bad;level2=bad;level3=bad,graded,,false,0.066417,
img_04877,usable,consensus=usable;level1=usable;level2=usable;level3=good,graded,,false,0.448879,
img_04884,bad,consensus=bad;level1=bad;level2=bad;level3=usable,graded,,false,0.370334,
img_04979,bad,consensus=bad;level1=bad;level2=bad;level3=usable,graded,,false,0.383720,
img_05002,bad,consensus=bad;level1=bad;level2=bad;level3=usable,graded,,false,0.063649,
img_05007,bad,consensus=bad;level1=bad;level2=bad;level3=usable,graded,,false,0.228376,
img_05065,bad,consensus=bad;level1=bad;level2=bad;level3=usable,graded,,false,0.201772,
img_05090,good,consensus=good;level1=good;level2=good;level3=good,graded,,true,0.601479,
img_05106,bad,consensus=bad;level1=bad;level2=bad;level3=usable,graded,,false,0.058439,
img_05123,bad,consensus=bad;level1=bad;level2=bad;level3=usable,graded,,false,0.211002,
img_05132,usable,consensus=usable;level1=bad;level2=usable;level3=usable,graded,,false,0.235850,
img_05148,usable,consensus=usable;level1=usable;level2=usable;level3=good,graded,,true,0.690742,
img_05162,bad,consensus=bad;level1=bad;level2=bad;level3=bad,graded,,false,0.015768,
img_05164,bad,consensus=bad;level1=bad;level2=bad;level3=usable,graded,,false,0.305591,
img_05166,usable,consensus=usable;level1=usable;level2=bad;level3=usable,graded,,false,0.214755,
img_05191,usable,consensus=usable;level1=usable;level2=usable;level3=good,graded,,false,0.144037,
img_05192,usable,consensus=usable;level1=bad;level2=usable;level3=usable,graded,,false,0.260149,
img_05226,usable,consensus=usable;level1=usable;level2=bad;level3=usable,graded,,false,0.278715,
img_05239,bad,consensus=bad;level1=bad;level2=bad;level3=bad,graded,,false,0.002800,
img_05251,usable,consensus=usable;level1=bad;level2=usable;level3=usable,graded,,false,0.208340,
img_05266,bad,consensus=bad;level1=bad;level2=bad;level3=good,graded,,false,0.355839,
img_05293,bad,consensus=bad;level1=bad;level2=bad;level3=usable,graded,,false,0.058338,
img_05299,bad,consensus=bad;level1=bad;level2=bad;level3=usable,graded,,false,0.193655,
img_05300,bad,consensus=bad;level1=bad;level2=bad;level3=bad,graded,,false,0.020859,
img_05415,good,consensus=good;level1=usable;level2=good;level3=good,graded,,true,0.735724,
img_05417,usable,consensus=usable;level1=usable;level2=usable;level3=good,graded,,true,0.526860,
img_05430,usable,consensus=usable;level1=usable;level2=usable;level3=bad,graded,,false,0.307102,
img_05466,usable,consensus=usable;level1=usable;level2=usable;level3=usable,graded,,false,0.284497,
img_05470,usable,consensus=usable;level1=bad;level2=usable;level3=usable,graded,,false,0.077175,
img_05471,usable,consensus=usable;level1=usable;level2=usable;level3=good,graded,,false,0.469223,
img_05474,bad,consensus=bad;level1=bad;level2=bad;level3=bad,graded,,false,0.053061,
img_05496,bad,consensus=bad;level1=bad;level2=bad;level3=usable,graded,,false,0.066086,
img_05502,good,consensus=good;level1=usable;level2=good;level3=good,graded,,true,0.524839,
img_05520,usable,consensus=usable;level1=bad;level2=usable;level3=usable,graded,,false,0.359975,
img_05523,usable,consensus=usable;level1=bad;level2=usable;level3=usable,graded,,false,0.244902,
img_05553,good,consensus=good;level1=good;level2=good;level3=good,graded,,true,0.665969,
img_05564,usable,consensus=usable;level1=usable;level2=usable;level3=good,graded,,true,0.843506,
img_05577,bad,consensus=bad;level1=bad;level2=bad;level3=bad,graded,,false,0.011105,
img_05578,bad,consensus=bad;level1=bad;level2=bad;level3=usable,graded,,true,0.704069,
img_05592,bad,consensus=bad;level1=bad;level2=bad;level3=usable,graded,,false,0.049069,
img_05596,good,consensus=good;level1=good;level2=good;level3=good,graded,,true,0.707748,
img_05618,usable,consensus=usable;level1=bad;level2=usable;level3=usable,graded,,false,0.354039,
img_05624,good,consensus=good;level1=good;level2=usable;level3=good,graded,,false,0.234693,
img_05636,usable,consensus=usable;level1=usable;level2=bad;level3=usable,graded,,false,0.332781,
img_05661,good,consensus=good;level1=usable;level2=good;level3=good,graded,,true,0.580310,
img_05675,bad,consensus=bad;level1=bad;level2=bad;level3=usable,graded,,false,0.045565,
img_05721,bad,consensus=bad;level1=bad;level2=bad;level3=usable,graded,,true,0.765768,
img_05728,good,consensus=good;level1=good;level2=usable;level3=good,graded,,false,0.439073,
img_05796,usable,consensus=usable;level1=usable;level2=usable;level3=good,graded,,true,0.592208,
img_05802,good,consensus=good;level1=good;level2=good;level3=good,graded,,true,0.808154,
img_05809,bad,consensus=bad;level1=bad;level2=bad;level3=usable,graded,,false,0.295951,
img_05830,good,consensus=good;level1=good;level2=usable;level3=good,graded,,true,0.593805,
img_05837,usable,consensus=usable;level1=usable;level2=bad;level3=usable,graded,,true,0.664225,
img_05844,bad,consensus=bad;level1=bad;level2=bad;level3=bad,graded,,false,0.025451,
img_05856,bad,consensus=bad;level1=usable;level2=bad;level3=bad,graded,,false,0.233085,
img_05862,bad,consensus=bad;level1=bad;level2=bad;level3=bad,graded,,false,0.240581,
img_05880,bad,consensus=bad;level1=bad;level2=bad;level3=good,graded,,false,0.356482,
img_05915,bad,consensus=bad;level1=bad;level2=bad;level3=usable,graded,,false,0.267189,
img_05925,usable,consensus=usable;level1=usable;level2=usable;level3=usable,graded,,false,0.400759,
img_05976,usable,consensus=usable;level1=usable;level2=good;level3=usable,graded,,false,0.258583,
img_05980,good,consensus=good;level1=good;level2=good;level3=good,graded,,true,0.699396,
img_05982,bad,consensus=bad;level1=usable;level2=bad;level3=bad,graded,,false,0.139173,
img_06018,good,consensus=good;level1=usable;level2=good;level3=good,graded,,true,0.747244,
img_06043,bad,consensus=bad;level1=bad;level2=bad;level3=bad,graded,,false,0.013114,
img_06097,good,consensus=good;level1=good;level2=good;level3=good,graded,,true,0.752735,
img_06136,usable,consensus=usable;level1=bad;level2=usable;level3=usable,graded,,false,0.259032,
img_06174,usable,consensus=usable;level1=usable;level2=usable;level3=usable,graded,,false,0.381712,
img_06181,good,consensus=good;level1=good;level2=good;level3=good,graded,,true,0.599097,
img_06183,good,consensus=good;level1=good;level2=good;level3=good,graded,,false,0.405012,
img_06211,good,consensus=good;level1=bad;level2=good;level3=good,graded,,false,0.385007,
img_06233,usable,consensus=usable;level1=bad;level2=usable;level3=usable,graded,,true,0.734014,
img_06246,usable,consensus=usable;level1=usable;level2=usable;level3=good,graded,,true,0.673111,
img_06249,usable,consensus=usable;level1=bad;level2=usable;level3=usable,graded,,true,0.664150,
img_06323,bad,consensus=bad;level1=bad;level2=bad;level3=bad,graded,,false,0.012253,
img_06352,bad,consensus=bad;level1=bad;level2=bad;level3=bad,graded,,false,0.077349,
img_06385,good,consensus=good;level1=usable;level2=good;level3=good,graded,,true,0.806134,
img_06387,usable,consensus=usable;level1=good;level2=usable;level3=usable,graded,,false,0.163130,
img_06436,good,consensus=good;level1=usable;level2=good;level3=good,graded,,false,0.216368,
img_06456,good,consensus=good;level1=usable;level2=good;level3=good,graded,,true,0.807215,
img_06481,good,consensus=good;level1=usable;level2=good;level3=good,graded,,true,0.816108,
img_06485,usable,consensus=usable;level1=usable;level2=usable;level3=usable,graded,,false,0.104941,
img_06509,good,consensus=good;level1=usable;level2=good;level3=good,graded,,true,0.682614,
img_06520,usable,consensus=usable;level1=usable;level2=usable;level3=good,graded,,true,0.505883,
img_06565,usable,consensus=usable;level1=usable;level2=usable;level3=usable,graded,,true,0.776151,
img_06584,bad,consensus=bad;level1=bad;level2=bad;level3=bad,graded,,false,0.061584,
img_06655,usable,consensus=usable;level1=usable;level2=usable;level3=usable,graded,,false,0.261439,
img_06658,bad,consensus=bad;level1=bad;level2=usable;level3=bad,graded,,false,0.370497,
img_06659,usable,consensus=usable;level1=usable;level2=usable;level3=good,graded,,true,0.603317,
img_06710,good,consensus=good;level1=usable;level2=good;level3=good,graded,,false,0.334742,
img_06736,good,consensus=good;level1=usable;level2=good;level3=good,graded,,false,0.292973,
img_06739,usable,consensus=usable;level1=usable;level2=usable;level3=usable,graded,,false,0.236858,
img_06741,good,consensus=good;level1=good;level2=good;level3=good,graded,,false,0.475944,
img_06774,usable,consensus=usable;level1=usable;level2=bad;level3=usable,graded,,true,0.534562,
img_06777,good,consensus=good;level1=good;level2=usable;level3=good,graded,,true,0.587641,
img_06831,usable,consensus=usable;level1=usable;level2=usable;level3=good,graded,,false,0.472097,
img_06837,good,consensus=good;level1=usable;level2=good;level3=good,graded,,false,0.170927,
img_06897,usable,consensus=usable;level1=usable;level2=usable;level3=good,graded,,true,0.593985,
img_06916,good,consensus=good;level1=good;level2=usable;level3=good,graded,,true,0.692541,
img_06927,usable,consensus=usable;level1=usable;level2=usable;level3=good,graded,,true,0.788411,
img_06929,good,consensus=good;level1=good;level2=good;level3=good,graded,,false,0.244343,
img_06960,bad,consensus=bad;level1=bad;level2=bad;level3=usable,graded,,false,0.383739,
img_06962,bad,consensus=bad;level1=bad;level2=bad;level3=usable,graded,,false,0.329424,
img_07055,usable,consensus=usable;level1=usable;level2=usable;level3=good,graded,,true,0.679491,
img_07074,usable,consensus=usable;level1=usable;level2=usable;level3=usable,graded,,false,0.294645,
img_07084,usable,consensus=usable;level1=bad;level2=usable;level3=usable,graded,,false,0.115220,
img_07142,usable,consensus=usable;level1=usable;level2=bad;level3=usable,graded,,false,0.273521,
img_07215,good,consensus=good;level1=good;level2=usable;level3=good,graded,,true,0.874575,
img_07217,usable,consensus=usable;level1=usable;level2=usable;level3=usable,graded,,true,0.516005,
img_07223,usable,consensus=usable;level1=usable;level2=usable;level3=good,graded,,true,0.760335,
img_07226,usable,consensus=usable;level1=usable;level2=usable;level3=usable,graded,,false,0.206106,
img_07244,usable,consensus=usable;level1=usable;level2=usable;level3=good,graded,,true,0.644782,
img_07268,usable,consensus=usable;level1=usable;level2=bad;level3=usable,graded,,false,0.203211,
img_07381,bad,consensus=bad;level1=bad;level2=bad;level3=usable,graded,,false,0.239612,
img_07398,usable,consensus=usable;level1=usable;level2=usable;level3=good,graded,,true,0.685038,
img_07406,usable,consensus=usable;level1=usable;level2=usable;level3=usable,graded,,false,0.342080,
img_07422,bad,consensus=bad;level1=bad;level2=bad;level3=bad,graded,,false,0.006493,
img_07428,bad,consensus=bad;level1=bad;level2=bad;level3=bad,graded,,false,0.018862,
img_07434,usable,consensus=usable;level1=usable;level2=usable;level3=usable,graded,,false,0.407705,
img_07474,good,consensus=good;level1=good;level2=good;level3=good,graded,,true,0.672960,
img_07477,usable,consensus=usable;level1=usable;level2=bad;level3=usable,graded,,false,0.221696,
img_07539,usable,consensus=usable;level1=usable;level2=bad;level3=usable,graded,,false,0.229481,
img_07574,bad,consensus=bad;level1=bad;level2=bad;level3=usable,graded,,false,0.058239,
img_07594,usable,consensus=usable;level1=usable;level2=bad;level3=usable,graded,,true,0.614902,
img_07609,usable,consensus=usable;level1=usable;level2=usable;level3=good,graded,,false,0.446596,
img_07636,usable,consensus=usable;level1=usable;level2=usable;level3=usable,graded,,false,0.337180,
img_07711,good,consensus=good;level1=usable;level2=good;level3=good,graded,,true,0.762658,
img_07828,good,consensus=good;level1=usable;level2=good;level3=good,graded,,true,0.870091,
img_07891,bad,consensus=bad;level1=bad;level2=bad;level3=bad,graded,,false,0.014714,
img_07915,usable,consensus=usable;level1=bad;level2=usable;level3=usable,graded,,false,0.418179,
img_07929,usable,consensus=usable;level1=usable;level2=usable;level3=good,graded,,true,0.632032,
img_07953,good,consensus=good;level1=bad;level2=good;level3=good,graded,,false,0.316294,
img_08063,bad,consensus=bad;level1=bad;level2=usable;level3=bad,graded,,false,0.264789,
img_08084,good,consensus=good;level1=good;level2=good;level3=good,graded,,true,0.637409,
img_08094,good,consensus=good;level1=usable;level2=good;level3=good,graded,,true,0.611421,
img_08116,good,consensus=good;level1=good;level2=good;level3=good,graded,,true,0.801334,
img_08804,good,consensus=good;level1=usable;level2=good;level3=good,graded,,true,0.817059,
img_08808,usable,consensus=usable;level1=good;level2=usable;level3=usable,graded,,true,0.658348,
img_08812,good,consensus=good;level1=usable;level2=good;level3=good,graded,,true,0.847679,
img_08820,bad,consensus=bad;level1=bad;level2=bad;level3=bad,graded,,false,0.051043,
img_08821,bad,consensus=bad;level1=bad;level2=bad;level3=bad,graded,,false,0.052083,
img_08830,bad,consensus=bad;level1=usable;level2=bad;level3=bad,graded,,false,0.061164,
img_08838,bad,consensus=bad;level1=usable;level2=bad;level3=bad,graded,,false,0.071449,
img_08839,good,consensus=good;level1=good;level2=usable;level3=good,graded,,true,0.833465,
img_08843,good,consensus=good;level1=good;level2=good;level3=good,graded,,true,0.840814,
img_08852,bad,consensus=bad;level1=usable;level2=bad;level3=bad,graded,,false,0.160533,
img_08857,bad,consensus=bad;level1=usable;level2=bad;level3=bad,graded,,false,0.177297,
img_08858,bad,consensus=bad;level1=bad;level2=bad;level3=usable,graded,,false,0.148019,
img_08861,usable,consensus=usable;level1=usable;level2=usable;level3=usable,graded,,true,0.650761,
img_08868,bad,consensus=bad;level1=bad;level2=bad;level3=bad,graded,,false,0.167561,
img_08869,bad,consensus=bad;level1=usable;level2=bad;level3=bad,graded,,false,0.119704,
img_08914,bad,consensus=bad;level1=usable;level2=bad;level3=bad,graded,,true,0.527300,
img_08920,usable,consensus=usable;level1=usable;level2=usable;level3=usable,graded,,true,0.718997,
img_08933,bad,consensus=bad;level1=bad;level2=bad;level3=bad,graded,,false,0.030143,
img_08936,bad,consensus=bad;level1=bad;level2=bad;level3=bad,graded,,false,0.039406,
img_08952,bad,consensus=bad;level1=bad;level2=bad;level3=bad,graded,,false,0.093957,
img_08958,usable,consensus=usable;level1=usable;level2=usable;level3=bad,graded,,true,0.768224,
img_09007,bad,consensus=bad;level1=bad;level2=bad;level3=bad,graded,,false,0.093657,
img_09008,bad,consensus=bad;level1=bad;level2=bad;level3=bad,graded,,false,0.118284,
img_09010,good,consensus=good;level1=good;level2=good;level3=good,graded,,true,0.854578,
img_09050,bad,consensus=bad;level1=usable;level2=bad;level3=bad,graded,,false,0.091366,
img_09060,good,consensus=good;level1=good;level2=usable;level3=good,graded,,true,0.589896,
img_09174,bad,consensus=bad;level1=bad;level2=bad;level3=usable,graded,,false,0.061546,
img_09212,usable,consensus=usable;level1=usable;level2=usable;level3=good,graded,,true,0.634658,
img_09239,usable,consensus=usable;level1=bad;level2=usable;level3=good,graded,,true,0.717020,
img_09241,bad,consensus=bad;level1=bad;level2=bad;level3=bad,graded,,false,0.018650,
img_09245,bad,consensus=bad;level1=bad;level2=bad;level3=bad,graded,,false,0.075968,
img_09256,bad,consensus=bad;level1=bad;level2=bad;level3=bad,graded,,false,0.282594,
img_09316,bad,consensus=bad;level1=bad;level2=bad;level3=usable,graded,,false,0.458847,
img_09320,bad,consensus=bad;level1=bad;level2=bad;level3=usable,graded,,false,0.448881,
img_09328,bad,consensus=bad;level1=bad;level2=bad;level3=bad,graded,,false,0.174453,
img_09330,good,consensus=good;level1=good;level2=good;level3=usable,graded,,true,0.645563,
img_09402,usable,consensus=usable;level1=usable;level2=usable;level3=usable,graded,,false,0.441423,
img_09406,bad,consensus=bad;level1=usable;level2=bad;level3=bad,graded,,false,0.007231,
img_09441,good,consensus=good;level1=good;level2=good;level3=good,graded,,true,0.829755,
img_09444,good,consensus=good;level1=good;level2=good;level3=good,graded,,true,0.792172,
img_09445,good,consensus=good;level1=good;level2=good;level3=good,graded,,true,0.723368,
img_09453,good,consensus=good;level1=good;level2=usable;level3=good,graded,,true,0.753058,
img_09456,bad,consensus=bad;level1=bad;level2=bad;level3=bad,graded,,false,0.013547,
img_09463,bad,consensus=bad;level1=bad;level2=bad;level3=bad,graded,,false,0.136189,
img_09491,good,consensus=good;level1=good;level2=good;level3=good,graded,,true,0.858369,
img_09495,bad,consensus=bad;level1=bad;level2=bad;level3=bad,graded,,false,0.078640,
img_09499,good,consensus=good;level1=good;level2=good;level3=good,graded,,true,0.812045,
img_09506,good,consensus=good;level1=good;level2=good;level3=good,graded,,true,0.828705,
img_09510,good,consensus=good;level1=good;level2=good;level3=good,graded,,true,0.837096,
img_09535,good,consensus=good;level1=good;level2=good;level3=good,graded,,true,0.856655,
img_09537,bad,consensus=bad;level1=bad;level2=bad;level3=bad,graded,,false,0.009319,
img_09549,bad,consensus=bad;level1=bad;level2=bad;level3=bad,graded,,false,0.201910,
img_09559,bad,consensus=bad;level1=bad;level2=bad;level3=usable,graded,,false,0.064564,
img_09565,usable,consensus=usable;level1=usable;level2=usable;level3=good,graded,,true,0.572846,
img_09573,good,consensus=good;level1=good;level2=good;level3=good,graded,,true,0.834378,
img_09578,usable,consensus=usable;level1=usable;level2=bad;level3=usable,graded,,false,0.259162,
img_09585,usable,consensus=usable;level1=usable;level2=usable;level3=good,graded,,true,0.674015,
img_09610,usable,consensus=usable;level1=usable;level2=bad;level3=usable,graded,,true,0.540101,
img_09621,good,consensus=good;level1=good;level2=good;level3=good,graded,,true,0.846302,
img_09622,good,consensus=good;level1=good;level2=good;level3=good,graded,,true,0.805174,
img_09625,good,consensus=good;level1=good;level2=usable;level3=good,graded,,true,0.657097,
img_09626,good,consensus=good;level1=good;level2=usable;level3=good,graded,,true,0.595266,
img_09644,good,consensus=good;level1=good;level2=good;level3=good,graded,,true,0.830246,
img_09645,usable,consensus=usable;level1=usable;level2=usable;level3=good,graded,,false,0.445345,
img_09649,usable,consensus=usable;level1=usable;level2=usable;level3=good,graded,,false,0.467419,
img_09651,usable,consensus=usable;level1=usable;level2=usable;level3=bad,graded,,false,0.408589,
img_09652,usable,consensus=usable;level1=usable;level2=bad;level3=usable,graded,,false,0.246104,
img_09670,good,consensus=good;level1=good;level2=good;level3=good,graded,,true,0.845053,
img_09681,bad,consensus=bad;level1=bad;level2=bad;level3=bad,graded,,false,0.033780,
img_09686,usable,consensus=usable;level1=usable;level2=usable;level3=good,graded,,true,0.658377,
img_09691,bad,consensus=bad;level1=bad;level2=bad;level3=bad,graded,,false,0.157200,
img_09699,good,consensus=good;level1=good;level2=good;level3=good,graded,,true,0.841537,
img_09700,bad,consensus=bad;level1=usable;level2=bad;level3=bad,graded,,false,0.379341,
img_09707,good,consensus=good;level1=usable;level2=good;level3=good,graded,,true,0.787368,
img_09711,bad,consensus=bad;level1=usable;level2=bad;level3=bad,graded,,false,0.088681,
img_09714,bad,consensus=bad;level1=usable;level2=bad;level3=bad,graded,,false,0.254072,
img_09715,usable,consensus=usable;level1=usable;level2=usable;level3=usable,graded,,true,0.638511,
img_09719,bad,consensus=bad;level1=usable;level2=bad;level3=bad,graded,,false,0.098536,
img_09730,good,consensus=good;level1=good;level2=good;level3=good,graded,,true,0.849573,
img_09731,good,consensus=good;level1=good;level2=good;level3=good,graded,,true,0.848817,
img_09742,bad,consensus=bad;level1=bad;level2=bad;level3=good,graded,,false,0.114441,
img_09746,good,consensus=good;level1=good;level2=usable;level3=good,graded,,true,0.695498,
img_09750,bad,consensus=bad;level1=bad;level2=bad;level3=bad,graded,,false,0.003116,
img_09752,bad,consensus=bad;level1=usable;level2=bad;level3=bad,graded,,false,0.041694,
img_09759,bad,consensus=bad;level1=usable;level2=bad;level3=bad,graded,,false,0.371725,
img_09784,bad,consensus=bad;level1=bad;level2=bad;level3=bad,graded,,false,0.112869,
img_09788,bad,consensus=bad;level1=usable;level2=bad;level3=bad,graded,,false,0.077026,
img_09798,good,consensus=good;level1=good;level2=usable;level3=good,graded,,true,0.804194,
img_09804,good,consensus=good;level1=good;level2=usable;level3=good,graded,,true,0.633850,
img_09806,bad,consensus=bad;level1=bad;level2=bad;level3=bad,graded,,false,0.172162,
img_09808,usable,consensus=usable;level1=good;level2=usable;level3=usable,graded,,true,0.616409,
img_09827,usable,consensus=usable;level1=usable;level2=bad;level3=usable,graded,,false,0.432271,
img_09840,good,consensus=good;level1=good;level2=good;level3=good,graded,,true,0.859825,
img_09845,bad,consensus=bad;level1=bad;level2=bad;level3=bad,graded,,false,0.030262,
img_09855,bad,consensus=bad;level1=bad;level2=bad;level3=bad,graded,,false,0.045385,
img_09860,bad,consensus=bad;level1=bad;level2=bad;level3=bad,graded,,false,0.061465,
img_09863,bad,consensus=bad;level1=bad;level2=bad;level3=bad,graded,,false,0.116617,
img_09887,bad,consensus=bad;level1=bad;level2=bad;level3=bad,graded,,false,0.016182,
img_09890,bad,consensus=bad;level1=bad;level2=bad;level3=bad,graded,,false,0.028841,
img_09900,bad,consensus=bad;level1=bad;level2=bad;level3=bad,graded,,false,0.193397,
img_09903,bad,consensus=bad;level1=bad;level2=bad;level3=bad,graded,,false,0.011997,
img_09914,bad,consensus=bad;level1=bad;level2=bad;level3=bad,graded,,false,0.420927,
img_09930,usable,consensus=usable;level1=usable;level2=usable;level3=good,graded,,true,0.746898,
img_09951,usable,consensus=usable;level1=usable;level2=usable;level3=usable,graded,,true,0.607785,
img_09958,good,consensus=good;level1=good;level2=good;level3=good,graded,,true,0.817537,
img_09972,bad,consensus=bad;level1=usable;level2=bad;level3=bad,graded,,false,0.085647,
img_09975,usable,consensus=usable;level1=usable;level2=usable;level3=bad,graded,,false,0.297638,
img_09986,usable,consensus=usable;level1=usable;level2=usable;level3=bad,graded,,false,0.436210,
img_09991,bad,consensus=bad;level1=bad;level2=bad;level3=bad,graded,,false,0.038694,
img_10007,good,consensus=good;level1=good;level2=good;level3=good,graded,,true,0.875761,
img_10026,good,consensus=good;level1=good;level2=usable;level3=good,graded,,true,0.808548,
img_10029,good,consensus=good;level1=good;level2=usable;level3=good,graded,,true,0.519640,
img_10033,good,consensus=good;level1=good;level2=good;level3=good,graded,,true,0.781476,
img_10049,bad,consensus=bad;level1=usable;level2=bad;level3=bad,graded,,true,0.570414,
img_10051,usable,consensus=usable;level1=usable;level2=bad;level3=usable,graded,,true,0.719613,
img_10069,bad,consensus=bad;level1=usable;level2=bad;level3=bad,graded,,false,0.039733,
img_10083,good,consensus=good;level1=good;level2=good;level3=good,graded,,true,0.717463,
img_10090,bad,consensus=bad;level1=usable;level2=bad;level3=bad,graded,,true,0.669454,
img_10126,bad,consensus=bad;level1=usable;level2=bad;level3=bad,graded,,false,0.060661,
img_10130,good,consensus=good;level1=good;level2=good;level3=good,graded,,true,0.852984,
img_10143,bad,consensus=bad;level1=bad;level2=bad;level3=bad,graded,,false,0.009183,
img_10145,bad,consensus=bad;level1=bad;level2=usable;level3=bad,graded,,false,0.220782,
img_10156,good,consensus=good;level1=good;level2=usable;level3=good,graded,,true,0.728039,
img_10170,good,consensus=good;level1=good;level2=good;level3=good,graded,,true,0.826654,
img_10196,good,consensus=good;level1=good;level2=good;level3=good,graded,,true,0.814378,
img_10199,bad,consensus=bad;level1=bad;level2=bad;level3=bad,graded,,false,0.051487,
img_10216,usable,consensus=usable;level1=usable;level2=usable;level3=usable,graded,,false,0.454482,
img_10225,good,consensus=good;level1=good;level2=good;level3=good,graded,,true,0.871721,
img_10258,good,consensus=good;level1=good;level2=good;level3=good,graded,,true,0.879753,
img_10267,good,consensus=good;level1=good;level2=good;level3=usable,graded,,true,0.504943,
img_10290,good,consensus=good;level1=good;level2=good;level3=good,graded,,true,0.773488,
img_10295,bad,consensus=bad;level1=good;level2=bad;level3=bad,graded,,false,0.347202,
img_10324,good,consensus=good;level1=good;level2=good;level3=good,graded,,true,0.883134,
img_10328,good,consensus=good;level1=good;level2=good;level3=good,graded,,true,0.829175,
img_10337,good,consensus=good;level1=good;level2=good;level3=good,graded,,true,0.750220,
img_10371,bad,consensus=bad;level1=bad;level2=bad;level3=bad,graded,,false,0.047684,
img_10372,usable,consensus=usable;level1=usable;level2=usable;level3=usable,graded,,true,0.514322,
img_10396,bad,consensus=bad;level1=bad;level2=bad;level3=bad,graded,,false,0.076581,
img_10404,usable,consensus=usable;level1=usable;level2=usable;level3=bad,graded,,false,0.494906,
img_10408,good,consensus=good;level1=good;level2=good;level3=good,graded,,true,0.802809,
img_10415,usable,consensus=usable;level1=usable;level2=usable;level3=usable,graded,,true,0.505152,
img_10419,bad,consensus=bad;level1=bad;level2=bad;level3=bad,graded,,false,0.017968,
img_10425,usable,consensus=usable;level1=usable;level2=usable;level3=usable,graded,,true,0.601645,
