key,subset,split,grade,grade_source,pad_fraction,readers,outcome,verdict,carried_by_its_pipeline,gradeable,note
img_00000,main,unspecified,bad,published,0.0061,consensus=bad;level1=usable;level2=bad;level3=bad,graded,,false,0.407708,
img_00001,main,unspecified,bad,published,0.0062,consensus=bad;level1=bad;level2=bad;level3=bad,graded,,false,0.054341,
img_00002,main,unspecified,bad,published,0.0377,consensus=bad;level1=bad;level2=usable;level3=bad,graded,,false,0.102980,
img_00003,main,unspecified,usable,published,0.0067,consensus=usable;level1=usable;level2=usable;level3=bad,graded,,false,0.149790,
img_00004,main,unspecified,bad,published,0.0051,consensus=bad;level1=bad;level2=bad;level3=bad,graded,,false,0.058450,
img_00005,main,unspecified,usable,published,0.0459,consensus=usable;level1=usable;level2=usable;level3=bad,graded,,false,0.309657,
img_00006,main,unspecified,bad,published,0.0051,consensus=bad;level1=bad;level2=bad;level3=bad,graded,,false,0.005532,
img_00007,main,unspecified,good,published,0.0362,consensus=good;level1=good;level2=good;level3=usable,graded,,true,0.860669,
img_00016,main,unspecified,good,published,0.0391,consensus=good;level1=good;level2=good;level3=usable,graded,,true,0.912118,
img_00026,main,unspecified,usable,published,0.0348,consensus=usable;level1=usable;level2=usable;level3=usable,graded,,true,0.649583,
img_00046,main,unspecified,good,published,0.0377,consensus=good;level1=good;level2=good;level3=usable,graded,,true,0.860710,
img_00047,main,unspecified,usable,published,0.0358,consensus=usable;level1=usable;level2=usable;level3=usable,graded,,true,0.868073,
img_00048,main,unspecified,usable,published,0.0358,consensus=usable;level1=usable;level2=good;level3=usable,graded,,true,0.868884,
img_00049,main,unspecified,good,published,0.0362,consensus=good;level1=good;level2=good;level3=good,graded,,true,0.913653,
img_00056,main,unspecified,good,published,0.0372,consensus=good;level1=good;level2=good;level3=usable,graded,,true,0.825877,
img_00057,main,unspecified,good,published,0.0391,consensus=good;level1=good;level2=good;level3=usable,graded,,true,0.812291,
img_00058,main,unspecified,usable,published,0.0348,consensus=usable;level1=usable;level2=usable;level3=usable,graded,,true,0.751352,
img_00059,main,unspecified,usable,published,0.0377,consensus=usable;level1=good;level2=usable;level3=usable,graded,,true,0.880140,
img_00060,main,unspecified,good,published,0.0372,consensus=good;level1=good;level2=good;level3=usable,graded,,true,0.833722,
img_00073,main,unspecified,usable,published,0.0358,consensus=usable;level1=usable;level2=usable;level3=usable,graded,,true,0.619481,
img_00074,main,unspecified,usable,published,0.0358,consensus=usable;level1=usable;level2=usable;level3=bad,graded,,false,0.422363,
img_00077,main,unspecified,usable,published,0.0367,consensus=usable;level1=usable;level2=usable;level3=bad,graded,,true,0.658517,
img_00082,main,unspecified,usable,published,0.0367,consensus=usable;level1=usable;level2=usable;level3=bad,graded,,true,0.509287,
img_00084,main,unspecified,good,published,0.0367,consensus=good;level1=good;level2=good;level3=usable,graded,,true,0.675982,
img_00085,main,unspecified,usable,published,0.0367,consensus=usable;level1=good;level2=usable;level3=usable,graded,,true,0.535797,
img_00086,main,unspecified,usable,published,0.0358,consensus=usable;level1=good;level2=usable;level3=usable,graded,,true,0.647193,
img_00087,main,unspecified,usable,published,0.0377,consensus=usable;level1=good;level2=usable;level3=usable,graded,,true,0.607514,
img_00089,main,unspecified,good,published,0.0358,consensus=good;level1=good;level2=good;level3=good,graded,,true,0.739834,
img_00090,main,unspecified,usable,published,0.0372,consensus=usable;level1=good;level2=usable;level3=usable,graded,,false,0.247864,
img_00096,main,unspecified,bad,published,0.0358,consensus=bad;level1=usable;level2=bad;level3=bad,graded,,false,0.076005,
img_00097,main,unspecified,bad,published,0.0358,consensus=bad;level1=bad;level2=bad;level3=bad,graded,,false,0.012982,
img_00098,main,unspecified,good,published,0.0377,consensus=good;level1=good;level2=usable;level3=good,graded,,true,0.665892,
img_00099,main,unspecified,usable,published,0.0377,consensus=usable;level1=good;level2=usable;level3=usable,graded,,true,0.695709,
img_00100,main,unspecified,usable,published,0.0377,consensus=usable;level1=good;level2=usable;level3=usable,graded,,false,0.289459,
img_00101,main,unspecified,usable,published,0.0377,consensus=usable;level1=good;level2=usable;level3=usable,graded,,true,0.635083,
img_00102,main,unspecified,usable,published,0.0367,consensus=usable;level1=good;level2=usable;level3=usable,graded,,true,0.508577,
img_00103,main,unspecified,usable,published,0.0358,consensus=usable;level1=usable;level2=usable;level3=bad,graded,,false,0.279765,
img_00104,main,unspecified,good,published,0.0377,consensus=good;level1=good;level2=good;level3=good,graded,,true,0.515022,
img_00105,main,unspecified,usable,published,0.0358,consensus=usable;level1=usable;level2=usable;level3=bad,graded,,false,0.223745,
img_00106,main,unspecified,bad,published,0.0372,consensus=bad;level1=bad;level2=usable;level3=bad,graded,,false,0.024355,
img_00107,main,unspecified,usable,published,0.0367,consensus=usable;level1=usable;level2=usable;level3=bad,graded,,false,0.246443,
img_00110,main,unspecified,usable,published,0.0358,consensus=usable;level1=usable;level2=usable;level3=usable,graded,,false,0.369859,
img_00111,main,unspecified,usable,published,0.0367,consensus=usable;level1=usable;level2=usable;level3=bad,graded,,false,0.317170,
img_00112,main,unspecified,bad,published,0.0362,consensus=bad;level1=bad;level2=bad;level3=bad,graded,,false,0.432339,
img_00113,main,unspecified,bad,published,0.0372,consensus=bad;level1=bad;level2=usable;level3=bad,graded,,false,0.374825,
img_00114,main,unspecified,bad,published,0.0362,consensus=bad;level1=bad;level2=bad;level3=bad,graded,,false,0.456923,
img_00115,main,unspecified,bad,published,0.0358,consensus=bad;level1=bad;level2=bad;level3=bad,graded,,false,0.122140,
img_00116,main,unspecified,bad,published,0.0377,consensus=bad;level1=bad;level2=bad;level3=bad,graded,,false,0.017407,
img_00117,main,unspecified,bad,published,0.0358,consensus=bad;level1=usable;level2=bad;level3=bad,graded,,false,0.043799,
img_00118,main,unspecified,bad,published,0.0367,consensus=bad;level1=usable;level2=bad;level3=bad,graded,,false,0.437968,
img_00119,main,unspecified,bad,published,0.0381,consensus=bad;level1=usable;level2=bad;level3=bad,graded,,false,0.471201,
img_00120,main,unspecified,bad,published,0.0367,consensus=bad;level1=bad;level2=bad;level3=bad,graded,,false,0.427076,
img_00121,main,unspecified,bad,published,0.0377,consensus=bad;level1=bad;level2=bad;level3=bad,graded,,false,0.329238,
img_00122,main,unspecified,bad,published,0.0358,consensus=bad;level1=bad;level2=bad;level3=bad,graded,,false,0.017357,
img_00127,main,unspecified,bad,published,0.0367,consensus=bad;level1=usable;level2=bad;level3=bad,graded,,false,0.035019,
img_00131,main,unspecified,usable,published,0.0348,consensus=usable;level1=usable;level2=usable;level3=bad,graded,,false,0.249308,
img_00132,main,unspecified,bad,published,0.0377,consensus=bad;level1=usable;level2=bad;level3=bad,graded,,false,0.089481,
img_00133,main,unspecified,usable,published,0.0367,consensus=usable;level1=usable;level2=usable;level3=bad,graded,,false,0.466562,
img_00134,main,unspecified,bad,published,0.0377,consensus=bad;level1=usable;level2=bad;level3=bad,graded,,false,0.338466,
img_00139,main,unspecified,good,published,0.0362,consensus=good;level1=good;level2=good;level3=good,graded,,true,0.771005,
img_00140,main,unspecified,good,published,0.0358,consensus=good;level1=good;level2=good;level3=good,graded,,false,0.489903,
img_00147,main,unspecified,usable,published,0.0358,consensus=usable;level1=good;level2=usable;level3=usable,graded,,true,0.697439,
img_00148,main,unspecified,usable,published,0.0377,consensus=usable;level1=good;level2=usable;level3=usable,graded,,true,0.597511,
img_00155,main,unspecified,usable,published,0.0358,consensus=usable;level1=usable;level2=usable;level3=bad,graded,,false,0.232378,
img_00156,main,unspecified,good,published,0.0377,consensus=good;level1=good;level2=good;level3=usable,graded,,true,0.719687,
img_00157,main,unspecified,good,published,0.0358,consensus=good;level1=good;level2=good;level3=good,graded,,true,0.827910,
img_00158,main,unspecified,usable,published,0.0358,consensus=usable;level1=bad;level2=usable;level3=usable,graded,,true,0.594863,
img_00165,main,unspecified,good,published,0.0358,consensus=good;level1=good;level2=usable;level3=good,graded,,true,0.802494,
img_00166,main,unspecified,usable,published,0.0377,consensus=usable;level1=good;level2=usable;level3=usable,graded,,true,0.693901,
img_00167,main,unspecified,usable,published,0.0372,consensus=usable;level1=good;level2=usable;level3=usable,graded,,true,0.706120,
img_00168,main,unspecified,usable,published,0.0051,consensus=usable;level1=good;level2=usable;level3=usable,graded,,true,0.718705,
img_00169,main,unspecified,usable,published,0.0061,consensus=usable;level1=usable;level2=usable;level3=usable,graded,,true,0.721995,
img_00200,main,unspecified,usable,published,0.0367,consensus=usable;level1=usable;level2=usable;level3=bad,graded,,true,0.745472,
img_00201,main,unspecified,usable,published,0.0358,consensus=usable;level1=usable;level2=usable;level3=bad,graded,,false,0.398690,
img_00202,main,unspecified,usable,published,0.0377,consensus=usable;level1=usable;level2=usable;level3=bad,graded,,true,0.634165,
img_00203,main,unspecified,bad,published,0.0358,consensus=bad;level1=bad;level2=bad;level3=bad,graded,,false,0.037672,
img_00204,main,unspecified,bad,published,0.0377,consensus=bad;level1=bad;level2=usable;level3=bad,graded,,false,0.241013,
img_00205,main,unspecified,usable,published,0.0367,consensus=usable;level1=usable;level2=usable;level3=bad,graded,,false,0.462586,
img_00206,main,unspecified,bad,published,0.0367,consensus=bad;level1=bad;level2=bad;level3=bad,graded,,false,0.267171,
img_00207,main,unspecified,bad,published,0.0367,consensus=bad;level1=bad;level2=usable;level3=bad,graded,,false,0.465337,
img_00208,main,unspecified,bad,published,0.0358,consensus=bad;level1=bad;level2=usable;level3=bad,graded,,false,0.416171,
img_00209,main,unspecified,bad,published,0.0367,consensus=bad;level1=bad;level2=usable;level3=bad,graded,,true,0.556436,
img_00210,main,unspecified,good,published,0.0386,consensus=good;level1=good;level2=good;level3=good,graded,,true,0.740041,
img_00211,main,unspecified,bad,published,0.0377,consensus=bad;level1=usable;level2=bad;level3=bad,graded,,false,0.329275,
img_00213,main,unspecified,usable,published,0.0367,consensus=usable;level1=good;level2=usable;level3=usable,graded,,true,0.661582,
img_00214,main,unspecified,bad,published,0.0358,consensus=bad;level1=bad;level2=bad;level3=bad,graded,,false,0.212939,
img_00215,main,unspecified,bad,published,0.0358,consensus=bad;level1=bad;level2=bad;level3=bad,graded,,false,0.290261,
img_00216,main,unspecified,bad,published,0.0348,consensus=bad;level1=usable;level2=bad;level3=bad,graded,,true,0.564575,
img_00217,main,unspecified,usable,published,0.0358,consensus=usable;level1=usable;level2=usable;level3=bad,graded,,false,0.468162,
img_00218,main,unspecified,bad,published,0.0377,consensus=bad;level1=bad;level2=bad;level3=bad,graded,,false,0.208312,
img_00219,main,unspecified,usable,published,0.0367,consensus=usable;level1=usable;level2=usable;level3=bad,graded,,false,0.148026,
img_00231,main,unspecified,bad,published,0.0358,consensus=bad;level1=usable;level2=bad;level3=bad,graded,,false,0.404032,
img_00232,main,unspecified,bad,published,0.0377,consensus=bad;level1=usable;level2=bad;level3=bad,graded,,false,0.288928,
img_00233,main,unspecified,bad,published,0.0051,consensus=bad;level1=bad;level2=bad;level3=bad,graded,,false,0.105649,
img_00234,main,unspecified,bad,published,0.0051,consensus=bad;level1=bad;level2=bad;level3=bad,graded,,false,0.011645,
img_00235,main,unspecified,bad,published,0.0367,consensus=bad;level1=bad;level2=good;level3=bad,graded,,false,0.098755,
img_00236,main,unspecified,usable,published,0.0372,consensus=usable;level1=usable;level2=usable;level3=usable,graded,,false,0.328523,
img_00245,main,unspecified,usable,published,0.0358,consensus=usable;level1=usable;level2=usable;level3=usable,graded,,false,0.373251,
img_00247,main,unspecified,bad,published,0.0362,consensus=bad;level1=bad;level2=bad;level3=bad,graded,,false,0.015651,
img_00248,main,unspecified,bad,published,0.0353,consensus=bad;level1=usable;level2=bad;level3=bad,graded,,false,0.385308,
img_00249,main,unspecified,bad,published,0.0367,consensus=bad;level1=usable;level2=bad;level3=bad,graded,,true,0.525722,
img_00250,main,unspecified,bad,published,0.0367,consensus=bad;level1=usable;level2=bad;level3=bad,graded,,false,0.366517,
img_00257,main,unspecified,usable,published,0.0377,consensus=usable;level1=usable;level2=good;level3=usable,graded,,true,0.547245,
img_00258,main,unspecified,usable,published,0.0358,consensus=usable;level1=usable;level2=usable;level3=bad,graded,,false,0.243795,
img_00259,main,unspecified,usable,published,0.0377,consensus=usable;level1=usable;level2=usable;level3=bad,graded,,true,0.644233,
img_00260,main,unspecified,usable,published,0.0367,consensus=usable;level1=usable;level2=usable;level3=bad,graded,,false,0.392935,
img_00261,main,unspecified,usable,published,0.0377,consensus=usable;level1=usable;level2=usable;level3=bad,graded,,true,0.526144,
img_00267,main,unspecified,good,published,0.0367,consensus=good;level1=good;level2=good;level3=usable,graded,,true,0.673601,
img_00268,main,unspecified,good,published,0.0377,consensus=good;level1=good;level2=good;level3=usable,graded,,true,0.701764,
img_00269,main,unspecified,usable,published,0.0377,consensus=usable;level1=good;level2=usable;level3=usable,graded,,true,0.702028,
img_00270,main,unspecified,good,published,0.0358,consensus=good;level1=good;level2=usable;level3=good,graded,,true,0.728856,
img_00273,main,unspecified,good,published,0.0358,consensus=good;level1=good;level2=good;level3=good,graded,,true,0.757246,
img_00274,main,unspecified,good,published,0.0377,consensus=good;level1=good;level2=good;level3=good,graded,,true,0.576789,
img_00275,main,unspecified,bad,published,0.0372,consensus=bad;level1=bad;level2=bad;level3=bad,graded,,false,0.005136,
img_00276,main,unspecified,bad,published,0.0372,consensus=bad;level1=bad;level2=bad;level3=bad,graded,,false,0.002460,
img_00277,main,unspecified,usable,published,0.0377,consensus=usable;level1=good;level2=usable;level3=usable,graded,,true,0.703420,
img_00278,main,unspecified,usable,published,0.0377,consensus=usable;level1=good;level2=usable;level3=usable,graded,,false,0.410100,
img_00281,main,unspecified,good,published,0.0358,consensus=good;level1=good;level2=good;level3=usable,graded,,true,0.672664,
img_00282,main,unspecified,usable,published,0.0061,consensus=usable;level1=usable;level2=usable;level3=bad,graded,,false,0.468991,
img_00283,main,unspecified,bad,published,0.0051,consensus=bad;level1=usable;level2=bad;level3=bad,graded,,false,0.185298,
img_00284,main,unspecified,usable,published,0.0377,consensus=usable;level1=usable;level2=usable;level3=bad,graded,,false,0.409200,
img_00285,main,unspecified,bad,published,0.0051,consensus=bad;level1=usable;level2=bad;level3=bad,graded,,false,0.233316,
img_00286,main,unspecified,bad,published,0.0377,consensus=bad;level1=usable;level2=bad;level3=bad,graded,,false,0.451800,
img_00287,main,unspecified,usable,published,0.0377,consensus=usable;level1=good;level2=usable;level3=usable,graded,,true,0.731150,
img_00288,main,unspecified,usable,published,0.0377,consensus=usable;level1=usable;level2=good;level3=usable,graded,,true,0.589524,
img_00289,main,unspecified,usable,published,0.0377,consensus=usable;level1=usable;level2=good;level3=usable,graded,,false,0.461266,
img_00290,main,unspecified,good,published,0.0358,consensus=good;level1=good;level2=good;level3=usable,graded,,true,0.770688,
img_00291,main,unspecified,good,published,0.0377,consensus=good;level1=good;level2=good;level3=good,graded,,true,0.829381,
img_00292,main,unspecified,good,published,0.0358,consensus=good;level1=good;level2=good;level3=good,graded,,true,0.824396,
img_00293,main,unspecified,good,published,0.0377,consensus=good;level1=good;level2=good;level3=good,graded,,true,0.849747,
img_00294,main,unspecified,usable,published,0.0358,consensus=usable;level1=usable;level2=usable;level3=usable,graded,,true,0.514508,
img_00295,main,unspecified,bad,published,0.0358,consensus=bad;level1=usable;level2=bad;level3=bad,graded,,false,0.125923,
img_00296,main,unspecified,usable,published,0.0377,consensus=usable;level1=usable;level2=usable;level3=bad,graded,,false,0.284519,
img_00297,main,unspecified,usable,published,0.0377,consensus=usable;level1=good;level2=usable;level3=usable,graded,,false,0.123670,
img_00298,main,unspecified,bad,published,0.0377,consensus=bad;level1=usable;level2=bad;level3=bad,graded,,false,0.055296,
img_00299,main,unspecified,usable,published,0.0358,consensus=usable;level1=good;level2=bad;level3=usable,graded,,false,0.137877,
img_00300,main,unspecified,usable,published,0.0358,consensus=usable;level1=usable;level2=good;level3=usable,graded,,true,0.737714,
img_00301,main,unspecified,usable,published,0.0358,consensus=usable;level1=usable;level2=good;level3=usable,graded,,true,0.793871,
img_00302,main,unspecified,bad,published,0.0358,consensus=bad;level1=usable;level2=bad;level3=bad,graded,,false,0.079907,
img_00303,main,unspecified,bad,published,0.0358,consensus=bad;level1=usable;level2=bad;level3=bad,graded,,false,0.274524,
img_00304,main,unspecified,good,published,0.0358,consensus=good;level1=good;level2=good;level3=usable,graded,,true,0.784126,
img_00305,main,unspecified,bad,published,0.0061,consensus=bad;level1=usable;level2=bad;level3=bad,graded,,false,0.064731,
img_00306,main,unspecified,bad,published,0.0051,consensus=bad;level1=usable;level2=bad;level3=bad,graded,,false,0.240115,
img_00307,main,unspecified,bad,published,0.0367,consensus=bad;level1=bad;level2=bad;level3=bad,graded,,false,0.064761,
img_00308,main,unspecified,bad,published,0.0358,consensus=bad;level1=bad;level2=usable;level3=bad,graded,,false,0.029660,
img_00309,main,unspecified,usable,published,0.0377,consensus=usable;level1=usable;level2=good;level3=usable,graded,,true,0.585081,
img_00310,main,unspecified,usable,published,0.0377,consensus=usable;level1=usable;level2=good;level3=usable,graded,,true,0.535733,
img_00311,main,unspecified,usable,published,0.0051,consensus=usable;level1=good;level2=usable;level3=usable,graded,,true,0.611963,
img_00323,main,unspecified,bad,published,0.0358,consensus=bad;level1=bad;level2=bad;level3=bad,graded,,false,0.016193,
img_00324,main,unspecified,usable,published,0.0377,consensus=usable;level1=good;level2=usable;level3=usable,graded,,true,0.522157,
img_00325,main,unspecified,good,published,0.0358,consensus=good;level1=good;level2=good;level3=good,graded,,true,0.802122,
img_00326,main,unspecified,bad,published,0.0072,consensus=bad;level1=bad;level2=bad;level3=bad,graded,,false,0.371254,
img_00327,main,unspecified,good,published,0.0377,consensus=good;level1=good;level2=good;level3=good,graded,,true,0.777074,
img_00328,main,unspecified,usable,published,0.0358,consensus=usable;level1=good;level2=usable;level3=usable,graded,,true,0.587527,
img_00329,main,unspecified,good,published,0.0429,consensus=good;level1=good;level2=good;level3=good,graded,,true,0.833157,
img_00330,main,unspecified,good,published,0.0439,consensus=good;level1=good;level2=good;level3=good,graded,,true,0.753722,
img_00331,main,unspecified,bad,published,0.0362,consensus=bad;level1=bad;level2=bad;level3=bad,graded,,false,0.046518,
img_00338,main,unspecified,usable,published,0.0367,consensus=usable;level1=good;level2=usable;level3=usable,graded,,true,0.804563,
img_00345,main,unspecified,bad,published,0.0358,consensus=bad;level1=bad;level2=bad;level3=bad,graded,,false,0.024812,
img_00346,main,unspecified,bad,published,0.0062,consensus=bad;level1=bad;level2=bad;level3=bad,graded,,false,0.034460,
img_00347,main,unspecified,bad,published,0.0358,consensus=bad;level1=bad;level2=usable;level3=bad,graded,,false,0.331850,
img_00348,main,unspecified,bad,published,0.0061,consensus=bad;level1=usable;level2=bad;level3=bad,graded,,false,0.209919,
img_00349,main,unspecified,usable,published,0.0358,consensus=usable;level1=good;level2=usable;level3=usable,graded,,true,0.537176,
img_00350,main,unspecified,good,published,0.0367,consensus=good;level1=good;level2=good;level3=good,graded,,true,0.774334,
img_00351,main,unspecified,bad,published,0.0062,consensus=bad;level1=usable;level2=bad;level3=bad,graded,,false,0.487578,
img_00352,main,unspecified,good,published,0.0377,consensus=good;level1=good;level2=good;level3=good,graded,,true,0.868520,
img_00353,main,unspecified,good,published,0.0377,consensus=good;level1=good;level2=good;level3=good,graded,,true,0.788508,
img_00356,main,unspecified,good,published,0.0367,consensus=good;level1=good;level2=good;level3=usable,graded,,true,0.548710,
img_00357,main,unspecified,good,published,0.0367,consensus=good;level1=good;level2=good;level3=usable,graded,,true,0.712778,
img_00358,main,unspecified,good,published,0.0377,consensus=good;level1=good;level2=good;level3=usable,graded,,true,0.675648,
img_00359,main,unspecified,usable,published,0.0051,consensus=usable;level1=usable;level2=usable;level3=bad,graded,,false,0.269022,
img_00361,main,unspecified,bad,published,0.0051,consensus=bad;level1=bad;level2=bad;level3=bad,graded,,false,0.074974,
img_00362,main,unspecified,bad,published,0.0056,consensus=bad;level1=bad;level2=bad;level3=bad,graded,,false,0.120015,
img_00363,main,unspecified,bad,published,0.0367,consensus=bad;level1=bad;level2=bad;level3=bad,graded,,false,0.274269,
img_00364,main,unspecified,usable,published,0.0358,consensus=usable;level1=good;level2=usable;level3=usable,graded,,true,0.811152,
img_00365,main,unspecified,bad,published,0.0367,consensus=bad;level1=usable;level2=bad;level3=bad,graded,,false,0.303760,
img_00366,main,unspecified,bad,published,0.0051,consensus=bad;level1=bad;level2=bad;level3=bad,graded,,false,0.122169,
img_00367,main,unspecified,usable,published,0.0051,consensus=usable;level1=usable;level2=usable;level3=bad,graded,,false,0.375793,
img_00370,main,unspecified,bad,published,0.0372,consensus=bad;level1=bad;level2=usable;level3=bad,graded,,false,0.250626,
img_00371,main,unspecified,good,published,0.0367,consensus=good;level1=good;level2=good;level3=good,graded,,true,0.679353,
img_00372,main,unspecified,good,published,0.0377,consensus=good;level1=good;level2=good;level3=usable,graded,,true,0.688105,
img_00373,main,unspecified,good,published,0.0358,consensus=good;level1=good;level2=good;level3=good,graded,,true,0.615330,
img_00374,main,unspecified,bad,published,0.0358,consensus=bad;level1=bad;level2=bad;level3=bad,graded,,false,0.281183,
img_00375,main,unspecified,usable,published,0.0377,consensus=usable;level1=usable;level2=usable;level3=bad,graded,,false,0.297289,
img_00376,main,unspecified,good,published,0.0358,consensus=good;level1=good;level2=good;level3=good,graded,,true,0.755607,
img_00377,main,unspecified,usable,published,0.0358,consensus=usable;level1=usable;level2=usable;level3=bad,graded,,false,0.348581,
img_00378,main,unspecified,good,published,0.0377,consensus=good;level1=good;level2=good;level3=good,graded,,true,0.792626,
img_00379,main,unspecified,good,published,0.0367,consensus=good;level1=good;level2=good;level3=good,graded,,true,0.805489,
img_00380,main,unspecified,good,published,0.0367,consensus=good;level1=good;level2=good;level3=good,graded,,true,0.822880,
img_00381,main,unspecified,usable,published,0.0072,consensus=usable;level1=usable;level2=usable;level3=good,graded,,false,0.287826,
img_00387,main,unspecified,usable,published,0.0358,consensus=usable;level1=usable;level2=usable;level3=bad,graded,,false,0.339558,
img_00389,main,unspecified,bad,published,0.0367,consensus=bad;level1=usable;level2=bad;level3=bad,graded,,false,0.047566,
img_00390,main,unspecified,bad,published,0.0377,consensus=bad;level1=bad;level2=bad;level3=bad,graded,,false,0.024871,
img_00391,main,unspecified,usable,published,0.0358,consensus=usable;level1=usable;level2=usable;level3=good,graded,,true,0.778336,
img_00392,main,unspecified,good,published,0.0358,consensus=good;level1=good;level2=good;level3=good,graded,,false,0.493546,
img_00393,main,unspecified,usable,published,0.0358,consensus=usable;level1=usable;level2=usable;level3=bad,graded,,false,0.336180,
img_00394,main,unspecified,bad,published,0.0072,consensus=bad;level1=bad;level2=usable;level3=bad,graded,,false,0.284135,
img_00395,main,unspecified,bad,published,0.0056,consensus=bad;level1=usable;level2=bad;level3=bad,graded,,false,0.159332,
img_00396,main,unspecified,bad,published,0.0051,consensus=bad;level1=bad;level2=bad;level3=bad,graded,,false,0.012469,
img_00397,main,unspecified,usable,published,0.0377,consensus=usable;level1=usable;level2=usable;level3=bad,graded,,true,0.587563,
img_00398,main,unspecified,usable,published,0.0377,consensus=usable;level1=usable;level2=usable;level3=bad,graded,,false,0.084988,
img_00399,main,unspecified,usable,published,0.0367,consensus=usable;level1=good;level2=usable;level3=usable,graded,,false,0.432092,
img_00400,main,unspecified,usable,published,0.0386,consensus=usable;level1=good;level2=usable;level3=usable,graded,,true,0.646524,
img_00401,main,unspecified,good,published,0.0358,consensus=good;level1=good;level2=good;level3=usable,graded,,true,0.641258,
img_00402,main,unspecified,usable,published,0.0377,consensus=usable;level1=usable;level2=usable;level3=bad,graded,,false,0.379268,
img_00403,main,unspecified,usable,published,0.0358,consensus=usable;level1=usable;level2=usable;level3=bad,graded,,false,0.399354,
img_00404,main,unspecified,usable,published,0.0051,consensus=usable;level1=usable;level2=usable;level3=bad,graded,,false,0.316358,
img_00405,main,unspecified,usable,published,0.0358,consensus=usable;level1=good;level2=usable;level3=usable,graded,,true,0.598312,
img_00406,main,unspecified,usable,published,0.0377,consensus=usable;level1=usable;level2=usable;level3=bad,graded,,false,0.409567,
img_00407,main,unspecified,good,published,0.0377,consensus=good;level1=good;level2=usable;level3=good,graded,,true,0.720409,
img_00408,main,unspecified,good,published,0.0377,consensus=good;level1=good;level2=good;level3=good,graded,,true,0.899733,
img_00409,main,unspecified,good,published,0.0386,consensus=good;level1=good;level2=good;level3=good,graded,,true,0.744443,
img_00410,main,unspecified,good,published,0.0377,consensus=good;level1=good;level2=good;level3=good,graded,,true,0.725175,
img_00411,main,unspecified,good,published,0.0377,consensus=good;level1=good;level2=good;level3=good,graded,,true,0.754870,
img_00412,main,unspecified,good,published,0.0377,consensus=good;level1=good;level2=good;level3=good,graded,,true,0.717665,
img_00413,main,unspecified,good,published,0.0377,consensus=good;level1=good;level2=good;level3=good,graded,,true,0.819182,
img_00414,main,unspecified,good,published,0.0377,consensus=good;level1=good;level2=good;level3=good,graded,,true,0.826371,
img_00415,main,unspecified,good,published,0.0377,consensus=good;level1=good;level2=good;level3=good,graded,,true,0.676360,
img_00416,main,unspecified,bad,published,0.0348,consensus=bad;level1=bad;level2=bad;level3=usable,graded,,false,0.300060,
img_00418,main,unspecified,usable,published,0.0377,consensus=usable;level1=usable;level2=usable;level3=bad,graded,,false,0.488151,
img_00419,main,unspecified,usable,published,0.0377,consensus=usable;level1=good;level2=usable;level3=usable,graded,,true,0.665829,
img_00420,main,unspecified,bad,published,0.0358,consensus=bad;level1=bad;level2=bad;level3=bad,graded,,false,0.008738,
img_00421,main,unspecified,usable,published,0.0377,consensus=usable;level1=usable;level2=usable;level3=bad,graded,,false,0.442585,
img_00422,main,unspecified,bad,published,0.0358,consensus=bad;level1=bad;level2=bad;level3=bad,graded,,false,0.010069,
img_00423,main,unspecified,bad,published,0.0061,consensus=bad;level1=bad;level2=bad;level3=bad,graded,,false,0.149329,
img_00424,main,unspecified,bad,published,0.0051,consensus=bad;level1=bad;level2=bad;level3=bad,graded,,false,0.293673,
img_00425,main,unspecified,bad,published,0.0358,consensus=bad;level1=bad;level2=bad;level3=bad,graded,,false,0.110251,
img_00426,main,unspecified,bad,published,0.0358,consensus=bad;level1=bad;level2=bad;level3=bad,graded,,false,0.022683,
img_00427,main,unspecified,bad,published,0.0367,consensus=bad;level1=bad;level2=bad;level3=bad,graded,,false,0.110299,
img_00428,main,unspecified,usable,published,0.0386,consensus=usable;level1=good;level2=usable;level3=usable,graded,,true,0.581115,
img_00429,main,unspecified,usable,published,0.0367,consensus=usable;level1=good;level2=usable;level3=usable,graded,,true,0.744880,
img_00430,main,unspecified,usable,published,0.0358,consensus=usable;level1=good;level2=usable;level3=usable,graded,,true,0.513167,
img_00432,main,unspecified,usable,published,0.0377,consensus=usable;level1=usable;level2=usable;level3=bad,graded,,false,0.419312,
img_00433,main,unspecified,usable,published,0.0362,consensus=usable;level1=good;level2=usable;level3=usable,graded,,false,0.428061,
img_00434,main,unspecified,usable,published,0.0377,consensus=usable;level1=usable;level2=usable;level3=bad,graded,,true,0.556011,
img_00435,main,unspecified,good,published,0.0377,consensus=good;level1=good;level2=good;level3=usable,graded,,true,0.776160,
img_00436,main,unspecified,good,published,0.0377,consensus=good;level1=good;level2=good;level3=good,graded,,true,0.792819,
img_00437,main,unspecified,good,published,0.0377,consensus=good;level1=good;level2=good;level3=good,graded,,true,0.823959,
img_00438,main,unspecified,good,published,0.0377,consensus=good;level1=good;level2=good;level3=good,graded,,true,0.791448,
img_00439,main,unspecified,good,published,0.0377,consensus=good;level1=good;level2=good;level3=good,graded,,true,0.757538,
img_00440,main,unspecified,good,published,0.0377,consensus=good;level1=good;level2=good;level3=good,graded,,true,0.800048,
img_00441,main,unspecified,good,published,0.0377,consensus=good;level1=good;level2=good;level3=good,graded,,true,0.547881,
img_00442,main,unspecified,good,published,0.0358,consensus=good;level1=good;level2=good;level3=good,graded,,true,0.535006,
img_00443,main,unspecified,bad,published,0.0377,consensus=bad;level1=bad;level2=usable;level3=bad,graded,,false,0.170058,
img_00444,main,unspecified,bad,published,0.0377,consensus=bad;level1=bad;level2=bad;level3=bad,graded,,false,0.058122,
img_00446,main,unspecified,bad,published,0.0358,consensus=bad;level1=bad;level2=bad;level3=bad,graded,,false,0.012841,
img_00447,main,unspecified,usable,published,0.0358,consensus=usable;level1=usable;level2=usable;level3=bad,graded,,true,0.541619,
img_00448,main,unspecified,usable,published,0.0358,consensus=usable;level1=usable;level2=usable;level3=bad,graded,,false,0.453667,
img_00449,main,unspecified,usable,published,0.0377,consensus=usable;level1=usable;level2=good;level3=usable,graded,,true,0.678625,
img_00450,main,unspecified,usable,published,0.0377,consensus=usable;level1=usable;level2=usable;level3=usable,graded,,true,0.675747,
img_00451,main,unspecified,usable,published,0.0051,consensus=usable;level1=usable;level2=usable;level3=bad,graded,,false,0.355129,
img_00452,main,unspecified,bad,published,0.0051,consensus=bad;level1=usable;level2=bad;level3=bad,graded,,false,0.270506,
img_00453,main,unspecified,bad,published,0.0377,consensus=bad;level1=usable;level2=bad;level3=bad,graded,,true,0.694139,
img_00454,main,unspecified,good,published,0.0377,consensus=good;level1=good;level2=good;level3=good,graded,,true,0.851236,
img_00455,main,unspecified,good,published,0.0358,consensus=good;level1=good;level2=good;level3=good,graded,,false,0.344545,
img_00456,main,unspecified,good,published,0.0377,consensus=good;level1=good;level2=good;level3=good,graded,,false,0.210160,
img_00457,main,unspecified,bad,published,0.0377,consensus=bad;level1=usable;level2=bad;level3=bad,graded,,false,0.253848,
img_00458,main,unspecified,bad,published,0.0367,consensus=bad;level1=bad;level2=bad;level3=bad,graded,,false,0.045819,
img_00459,main,unspecified,good,published,0.0377,consensus=good;level1=good;level2=good;level3=good,graded,,true,0.826940,
img_00460,main,unspecified,bad,published,0.0051,consensus=bad;level1=bad;level2=bad;level3=bad,graded,,false,0.082009,
img_00461,main,unspecified,usable,published,0.0377,consensus=usable;level1=usable;level2=usable;level3=bad,graded,,false,0.314203,
img_00462,main,unspecified,usable,published,0.0358,consensus=usable;level1=usable;level2=usable;level3=bad,graded,,false,0.268489,
img_00463,main,unspecified,usable,published,0.0367,consensus=usable;level1=usable;level2=usable;level3=bad,graded,,false,0.262384,
img_00464,main,unspecified,usable,published,0.0362,consensus=usable;level1=usable;level2=usable;level3=bad,graded,,false,0.247678,
img_00465,main,unspecified,usable,published,0.0386,consensus=usable;level1=usable;level2=usable;level3=bad,graded,,false,0.354147,
img_00466,main,unspecified,bad,published,0.0377,consensus=bad;level1=bad;level2=bad;level3=bad,graded,,false,0.142959,
img_00467,main,unspecified,bad,published,0.0358,consensus=bad;level1=bad;level2=bad;level3=bad,graded,,false,0.079236,
img_00471,main,unspecified,usable,published,0.0367,consensus=usable;level1=good;level2=usable;level3=usable,graded,,true,0.553359,
img_00472,main,unspecified,usable,published,0.0348,consensus=usable;level1=good;level2=usable;level3=usable,graded,,true,0.643758,
img_00473,main,unspecified,usable,published,0.0358,consensus=usable;level1=usable;level2=usable;level3=bad,graded,,false,0.293960,
img_00474,main,unspecified,good,published,0.0377,consensus=good;level1=good;level2=good;level3=good,graded,,true,0.803338,
img_00475,main,unspecified,usable,published,0.0358,consensus=usable;level1=usable;level2=usable;level3=usable,graded,,false,0.291305,
img_00482,main,unspecified,usable,published,0.0358,consensus=usable;level1=usable;level2=good;level3=usable,graded,,false,0.356877,
img_00493,main,unspecified,bad,published,0.0386,consensus=bad;level1=bad;level2=bad;level3=bad,graded,,false,0.113714,
img_00494,main,unspecified,usable,published,0.0439,consensus=usable;level1=usable;level2=bad;level3=usable,graded,,false,0.348254,
img_00496,main,unspecified,bad,published,0.0358,consensus=bad;level1=usable;level2=bad;level3=bad,graded,,false,0.267571,
img_00497,main,unspecified,bad,published,0.0358,consensus=bad;level1=bad;level2=bad;level3=bad,graded,,false,0.057430,
img_00498,main,unspecified,usable,published,0.0358,consensus=usable;level1=usable;level2=usable;level3=bad,graded,,false,0.333625,
img_00499,main,unspecified,bad,published,0.0061,consensus=bad;level1=usable;level2=bad;level3=bad,graded,,true,0.582249,
img_00500,main,unspecified,usable,published,0.0051,consensus=usable;level1=good;level2=usable;level3=usable,graded,,true,0.632343,
img_00501,main,unspecified,good,published,0.0367,consensus=good;level1=good;level2=good;level3=good,graded,,true,0.683048,
img_00502,main,unspecified,usable,published,0.0358,consensus=usable;level1=usable;level2=usable;level3=bad,graded,,false,0.249037,
img_00504,main,unspecified,good,published,0.0377,consensus=good;level1=good;level2=usable;level3=good,graded,,true,0.780625,
img_00505,main,unspecified,good,published,0.0377,consensus=good;level1=good;level2=good;level3=good,graded,,true,0.775692,
img_00509,main,unspecified,bad,published,0.0358,consensus=bad;level1=bad;level2=bad;level3=bad,graded,,false,0.114042,
img_00510,main,unspecified,bad,published,0.0377,consensus=bad;level1=bad;level2=bad;level3=bad,graded,,false,0.087776,
img_00511,main,unspecified,usable,published,0.0358,consensus=usable;level1=good;level2=usable;level3=usable,graded,,true,0.564351,
img_00512,main,unspecified,usable,published,0.0358,consensus=usable;level1=usable;level2=good;level3=usable,graded,,false,0.308897,
img_00513,main,unspecified,usable,published,0.0358,consensus=usable;level1=usable;level2=usable;level3=bad,graded,,false,0.313438,
img_00514,main,unspecified,usable,published,0.0367,consensus=usable;level1=good;level2=usable;level3=usable,graded,,true,0.685838,
img_00515,main,unspecified,usable,published,0.0367,consensus=usable;level1=good;level2=usable;level3=usable,graded,,false,0.190666,
img_00516,main,unspecified,bad,published,0.0367,consensus=bad;level1=bad;level2=bad;level3=bad,graded,,false,0.046785,
img_00517,main,unspecified,bad,published,0.0348,consensus=bad;level1=bad;level2=bad;level3=bad,graded,,false,0.009139,
img_00518,main,unspecified,usable,published,0.0377,consensus=usable;level1=usable;level2=usable;level3=usable,graded,,true,0.603088,
img_00519,main,unspecified,usable,published,0.0358,consensus=usable;level1=usable;level2=usable;level3=bad,graded,,false,0.398302,
img_00520,main,unspecified,usable,published,0.0420,consensus=usable;level1=good;level2=usable;level3=usable,graded,,true,0.596185,
img_00521,main,unspecified,good,published,0.0367,consensus=good;level1=good;level2=good;level3=good,graded,,true,0.765834,
img_00522,main,unspecified,good,published,0.0377,consensus=good;level1=good;level2=good;level3=good,graded,,true,0.783701,
img_00523,main,unspecified,usable,published,0.0358,consensus=usable;level1=good;level2=usable;level3=usable,graded,,true,0.507479,
img_00524,main,unspecified,usable,published,0.0367,consensus=usable;level1=usable;level2=usable;level3=usable,graded,,false,0.380891,
img_00525,main,unspecified,usable,published,0.0367,consensus=usable;level1=usable;level2=usable;level3=bad,graded,,false,0.183582,
img_00526,main,unspecified,usable,published,0.0358,consensus=usable;level1=usable;level2=usable;level3=bad,graded,,false,0.133971,
img_00527,main,unspecified,usable,published,0.0377,consensus=usable;level1=good;level2=usable;level3=usable,graded,,true,0.686406,
img_00528,main,unspecified,bad,published,0.0377,consensus=bad;level1=bad;level2=bad;level3=bad,graded,,false,0.130192,
img_00529,main,unspecified,good,published,0.0377,consensus=good;level1=good;level2=good;level3=good,graded,,true,0.825674,
img_00530,main,unspecified,good,published,0.0386,consensus=good;level1=good;level2=good;level3=good,graded,,true,0.794120,
img_00533,main,unspecified,usable,published,0.0358,consensus=usable;level1=usable;level2=good;level3=usable,graded,,true,0.605052,
img_00534,main,unspecified,good,published,0.0358,consensus=good;level1=usable;level2=good;level3=good,graded,,true,0.572791,
img_00536,main,unspecified,bad,published,0.0358,consensus=bad;level1=bad;level2=bad;level3=bad,graded,,false,0.055080,
img_00538,main,unspecified,good,published,0.0367,consensus=good;level1=good;level2=good;level3=good,graded,,true,0.745393,
img_00539,main,unspecified,usable,published,0.0367,consensus=usable;level1=usable;level2=usable;level3=usable,graded,,true,0.685832,
img_00540,main,unspecified,bad,published,0.0051,consensus=bad;level1=usable;level2=bad;level3=bad,graded,,false,0.179446,
img_00544,main,unspecified,usable,published,0.0377,consensus=usable;level1=good;level2=usable;level3=usable,graded,,true,0.745363,
img_00548,main,unspecified,usable,published,0.0377,consensus=usable;level1=good;level2=usable;level3=usable,graded,,true,0.760384,
img_00549,main,unspecified,bad,published,0.0051,consensus=bad;level1=usable;level2=bad;level3=bad,graded,,false,0.247758,
img_00550,main,unspecified,good,published,0.0367,consensus=good;level1=good;level2=good;level3=usable,graded,,true,0.753020,
img_00551,main,unspecified,good,published,0.0358,consensus=good;level1=good;level2=good;level3=usable,graded,,true,0.548265,
img_00552,main,unspecified,usable,published,0.0377,consensus=usable;level1=usable;level2=usable;level3=bad,graded,,true,0.552245,
img_00553,main,unspecified,usable,published,0.0051,consensus=usable;level1=usable;level2=usable;level3=bad,graded,,true,0.586939,
img_00554,main,unspecified,good,published,0.0377,consensus=good;level1=good;level2=good;level3=good,graded,,true,0.851065,
img_00555,main,unspecified,usable,published,0.0358,consensus=usable;level1=good;level2=usable;level3=usable,graded,,true,0.823242,
img_00558,main,unspecified,good,published,0.0377,consensus=good;level1=good;level2=good;level3=usable,graded,,true,0.694588,
img_00559,main,unspecified,usable,published,0.0367,consensus=usable;level1=usable;level2=usable;level3=bad,graded,,false,0.213525,
img_00560,main,unspecified,usable,published,0.0358,consensus=usable;level1=usable;level2=usable;level3=bad,graded,,false,0.450320,
img_00561,main,unspecified,usable,published,0.0358,consensus=usable;level1=good;level2=bad;level3=usable,graded,,true,0.599313,
img_00562,main,unspecified,usable,published,0.0367,consensus=usable;level1=good;level2=usable;level3=usable,graded,,true,0.528338,
img_00563,main,unspecified,usable,published,0.0367,consensus=usable;level1=usable;level2=usable;level3=bad,graded,,false,0.387133,
img_00564,main,unspecified,bad,published,0.0367,consensus=bad;level1=bad;level2=bad;level3=bad,graded,,false,0.304877,
img_00569,main,unspecified,good,published,0.0358,consensus=good;level1=good;level2=good;level3=usable,graded,,true,0.674114,
img_00570,main,unspecified,good,published,0.0377,consensus=good;level1=good;level2=good;level3=good,graded,,true,0.699977,
img_00571,main,unspecified,usable,published,0.0051,consensus=usable;level1=good;level2=usable;level3=usable,graded,,true,0.762152,
img_00572,main,unspecified,bad,published,0.0061,consensus=bad;level1=bad;level2=bad;level3=bad,graded,,false,0.065671,
img_00573,main,unspecified,bad,published,0.0041,consensus=bad;level1=usable;level2=bad;level3=bad,graded,,false,0.298958,
img_00575,main,unspecified,bad,published,0.0051,consensus=bad;level1=bad;level2=bad;level3=bad,graded,,false,0.009675,
img_00576,main,unspecified,usable,published,0.0358,consensus=usable;level1=usable;level2=usable;level3=bad,graded,,false,0.266445,
img_00577,main,unspecified,good,published,0.0367,consensus=good;level1=good;level2=good;level3=usable,graded,,true,0.730888,
img_00578,main,unspecified,good,published,0.0367,consensus=good;level1=good;level2=good;level3=usable,graded,,true,0.778304,
img_00579,main,unspecified,usable,published,0.0377,consensus=usable;level1=good;level2=usable;level3=usable,graded,,false,0.478977,
img_00580,main,unspecified,bad,published,0.0051,consensus=bad;level1=bad;level2=bad;level3=bad,graded,,false,0.087652,
img_00582,main,unspecified,usable,published,0.0377,consensus=usable;level1=good;level2=usable;level3=usable,graded,,true,0.661186,
img_00583,main,unspecified,usable,published,0.0358,consensus=usable;level1=usable;level2=usable;level3=bad,graded,,false,0.433811,
img_00584,main,unspecified,usable,published,0.0358,consensus=usable;level1=usable;level2=usable;level3=bad,graded,,true,0.559139,
img_00585,main,unspecified,usable,published,0.0358,consensus=usable;level1=usable;level2=usable;level3=bad,graded,,true,0.659478,
img_00586,main,unspecified,good,published,0.0358,consensus=good;level1=good;level2=good;level3=usable,graded,,true,0.819893,
img_00587,main,unspecified,bad,published,0.0377,consensus=bad;level1=bad;level2=bad;level3=bad,graded,,false,0.227281,
img_00588,main,unspecified,bad,published,0.0367,consensus=bad;level1=bad;level2=bad;level3=bad,graded,,false,0.046740,
img_00589,main,unspecified,bad,published,0.0062,consensus=bad;level1=bad;level2=bad;level3=bad,graded,,false,0.036587,
img_00591,main,unspecified,bad,published,0.0367,consensus=bad;level1=usable;level2=bad;level3=bad,graded,,false,0.146082,
img_00596,main,unspecified,bad,published,0.0377,consensus=bad;level1=bad;level2=bad;level3=bad,graded,,false,0.002493,
img_00598,main,unspecified,usable,published,0.0056,consensus=usable;level1=usable;level2=usable;level3=bad,graded,,false,0.369458,
img_00601,main,unspecified,bad,published,0.0377,consensus=bad;level1=bad;level2=bad;level3=bad,graded,,false,0.035695,
img_00604,main,unspecified,usable,published,0.0367,consensus=usable;level1=good;level2=usable;level3=usable,graded,,false,0.346647,
img_00605,main,unspecified,usable,published,0.0377,consensus=usable;level1=usable;level2=usable;level3=bad,graded,,false,0.178652,
img_00606,main,unspecified,good,published,0.0367,consensus=good;level1=good;level2=good;level3=usable,graded,,true,0.712533,
img_00607,main,unspecified,good,published,0.0377,consensus=good;level1=good;level2=good;level3=usable,graded,,true,0.757563,
img_00608,main,unspecified,usable,published,0.0362,consensus=usable;level1=bad;level2=usable;level3=usable,graded,,false,0.087770,
img_00609,main,unspecified,usable,published,0.0377,consensus=usable;level1=usable;level2=usable;level3=bad,graded,,false,0.221019,
img_00610,main,unspecified,bad,published,0.0358,consensus=bad;level1=bad;level2=usable;level3=bad,graded,,false,0.187928,
img_00611,main,unspecified,bad,published,0.0362,consensus=bad;level1=bad;level2=bad;level3=bad,graded,,false,0.117043,
img_00612,main,unspecified,bad,published,0.0358,consensus=bad;level1=bad;level2=bad;level3=bad,graded,,false,0.034010,
img_00613,main,unspecified,good,published,0.0386,consensus=good;level1=good;level2=good;level3=bad,graded,,true,0.719873,
img_00614,main,unspecified,bad,published,0.0358,consensus=bad;level1=bad;level2=usable;level3=bad,graded,,false,0.252890,
img_00615,main,unspecified,usable,published,0.0362,consensus=usable;level1=usable;level2=usable;level3=bad,graded,,false,0.462188,
img_00616,main,unspecified,good,published,0.0367,consensus=good;level1=good;level2=good;level3=usable,graded,,true,0.739372,
img_00617,main,unspecified,usable,published,0.0061,consensus=usable;level1=good;level2=usable;level3=usable,graded,,true,0.581802,
img_00618,main,unspecified,usable,published,0.0051,consensus=usable;level1=usable;level2=usable;level3=bad,graded,,false,0.411869,
img_00621,main,unspecified,usable,published,0.0358,consensus=usable;level1=good;level2=usable;level3=usable,graded,,false,0.494074,
img_00622,main,unspecified,usable,published,0.0377,consensus=usable;level1=good;level2=usable;level3=usable,graded,,true,0.662013,
img_00623,main,unspecified,bad,published,0.0061,consensus=bad;level1=usable;level2=bad;level3=bad,graded,,false,0.168445,
img_00624,main,unspecified,bad,published,0.0046,consensus=bad;level1=bad;level2=bad;level3=bad,graded,,false,0.195644,
img_00625,main,unspecified,bad,published,0.0367,consensus=bad;level1=bad;level2=usable;level3=bad,graded,,false,0.393392,
img_00626,main,unspecified,bad,published,0.0358,consensus=bad;level1=usable;level2=bad;level3=bad,graded,,false,0.129905,
img_00627,main,unspecified,usable,published,0.0358,consensus=usable;level1=usable;level2=usable;level3=bad,graded,,false,0.224048,
img_00631,main,unspecified,bad,published,0.0367,consensus=bad;level1=usable;level2=bad;level3=bad,graded,,false,0.250231,
img_00632,main,unspecified,bad,published,0.0377,consensus=bad;level1=bad;level2=bad;level3=bad,graded,,false,0.020073,
img_00633,main,unspecified,usable,published,0.0377,consensus=usable;level1=usable;level2=good;level3=usable,graded,,false,0.437051,
img_00634,main,unspecified,good,published,0.0062,consensus=good;level1=good;level2=good;level3=good,graded,,true,0.582581,
img_00638,main,unspecified,bad,published,0.0386,consensus=bad;level1=bad;level2=bad;level3=bad,graded,,false,0.177220,
img_00639,main,unspecified,bad,published,0.0358,consensus=bad;level1=bad;level2=bad;level3=bad,graded,,false,0.152172,
img_00640,main,unspecified,bad,published,0.0358,consensus=bad;level1=bad;level2=bad;level3=bad,graded,,false,0.086309,
img_00641,main,unspecified,bad,published,0.0386,consensus=bad;level1=bad;level2=bad;level3=bad,graded,,false,0.057246,
img_00642,main,unspecified,good,published,0.0358,consensus=good;level1=good;level2=good;level3=usable,graded,,true,0.779562,
img_00643,main,unspecified,good,published,0.0362,consensus=good;level1=good;level2=good;level3=good,graded,,true,0.865302,
img_00644,main,unspecified,bad,published,0.0367,consensus=bad;level1=bad;level2=bad;level3=bad,graded,,false,0.139271,
img_00645,main,unspecified,bad,published,0.0362,consensus=bad;level1=bad;level2=bad;level3=bad,graded,,false,0.209658,
img_00646,main,unspecified,bad,published,0.0061,consensus=bad;level1=usable;level2=bad;level3=bad,graded,,false,0.425654,
img_00647,main,unspecified,bad,published,0.0061,consensus=bad;level1=usable;level2=bad;level3=bad,graded,,false,0.448406,
img_00648,main,unspecified,bad,published,0.0051,consensus=bad;level1=usable;level2=bad;level3=bad,graded,,false,0.069902,
img_00649,main,unspecified,bad,published,0.0051,consensus=bad;level1=usable;level2=bad;level3=bad,graded,,false,0.183159,
img_00650,main,unspecified,bad,published,0.0358,consensus=bad;level1=bad;level2=bad;level3=bad,graded,,false,0.079152,
img_00651,main,unspecified,bad,published,0.0367,consensus=bad;level1=bad;level2=bad;level3=bad,graded,,false,0.054555,
img_00652,main,unspecified,usable,published,0.0377,consensus=usable;level1=good;level2=usable;level3=usable,graded,,true,0.766174,
img_00653,main,unspecified,usable,published,0.0377,consensus=usable;level1=good;level2=usable;level3=usable,graded,,true,0.551786,
img_00654,main,unspecified,usable,published,0.0358,consensus=usable;level1=good;level2=usable;level3=usable,graded,,false,0.359837,
img_00655,main,unspecified,usable,published,0.0377,consensus=usable;level1=usable;level2=usable;level3=usable,graded,,false,0.355750,
img_00656,main,unspecified,bad,published,0.0051,consensus=bad;level1=bad;level2=bad;level3=bad,graded,,false,0.041753,
img_00658,main,unspecified,bad,published,0.0362,consensus=bad;level1=bad;level2=usable;level3=bad,graded,,false,0.442327,
img_00662,main,unspecified,bad,published,0.0377,consensus=bad;level1=usable;level2=bad;level3=bad,graded,,false,0.330993,
img_00663,main,unspecified,bad,published,0.0367,consensus=bad;level1=usable;level2=bad;level3=bad,graded,,false,0.131802,
img_00665,main,unspecified,bad,published,0.0051,consensus=bad;level1=bad;level2=bad;level3=bad,graded,,false,0.046496,
img_00667,main,unspecified,usable,published,0.0367,consensus=usable;level1=good;level2=usable;level3=usable,graded,,true,0.585384,
img_00668,main,unspecified,good,published,0.0377,consensus=good;level1=good;level2=good;level3=good,graded,,true,0.635500,
img_00669,main,unspecified,good,published,0.0377,consensus=good;level1=good;level2=good;level3=good,graded,,true,0.669802,
img_00670,main,unspecified,bad,published,0.0051,consensus=bad;level1=usable;level2=bad;level3=bad,graded,,false,0.267112,
img_00671,main,unspecified,bad,published,0.0056,consensus=bad;level1=bad;level2=bad;level3=bad,graded,,false,0.278511,
img_00672,main,unspecified,usable,published,0.0377,consensus=usable;level1=good;level2=usable;level3=usable,graded,,true,0.661222,
img_00673,main,unspecified,usable,published,0.0377,consensus=usable;level1=usable;level2=usable;level3=usable,graded,,true,0.572643,
img_00674,main,unspecified,usable,published,0.0377,consensus=usable;level1=usable;level2=usable;level3=bad,graded,,false,0.132757,
img_00675,main,unspecified,usable,published,0.0377,consensus=usable;level1=usable;level2=usable;level3=bad,graded,,false,0.127249,
img_00676,main,unspecified,bad,published,0.0381,consensus=bad;level1=good;level2=bad;level3=bad,graded,,false,0.027776,
img_00677,main,unspecified,bad,published,0.0358,consensus=bad;level1=usable;level2=bad;level3=bad,graded,,false,0.278802,
img_00678,main,unspecified,usable,published,0.0358,consensus=usable;level1=good;level2=usable;level3=usable,graded,,true,0.814419,
img_00683,main,unspecified,usable,published,0.0377,consensus=usable;level1=good;level2=usable;level3=usable,graded,,true,0.737341,
img_00684,main,unspecified,good,published,0.0377,consensus=good;level1=good;level2=good;level3=usable,graded,,true,0.753185,
img_00685,main,unspecified,usable,published,0.0377,consensus=usable;level1=usable;level2=usable;level3=bad,graded,,true,0.591611,
img_00686,main,unspecified,bad,published,0.0358,consensus=bad;level1=bad;level2=bad;level3=bad,graded,,false,0.010943,
img_00687,main,unspecified,bad,published,0.0367,consensus=bad;level1=bad;level2=bad;level3=bad,graded,,false,0.012244,
img_00688,main,unspecified,bad,published,0.0358,consensus=bad;level1=bad;level2=bad;level3=bad,graded,,false,0.001199,
img_00691,main,unspecified,bad,published,0.0372,consensus=bad;level1=bad;level2=bad;level3=bad,graded,,false,0.000618,
img_00693,main,unspecified,bad,published,0.0358,consensus=bad;level1=bad;level2=bad;level3=bad,graded,,false,0.003303,
img_00696,main,unspecified,usable,published,0.0358,consensus=usable;level1=good;level2=usable;level3=usable,graded,,true,0.726115,
img_00697,main,unspecified,usable,published,0.0377,consensus=usable;level1=good;level2=usable;level3=usable,graded,,true,0.749265,
img_00698,main,unspecified,bad,published,0.0061,consensus=bad;level1=bad;level2=bad;level3=bad,graded,,false,0.058646,
img_00699,main,unspecified,bad,published,0.0061,consensus=bad;level1=bad;level2=bad;level3=bad,graded,,false,0.016020,
img_00700,main,unspecified,bad,published,0.0362,consensus=bad;level1=usable;level2=bad;level3=bad,graded,,true,0.521490,
img_00701,main,unspecified,bad,published,0.0358,consensus=bad;level1=bad;level2=bad;level3=bad,graded,,false,0.047352,
img_00702,main,unspecified,bad,published,0.0362,consensus=bad;level1=bad;level2=bad;level3=bad,graded,,false,0.137307,
img_00703,main,unspecified,usable,published,0.0358,consensus=usable;level1=usable;level2=usable;level3=bad,graded,,false,0.486708,
img_00704,main,unspecified,usable,published,0.0367,consensus=usable;level1=usable;level2=usable;level3=bad,graded,,false,0.440940,
img_00705,main,unspecified,usable,published,0.0367,consensus=usable;level1=usable;level2=usable;level3=bad,graded,,true,0.601203,
img_00706,main,unspecified,usable,published,0.0377,consensus=usable;level1=usable;level2=usable;level3=bad,graded,,true,0.586094,
img_00707,main,unspecified,good,published,0.0358,consensus=good;level1=good;level2=good;level3=bad,graded,,true,0.709969,
img_00708,main,unspecified,bad,published,0.0358,consensus=bad;level1=bad;level2=bad;level3=bad,graded,,false,0.033711,
img_00709,main,unspecified,usable,published,0.0061,consensus=usable;level1=good;level2=usable;level3=usable,graded,,true,0.618656,
img_00710,main,unspecified,bad,published,0.0051,consensus=bad;level1=usable;level2=bad;level3=bad,graded,,true,0.535105,
img_00711,main,unspecified,bad,published,0.0377,consensus=bad;level1=bad;level2=usable;level3=bad,graded,,false,0.177749,
img_00713,main,unspecified,bad,published,0.0377,consensus=bad;level1=usable;level2=bad;level3=bad,graded,,false,0.106074,
img_00714,main,unspecified,usable,published,0.0061,consensus=usable;level1=usable;level2=usable;level3=bad,graded,,true,0.571583,
img_00715,main,unspecified,bad,published,0.0062,consensus=bad;level1=good;level2=bad;level3=bad,graded,,false,0.444557,
img_00716,main,unspecified,good,published,0.0358,consensus=good;level1=good;level2=good;level3=usable,graded,,false,0.491716,
img_00717,main,unspecified,good,published,0.0367,consensus=good;level1=good;level2=good;level3=usable,graded,,false,0.416876,
img_00718,main,unspecified,usable,published,0.0377,consensus=usable;level1=good;level2=usable;level3=usable,graded,,false,0.199694,
img_00719,main,unspecified,good,published,0.0377,consensus=good;level1=good;level2=good;level3=good,graded,,true,0.807602,
img_00720,main,unspecified,good,published,0.0377,consensus=good;level1=good;level2=good;level3=good,graded,,true,0.761016,
img_00721,main,unspecified,usable,published,0.0358,consensus=usable;level1=good;level2=usable;level3=usable,graded,,false,0.468620,
img_00722,main,unspecified,usable,published,0.0358,consensus=usable;level1=good;level2=usable;level3=usable,graded,,false,0.200380,
img_00723,main,unspecified,usable,published,0.0377,consensus=usable;level1=usable;level2=usable;level3=bad,graded,,false,0.174531,
img_00724,main,unspecified,usable,published,0.0377,consensus=usable;level1=usable;level2=usable;level3=bad,graded,,false,0.469220,
img_00725,main,unspecified,usable,published,0.0377,consensus=usable;level1=good;level2=usable;level3=usable,graded,,true,0.660254,
img_00726,main,unspecified,usable,published,0.0061,consensus=usable;level1=usable;level2=usable;level3=bad,graded,,false,0.381767,
img_00727,main,unspecified,bad,published,0.0051,consensus=bad;level1=usable;level2=bad;level3=bad,graded,,false,0.223652,
img_00728,main,unspecified,usable,published,0.0377,consensus=usable;level1=good;level2=usable;level3=usable,graded,,true,0.520217,
img_00729,main,unspecified,usable,published,0.0362,consensus=usable;level1=usable;level2=usable;level3=usable,graded,,false,0.433881,
img_00730,main,unspecified,good,published,0.0051,consensus=good;level1=good;level2=good;level3=usable,graded,,true,0.562073,
img_00731,main,unspecified,bad,published,0.0051,consensus=bad;level1=bad;level2=bad;level3=bad,graded,,false,0.070480,
img_00732,main,unspecified,bad,published,0.0051,consensus=bad;level1=bad;level2=bad;level3=bad,graded,,false,0.161542,
img_00733,main,unspecified,good,published,0.0386,consensus=good;level1=good;level2=good;level3=usable,graded,,true,0.651080,
img_00734,main,unspecified,bad,published,0.0061,consensus=bad;level1=bad;level2=bad;level3=bad,graded,,false,0.064227,
img_00735,main,unspecified,good,published,0.0377,consensus=good;level1=good;level2=good;level3=good,graded,,true,0.678276,
img_00736,main,unspecified,good,published,0.0377,consensus=good;level1=good;level2=bad;level3=good,graded,,true,0.733890,
img_00737,main,unspecified,bad,published,0.0367,consensus=bad;level1=bad;level2=bad;level3=bad,graded,,false,0.130799,
img_00738,main,unspecified,bad,published,0.0348,consensus=bad;level1=bad;level2=bad;level3=bad,graded,,false,0.010039,
img_00739,main,unspecified,bad,published,0.0358,consensus=bad;level1=bad;level2=bad;level3=bad,graded,,false,0.037457,
img_00740,main,unspecified,bad,published,0.0358,consensus=bad;level1=bad;level2=bad;level3=bad,graded,,false,0.014017,
img_00741,main,unspecified,bad,published,0.0367,consensus=bad;level1=bad;level2=bad;level3=bad,graded,,false,0.091404,
img_00742,main,unspecified,bad,published,0.0377,consensus=bad;level1=good;level2=bad;level3=bad,graded,,false,0.223732,
img_00743,main,unspecified,usable,published,0.0377,consensus=usable;level1=usable;level2=usable;level3=bad,graded,,false,0.489309,
img_00744,main,unspecified,usable,published,0.0386,consensus=usable;level1=good;level2=usable;level3=usable,graded,,true,0.739541,
img_00745,main,unspecified,usable,published,0.0367,consensus=usable;level1=usable;level2=usable;level3=bad,graded,,true,0.614126,
img_00746,main,unspecified,good,published,0.0051,consensus=good;level1=good;level2=good;level3=usable,graded,,true,0.631825,
img_00747,main,unspecified,good,published,0.0061,consensus=good;level1=good;level2=good;level3=usable,graded,,false,0.465855,
img_00750,main,unspecified,usable,published,0.0061,consensus=usable;level1=good;level2=usable;level3=usable,graded,,false,0.403926,
img_00751,main,unspecified,bad,published,0.0051,consensus=bad;level1=bad;level2=usable;level3=bad,graded,,false,0.077382,
img_00752,main,unspecified,bad,published,0.0358,consensus=bad;level1=bad;level2=bad;level3=bad,graded,,false,0.127240,
img_00753,main,unspecified,bad,published,0.0358,consensus=bad;level1=bad;level2=bad;level3=bad,graded,,false,0.008785,
img_00754,main,unspecified,good,published,0.0377,consensus=good;level1=good;level2=good;level3=usable,graded,,true,0.803030,
img_00755,main,unspecified,good,published,0.0377,consensus=good;level1=good;level2=good;level3=good,graded,,true,0.837415,
img_00756,main,unspecified,usable,published,0.0358,consensus=usable;level1=usable;level2=usable;level3=usable,graded,,false,0.298554,
img_00757,main,unspecified,usable,published,0.0377,consensus=usable;level1=usable;level2=bad;level3=usable,graded,,true,0.545421,
img_00758,main,unspecified,usable,published,0.0367,consensus=usable;level1=good;level2=usable;level3=usable,graded,,true,0.755643,
img_00759,main,unspecified,good,published,0.0367,consensus=good;level1=good;level2=good;level3=good,graded,,true,0.823441,
img_00760,main,unspecified,usable,published,0.0367,consensus=usable;level1=good;level2=usable;level3=usable,graded,,false,0.494356,
img_00761,main,unspecified,usable,published,0.0377,consensus=usable;level1=good;level2=usable;level3=usable,graded,,true,0.728833,
img_00762,main,unspecified,good,published,0.0377,consensus=good;level1=good;level2=good;level3=good,graded,,true,0.800323,
img_00763,main,unspecified,good,published,0.0358,consensus=good;level1=good;level2=good;level3=good,graded,,true,0.654518,
img_00764,main,unspecified,good,published,0.0377,consensus=good;level1=good;level2=good;level3=good,graded,,true,0.624998,
img_00765,main,unspecified,good,published,0.0358,consensus=good;level1=good;level2=good;level3=good,graded,,true,0.725146,
img_00766,main,unspecified,usable,published,0.0051,consensus=usable;level1=usable;level2=usable;level3=good,graded,,false,0.497188,
img_00767,main,unspecified,usable,published,0.0051,consensus=usable;level1=good;level2=bad;level3=usable,graded,,false,0.498491,
img_00768,main,unspecified,bad,published,0.0062,consensus=bad;level1=bad;level2=bad;level3=bad,graded,,false,0.398479,
img_00769,main,unspecified,bad,published,0.0046,consensus=bad;level1=bad;level2=bad;level3=bad,graded,,false,0.045487,
img_00770,main,unspecified,usable,published,0.0358,consensus=usable;level1=usable;level2=usable;level3=usable,graded,,true,0.706121,
img_00771,main,unspecified,bad,published,0.0051,consensus=bad;level1=usable;level2=bad;level3=bad,graded,,false,0.152755,
img_00772,main,unspecified,bad,published,0.0051,consensus=bad;level1=bad;level2=bad;level3=bad,graded,,false,0.171986,
img_00773,main,unspecified,bad,published,0.0377,consensus=bad;level1=bad;level2=bad;level3=bad,graded,,false,0.225303,
img_00774,main,unspecified,bad,published,0.0377,consensus=bad;level1=usable;level2=bad;level3=bad,graded,,true,0.523970,
img_00775,main,unspecified,usable,published,0.0377,consensus=usable;level1=good;level2=usable;level3=usable,graded,,true,0.746019,
img_00776,main,unspecified,usable,published,0.0386,consensus=usable;level1=good;level2=usable;level3=usable,graded,,true,0.697739,
img_00779,main,unspecified,usable,published,0.0358,consensus=usable;level1=usable;level2=usable;level3=bad,graded,,false,0.303539,
img_00780,main,unspecified,good,published,0.0367,consensus=good;level1=good;level2=good;level3=good,graded,,true,0.713204,
img_00781,main,unspecified,usable,published,0.0377,consensus=usable;level1=usable;level2=usable;level3=bad,graded,,false,0.370764,
img_00782,main,unspecified,usable,published,0.0367,consensus=usable;level1=good;level2=usable;level3=usable,graded,,true,0.733628,
img_00783,main,unspecified,usable,published,0.0367,consensus=usable;level1=good;level2=usable;level3=usable,graded,,false,0.357483,
img_00784,main,unspecified,good,published,0.0377,consensus=good;level1=good;level2=good;level3=usable,graded,,true,0.643936,
img_00785,main,unspecified,usable,published,0.0377,consensus=usable;level1=good;level2=usable;level3=usable,graded,,true,0.575218,
img_00786,main,unspecified,good,published,0.0377,consensus=good;level1=good;level2=good;level3=usable,graded,,true,0.711474,
img_00787,main,unspecified,good,published,0.0358,consensus=good;level1=good;level2=good;level3=good,graded,,true,0.845719,
img_00788,main,unspecified,usable,published,0.0051,consensus=usable;level1=usable;level2=good;level3=usable,graded,,true,0.619854,
img_00789,main,unspecified,usable,published,0.0051,consensus=usable;level1=good;level2=usable;level3=usable,graded,,true,0.632729,
img_00790,main,unspecified,usable,published,0.0367,consensus=usable;level1=usable;level2=usable;level3=bad,graded,,true,0.534437,
img_00791,main,unspecified,usable,published,0.0358,consensus=usable;level1=usable;level2=usable;level3=bad,graded,,false,0.440115,
img_00792,main,unspecified,usable,published,0.0358,consensus=usable;level1=usable;level2=good;level3=usable,graded,,false,0.487204,
img_00793,main,unspecified,bad,published,0.0377,consensus=bad;level1=bad;level2=usable;level3=bad,graded,,false,0.054914,
img_00794,main,unspecified,usable,published,0.0358,consensus=usable;level1=usable;level2=usable;level3=bad,graded,,false,0.478374,
img_00795,main,unspecified,usable,published,0.0358,consensus=usable;level1=usable;level2=good;level3=usable,graded,,true,0.690902,
img_00796,main,unspecified,usable,published,0.0358,consensus=usable;level1=usable;level2=usable;level3=bad,graded,,false,0.317447,
img_00797,main,unspecified,bad,published,0.0358,consensus=bad;level1=bad;level2=bad;level3=bad,graded,,false,0.120764,
img_00798,main,unspecified,bad,published,0.0362,consensus=bad;level1=bad;level2=bad;level3=bad,graded,,false,0.033783,
img_00799,main,unspecified,usable,published,0.0372,consensus=usable;level1=usable;level2=usable;level3=usable,graded,,false,0.351960,
img_00800,main,unspecified,good,published,0.0372,consensus=good;level1=good;level2=good;level3=good,graded,,true,0.701387,
img_00801,main,unspecified,usable,published,0.0367,consensus=usable;level1=good;level2=usable;level3=usable,graded,,true,0.629136,
img_00802,main,unspecified,usable,published,0.0367,consensus=usable;level1=good;level2=usable;level3=usable,graded,,true,0.703645,
img_00803,main,unspecified,bad,published,0.0061,consensus=bad;level1=usable;level2=bad;level3=bad,graded,,false,0.188092,
img_00804,main,unspecified,bad,published,0.0061,consensus=bad;level1=bad;level2=bad;level3=bad,graded,,false,0.137403,
img_00805,main,unspecified,bad,published,0.0061,consensus=bad;level1=bad;level2=bad;level3=bad,graded,,false,0.077569,
img_00806,main,unspecified,bad,published,0.0056,consensus=bad;level1=bad;level2=bad;level3=bad,graded,,false,0.085127,
img_00807,main,unspecified,bad,published,0.0051,consensus=bad;level1=bad;level2=bad;level3=bad,graded,,false,0.054387,
img_00808,main,unspecified,usable,published,0.0377,consensus=usable;level1=good;level2=usable;level3=usable,graded,,true,0.756119,
img_00809,main,unspecified,good,published,0.0377,consensus=good;level1=good;level2=good;level3=good,graded,,true,0.758866,
img_00810,main,unspecified,good,published,0.0358,consensus=good;level1=good;level2=good;level3=usable,graded,,true,0.556584,
img_00811,main,unspecified,good,published,0.0362,consensus=good;level1=good;level2=good;level3=usable,graded,,true,0.609368,
img_00813,main,unspecified,bad,published,0.0367,consensus=bad;level1=bad;level2=bad;level3=usable,graded,,false,0.105589,
img_00814,main,unspecified,usable,published,0.0358,consensus=usable;level1=usable;level2=good;level3=usable,graded,,false,0.277880,
img_00815,main,unspecified,usable,published,0.0358,consensus=usable;level1=usable;level2=usable;level3=bad,graded,,false,0.308277,
img_00816,main,unspecified,usable,published,0.0051,consensus=usable;level1=usable;level2=usable;level3=bad,graded,,false,0.344412,
img_00817,main,unspecified,usable,published,0.0061,consensus=usable;level1=usable;level2=usable;level3=bad,graded,,false,0.125744,
img_00818,main,unspecified,bad,published,0.0358,consensus=bad;level1=usable;level2=bad;level3=bad,graded,,false,0.414506,
img_00819,main,unspecified,usable,published,0.0367,consensus=usable;level1=usable;level2=good;level3=usable,graded,,true,0.729065,
img_00820,main,unspecified,bad,published,0.0358,consensus=bad;level1=bad;level2=bad;level3=bad,graded,,false,0.048041,
img_00821,main,unspecified,bad,published,0.0358,consensus=bad;level1=bad;level2=bad;level3=bad,graded,,false,0.006994,
img_00822,main,unspecified,bad,published,0.0358,consensus=bad;level1=bad;level2=bad;level3=bad,graded,,false,0.004094,
img_00823,main,unspecified,good,published,0.0358,consensus=good;level1=good;level2=good;level3=good,graded,,true,0.824603,
img_00824,main,unspecified,usable,published,0.0377,consensus=usable;level1=usable;level2=usable;level3=usable,graded,,true,0.569174,
img_00825,main,unspecified,good,published,0.0377,consensus=good;level1=good;level2=good;level3=usable,graded,,true,0.700550,
img_00826,main,unspecified,usable,published,0.0358,consensus=usable;level1=usable;level2=usable;level3=usable,graded,,false,0.125181,
img_00827,main,unspecified,usable,published,0.0358,consensus=usable;level1=usable;level2=usable;level3=usable,graded,,true,0.673564,
img_00828,main,unspecified,usable,published,0.0386,consensus=usable;level1=usable;level2=usable;level3=bad,graded,,false,0.164570,
img_00829,main,unspecified,usable,published,0.0358,consensus=usable;level1=usable;level2=good;level3=usable,graded,,false,0.070288,
img_00830,main,unspecified,usable,published,0.0358,consensus=usable;level1=usable;level2=usable;level3=bad,graded,,false,0.096909,
img_00831,main,unspecified,usable,published,0.0377,consensus=usable;level1=usable;level2=usable;level3=bad,graded,,false,0.146636,
img_00832,main,unspecified,usable,published,0.0362,consensus=usable;level1=good;level2=usable;level3=usable,graded,,false,0.327130,
img_00833,main,unspecified,usable,published,0.0056,consensus=usable;level1=bad;level2=usable;level3=usable,graded,,false,0.323373,
img_00834,main,unspecified,bad,published,0.0062,consensus=bad;level1=bad;level2=bad;level3=bad,graded,,false,0.075526,
img_00835,main,unspecified,usable,published,0.0372,consensus=usable;level1=usable;level2=usable;level3=bad,graded,,false,0.090132,
img_00836,main,unspecified,bad,published,0.0358,consensus=bad;level1=bad;level2=bad;level3=bad,graded,,false,0.018027,
img_00838,main,unspecified,bad,published,0.0362,consensus=bad;level1=bad;level2=good;level3=bad,graded,,true,0.533463,
img_00839,main,unspecified,usable,published,0.0358,consensus=usable;level1=usable;level2=usable;level3=bad,graded,,false,0.264349,
img_00840,main,unspecified,usable,published,0.0358,consensus=usable;level1=usable;level2=good;level3=usable,graded,,false,0.344934,
img_00841,main,unspecified,usable,published,0.0358,consensus=usable;level1=usable;level2=good;level3=usable,graded,,false,0.293484,
img_00842,main,unspecified,usable,published,0.0358,consensus=usable;level1=usable;level2=usable;level3=bad,graded,,false,0.330387,
img_00843,main,unspecified,bad,published,0.0358,consensus=bad;level1=bad;level2=bad;level3=bad,graded,,false,0.044108,
img_00844,main,unspecified,bad,published,0.0061,consensus=bad;level1=bad;level2=usable;level3=bad,graded,,false,0.129595,
img_00845,main,unspecified,usable,published,0.0377,consensus=usable;level1=bad;level2=usable;level3=usable,graded,,false,0.142289,
img_00846,main,unspecified,usable,published,0.0358,consensus=usable;level1=usable;level2=usable;level3=usable,graded,,true,0.623726,
img_00847,main,unspecified,bad,published,0.0377,consensus=bad;level1=bad;level2=usable;level3=bad,graded,,false,0.166824,
img_00850,main,unspecified,usable,published,0.0377,consensus=usable;level1=good;level2=usable;level3=usable,graded,,true,0.654844,
img_00851,main,unspecified,usable,published,0.0358,consensus=usable;level1=usable;level2=usable;level3=usable,graded,,true,0.549493,
img_00852,main,unspecified,usable,published,0.0367,consensus=usable;level1=good;level2=usable;level3=usable,graded,,true,0.639506,
img_00853,main,unspecified,usable,published,0.0358,consensus=usable;level1=usable;level2=usable;level3=usable,graded,,false,0.480843,
img_00854,main,unspecified,usable,published,0.0367,consensus=usable;level1=good;level2=usable;level3=usable,graded,,true,0.525043,
img_00855,main,unspecified,usable,published,0.0367,consensus=usable;level1=good;level2=usable;level3=usable,graded,,true,0.762069,
img_00856,main,unspecified,bad,published,0.0062,consensus=bad;level1=bad;level2=bad;level3=bad,graded,,false,0.080146,
img_00857,main,unspecified,bad,published,0.0056,consensus=bad;level1=bad;level2=bad;level3=bad,graded,,false,0.172438,
img_00858,main,unspecified,usable,published,0.0377,consensus=usable;level1=usable;level2=usable;level3=bad,graded,,false,0.330985,
img_00859,main,unspecified,bad,published,0.0377,consensus=bad;level1=bad;level2=usable;level3=bad,graded,,false,0.061726,
img_00860,main,unspecified,usable,published,0.0358,consensus=usable;level1=usable;level2=usable;level3=bad,graded,,false,0.426894,
img_00861,main,unspecified,bad,published,0.0367,consensus=bad;level1=bad;level2=bad;level3=bad,graded,,false,0.011445,
img_00862,main,unspecified,bad,published,0.0358,consensus=bad;level1=bad;level2=usable;level3=bad,graded,,false,0.215704,
img_00863,main,unspecified,usable,published,0.0358,consensus=usable;level1=good;level2=usable;level3=usable,graded,,true,0.661644,
img_00864,main,unspecified,good,published,0.0367,consensus=good;level1=good;level2=good;level3=usable,graded,,true,0.756496,
img_00867,main,unspecified,bad,published,0.0062,consensus=bad;level1=bad;level2=bad;level3=bad,graded,,false,0.082339,
img_00868,main,unspecified,bad,published,0.0051,consensus=bad;level1=bad;level2=bad;level3=bad,graded,,false,0.167988,
img_00870,main,unspecified,bad,published,0.0061,consensus=bad;level1=bad;level2=bad;level3=bad,graded,,false,0.154650,
img_00873,main,unspecified,usable,published,0.0367,consensus=usable;level1=usable;level2=usable;level3=bad,graded,,false,0.479765,
img_00874,main,unspecified,bad,published,0.0358,consensus=bad;level1=bad;level2=usable;level3=bad,graded,,false,0.304858,
img_00875,main,unspecified,bad,published,0.0377,consensus=bad;level1=usable;level2=bad;level3=bad,graded,,false,0.133176,
img_00876,main,unspecified,usable,published,0.0391,consensus=usable;level1=usable;level2=usable;level3=bad,graded,,false,0.445173,
img_00877,main,unspecified,usable,published,0.0457,consensus=usable;level1=usable;level2=usable;level3=bad,graded,,false,0.266552,
img_00878,main,unspecified,good,published,0.0367,consensus=good;level1=good;level2=good;level3=usable,graded,,true,0.708754,
img_00879,main,unspecified,usable,published,0.0358,consensus=usable;level1=usable;level2=usable;level3=usable,graded,,false,0.379914,
img_00880,main,unspecified,good,published,0.0367,consensus=good;level1=good;level2=good;level3=usable,graded,,true,0.802371,
img_00881,main,unspecified,good,published,0.0358,consensus=good;level1=good;level2=good;level3=good,graded,,true,0.827587,
img_00882,main,unspecified,usable,published,0.0358,consensus=usable;level1=usable;level2=usable;level3=bad,graded,,false,0.399998,
img_00883,main,unspecified,usable,published,0.0338,consensus=usable;level1=usable;level2=usable;level3=bad,graded,,false,0.454721,
img_00884,main,unspecified,bad,published,0.0062,consensus=bad;level1=bad;level2=bad;level3=bad,graded,,false,0.049429,
img_00885,main,unspecified,bad,published,0.0046,consensus=bad;level1=bad;level2=bad;level3=bad,graded,,false,0.009246,
img_00886,main,unspecified,usable,published,0.0372,consensus=usable;level1=good;level2=usable;level3=usable,graded,,true,0.608378,
img_00887,main,unspecified,bad,published,0.0358,consensus=bad;level1=usable;level2=bad;level3=bad,graded,,false,0.171574,
img_00888,main,unspecified,bad,published,0.0051,consensus=bad;level1=bad;level2=bad;level3=bad,graded,,false,0.241319,
img_00889,main,unspecified,bad,published,0.0061,consensus=bad;level1=bad;level2=bad;level3=bad,graded,,false,0.176890,
img_00890,main,unspecified,bad,published,0.0338,consensus=bad;level1=bad;level2=bad;level3=usable,graded,,false,0.228373,
img_00891,main,unspecified,usable,published,0.0372,consensus=usable;level1=usable;level2=usable;level3=bad,graded,,false,0.280550,
img_00892,main,unspecified,good,published,0.0377,consensus=good;level1=good;level2=good;level3=good,graded,,true,0.872311,
img_00893,main,unspecified,good,published,0.0377,consensus=good;level1=good;level2=good;level3=good,graded,,true,0.868259,
img_00900,main,unspecified,good,published,0.0358,consensus=good;level1=good;level2=good;level3=good,graded,,true,0.813547,
img_00903,main,unspecified,good,published,0.0358,consensus=good;level1=good;level2=good;level3=good,graded,,true,0.836535,
img_00908,main,unspecified,good,published,0.0358,consensus=good;level1=good;level2=good;level3=good,graded,,true,0.881749,
img_00912,main,unspecified,good,published,0.0386,consensus=good;level1=good;level2=good;level3=good,graded,,true,0.843702,
img_00913,main,unspecified,good,published,0.0386,consensus=good;level1=good;level2=good;level3=good,graded,,true,0.859014,
img_00914,main,unspecified,good,published,0.0358,consensus=good;level1=good;level2=good;level3=good,graded,,true,0.856392,
img_00915,main,unspecified,good,published,0.0377,consensus=good;level1=good;level2=good;level3=good,graded,,true,0.803511,
img_00917,main,unspecified,good,published,0.0377,consensus=good;level1=good;level2=good;level3=good,graded,,true,0.728190,
img_00918,main,unspecified,usable,published,0.0386,consensus=usable;level1=good;level2=usable;level3=usable,graded,,false,0.260521,
img_00919,main,unspecified,bad,published,0.0358,consensus=bad;level1=bad;level2=bad;level3=bad,graded,,false,0.002801,
img_00923,main,unspecified,bad,published,0.0377,consensus=bad;level1=bad;level2=bad;level3=bad,graded,,false,0.013948,
img_00924,main,unspecified,bad,published,0.0367,consensus=bad;level1=bad;level2=bad;level3=bad,graded,,false,0.008515,
img_00928,main,unspecified,good,published,0.0377,consensus=good;level1=good;level2=good;level3=good,graded,,true,0.701584,
img_00929,main,unspecified,good,published,0.0358,consensus=good;level1=good;level2=good;level3=good,graded,,true,0.733455,
img_00932,main,unspecified,usable,published,0.0358,consensus=usable;level1=good;level2=usable;level3=usable,graded,,false,0.427058,
img_00933,main,unspecified,usable,published,0.0386,consensus=usable;level1=good;level2=usable;level3=usable,graded,,true,0.563899,
img_00934,main,unspecified,good,published,0.0367,consensus=good;level1=good;level2=good;level3=good,graded,,true,0.579346,
img_00935,main,unspecified,good,published,0.0377,consensus=good;level1=good;level2=good;level3=good,graded,,true,0.629237,
img_00936,main,unspecified,bad,published,0.0367,consensus=bad;level1=bad;level2=bad;level3=bad,graded,,false,0.027709,
img_00938,main,unspecified,good,published,0.0377,consensus=good;level1=good;level2=good;level3=good,graded,,true,0.746512,
img_00939,main,unspecified,usable,published,0.0377,consensus=usable;level1=usable;level2=good;level3=usable,graded,,true,0.677118,
img_00940,main,unspecified,good,published,0.0367,consensus=good;level1=good;level2=good;level3=good,graded,,true,0.705870,
img_00941,main,unspecified,good,published,0.0377,consensus=good;level1=good;level2=good;level3=good,graded,,true,0.697997,
img_00942,main,unspecified,bad,published,0.0377,consensus=bad;level1=bad;level2=bad;level3=bad,graded,,false,0.005325,
img_00946,main,unspecified,usable,published,0.0358,consensus=usable;level1=usable;level2=good;level3=usable,graded,,true,0.671434,
img_00948,main,unspecified,usable,published,0.0367,consensus=usable;level1=good;level2=usable;level3=usable,graded,,true,0.656280,
img_00950,main,unspecified,bad,published,0.0051,consensus=bad;level1=usable;level2=bad;level3=bad,graded,,false,0.128893,
img_00951,main,unspecified,usable,published,0.0067,consensus=usable;level1=usable;level2=bad;level3=usable,graded,,false,0.197220,
img_00952,main,unspecified,usable,published,0.0377,consensus=usable;level1=usable;level2=usable;level3=usable,graded,,false,0.473671,
img_00953,main,unspecified,bad,published,0.0377,consensus=bad;level1=usable;level2=bad;level3=bad,graded,,false,0.184611,
img_00955,main,unspecified,bad,published,0.0051,consensus=bad;level1=bad;level2=bad;level3=bad,graded,,false,0.019165,
img_00956,main,unspecified,usable,published,0.0377,consensus=usable;level1=good;level2=usable;level3=usable,graded,,true,0.674139,
img_00957,main,unspecified,bad,published,0.0377,consensus=bad;level1=bad;level2=bad;level3=usable,graded,,false,0.180368,
img_00958,main,unspecified,bad,published,0.0367,consensus=bad;level1=bad;level2=bad;level3=bad,graded,,false,0.269413,
img_00959,main,unspecified,bad,published,0.0348,consensus=bad;level1=usable;level2=bad;level3=bad,graded,,true,0.503197,
img_00960,main,unspecified,usable,published,0.0377,consensus=usable;level1=good;level2=usable;level3=usable,graded,,true,0.602149,
img_00961,main,unspecified,bad,published,0.0051,consensus=bad;level1=usable;level2=bad;level3=bad,graded,,false,0.354865,
img_00962,main,unspecified,usable,published,0.0358,consensus=usable;level1=good;level2=usable;level3=usable,graded,,true,0.697552,
img_00963,main,unspecified,usable,published,0.0061,consensus=usable;level1=good;level2=usable;level3=usable,graded,,false,0.393309,
img_00964,main,unspecified,usable,published,0.0061,consensus=usable;level1=usable;level2=usable;level3=bad,graded,,false,0.234394,
img_00965,main,unspecified,usable,published,0.0026,consensus=usable;level1=usable;level2=usable;level3=bad,graded,,false,0.267818,
img_00966,main,unspecified,good,published,0.0367,consensus=good;level1=good;level2=good;level3=good,graded,,true,0.730835,
img_00967,main,unspecified,usable,published,0.0358,consensus=usable;level1=usable;level2=good;level3=usable,graded,,true,0.686491,
img_00968,main,unspecified,usable,published,0.0358,consensus=usable;level1=usable;level2=good;level3=usable,graded,,true,0.568300,
img_00969,main,unspecified,good,published,0.0377,consensus=good;level1=good;level2=good;level3=usable,graded,,true,0.629329,
img_00970,main,unspecified,good,published,0.0377,consensus=good;level1=good;level2=good;level3=usable,graded,,true,0.559332,
img_00971,main,unspecified,bad,published,0.0377,consensus=bad;level1=bad;level2=usable;level3=bad,graded,,false,0.292670,
img_00972,main,unspecified,usable,published,0.0367,consensus=usable;level1=usable;level2=usable;level3=usable,graded,,true,0.769558,
img_00973,main,unspecified,bad,published,0.0358,consensus=bad;level1=bad;level2=usable;level3=bad,graded,,false,0.225516,
img_00974,main,unspecified,bad,published,0.0386,consensus=bad;level1=bad;level2=usable;level3=bad,graded,,false,0.214342,
img_00975,main,unspecified,usable,published,0.0367,consensus=usable;level1=usable;level2=usable;level3=bad,graded,,false,0.466927,
img_00976,main,unspecified,bad,published,0.0358,consensus=bad;level1=bad;level2=bad;level3=bad,graded,,false,0.091645,
img_00977,main,unspecified,bad,published,0.0367,consensus=bad;level1=bad;level2=usable;level3=bad,graded,,false,0.356009,
img_00978,main,unspecified,bad,published,0.0377,consensus=bad;level1=bad;level2=bad;level3=bad,graded,,false,0.143903,
img_00983,main,unspecified,bad,published,0.0358,consensus=bad;level1=bad;level2=usable;level3=bad,graded,,false,0.156250,
img_00984,main,unspecified,usable,published,0.0367,consensus=usable;level1=usable;level2=usable;level3=bad,graded,,false,0.115302,
img_00985,main,unspecified,bad,published,0.0377,consensus=bad;level1=bad;level2=usable;level3=bad,graded,,false,0.085695,
img_00986,main,unspecified,good,published,0.0377,consensus=good;level1=good;level2=good;level3=good,graded,,true,0.813159,
img_00987,main,unspecified,good,published,0.0367,consensus=good;level1=good;level2=good;level3=good,graded,,true,0.780986,
img_00988,main,unspecified,usable,published,0.0377,consensus=usable;level1=good;level2=usable;level3=usable,graded,,true,0.564759,
img_00990,main,unspecified,good,published,0.0377,consensus=good;level1=good;level2=good;level3=usable,graded,,true,0.794296,
img_00991,main,unspecified,good,published,0.0377,consensus=good;level1=good;level2=good;level3=usable,graded,,true,0.730948,
img_00992,main,unspecified,good,published,0.0377,consensus=good;level1=good;level2=good;level3=good,graded,,true,0.745092,
img_00993,main,unspecified,good,published,0.0377,consensus=good;level1=good;level2=good;level3=good,graded,,true,0.653731,
img_00995,main,unspecified,usable,published,0.0377,consensus=usable;level1=usable;level2=good;level3=usable,graded,,true,0.589565,
img_00996,main,unspecified,good,published,0.0358,consensus=good;level1=good;level2=good;level3=good,graded,,true,0.678105,
img_00997,main,unspecified,good,published,0.0377,consensus=good;level1=good;level2=good;level3=good,graded,,true,0.837367,
img_00998,main,unspecified,good,published,0.0377,consensus=good;level1=good;level2=good;level3=good,graded,,true,0.840075,
img_00999,main,unspecified,good,published,0.0367,consensus=good;level1=good;level2=good;level3=usable,graded,,true,0.564646,
img_01000,main,unspecified,good,published,0.0377,consensus=good;level1=good;level2=good;level3=usable,graded,,false,0.426236,
img_01001,main,unspecified,good,published,0.0377,consensus=good;level1=good;level2=good;level3=usable,graded,,true,0.685676,
img_01002,main,unspecified,usable,published,0.0386,consensus=usable;level1=usable;level2=usable;level3=bad,graded,,false,0.286910,
img_01003,main,unspecified,bad,published,0.0061,consensus=bad;level1=bad;level2=usable;level3=bad,graded,,false,0.088171,
img_01005,main,unspecified,bad,published,0.0061,consensus=bad;level1=bad;level2=bad;level3=bad,graded,,false,0.060909,
img_01007,main,unspecified,bad,published,0.0051,consensus=bad;level1=bad;level2=bad;level3=bad,graded,,false,0.032221,
img_01009,main,unspecified,usable,published,0.0377,consensus=usable;level1=usable;level2=usable;level3=usable,graded,,true,0.719416,
img_01010,main,unspecified,usable,published,0.0377,consensus=usable;level1=good;level2=usable;level3=usable,graded,,true,0.674279,
img_01011,main,unspecified,usable,published,0.0367,consensus=usable;level1=good;level2=usable;level3=usable,graded,,false,0.291481,
img_01012,main,unspecified,usable,published,0.0367,consensus=usable;level1=good;level2=usable;level3=usable,graded,,false,0.378944,
img_01013,main,unspecified,usable,published,0.0051,consensus=usable;level1=usable;level2=usable;level3=bad,graded,,false,0.262154,
img_01016,main,unspecified,usable,published,0.0367,consensus=usable;level1=good;level2=usable;level3=usable,graded,,true,0.716662,
img_01017,main,unspecified,good,published,0.0377,consensus=good;level1=good;level2=usable;level3=good,graded,,true,0.789385,
img_01018,main,unspecified,usable,published,0.0377,consensus=usable;level1=usable;level2=usable;level3=usable,graded,,true,0.737705,
img_01019,main,unspecified,good,published,0.0367,consensus=good;level1=good;level2=good;level3=usable,graded,,true,0.823768,
img_01020,main,unspecified,bad,published,0.0358,consensus=bad;level1=bad;level2=bad;level3=bad,graded,,false,0.350706,
img_01021,main,unspecified,bad,published,0.0377,consensus=bad;level1=bad;level2=bad;level3=bad,graded,,false,0.305379,
img_01022,main,unspecified,bad,published,0.0051,consensus=bad;level1=bad;level2=bad;level3=bad,graded,,false,0.167462,
img_01023,main,unspecified,bad,published,0.0367,consensus=bad;level1=usable;level2=bad;level3=bad,graded,,true,0.619356,
img_01024,main,unspecified,usable,published,0.0367,consensus=usable;level1=usable;level2=usable;level3=bad,graded,,false,0.449602,
img_01025,main,unspecified,bad,published,0.0377,consensus=bad;level1=usable;level2=bad;level3=bad,graded,,false,0.103303,
img_01026,main,unspecified,good,published,0.0367,consensus=good;level1=good;level2=good;level3=usable,graded,,true,0.745438,
img_01027,main,unspecified,good,published,0.0358,consensus=good;level1=good;level2=good;level3=usable,graded,,true,0.592370,
img_01028,main,unspecified,usable,published,0.0367,consensus=usable;level1=usable;level2=good;level3=usable,graded,,true,0.699926,
img_01029,main,unspecified,usable,published,0.0358,consensus=usable;level1=good;level2=usable;level3=usable,graded,,false,0.431778,
img_01030,main,unspecified,good,published,0.0051,consensus=good;level1=good;level2=usable;level3=good,graded,,true,0.623148,
img_01032,main,unspecified,bad,published,0.0377,consensus=bad;level1=usable;level2=bad;level3=bad,graded,,false,0.419851,
img_01033,main,unspecified,bad,published,0.0358,consensus=bad;level1=bad;level2=usable;level3=bad,graded,,false,0.061152,
img_01034,main,unspecified,bad,published,0.0367,consensus=bad;level1=bad;level2=usable;level3=bad,graded,,false,0.310946,
img_01036,main,unspecified,usable,published,0.0367,consensus=usable;level1=usable;level2=usable;level3=bad,graded,,true,0.542678,
img_01037,main,unspecified,usable,published,0.0386,consensus=usable;level1=usable;level2=usable;level3=bad,graded,,false,0.494761,
img_01038,main,unspecified,bad,published,0.0358,consensus=bad;level1=bad;level2=usable;level3=bad,graded,,false,0.120263,
img_01039,main,unspecified,bad,published,0.0041,consensus=bad;level1=bad;level2=bad;level3=bad,graded,,false,0.138655,
img_01040,main,unspecified,bad,published,0.0377,consensus=bad;level1=usable;level2=bad;level3=bad,graded,,false,0.380600,
img_01041,main,unspecified,bad,published,0.0056,consensus=bad;level1=usable;level2=bad;level3=bad,graded,,false,0.147827,
img_01042,main,unspecified,bad,published,0.0046,consensus=bad;level1=usable;level2=bad;level3=bad,graded,,false,0.164483,
img_01043,main,unspecified,usable,published,0.0377,consensus=usable;level1=good;level2=usable;level3=usable,graded,,true,0.616011,
img_01044,main,unspecified,good,published,0.0377,consensus=good;level1=good;level2=good;level3=usable,graded,,true,0.580998,
img_01045,main,unspecified,bad,published,0.0067,consensus=bad;level1=bad;level2=usable;level3=bad,graded,,false,0.211118,
img_01046,main,unspecified,good,published,0.0367,consensus=good;level1=good;level2=good;level3=good,graded,,true,0.747779,
img_01047,main,unspecified,good,published,0.0367,consensus=good;level1=good;level2=good;level3=good,graded,,true,0.839048,
img_01048,main,unspecified,usable,published,0.0377,consensus=usable;level1=usable;level2=usable;level3=bad,graded,,false,0.317107,
img_01049,main,unspecified,usable,published,0.0377,consensus=usable;level1=usable;level2=usable;level3=bad,graded,,false,0.344039,
img_01050,main,unspecified,bad,published,0.0051,consensus=bad;level1=usable;level2=bad;level3=bad,graded,,false,0.199203,
img_01052,main,unspecified,good,published,0.0358,consensus=good;level1=good;level2=good;level3=usable,graded,,true,0.752515,
img_01053,main,unspecified,usable,published,0.0051,consensus=usable;level1=usable;level2=usable;level3=bad,graded,,true,0.770082,
img_01054,main,unspecified,bad,published,0.0061,consensus=bad;level1=bad;level2=usable;level3=bad,graded,,false,0.121782,
img_01055,main,unspecified,bad,published,0.0062,consensus=bad;level1=bad;level2=usable;level3=bad,graded,,false,0.074632,
img_01056,main,unspecified,bad,published,0.0377,consensus=bad;level1=bad;level2=bad;level3=bad,graded,,false,0.022403,
img_01057,main,unspecified,bad,published,0.0386,consensus=bad;level1=bad;level2=bad;level3=bad,graded,,false,0.196741,
img_01058,main,unspecified,usable,published,0.0377,consensus=usable;level1=usable;level2=usable;level3=bad,graded,,false,0.256222,
img_01059,main,unspecified,usable,published,0.0046,consensus=usable;level1=usable;level2=usable;level3=usable,graded,,true,0.524966,
img_01060,main,unspecified,usable,published,0.0051,consensus=usable;level1=usable;level2=usable;level3=usable,graded,,true,0.503307,
img_01063,main,unspecified,good,published,0.0358,consensus=good;level1=good;level2=good;level3=good,graded,,true,0.848306,
img_01064,main,unspecified,good,published,0.0377,consensus=good;level1=usable;level2=good;level3=good,graded,,true,0.869657,
img_01066,main,unspecified,bad,published,0.0358,consensus=bad;level1=bad;level2=usable;level3=bad,graded,,false,0.037205,
img_01067,main,unspecified,bad,published,0.0358,consensus=bad;level1=bad;level2=bad;level3=bad,graded,,false,0.003191,
img_01068,main,unspecified,bad,published,0.0061,consensus=bad;level1=bad;level2=bad;level3=bad,graded,,false,0.064899,
img_01069,main,unspecified,bad,published,0.0051,consensus=bad;level1=bad;level2=bad;level3=bad,graded,,false,0.028522,
img_01070,main,unspecified,bad,published,0.0358,consensus=bad;level1=bad;level2=bad;level3=bad,graded,,false,0.038329,
img_01072,main,unspecified,bad,published,0.0051,consensus=bad;level1=bad;level2=bad;level3=bad,graded,,false,0.004514,
img_01073,main,unspecified,bad,published,0.0358,consensus=bad;level1=bad;level2=bad;level3=bad,graded,,false,0.208206,
img_01074,main,unspecified,bad,published,0.0377,consensus=bad;level1=bad;level2=bad;level3=bad,graded,,false,0.256522,
img_01077,main,unspecified,bad,published,0.0348,consensus=bad;level1=bad;level2=bad;level3=bad,graded,,false,0.070613,
img_01078,main,unspecified,bad,published,0.0051,consensus=bad;level1=bad;level2=bad;level3=bad,graded,,false,0.157571,
img_01079,main,unspecified,bad,published,0.0358,consensus=bad;level1=bad;level2=bad;level3=bad,graded,,false,0.019912,
img_01080,main,unspecified,bad,published,0.0046,consensus=bad;level1=bad;level2=bad;level3=bad,graded,,false,0.036429,
img_01081,main,unspecified,bad,published,0.0358,consensus=bad;level1=bad;level2=bad;level3=bad,graded,,true,0.593348,
img_01082,main,unspecified,usable,published,0.0377,consensus=usable;level1=usable;level2=usable;level3=usable,graded,,true,0.705383,
img_01083,main,unspecified,usable,published,0.0367,consensus=usable;level1=usable;level2=usable;level3=usable,graded,,false,0.337465,
img_01084,main,unspecified,usable,published,0.0377,consensus=usable;level1=good;level2=usable;level3=usable,graded,,true,0.754685,
img_01085,main,unspecified,usable,published,0.0386,consensus=usable;level1=good;level2=usable;level3=usable,graded,,false,0.487585,
img_01086,main,unspecified,bad,published,0.0367,consensus=bad;level1=bad;level2=bad;level3=bad,graded,,false,0.011349,
img_01087,main,unspecified,bad,published,0.0051,consensus=bad;level1=bad;level2=bad;level3=bad,graded,,false,0.015055,
img_01092,main,unspecified,usable,published,0.0386,consensus=usable;level1=good;level2=usable;level3=usable,graded,,true,0.613345,
img_01093,main,unspecified,usable,published,0.0377,consensus=usable;level1=usable;level2=usable;level3=bad,graded,,false,0.202962,
img_01094,main,unspecified,usable,published,0.0367,consensus=usable;level1=usable;level2=good;level3=usable,graded,,false,0.426516,
img_01095,main,unspecified,usable,published,0.0358,consensus=usable;level1=usable;level2=usable;level3=bad,graded,,false,0.336201,
img_01096,main,unspecified,bad,published,0.0377,consensus=bad;level1=bad;level2=bad;level3=bad,graded,,false,0.007349,
img_01097,main,unspecified,bad,published,0.0367,consensus=bad;level1=usable;level2=bad;level3=bad,graded,,false,0.292844,
img_01098,main,unspecified,usable,published,0.0377,consensus=usable;level1=good;level2=usable;level3=usable,graded,,true,0.662969,
img_01099,main,unspecified,usable,published,0.0377,consensus=usable;level1=good;level2=usable;level3=usable,graded,,true,0.692486,
img_01100,main,unspecified,good,published,0.0377,consensus=good;level1=good;level2=usable;level3=good,graded,,true,0.807810,
img_01101,main,unspecified,bad,published,0.0377,consensus=bad;level1=bad;level2=bad;level3=bad,graded,,false,0.001165,
img_01104,main,unspecified,bad,published,0.0062,consensus=bad;level1=bad;level2=bad;level3=usable,graded,,false,0.060198,
img_01105,main,unspecified,bad,published,0.0072,consensus=bad;level1=bad;level2=bad;level3=bad,graded,,false,0.028834,
img_01106,main,unspecified,good,published,0.0358,consensus=good;level1=good;level2=good;level3=usable,graded,,true,0.604570,
img_01107,main,unspecified,good,published,0.0377,consensus=good;level1=good;level2=good;level3=good,graded,,true,0.736213,
img_01108,main,unspecified,good,published,0.0377,consensus=good;level1=good;level2=usable;level3=good,graded,,true,0.847980,
img_01110,main,unspecified,bad,published,0.0358,consensus=bad;level1=bad;level2=bad;level3=bad,graded,,false,0.033969,
img_01111,main,unspecified,usable,published,0.0377,consensus=usable;level1=usable;level2=usable;level3=bad,graded,,true,0.642265,
img_01112,main,unspecified,bad,published,0.0358,consensus=bad;level1=bad;level2=bad;level3=bad,graded,,false,0.058024,
img_01113,main,unspecified,good,published,0.0386,consensus=good;level1=good;level2=good;level3=good,graded,,true,0.685956,
img_01114,main,unspecified,usable,published,0.0377,consensus=usable;level1=usable;level2=usable;level3=usable,graded,,true,0.648735,
img_01115,main,unspecified,bad,published,0.0061,consensus=bad;level1=bad;level2=bad;level3=bad,graded,,false,0.032188,
img_01116,main,unspecified,bad,published,0.0051,consensus=bad;level1=bad;level2=bad;level3=bad,graded,,false,0.104140,
img_01117,main,unspecified,good,published,0.0377,consensus=good;level1=good;level2=good;level3=good,graded,,true,0.801487,
img_01118,main,unspecified,good,published,0.0358,consensus=good;level1=good;level2=good;level3=good,graded,,true,0.711396,
img_01120,main,unspecified,good,published,0.0377,consensus=good;level1=good;level2=good;level3=good,graded,,true,0.823196,
img_01121,main,unspecified,good,published,0.0377,consensus=good;level1=good;level2=good;level3=good,graded,,true,0.764113,
img_01122,main,unspecified,good,published,0.0358,consensus=good;level1=good;level2=good;level3=good,graded,,true,0.819343,
img_01123,main,unspecified,good,published,0.0362,consensus=good;level1=good;level2=good;level3=good,graded,,true,0.859762,
img_01125,main,unspecified,bad,published,0.0358,consensus=bad;level1=bad;level2=bad;level3=bad,graded,,false,0.006346,
img_01126,main,unspecified,bad,published,0.0041,consensus=bad;level1=bad;level2=bad;level3=bad,graded,,false,0.050469,
img_01127,main,unspecified,bad,published,0.0051,consensus=bad;level1=bad;level2=bad;level3=bad,graded,,false,0.044085,
img_01130,main,unspecified,usable,published,0.0377,consensus=usable;level1=usable;level2=usable;level3=bad,graded,,false,0.498930,
img_01131,main,unspecified,bad,published,0.0061,consensus=bad;level1=bad;level2=bad;level3=bad,graded,,false,0.024031,
img_01132,main,unspecified,bad,published,0.0358,consensus=bad;level1=bad;level2=bad;level3=bad,graded,,false,0.098189,
img_01133,main,unspecified,bad,published,0.0358,consensus=bad;level1=bad;level2=bad;level3=bad,graded,,false,0.070303,
img_01134,main,unspecified,bad,published,0.0358,consensus=bad;level1=bad;level2=bad;level3=bad,graded,,false,0.042436,
img_01135,main,unspecified,bad,published,0.0041,consensus=bad;level1=bad;level2=bad;level3=bad,graded,,false,0.004381,
img_01136,main,unspecified,usable,published,0.0377,consensus=usable;level1=usable;level2=usable;level3=bad,graded,,true,0.782149,
img_01137,main,unspecified,usable,published,0.0358,consensus=usable;level1=usable;level2=good;level3=usable,graded,,true,0.597735,
img_01138,main,unspecified,usable,published,0.0358,consensus=usable;level1=usable;level2=usable;level3=bad,graded,,true,0.551780,
img_01139,main,unspecified,bad,published,0.0041,consensus=bad;level1=bad;level2=bad;level3=bad,graded,,false,0.306980,
img_01140,main,unspecified,bad,published,0.0051,consensus=bad;level1=bad;level2=bad;level3=bad,graded,,false,0.250976,
img_01141,main,unspecified,bad,published,0.0051,consensus=bad;level1=bad;level2=bad;level3=bad,graded,,false,0.406257,
img_01142,main,unspecified,bad,published,0.0367,consensus=bad;level1=bad;level2=bad;level3=bad,graded,,false,0.178740,
img_01143,main,unspecified,usable,published,0.0358,consensus=usable;level1=usable;level2=bad;level3=usable,graded,,false,0.130758,
img_01144,main,unspecified,bad,published,0.0372,consensus=bad;level1=bad;level2=bad;level3=bad,graded,,false,0.004054,
img_01145,main,unspecified,usable,published,0.0377,consensus=usable;level1=usable;level2=usable;level3=bad,graded,,false,0.122001,
img_01147,main,unspecified,good,published,0.0367,consensus=good;level1=good;level2=good;level3=usable,graded,,true,0.609258,
img_01148,main,unspecified,good,published,0.0367,consensus=good;level1=good;level2=good;level3=usable,graded,,true,0.776006,
img_01149,main,unspecified,usable,published,0.0377,consensus=usable;level1=usable;level2=usable;level3=usable,graded,,true,0.539994,
img_01150,main,unspecified,bad,published,0.0051,consensus=bad;level1=bad;level2=bad;level3=bad,graded,,false,0.073656,
img_01151,main,unspecified,bad,published,0.0046,consensus=bad;level1=bad;level2=bad;level3=bad,graded,,false,0.037203,
img_01152,main,unspecified,usable,published,0.0377,consensus=usable;level1=good;level2=usable;level3=usable,graded,,true,0.760130,
img_01153,main,unspecified,usable,published,0.0377,consensus=usable;level1=good;level2=usable;level3=usable,graded,,false,0.421988,
img_01154,main,unspecified,good,published,0.0367,consensus=good;level1=good;level2=good;level3=usable,graded,,true,0.724149,
img_01155,main,unspecified,usable,published,0.0377,consensus=usable;level1=usable;level2=good;level3=usable,graded,,true,0.700039,
img_01156,main,unspecified,good,published,0.0377,consensus=good;level1=good;level2=good;level3=usable,graded,,true,0.685071,
img_01157,main,unspecified,good,published,0.0367,consensus=good;level1=good;level2=good;level3=usable,graded,,true,0.624011,
img_01160,main,unspecified,bad,published,0.0372,consensus=bad;level1=bad;level2=bad;level3=bad,graded,,false,0.145061,
img_01161,main,unspecified,bad,published,0.0377,consensus=bad;level1=bad;level2=bad;level3=bad,graded,,false,0.079726,
img_01162,main,unspecified,bad,published,0.0377,consensus=bad;level1=bad;level2=bad;level3=bad,graded,,false,0.167199,
img_01164,main,unspecified,bad,published,0.0377,consensus=bad;level1=usable;level2=bad;level3=bad,graded,,true,0.615761,
img_01165,main,unspecified,bad,published,0.0051,consensus=bad;level1=bad;level2=bad;level3=bad,graded,,false,0.024074,
img_01167,main,unspecified,bad,published,0.0358,consensus=bad;level1=usable;level2=bad;level3=bad,graded,,true,0.607739,
img_01168,main,unspecified,bad,published,0.0061,consensus=bad;level1=bad;level2=bad;level3=bad,graded,,false,0.109429,
img_01169,main,unspecified,bad,published,0.0062,consensus=bad;level1=bad;level2=bad;level3=bad,graded,,false,0.068939,
img_01170,main,unspecified,bad,published,0.0051,consensus=bad;level1=bad;level2=bad;level3=bad,graded,,false,0.231805,
img_01171,main,unspecified,bad,published,0.0062,consensus=bad;level1=bad;level2=bad;level3=bad,graded,,false,0.093529,
img_01172,main,unspecified,bad,published,0.0062,consensus=bad;level1=bad;level2=bad;level3=bad,graded,,false,0.048377,
img_01175,main,unspecified,bad,published,0.0386,consensus=bad;level1=usable;level2=bad;level3=bad,graded,,false,0.279695,
img_01176,main,unspecified,usable,published,0.0377,consensus=usable;level1=usable;level2=good;level3=usable,graded,,false,0.494918,
img_01177,main,unspecified,usable,published,0.0377,consensus=usable;level1=usable;level2=usable;level3=bad,graded,,true,0.809148,
img_01178,main,unspecified,usable,published,0.0377,consensus=usable;level1=good;level2=usable;level3=usable,graded,,true,0.528531,
img_01179,main,unspecified,usable,published,0.0367,consensus=usable;level1=usable;level2=usable;level3=bad,graded,,false,0.367608,
img_01180,main,unspecified,bad,published,0.0377,consensus=bad;level1=usable;level2=bad;level3=bad,graded,,true,0.518521,
img_01181,main,unspecified,usable,published,0.0377,consensus=usable;level1=usable;level2=usable;level3=bad,graded,,true,0.551433,
img_01182,main,unspecified,usable,published,0.0377,consensus=usable;level1=usable;level2=usable;level3=bad,graded,,false,0.484714,
img_01183,main,unspecified,usable,published,0.0377,consensus=usable;level1=usable;level2=usable;level3=bad,graded,,false,0.378694,
img_01188,main,unspecified,usable,published,0.0051,consensus=usable;level1=usable;level2=usable;level3=usable,graded,,false,0.488138,
img_01189,main,unspecified,bad,published,0.0051,consensus=bad;level1=bad;level2=bad;level3=bad,graded,,false,0.212881,
img_01190,main,unspecified,bad,published,0.0377,consensus=bad;level1=bad;level2=usable;level3=bad,graded,,true,0.639133,
img_01191,main,unspecified,usable,published,0.0358,consensus=usable;level1=usable;level2=usable;level3=usable,graded,,true,0.728526,
img_01192,main,unspecified,bad,published,0.0362,consensus=bad;level1=bad;level2=bad;level3=bad,graded,,false,0.078515,
img_01193,main,unspecified,bad,published,0.0372,consensus=bad;level1=bad;level2=bad;level3=bad,graded,,false,0.011247,
img_01194,main,unspecified,bad,published,0.0362,consensus=bad;level1=usable;level2=bad;level3=bad,graded,,false,0.175040,
img_01195,main,unspecified,bad,published,0.0377,consensus=bad;level1=bad;level2=bad;level3=bad,graded,,false,0.081264,
img_01196,main,unspecified,bad,published,0.0072,consensus=bad;level1=bad;level2=bad;level3=bad,graded,,false,0.091020,
img_01197,main,unspecified,good,published,0.0367,consensus=good;level1=good;level2=good;level3=good,graded,,true,0.733966,
img_01198,main,unspecified,good,published,0.0367,consensus=good;level1=bad;level2=good;level3=good,graded,,true,0.810028,
img_01199,main,unspecified,bad,published,0.0367,consensus=bad;level1=usable;level2=bad;level3=bad,graded,,false,0.285766,
img_01207,main,unspecified,bad,published,0.0367,consensus=bad;level1=usable;level2=bad;level3=bad,graded,,false,0.230275,
img_01208,main,unspecified,bad,published,0.0358,consensus=bad;level1=bad;level2=bad;level3=bad,graded,,false,0.147440,
img_01209,main,unspecified,usable,published,0.0377,consensus=usable;level1=good;level2=usable;level3=usable,graded,,false,0.453184,
img_01210,main,unspecified,bad,published,0.0377,consensus=bad;level1=usable;level2=bad;level3=bad,graded,,false,0.078709,
img_01211,main,unspecified,bad,published,0.0348,consensus=bad;level1=usable;level2=bad;level3=bad,graded,,false,0.220826,
img_01212,main,unspecified,bad,published,0.0041,consensus=bad;level1=bad;level2=bad;level3=bad,graded,,false,0.109310,
img_01213,main,unspecified,bad,published,0.0051,consensus=bad;level1=usable;level2=bad;level3=bad,graded,,false,0.151032,
img_01217,main,unspecified,good,published,0.0358,consensus=good;level1=good;level2=usable;level3=good,graded,,true,0.820467,
img_01218,main,unspecified,good,published,0.0377,consensus=good;level1=good;level2=good;level3=good,graded,,true,0.781675,
img_01219,main,unspecified,good,published,0.0377,consensus=good;level1=good;level2=good;level3=good,graded,,true,0.760780,
img_01220,main,unspecified,bad,published,0.0377,consensus=bad;level1=bad;level2=bad;level3=bad,graded,,false,0.070208,
img_01221,main,unspecified,bad,published,0.0367,consensus=bad;level1=bad;level2=bad;level3=bad,graded,,false,0.078636,
img_01222,main,unspecified,good,published,0.0377,consensus=good;level1=good;level2=bad;level3=good,graded,,true,0.661323,
img_01223,main,unspecified,good,published,0.0377,consensus=good;level1=good;level2=good;level3=good,graded,,true,0.775853,
img_01224,main,unspecified,bad,published,0.0367,consensus=bad;level1=bad;level2=bad;level3=bad,graded,,false,0.115164,
img_01225,main,unspecified,bad,published,0.0348,consensus=bad;level1=bad;level2=bad;level3=bad,graded,,false,0.148746,
img_01226,main,unspecified,bad,published,0.0051,consensus=bad;level1=bad;level2=bad;level3=bad,graded,,false,0.044009,
img_01227,main,unspecified,bad,published,0.0372,consensus=bad;level1=bad;level2=bad;level3=bad,graded,,false,0.002089,
img_01229,main,unspecified,bad,published,0.0358,consensus=bad;level1=bad;level2=bad;level3=bad,graded,,false,0.197832,
img_01231,main,unspecified,usable,published,0.0377,consensus=usable;level1=usable;level2=bad;level3=usable,graded,,true,0.656190,
img_01233,main,unspecified,usable,published,0.0367,consensus=usable;level1=good;level2=usable;level3=usable,graded,,true,0.576339,
img_01234,main,unspecified,good,published,0.0377,consensus=good;level1=good;level2=good;level3=good,graded,,true,0.813342,
img_01235,main,unspecified,bad,published,0.0377,consensus=bad;level1=bad;level2=bad;level3=bad,graded,,false,0.031457,
img_01236,main,unspecified,bad,published,0.0358,consensus=bad;level1=bad;level2=bad;level3=bad,graded,,false,0.014052,
img_01237,main,unspecified,bad,published,0.0358,consensus=bad;level1=bad;level2=bad;level3=bad,graded,,false,0.024913,
img_01238,main,unspecified,bad,published,0.0367,consensus=bad;level1=usable;level2=bad;level3=bad,graded,,false,0.063061,
img_01239,main,unspecified,bad,published,0.0358,consensus=bad;level1=usable;level2=bad;level3=bad,graded,,false,0.148165,
img_01240,main,unspecified,bad,published,0.0381,consensus=bad;level1=bad;level2=bad;level3=bad,graded,,false,0.209511,
img_01241,main,unspecified,bad,published,0.0377,consensus=bad;level1=bad;level2=bad;level3=bad,graded,,false,0.221144,
img_01242,main,unspecified,usable,published,0.0377,consensus=usable;level1=usable;level2=usable;level3=usable,graded,,false,0.476489,
img_01243,main,unspecified,usable,published,0.0367,consensus=usable;level1=usable;level2=usable;level3=bad,graded,,false,0.470906,
img_01244,main,unspecified,usable,published,0.0377,consensus=usable;level1=usable;level2=usable;level3=usable,graded,,false,0.247940,
img_01245,main,unspecified,usable,published,0.0377,consensus=usable;level1=usable;level2=usable;level3=usable,graded,,false,0.190907,
img_01246,main,unspecified,bad,published,0.0358,consensus=bad;level1=usable;level2=bad;level3=bad,graded,,false,0.136939,
img_01247,main,unspecified,bad,published,0.0061,consensus=bad;level1=bad;level2=bad;level3=bad,graded,,false,0.192161,
img_01248,main,unspecified,bad,published,0.0377,consensus=bad;level1=bad;level2=bad;level3=bad,graded,,false,0.018094,
img_01250,main,unspecified,good,published,0.0377,consensus=good;level1=good;level2=good;level3=usable,graded,,true,0.588259,
img_01251,main,unspecified,good,published,0.0367,consensus=good;level1=good;level2=good;level3=usable,graded,,true,0.534797,
img_01252,main,unspecified,bad,published,0.0362,consensus=bad;level1=bad;level2=bad;level3=bad,graded,,false,0.056491,
img_01253,main,unspecified,usable,published,0.0358,consensus=usable;level1=usable;level2=usable;level3=bad,graded,,false,0.416255,
img_01254,main,unspecified,bad,published,0.0358,consensus=bad;level1=bad;level2=usable;level3=bad,graded,,false,0.075312,
img_01255,main,unspecified,good,published,0.0377,consensus=good;level1=good;level2=good;level3=good,graded,,true,0.577555,
img_01256,main,unspecified,usable,published,0.0367,consensus=usable;level1=usable;level2=good;level3=usable,graded,,true,0.550772,
img_01257,main,unspecified,bad,published,0.0358,consensus=bad;level1=bad;level2=bad;level3=bad,graded,,false,0.171787,
img_01258,main,unspecified,bad,published,0.0358,consensus=bad;level1=bad;level2=bad;level3=bad,graded,,false,0.229574,
img_01259,main,unspecified,good,published,0.0377,consensus=good;level1=good;level2=good;level3=good,graded,,true,0.805086,
img_01260,main,unspecified,bad,published,0.0358,consensus=bad;level1=bad;level2=usable;level3=bad,graded,,false,0.239141,
img_01261,main,unspecified,usable,published,0.0358,consensus=usable;level1=usable;level2=usable;level3=usable,graded,,false,0.397819,
img_01262,main,unspecified,bad,published,0.0367,consensus=bad;level1=bad;level2=bad;level3=bad,graded,,false,0.046906,
img_01263,main,unspecified,bad,published,0.0061,consensus=bad;level1=bad;level2=bad;level3=bad,graded,,false,0.099716,
img_01264,main,unspecified,bad,published,0.0041,consensus=bad;level1=usable;level2=bad;level3=bad,graded,,false,0.457755,
img_01265,main,unspecified,usable,published,0.0062,consensus=usable;level1=usable;level2=usable;level3=bad,graded,,true,0.528634,
img_01266,main,unspecified,usable,published,0.0367,consensus=usable;level1=good;level2=usable;level3=usable,graded,,true,0.656074,
img_01267,main,unspecified,usable,published,0.0041,consensus=usable;level1=usable;level2=usable;level3=bad,graded,,false,0.415900,
img_01268,main,unspecified,good,published,0.0377,consensus=good;level1=good;level2=good;level3=good,graded,,true,0.758081,
img_01269,main,unspecified,usable,published,0.0358,consensus=usable;level1=good;level2=usable;level3=usable,graded,,true,0.569839,
img_01270,main,unspecified,usable,published,0.0377,consensus=usable;level1=usable;level2=usable;level3=bad,graded,,false,0.407780,
img_01271,main,unspecified,usable,published,0.0367,consensus=usable;level1=usable;level2=usable;level3=usable,graded,,false,0.219846,
img_01272,main,unspecified,bad,published,0.0377,consensus=bad;level1=bad;level2=bad;level3=bad,graded,,false,0.148086,
img_01273,main,unspecified,bad,published,0.0386,consensus=bad;level1=bad;level2=bad;level3=bad,graded,,false,0.060256,
img_01274,main,unspecified,good,published,0.0377,consensus=good;level1=good;level2=good;level3=good,graded,,true,0.604556,
img_01275,main,unspecified,bad,published,0.0367,consensus=bad;level1=usable;level2=bad;level3=bad,graded,,false,0.314426,
img_01276,main,unspecified,usable,published,0.0377,consensus=usable;level1=usable;level2=usable;level3=usable,graded,,false,0.455442,
img_01277,main,unspecified,usable,published,0.0377,consensus=usable;level1=usable;level2=usable;level3=bad,graded,,false,0.300985,
img_01278,main,unspecified,bad,published,0.0358,consensus=bad;level1=bad;level2=bad;level3=bad,graded,,false,0.039098,
img_01279,main,unspecified,bad,published,0.0358,consensus=bad;level1=bad;level2=bad;level3=bad,graded,,false,0.034011,
img_01280,main,unspecified,bad,published,0.0358,consensus=bad;level1=bad;level2=bad;level3=bad,graded,,false,0.176190,
img_01281,main,unspecified,bad,published,0.0358,consensus=bad;level1=bad;level2=bad;level3=bad,graded,,false,0.175385,
img_01282,main,unspecified,usable,published,0.0358,consensus=usable;level1=usable;level2=good;level3=usable,graded,,true,0.770339,
img_01283,main,unspecified,good,published,0.0367,consensus=good;level1=good;level2=good;level3=usable,graded,,true,0.686187,
img_01284,main,unspecified,bad,published,0.0348,consensus=bad;level1=usable;level2=bad;level3=bad,graded,,false,0.122276,
img_01285,main,unspecified,bad,published,0.0061,consensus=bad;level1=bad;level2=bad;level3=bad,graded,,false,0.042831,
img_01286,main,unspecified,good,published,0.0381,consensus=good;level1=good;level2=good;level3=good,graded,,true,0.758012,
img_01287,main,unspecified,good,published,0.0367,consensus=good;level1=good;level2=good;level3=good,graded,,true,0.726493,
img_01288,main,unspecified,bad,published,0.0367,consensus=bad;level1=bad;level2=bad;level3=bad,graded,,false,0.122064,
img_01289,main,unspecified,bad,published,0.0358,consensus=bad;level1=usable;level2=bad;level3=bad,graded,,false,0.043150,
img_01290,main,unspecified,good,published,0.0367,consensus=good;level1=good;level2=good;level3=usable,graded,,true,0.696876,
img_01292,main,unspecified,good,published,0.0377,consensus=good;level1=good;level2=good;level3=good,graded,,true,0.842288,
img_01293,main,unspecified,usable,published,0.0367,consensus=usable;level1=good;level2=usable;level3=usable,graded,,true,0.662191,
img_01294,main,unspecified,bad,published,0.0377,consensus=bad;level1=bad;level2=bad;level3=bad,graded,,false,0.002081,
img_01295,main,unspecified,usable,published,0.0367,consensus=usable;level1=usable;level2=usable;level3=bad,graded,,true,0.662062,
img_01296,main,unspecified,usable,published,0.0377,consensus=usable;level1=usable;level2=usable;level3=bad,graded,,true,0.704112,
img_01297,main,unspecified,good,published,0.0377,consensus=good;level1=good;level2=good;level3=usable,graded,,true,0.794244,
img_01298,main,unspecified,good,published,0.0367,consensus=good;level1=good;level2=good;level3=good,graded,,true,0.794807,
img_01299,main,unspecified,usable,published,0.0377,consensus=usable;level1=usable;level2=usable;level3=bad,graded,,false,0.301869,
img_01333,main,unspecified,bad,published,0.0377,consensus=bad;level1=bad;level2=bad;level3=usable,graded,,false,0.101010,
img_01338,main,unspecified,bad,published,0.0358,consensus=bad;level1=bad;level2=bad;level3=bad,graded,,false,0.014129,
img_01351,main,unspecified,usable,published,0.0386,consensus=usable;level1=usable;level2=usable;level3=bad,graded,,false,0.412894,
img_01352,main,unspecified,usable,published,0.0377,consensus=usable;level1=usable;level2=usable;level3=bad,graded,,false,0.312607,
img_01353,main,unspecified,usable,published,0.0377,consensus=usable;level1=usable;level2=usable;level3=bad,graded,,false,0.413520,
img_01354,main,unspecified,usable,published,0.0367,consensus=usable;level1=usable;level2=usable;level3=bad,graded,,false,0.436743,
img_01355,main,unspecified,good,published,0.0358,consensus=good;level1=good;level2=good;level3=usable,graded,,true,0.550886,
img_01356,main,unspecified,bad,published,0.0358,consensus=bad;level1=usable;level2=bad;level3=bad,graded,,false,0.083525,
img_01357,main,unspecified,good,published,0.0377,consensus=good;level1=good;level2=usable;level3=good,graded,,true,0.807760,
img_01360,main,unspecified,usable,published,0.0358,consensus=usable;level1=good;level2=usable;level3=usable,graded,,true,0.638462,
img_01361,main,unspecified,usable,published,0.0358,consensus=usable;level1=usable;level2=usable;level3=usable,graded,,false,0.366427,
img_01362,main,unspecified,good,published,0.0386,consensus=good;level1=good;level2=good;level3=usable,graded,,true,0.643843,
img_01363,main,unspecified,good,published,0.0377,consensus=good;level1=good;level2=good;level3=usable,graded,,false,0.455946,
img_01364,main,unspecified,bad,published,0.0348,consensus=bad;level1=bad;level2=bad;level3=usable,graded,,false,0.373507,
img_01365,main,unspecified,bad,published,0.0377,consensus=bad;level1=bad;level2=bad;level3=bad,graded,,false,0.109637,
img_01366,main,unspecified,bad,published,0.0348,consensus=bad;level1=bad;level2=bad;level3=bad,graded,,false,0.491491,
img_01368,main,unspecified,usable,published,0.0358,consensus=usable;level1=usable;level2=bad;level3=usable,graded,,false,0.198483,
img_01370,main,unspecified,usable,published,0.0358,consensus=usable;level1=usable;level2=usable;level3=usable,graded,,false,0.170334,
img_01371,main,unspecified,bad,published,0.0051,consensus=bad;level1=bad;level2=bad;level3=bad,graded,,false,0.028592,
img_01372,main,unspecified,usable,published,0.0046,consensus=usable;level1=usable;level2=usable;level3=bad,graded,,true,0.626439,
img_01373,main,unspecified,usable,published,0.0051,consensus=usable;level1=usable;level2=usable;level3=bad,graded,,true,0.504166,
img_01376,main,unspecified,bad,published,0.0362,consensus=bad;level1=bad;level2=bad;level3=bad,graded,,false,0.052115,
img_01377,main,unspecified,bad,published,0.0372,consensus=bad;level1=bad;level2=bad;level3=bad,graded,,false,0.023750,
img_01378,main,unspecified,good,published,0.0358,consensus=good;level1=good;level2=usable;level3=good,graded,,true,0.640867,
img_01379,main,unspecified,usable,published,0.0362,consensus=usable;level1=good;level2=usable;level3=usable,graded,,true,0.548201,
img_01380,main,unspecified,usable,published,0.0377,consensus=usable;level1=good;level2=usable;level3=usable,graded,,true,0.762304,
img_01381,main,unspecified,usable,published,0.0377,consensus=usable;level1=good;level2=usable;level3=usable,graded,,true,0.642542,
img_01382,main,unspecified,bad,published,0.0367,consensus=bad;level1=usable;level2=bad;level3=bad,graded,,false,0.260026,
img_01383,main,unspecified,usable,published,0.0358,consensus=usable;level1=good;level2=usable;level3=usable,graded,,true,0.685125,
img_01384,main,unspecified,usable,published,0.0377,consensus=usable;level1=usable;level2=good;level3=usable,graded,,true,0.733713,
img_01385,main,unspecified,usable,published,0.0377,consensus=usable;level1=usable;level2=usable;level3=bad,graded,,true,0.673965,
img_01386,main,unspecified,usable,published,0.0051,consensus=usable;level1=usable;level2=bad;level3=usable,graded,,true,0.565789,
img_01387,main,unspecified,usable,published,0.0046,consensus=usable;level1=usable;level2=bad;level3=usable,graded,,true,0.526814,
img_01388,main,unspecified,bad,published,0.0358,consensus=bad;level1=bad;level2=bad;level3=bad,graded,,false,0.124453,
img_01389,main,unspecified,bad,published,0.0061,consensus=bad;level1=usable;level2=bad;level3=bad,graded,,false,0.328442,
img_01390,main,unspecified,usable,published,0.0367,consensus=usable;level1=good;level2=usable;level3=usable,graded,,true,0.757225,
img_01391,main,unspecified,usable,published,0.0377,consensus=usable;level1=good;level2=usable;level3=usable,graded,,true,0.755296,
img_01393,main,unspecified,usable,published,0.0377,consensus=usable;level1=good;level2=usable;level3=usable,graded,,true,0.822556,
img_01394,main,unspecified,bad,published,0.0377,consensus=bad;level1=bad;level2=bad;level3=bad,graded,,false,0.219867,
img_01395,main,unspecified,bad,published,0.0367,consensus=bad;level1=bad;level2=bad;level3=bad,graded,,false,0.400211,
img_01396,main,unspecified,bad,published,0.0367,consensus=bad;level1=bad;level2=bad;level3=bad,graded,,false,0.333255,
img_01397,main,unspecified,bad,published,0.0377,consensus=bad;level1=bad;level2=bad;level3=bad,graded,,true,0.655654,
img_01398,main,unspecified,bad,published,0.0386,consensus=bad;level1=usable;level2=bad;level3=bad,graded,,true,0.674225,
img_01399,main,unspecified,bad,published,0.0377,consensus=bad;level1=bad;level2=usable;level3=bad,graded,,false,0.280072,
img_01400,main,unspecified,bad,published,0.0051,consensus=bad;level1=bad;level2=bad;level3=bad,graded,,true,0.517041,
img_01401,main,unspecified,bad,published,0.0072,consensus=bad;level1=bad;level2=bad;level3=bad,graded,,false,0.485726,
img_01402,main,unspecified,good,published,0.0367,consensus=good;level1=good;level2=good;level3=good,graded,,true,0.707749,
img_01403,main,unspecified,good,published,0.0367,consensus=good;level1=good;level2=good;level3=good,graded,,true,0.700838,
img_01404,main,unspecified,good,published,0.0377,consensus=good;level1=good;level2=good;level3=good,graded,,true,0.728309,
img_01405,main,unspecified,usable,published,0.0377,consensus=usable;level1=good;level2=usable;level3=usable,graded,,true,0.659812,
img_01406,main,unspecified,bad,published,0.0377,consensus=bad;level1=bad;level2=bad;level3=bad,graded,,false,0.243232,
img_01407,main,unspecified,good,published,0.0377,consensus=good;level1=good;level2=usable;level3=good,graded,,true,0.709154,
img_01408,main,unspecified,usable,published,0.0062,consensus=usable;level1=usable;level2=usable;level3=usable,graded,,true,0.550179,
img_01409,main,unspecified,good,published,0.0367,consensus=good;level1=good;level2=good;level3=good,graded,,true,0.757218,
img_01410,main,unspecified,usable,published,0.0358,consensus=usable;level1=usable;level2=good;level3=usable,graded,,true,0.677774,
img_01411,main,unspecified,usable,published,0.0386,consensus=usable;level1=usable;level2=usable;level3=usable,graded,,false,0.441436,
img_01413,main,unspecified,bad,published,0.0377,consensus=bad;level1=bad;level2=bad;level3=bad,graded,,false,0.074776,
img_01414,main,unspecified,usable,published,0.0377,consensus=usable;level1=usable;level2=usable;level3=usable,graded,,true,0.581600,
img_01415,main,unspecified,good,published,0.0367,consensus=good;level1=usable;level2=good;level3=good,graded,,false,0.227726,
img_01416,main,unspecified,bad,published,0.0372,consensus=bad;level1=bad;level2=bad;level3=bad,graded,,false,0.033047,
img_01417,main,unspecified,bad,published,0.0358,consensus=bad;level1=bad;level2=bad;level3=bad,graded,,false,0.015899,
img_01418,main,unspecified,usable,published,0.0367,consensus=usable;level1=usable;level2=usable;level3=bad,graded,,false,0.362050,
img_01419,main,unspecified,bad,published,0.0358,consensus=bad;level1=bad;level2=bad;level3=bad,graded,,false,0.057638,
img_01420,main,unspecified,bad,published,0.0358,consensus=bad;level1=bad;level2=bad;level3=bad,graded,,false,0.035766,
img_01421,main,unspecified,bad,published,0.0051,consensus=bad;level1=bad;level2=bad;level3=bad,graded,,false,0.235395,
img_01422,main,unspecified,bad,published,0.0051,consensus=bad;level1=usable;level2=bad;level3=bad,graded,,false,0.200364,
img_01426,main,unspecified,usable,published,0.0367,consensus=usable;level1=usable;level2=bad;level3=usable,graded,,false,0.420225,
img_01427,main,unspecified,good,published,0.0377,consensus=good;level1=good;level2=bad;level3=good,graded,,true,0.705566,
img_01428,main,unspecified,usable,published,0.0358,consensus=usable;level1=usable;level2=usable;level3=usable,graded,,true,0.504299,
img_01429,main,unspecified,bad,published,0.0061,consensus=bad;level1=usable;level2=bad;level3=bad,graded,,false,0.347788,
img_01430,main,unspecified,bad,published,0.0061,consensus=bad;level1=usable;level2=bad;level3=bad,graded,,false,0.231616,
img_01431,main,unspecified,usable,published,0.0358,consensus=usable;level1=usable;level2=usable;level3=bad,graded,,false,0.374379,
img_01432,main,unspecified,usable,published,0.0367,consensus=usable;level1=usable;level2=usable;level3=bad,graded,,false,0.480898,
img_01433,main,unspecified,bad,published,0.0358,consensus=bad;level1=bad;level2=bad;level3=bad,graded,,false,0.108444,
img_01434,main,unspecified,bad,published,0.0377,consensus=bad;level1=bad;level2=bad;level3=bad,graded,,false,0.177586,
img_01435,main,unspecified,usable,published,0.0377,consensus=usable;level1=good;level2=usable;level3=usable,graded,,false,0.496897,
img_01436,main,unspecified,good,published,0.0367,consensus=good;level1=good;level2=good;level3=good,graded,,true,0.508441,
img_01437,main,unspecified,usable,published,0.0367,consensus=usable;level1=usable;level2=usable;level3=bad,graded,,false,0.239793,
img_01438,main,unspecified,bad,published,0.0362,consensus=bad;level1=bad;level2=bad;level3=bad,graded,,false,0.002005,
img_01439,main,unspecified,usable,published,0.0051,consensus=usable;level1=usable;level2=usable;level3=usable,graded,,false,0.197088,
img_01440,main,unspecified,bad,published,0.0067,consensus=bad;level1=bad;level2=usable;level3=bad,graded,,false,0.156039,
img_01444,main,unspecified,good,published,0.0377,consensus=good;level1=good;level2=good;level3=good,graded,,true,0.682548,
img_01445,main,unspecified,usable,published,0.0367,consensus=usable;level1=usable;level2=usable;level3=bad,graded,,false,0.390576,
img_01446,main,unspecified,bad,published,0.0386,consensus=bad;level1=usable;level2=bad;level3=bad,graded,,false,0.094000,
img_01447,main,unspecified,usable,published,0.0051,consensus=usable;level1=good;level2=usable;level3=usable,graded,,true,0.593019,
img_01448,main,unspecified,usable,published,0.0062,consensus=usable;level1=good;level2=usable;level3=usable,graded,,false,0.455305,
img_01450,main,unspecified,usable,published,0.0377,consensus=usable;level1=usable;level2=usable;level3=good,graded,,true,0.908923,
img_01451,main,unspecified,good,published,0.0367,consensus=good;level1=good;level2=good;level3=good,graded,,false,0.458192,
img_01452,main,unspecified,usable,published,0.0348,consensus=usable;level1=usable;level2=usable;level3=usable,graded,,false,0.283448,
img_01453,main,unspecified,bad,published,0.0367,consensus=bad;level1=bad;level2=bad;level3=bad,graded,,false,0.120159,
img_01454,main,unspecified,usable,published,0.0051,consensus=usable;level1=usable;level2=usable;level3=usable,graded,,true,0.670856,
img_01455,main,unspecified,usable,published,0.0386,consensus=usable;level1=usable;level2=bad;level3=usable,graded,,false,0.332577,
img_01456,main,unspecified,good,published,0.0358,consensus=good;level1=good;level2=good;level3=usable,graded,,true,0.725821,
img_01457,main,unspecified,usable,published,0.0051,consensus=usable;level1=good;level2=usable;level3=usable,graded,,true,0.573992,
img_01458,main,unspecified,usable,published,0.0062,consensus=usable;level1=usable;level2=usable;level3=bad,graded,,false,0.496303,
img_01461,main,unspecified,good,published,0.0358,consensus=good;level1=good;level2=usable;level3=good,graded,,true,0.538683,
img_01462,main,unspecified,good,published,0.0377,consensus=good;level1=good;level2=good;level3=good,graded,,true,0.739464,
img_01463,main,unspecified,usable,published,0.0358,consensus=usable;level1=usable;level2=usable;level3=bad,graded,,false,0.234551,
img_01464,main,unspecified,bad,published,0.0367,consensus=bad;level1=bad;level2=bad;level3=bad,graded,,false,0.056430,
img_01465,main,unspecified,bad,published,0.0377,consensus=bad;level1=usable;level2=bad;level3=bad,graded,,false,0.430579,
img_01466,main,unspecified,bad,published,0.0367,consensus=bad;level1=usable;level2=bad;level3=bad,graded,,false,0.126171,
img_01467,main,unspecified,bad,published,0.0358,consensus=bad;level1=usable;level2=bad;level3=bad,graded,,false,0.368640,
img_01468,main,unspecified,bad,published,0.0362,consensus=bad;level1=usable;level2=bad;level3=bad,graded,,false,0.278897,
img_01469,main,unspecified,good,published,0.0358,consensus=good;level1=usable;level2=good;level3=good,graded,,true,0.818227,
img_01470,main,unspecified,usable,published,0.0062,consensus=usable;level1=usable;level2=usable;level3=usable,graded,,true,0.538009,
img_01471,main,unspecified,bad,published,0.0377,consensus=bad;level1=bad;level2=bad;level3=bad,graded,,false,0.111358,
img_01472,main,unspecified,bad,published,0.0377,consensus=bad;level1=usable;level2=bad;level3=bad,graded,,false,0.198813,
img_01473,main,unspecified,usable,published,0.0367,consensus=usable;level1=good;level2=usable;level3=usable,graded,,true,0.778115,
img_01474,main,unspecified,usable,published,0.0377,consensus=usable;level1=usable;level2=usable;level3=usable,graded,,false,0.403531,
img_01475,main,unspecified,usable,published,0.0377,consensus=usable;level1=usable;level2=usable;level3=bad,graded,,false,0.315230,
img_01476,main,unspecified,bad,published,0.0358,consensus=bad;level1=usable;level2=bad;level3=bad,graded,,false,0.421893,
img_01477,main,unspecified,bad,published,0.0362,consensus=bad;level1=bad;level2=bad;level3=bad,graded,,false,0.141676,
img_01478,main,unspecified,usable,published,0.0358,consensus=usable;level1=usable;level2=usable;level3=usable,graded,,true,0.627184,
img_01479,main,unspecified,bad,published,0.0348,consensus=bad;level1=usable;level2=bad;level3=bad,graded,,false,0.443971,
img_01480,main,unspecified,bad,published,0.0358,consensus=bad;level1=bad;level2=bad;level3=bad,graded,,false,0.052918,
img_01481,main,unspecified,usable,published,0.0367,consensus=usable;level1=usable;level2=usable;level3=bad,graded,,false,0.149427,
img_01482,main,unspecified,bad,published,0.0358,consensus=bad;level1=bad;level2=bad;level3=bad,graded,,false,0.141278,
img_01483,main,unspecified,good,published,0.0377,consensus=good;level1=good;level2=good;level3=good,graded,,true,0.792276,
img_01484,main,unspecified,usable,published,0.0367,consensus=usable;level1=usable;level2=usable;level3=usable,graded,,true,0.642095,
img_01485,main,unspecified,good,published,0.0377,consensus=good;level1=good;level2=good;level3=good,graded,,false,0.487310,
img_01486,main,unspecified,usable,published,0.0377,consensus=usable;level1=usable;level2=usable;level3=usable,graded,,false,0.378410,
img_01487,main,unspecified,good,published,0.0439,consensus=good;level1=good;level2=good;level3=good,graded,,true,0.584738,
img_01488,main,unspecified,bad,published,0.0061,consensus=bad;level1=bad;level2=bad;level3=bad,graded,,false,0.093695,
img_01489,main,unspecified,bad,published,0.0051,consensus=bad;level1=bad;level2=bad;level3=bad,graded,,false,0.006197,
img_01490,main,unspecified,usable,published,0.0377,consensus=usable;level1=usable;level2=usable;level3=usable,graded,,true,0.677306,
img_01491,main,unspecified,good,published,0.0367,consensus=good;level1=good;level2=good;level3=good,graded,,true,0.728466,
img_01492,main,unspecified,bad,published,0.0377,consensus=bad;level1=usable;level2=bad;level3=bad,graded,,false,0.305364,
img_01493,main,unspecified,usable,published,0.0377,consensus=usable;level1=good;level2=usable;level3=usable,graded,,true,0.732270,
img_01494,main,unspecified,good,published,0.0377,consensus=good;level1=good;level2=good;level3=usable,graded,,true,0.748646,
img_01495,main,unspecified,good,published,0.0377,consensus=good;level1=good;level2=good;level3=good,graded,,true,0.656757,
img_01496,main,unspecified,bad,published,0.0061,consensus=bad;level1=usable;level2=bad;level3=bad,graded,,false,0.144888,
img_01497,main,unspecified,bad,published,0.0051,consensus=bad;level1=bad;level2=bad;level3=bad,graded,,false,0.047177,
img_01498,main,unspecified,usable,published,0.0358,consensus=usable;level1=usable;level2=usable;level3=bad,graded,,false,0.314359,
img_01501,main,unspecified,usable,published,0.0358,consensus=usable;level1=usable;level2=usable;level3=bad,graded,,false,0.322731,
img_01502,main,unspecified,usable,published,0.0358,consensus=usable;level1=usable;level2=usable;level3=bad,graded,,false,0.367559,
img_01504,main,unspecified,usable,published,0.0358,consensus=usable;level1=usable;level2=usable;level3=bad,graded,,false,0.408800,
img_01505,main,unspecified,usable,published,0.0358,consensus=usable;level1=usable;level2=usable;level3=bad,graded,,false,0.427940,
img_01506,main,unspecified,bad,published,0.0358,consensus=bad;level1=bad;level2=bad;level3=bad,graded,,false,0.010039,
img_01509,main,unspecified,bad,published,0.0358,consensus=bad;level1=bad;level2=bad;level3=bad,graded,,false,0.001120,
img_01510,main,unspecified,good,published,0.0377,consensus=good;level1=good;level2=good;level3=good,graded,,true,0.702758,
img_01511,main,unspecified,usable,published,0.0367,consensus=usable;level1=good;level2=usable;level3=usable,graded,,true,0.525699,
img_01512,main,unspecified,bad,published,0.0062,consensus=bad;level1=bad;level2=bad;level3=bad,graded,,false,0.028007,
img_01513,main,unspecified,bad,published,0.0051,consensus=bad;level1=bad;level2=bad;level3=usable,graded,,false,0.018219,
img_01514,main,unspecified,bad,published,0.0358,consensus=bad;level1=bad;level2=bad;level3=bad,graded,,false,0.002340,
img_01515,main,unspecified,bad,published,0.0377,consensus=bad;level1=bad;level2=bad;level3=bad,graded,,false,0.005664,
img_01517,main,unspecified,bad,published,0.0362,consensus=bad;level1=bad;level2=bad;level3=bad,graded,,false,0.005541,
img_01518,main,unspecified,bad,published,0.0377,consensus=bad;level1=bad;level2=bad;level3=bad,graded,,false,0.092592,
img_01519,main,unspecified,good,published,0.0386,consensus=good;level1=good;level2=good;level3=good,graded,,true,0.710101,
img_01520,main,unspecified,good,published,0.0367,consensus=good;level1=good;level2=good;level3=good,graded,,true,0.691538,
img_01521,main,unspecified,good,published,0.0377,consensus=good;level1=good;level2=good;level3=good,graded,,true,0.740911,
img_01522,main,unspecified,good,published,0.0377,consensus=good;level1=good;level2=good;level3=good,graded,,true,0.741338,
img_01523,main,unspecified,good,published,0.0377,consensus=good;level1=good;level2=good;level3=usable,graded,,true,0.689920,
img_01524,main,unspecified,good,published,0.0377,consensus=good;level1=good;level2=good;level3=usable,graded,,false,0.302041,
img_01525,main,unspecified,good,published,0.0061,consensus=good;level1=good;level2=good;level3=usable,graded,,true,0.577917,
img_01526,main,unspecified,good,published,0.0062,consensus=good;level1=good;level2=good;level3=usable,graded,,true,0.509302,
img_01529,main,unspecified,bad,published,0.0062,consensus=bad;level1=bad;level2=bad;level3=bad,graded,,false,0.023467,
img_01530,main,unspecified,bad,published,0.0062,consensus=bad;level1=usable;level2=bad;level3=bad,graded,,false,0.043728,
img_01531,main,unspecified,bad,published,0.0051,consensus=bad;level1=usable;level2=bad;level3=bad,graded,,false,0.139370,
img_01532,main,unspecified,bad,published,0.0061,consensus=bad;level1=bad;level2=bad;level3=bad,graded,,false,0.083504,
img_01533,main,unspecified,good,published,0.0358,consensus=good;level1=good;level2=good;level3=good,graded,,true,0.739391,
img_01534,main,unspecified,bad,published,0.0051,consensus=bad;level1=usable;level2=bad;level3=bad,graded,,false,0.250263,
img_01535,main,unspecified,bad,published,0.0056,consensus=bad;level1=bad;level2=bad;level3=bad,graded,,false,0.044977,
img_01536,main,unspecified,bad,published,0.0061,consensus=bad;level1=bad;level2=bad;level3=bad,graded,,false,0.065896,
img_01539,main,unspecified,bad,published,0.0358,consensus=bad;level1=bad;level2=bad;level3=bad,graded,,false,0.074525,
img_01540,main,unspecified,bad,published,0.0358,consensus=bad;level1=bad;level2=bad;level3=bad,graded,,false,0.034135,
img_01541,main,unspecified,good,published,0.0367,consensus=good;level1=good;level2=good;level3=good,graded,,true,0.760761,
img_01542,main,unspecified,good,published,0.0377,consensus=good;level1=good;level2=good;level3=good,graded,,true,0.782879,
img_01543,main,unspecified,bad,published,0.0367,consensus=bad;level1=usable;level2=bad;level3=bad,graded,,false,0.286743,
img_01544,main,unspecified,bad,published,0.0348,consensus=bad;level1=usable;level2=bad;level3=bad,graded,,true,0.525033,
img_01545,main,unspecified,usable,published,0.0051,consensus=usable;level1=good;level2=usable;level3=usable,graded,,true,0.672486,
img_01546,main,unspecified,bad,published,0.0061,consensus=bad;level1=usable;level2=bad;level3=bad,graded,,false,0.167667,
img_01547,main,unspecified,bad,published,0.0372,consensus=bad;level1=bad;level2=bad;level3=bad,graded,,false,0.028307,
img_01548,main,unspecified,usable,published,0.0358,consensus=usable;level1=usable;level2=usable;level3=bad,graded,,false,0.138660,
img_01549,main,unspecified,bad,published,0.0062,consensus=bad;level1=usable;level2=bad;level3=bad,graded,,true,0.501517,
img_01550,main,unspecified,usable,published,0.0056,consensus=usable;level1=usable;level2=usable;level3=bad,graded,,true,0.522878,
img_01551,main,unspecified,good,published,0.0367,consensus=good;level1=good;level2=usable;level3=good,graded,,true,0.595238,
img_01552,main,unspecified,good,published,0.0377,consensus=good;level1=good;level2=good;level3=good,graded,,true,0.557653,
img_01553,main,unspecified,good,published,0.0377,consensus=good;level1=good;level2=good;level3=good,graded,,true,0.760886,
img_01554,main,unspecified,bad,published,0.0377,consensus=bad;level1=usable;level2=bad;level3=bad,graded,,false,0.246547,
img_01555,main,unspecified,bad,published,0.0051,consensus=bad;level1=usable;level2=bad;level3=bad,graded,,false,0.454925,
img_01556,main,unspecified,bad,published,0.0051,consensus=bad;level1=bad;level2=bad;level3=bad,graded,,false,0.206968,
img_01557,main,unspecified,bad,published,0.0051,consensus=bad;level1=bad;level2=bad;level3=bad,graded,,false,0.199348,
img_01558,main,unspecified,bad,published,0.0051,consensus=bad;level1=bad;level2=bad;level3=bad,graded,,false,0.060971,
img_01559,main,unspecified,bad,published,0.0358,consensus=bad;level1=bad;level2=bad;level3=bad,graded,,false,0.122137,
img_01560,main,unspecified,bad,published,0.0358,consensus=bad;level1=bad;level2=bad;level3=bad,graded,,false,0.022078,
img_01561,main,unspecified,bad,published,0.0377,consensus=bad;level1=bad;level2=bad;level3=bad,graded,,false,0.081441,
img_01562,main,unspecified,usable,published,0.0358,consensus=usable;level1=good;level2=usable;level3=usable,graded,,false,0.327524,
img_01563,main,unspecified,bad,published,0.0051,consensus=bad;level1=usable;level2=bad;level3=bad,graded,,false,0.326051,
img_01564,main,unspecified,usable,published,0.0061,consensus=usable;level1=usable;level2=good;level3=usable,graded,,true,0.530985,
img_01565,main,unspecified,usable,published,0.0051,consensus=usable;level1=usable;level2=usable;level3=usable,graded,,true,0.606435,
img_01569,main,unspecified,good,published,0.0377,consensus=good;level1=good;level2=good;level3=usable,graded,,true,0.778448,
img_01570,main,unspecified,bad,published,0.0062,consensus=bad;level1=usable;level2=bad;level3=bad,graded,,false,0.396297,
img_01571,main,unspecified,good,published,0.0358,consensus=good;level1=good;level2=good;level3=good,graded,,true,0.835801,
img_01573,main,unspecified,good,published,0.0367,consensus=good;level1=good;level2=good;level3=good,graded,,true,0.821586,
img_01575,main,unspecified,bad,published,0.0377,consensus=bad;level1=usable;level2=bad;level3=bad,graded,,false,0.009253,
img_01576,main,unspecified,bad,published,0.0362,consensus=bad;level1=bad;level2=bad;level3=bad,graded,,false,0.025772,
img_01577,main,unspecified,bad,published,0.0358,consensus=bad;level1=bad;level2=bad;level3=bad,graded,,false,0.007313,
img_01580,main,unspecified,bad,published,0.0358,consensus=bad;level1=bad;level2=bad;level3=bad,graded,,false,0.016715,
img_01581,main,unspecified,bad,published,0.0377,consensus=bad;level1=bad;level2=bad;level3=bad,graded,,false,0.269100,
img_01582,main,unspecified,bad,published,0.0377,consensus=bad;level1=bad;level2=bad;level3=bad,graded,,false,0.103148,
img_01584,main,unspecified,bad,published,0.0358,consensus=bad;level1=bad;level2=bad;level3=bad,graded,,false,0.007359,
img_01585,main,unspecified,bad,published,0.0358,consensus=bad;level1=bad;level2=bad;level3=bad,graded,,false,0.052225,
img_01586,main,unspecified,bad,published,0.0051,consensus=bad;level1=usable;level2=bad;level3=bad,graded,,false,0.244816,
img_01587,main,unspecified,bad,published,0.0348,consensus=bad;level1=usable;level2=bad;level3=bad,graded,,false,0.303525,
img_01588,main,unspecified,bad,published,0.0358,consensus=bad;level1=usable;level2=bad;level3=bad,graded,,false,0.350378,
img_01589,main,unspecified,bad,published,0.0372,consensus=bad;level1=bad;level2=bad;level3=bad,graded,,false,0.011924,
img_01590,main,unspecified,bad,published,0.0377,consensus=bad;level1=bad;level2=bad;level3=bad,graded,,false,0.020650,
img_01591,main,unspecified,bad,published,0.0062,consensus=bad;level1=bad;level2=bad;level3=bad,graded,,false,0.014856,
img_01592,main,unspecified,bad,published,0.0046,consensus=bad;level1=bad;level2=bad;level3=bad,graded,,false,0.008325,
img_01593,main,unspecified,bad,published,0.0386,consensus=bad;level1=bad;level2=bad;level3=bad,graded,,false,0.010127,
img_01594,main,unspecified,bad,published,0.0377,consensus=bad;level1=bad;level2=bad;level3=bad,graded,,false,0.027041,
img_01595,main,unspecified,bad,published,0.0358,consensus=bad;level1=bad;level2=bad;level3=bad,graded,,false,0.023960,
img_01596,main,unspecified,bad,published,0.0051,consensus=bad;level1=bad;level2=bad;level3=bad,graded,,false,0.031328,
img_01599,main,unspecified,good,published,0.0377,consensus=good;level1=good;level2=good;level3=good,graded,,true,0.725599,
img_01600,main,unspecified,usable,published,0.0377,consensus=usable;level1=good;level2=usable;level3=usable,graded,,true,0.576955,
img_01601,main,unspecified,good,published,0.0367,consensus=good;level1=good;level2=good;level3=good,graded,,true,0.727755,
img_01602,main,unspecified,usable,published,0.0377,consensus=usable;level1=good;level2=usable;level3=usable,graded,,false,0.499075,
img_01603,main,unspecified,usable,published,0.0358,consensus=usable;level1=good;level2=usable;level3=usable,graded,,true,0.633726,
img_01604,main,unspecified,usable,published,0.0377,consensus=usable;level1=usable;level2=usable;level3=usable,graded,,true,0.595486,
img_01605,main,unspecified,good,published,0.0367,consensus=good;level1=good;level2=good;level3=good,graded,,true,0.721553,
img_01606,main,unspecified,usable,published,0.0377,consensus=usable;level1=usable;level2=usable;level3=bad,graded,,false,0.321084,
img_01607,main,unspecified,usable,published,0.0377,consensus=usable;level1=usable;level2=usable;level3=usable,graded,,false,0.281261,
img_01608,main,unspecified,bad,published,0.0358,consensus=bad;level1=bad;level2=bad;level3=bad,graded,,false,0.087534,
img_01609,main,unspecified,usable,published,0.0358,consensus=usable;level1=usable;level2=usable;level3=bad,graded,,true,0.512601,
img_01610,main,unspecified,bad,published,0.0062,consensus=bad;level1=usable;level2=bad;level3=bad,graded,,false,0.207949,
img_01611,main,unspecified,bad,published,0.0051,consensus=bad;level1=usable;level2=bad;level3=bad,graded,,false,0.194559,
img_01612,main,unspecified,bad,published,0.0377,consensus=bad;level1=bad;level2=bad;level3=bad,graded,,false,0.029889,
img_01613,main,unspecified,usable,published,0.0386,consensus=usable;level1=good;level2=usable;level3=usable,graded,,false,0.458309,
img_01614,main,unspecified,good,published,0.0377,consensus=good;level1=good;level2=usable;level3=good,graded,,false,0.314941,
img_01620,main,unspecified,bad,published,0.0338,consensus=bad;level1=bad;level2=bad;level3=bad,graded,,false,0.007524,
img_01621,main,unspecified,bad,published,0.0051,consensus=bad;level1=usable;level2=bad;level3=bad,graded,,false,0.246301,
img_01622,main,unspecified,bad,published,0.0061,consensus=bad;level1=usable;level2=bad;level3=bad,graded,,false,0.247818,
img_01625,main,unspecified,bad,published,0.0372,consensus=bad;level1=usable;level2=bad;level3=bad,graded,,false,0.253439,
img_01626,main,unspecified,usable,published,0.0386,consensus=usable;level1=good;level2=usable;level3=usable,graded,,false,0.340459,
img_01627,main,unspecified,bad,published,0.0358,consensus=bad;level1=bad;level2=bad;level3=bad,graded,,false,0.109396,
img_01630,main,unspecified,usable,published,0.0358,consensus=usable;level1=good;level2=usable;level3=usable,graded,,true,0.679272,
img_01635,main,unspecified,bad,published,0.0377,consensus=bad;level1=bad;level2=bad;level3=bad,graded,,false,0.045542,
img_01636,main,unspecified,bad,published,0.0358,consensus=bad;level1=bad;level2=bad;level3=bad,graded,,false,0.093308,
img_01642,main,unspecified,usable,published,0.0367,consensus=usable;level1=good;level2=usable;level3=usable,graded,,true,0.706632,
img_01643,main,unspecified,usable,published,0.0367,consensus=usable;level1=good;level2=usable;level3=usable,graded,,true,0.558791,
img_01644,main,unspecified,usable,published,0.0367,consensus=usable;level1=good;level2=usable;level3=usable,graded,,true,0.658115,
img_01645,main,unspecified,usable,published,0.0358,consensus=usable;level1=usable;level2=usable;level3=usable,graded,,true,0.724021,
img_01646,main,unspecified,usable,published,0.0358,consensus=usable;level1=usable;level2=good;level3=usable,graded,,false,0.436226,
img_01647,main,unspecified,good,published,0.0377,consensus=good;level1=good;level2=good;level3=usable,graded,,true,0.622907,
img_01648,main,unspecified,usable,published,0.0358,consensus=usable;level1=usable;level2=good;level3=usable,graded,,false,0.461709,
img_01649,main,unspecified,usable,published,0.0367,consensus=usable;level1=usable;level2=usable;level3=bad,graded,,false,0.409698,
img_01650,main,unspecified,usable,published,0.0367,consensus=usable;level1=usable;level2=usable;level3=bad,graded,,true,0.605167,
img_01653,main,unspecified,usable,published,0.0377,consensus=usable;level1=good;level2=usable;level3=usable,graded,,true,0.598530,
img_01654,main,unspecified,bad,published,0.0358,consensus=bad;level1=bad;level2=bad;level3=bad,graded,,false,0.147931,
img_01655,main,unspecified,bad,published,0.0386,consensus=bad;level1=bad;level2=bad;level3=bad,graded,,false,0.109879,
img_01656,main,unspecified,bad,published,0.0377,consensus=bad;level1=usable;level2=bad;level3=bad,graded,,false,0.492962,
img_01657,main,unspecified,bad,published,0.0386,consensus=bad;level1=usable;level2=bad;level3=bad,graded,,false,0.324961,
img_01658,main,unspecified,bad,published,0.0358,consensus=bad;level1=bad;level2=bad;level3=bad,graded,,false,0.139651,
img_01660,main,unspecified,bad,published,0.0358,consensus=bad;level1=bad;level2=bad;level3=bad,graded,,false,0.126627,
img_01661,main,unspecified,bad,published,0.0358,consensus=bad;level1=bad;level2=bad;level3=bad,graded,,false,0.028100,
img_01662,main,unspecified,bad,published,0.0367,consensus=bad;level1=bad;level2=bad;level3=bad,graded,,false,0.212600,
img_01664,main,unspecified,bad,published,0.0362,consensus=bad;level1=bad;level2=bad;level3=bad,graded,,false,0.124059,
img_01665,main,unspecified,bad,published,0.0358,consensus=bad;level1=usable;level2=bad;level3=bad,graded,,false,0.295675,
img_01666,main,unspecified,usable,published,0.0358,consensus=usable;level1=good;level2=usable;level3=usable,graded,,true,0.538562,
img_01667,main,unspecified,bad,published,0.0046,consensus=bad;level1=bad;level2=bad;level3=bad,graded,,false,0.007536,
img_01668,main,unspecified,bad,published,0.0046,consensus=bad;level1=bad;level2=bad;level3=bad,graded,,false,0.004926,
img_01669,main,unspecified,good,published,0.0062,consensus=good;level1=good;level2=usable;level3=good,graded,,true,0.762670,
img_01670,main,unspecified,usable,published,0.0051,consensus=usable;level1=usable;level2=usable;level3=usable,graded,,true,0.578956,
img_01671,main,unspecified,bad,published,0.0358,consensus=bad;level1=bad;level2=bad;level3=bad,graded,,false,0.102014,
img_01672,main,unspecified,usable,published,0.0377,consensus=usable;level1=good;level2=usable;level3=usable,graded,,true,0.640267,
img_01673,main,unspecified,bad,published,0.0377,consensus=bad;level1=bad;level2=bad;level3=bad,graded,,false,0.013685,
img_01674,main,unspecified,bad,published,0.0367,consensus=bad;level1=usable;level2=bad;level3=bad,graded,,false,0.336030,
img_01675,main,unspecified,good,published,0.0358,consensus=good;level1=good;level2=usable;level3=good,graded,,true,0.762929,
img_01676,main,unspecified,good,published,0.0367,consensus=good;level1=good;level2=good;level3=usable,graded,,true,0.670032,
img_01677,main,unspecified,usable,published,0.0377,consensus=usable;level1=usable;level2=good;level3=usable,graded,,true,0.589521,
img_01678,main,unspecified,usable,published,0.0367,consensus=usable;level1=good;level2=usable;level3=usable,graded,,true,0.678754,
img_01679,main,unspecified,bad,published,0.0377,consensus=bad;level1=usable;level2=bad;level3=bad,graded,,false,0.196215,
img_01680,main,unspecified,bad,published,0.0358,consensus=bad;level1=usable;level2=bad;level3=bad,graded,,false,0.472744,
img_01684,main,unspecified,good,published,0.0367,consensus=good;level1=good;level2=good;level3=good,graded,,true,0.831525,
img_01685,main,unspecified,good,published,0.0367,consensus=good;level1=good;level2=usable;level3=good,graded,,true,0.785950,
img_01686,main,unspecified,good,published,0.0367,consensus=good;level1=good;level2=good;level3=good,graded,,true,0.811507,
img_01687,main,unspecified,bad,published,0.0386,consensus=bad;level1=bad;level2=bad;level3=bad,graded,,false,0.126160,
img_01688,main,unspecified,bad,published,0.0367,consensus=bad;level1=usable;level2=bad;level3=bad,graded,,false,0.186258,
img_01689,main,unspecified,usable,published,0.0051,consensus=usable;level1=usable;level2=usable;level3=good,graded,,true,0.757814,
img_01690,main,unspecified,usable,published,0.0046,consensus=usable;level1=usable;level2=usable;level3=usable,graded,,true,0.629654,
img_01691,main,unspecified,usable,published,0.0377,consensus=usable;level1=usable;level2=usable;level3=good,graded,,false,0.044126,
img_01692,main,unspecified,usable,published,0.0367,consensus=usable;level1=usable;level2=good;level3=usable,graded,,false,0.129093,
img_01693,main,unspecified,usable,published,0.0377,consensus=usable;level1=good;level2=usable;level3=usable,graded,,false,0.057938,
img_01694,main,unspecified,bad,published,0.0056,consensus=bad;level1=bad;level2=bad;level3=bad,graded,,false,0.042379,
img_01695,main,unspecified,bad,published,0.0041,consensus=bad;level1=bad;level2=bad;level3=bad,graded,,false,0.098745,
img_01696,main,unspecified,good,published,0.0367,consensus=good;level1=good;level2=usable;level3=good,graded,,true,0.799190,
img_01697,main,unspecified,good,published,0.0358,consensus=good;level1=good;level2=good;level3=good,graded,,true,0.829597,
img_01698,main,unspecified,good,published,0.0367,consensus=good;level1=good;level2=good;level3=good,graded,,true,0.736834,
img_01699,main,unspecified,usable,published,0.0367,consensus=usable;level1=usable;level2=bad;level3=usable,graded,,true,0.561797,
img_01700,main,unspecified,usable,published,0.0358,consensus=usable;level1=usable;level2=usable;level3=usable,graded,,true,0.737072,
img_01701,main,unspecified,bad,published,0.0358,consensus=bad;level1=usable;level2=bad;level3=bad,graded,,false,0.051807,
img_01702,main,unspecified,bad,published,0.0381,consensus=bad;level1=bad;level2=bad;level3=bad,graded,,false,0.320616,
img_01703,main,unspecified,bad,published,0.0362,consensus=bad;level1=bad;level2=bad;level3=bad,graded,,false,0.387012,
img_01704,main,unspecified,usable,published,0.0041,consensus=usable;level1=usable;level2=usable;level3=usable,graded,,false,0.458794,
img_01705,main,unspecified,usable,published,0.0051,consensus=usable;level1=usable;level2=usable;level3=bad,graded,,false,0.297576,
img_01708,main,unspecified,bad,published,0.0377,consensus=bad;level1=usable;level2=bad;level3=bad,graded,,true,0.592020,
img_01709,main,unspecified,bad,published,0.0377,consensus=bad;level1=usable;level2=bad;level3=bad,graded,,true,0.604712,
img_01710,main,unspecified,usable,published,0.0367,consensus=usable;level1=good;level2=usable;level3=usable,graded,,true,0.563156,
img_01711,main,unspecified,bad,published,0.0358,consensus=bad;level1=bad;level2=bad;level3=bad,graded,,false,0.162415,
img_01712,main,unspecified,usable,published,0.0358,consensus=usable;level1=usable;level2=usable;level3=good,graded,,true,0.797733,
img_01713,main,unspecified,bad,published,0.0051,consensus=bad;level1=bad;level2=bad;level3=bad,graded,,false,0.172106,
img_01714,main,unspecified,bad,published,0.0062,consensus=bad;level1=usable;level2=bad;level3=bad,graded,,false,0.063107,
img_01715,main,unspecified,bad,published,0.0358,consensus=bad;level1=bad;level2=bad;level3=bad,graded,,false,0.065269,
img_01716,main,unspecified,bad,published,0.0362,consensus=bad;level1=bad;level2=bad;level3=usable,graded,,false,0.200705,
img_01717,main,unspecified,bad,published,0.0377,consensus=bad;level1=usable;level2=bad;level3=bad,graded,,false,0.242655,
img_01718,main,unspecified,bad,published,0.0062,consensus=bad;level1=bad;level2=bad;level3=bad,graded,,false,0.180579,
img_01719,main,unspecified,bad,published,0.0046,consensus=bad;level1=bad;level2=bad;level3=bad,graded,,false,0.110743,
img_01720,main,unspecified,bad,published,0.0377,consensus=bad;level1=bad;level2=bad;level3=bad,graded,,false,0.073337,
img_01721,main,unspecified,bad,published,0.0386,consensus=bad;level1=bad;level2=bad;level3=bad,graded,,false,0.050784,
img_01722,main,unspecified,usable,published,0.0377,consensus=usable;level1=bad;level2=usable;level3=usable,graded,,true,0.641093,
img_01723,main,unspecified,bad,published,0.0367,consensus=bad;level1=bad;level2=bad;level3=bad,graded,,false,0.016630,
img_01724,main,unspecified,bad,published,0.0358,consensus=bad;level1=usable;level2=bad;level3=bad,graded,,false,0.301000,
img_01725,main,unspecified,bad,published,0.0377,consensus=bad;level1=usable;level2=bad;level3=bad,graded,,false,0.160171,
img_01726,main,unspecified,good,published,0.0386,consensus=good;level1=good;level2=usable;level3=good,graded,,true,0.674068,
img_01727,main,unspecified,good,published,0.0377,consensus=good;level1=good;level2=good;level3=good,graded,,false,0.426199,
img_01728,main,unspecified,usable,published,0.0367,consensus=usable;level1=usable;level2=usable;level3=usable,graded,,true,0.629193,
img_01729,main,unspecified,usable,published,0.0358,consensus=usable;level1=usable;level2=usable;level3=usable,graded,,true,0.522809,
img_01730,main,unspecified,good,published,0.0367,consensus=good;level1=good;level2=good;level3=usable,graded,,true,0.744985,
img_01731,main,unspecified,usable,published,0.0377,consensus=usable;level1=usable;level2=usable;level3=bad,graded,,false,0.252213,
img_01732,main,unspecified,bad,published,0.0362,consensus=bad;level1=bad;level2=bad;level3=bad,graded,,false,0.026948,
img_01733,main,unspecified,usable,published,0.0358,consensus=usable;level1=usable;level2=bad;level3=usable,graded,,true,0.761283,
img_01734,main,unspecified,bad,published,0.0051,consensus=bad;level1=bad;level2=bad;level3=bad,graded,,false,0.257178,
img_01735,main,unspecified,bad,published,0.0051,consensus=bad;level1=bad;level2=bad;level3=bad,graded,,false,0.251644,
img_01736,main,unspecified,bad,published,0.0377,consensus=bad;level1=usable;level2=bad;level3=bad,graded,,false,0.288831,
img_01737,main,unspecified,bad,published,0.0358,consensus=bad;level1=bad;level2=bad;level3=bad,graded,,false,0.427563,
img_01738,main,unspecified,usable,published,0.0051,consensus=usable;level1=usable;level2=usable;level3=bad,graded,,true,0.516924,
img_01739,main,unspecified,usable,published,0.0051,consensus=usable;level1=usable;level2=usable;level3=bad,graded,,false,0.477390,
img_01740,main,unspecified,usable,published,0.0358,consensus=usable;level1=usable;level2=usable;level3=bad,graded,,true,0.527998,
img_01741,main,unspecified,bad,published,0.0377,consensus=bad;level1=usable;level2=bad;level3=bad,graded,,false,0.217771,
img_01742,main,unspecified,bad,published,0.0358,consensus=bad;level1=bad;level2=bad;level3=bad,graded,,false,0.101978,
img_01743,main,unspecified,good,published,0.0358,consensus=good;level1=good;level2=good;level3=usable,graded,,true,0.823148,
img_01753,main,unspecified,usable,published,0.0348,consensus=usable;level1=usable;level2=usable;level3=bad,graded,,false,0.384226,
img_01754,main,unspecified,bad,published,0.0377,consensus=bad;level1=usable;level2=bad;level3=bad,graded,,false,0.132450,
img_01755,main,unspecified,usable,published,0.0348,consensus=usable;level1=usable;level2=usable;level3=bad,graded,,false,0.379746,
img_01756,main,unspecified,bad,published,0.0358,consensus=bad;level1=bad;level2=bad;level3=bad,graded,,false,0.021920,
img_01757,main,unspecified,usable,published,0.0051,consensus=usable;level1=usable;level2=usable;level3=bad,graded,,false,0.403823,
img_01758,main,unspecified,usable,published,0.0051,consensus=usable;level1=usable;level2=usable;level3=bad,graded,,true,0.551996,
img_01759,main,unspecified,usable,published,0.0377,consensus=usable;level1=good;level2=usable;level3=usable,graded,,true,0.660986,
img_01760,main,unspecified,usable,published,0.0367,consensus=usable;level1=good;level2=usable;level3=usable,graded,,true,0.691302,
img_01761,main,unspecified,good,published,0.0377,consensus=good;level1=good;level2=good;level3=good,graded,,true,0.845405,
img_01762,main,unspecified,good,published,0.0358,consensus=good;level1=good;level2=good;level3=good,graded,,true,0.806201,
img_01763,main,unspecified,usable,published,0.0367,consensus=usable;level1=good;level2=usable;level3=usable,graded,,true,0.572727,
img_01764,main,unspecified,bad,published,0.0046,consensus=bad;level1=usable;level2=bad;level3=bad,graded,,false,0.405409,
img_01765,main,unspecified,bad,published,0.0062,consensus=bad;level1=usable;level2=bad;level3=bad,graded,,false,0.318410,
img_01766,main,unspecified,bad,published,0.0367,consensus=bad;level1=good;level2=bad;level3=bad,graded,,false,0.489971,
img_01767,main,unspecified,bad,published,0.0358,consensus=bad;level1=usable;level2=bad;level3=bad,graded,,false,0.281718,
img_01768,main,unspecified,usable,published,0.0377,consensus=usable;level1=good;level2=usable;level3=usable,graded,,true,0.636378,
img_01769,main,unspecified,good,published,0.0358,consensus=good;level1=good;level2=good;level3=good,graded,,true,0.787001,
img_01770,main,unspecified,usable,published,0.0377,consensus=usable;level1=good;level2=usable;level3=usable,graded,,false,0.499101,
img_01771,main,unspecified,bad,published,0.0358,consensus=bad;level1=good;level2=bad;level3=bad,graded,,false,0.319876,
img_01772,main,unspecified,bad,published,0.0358,consensus=bad;level1=usable;level2=bad;level3=bad,graded,,false,0.344478,
img_01773,main,unspecified,bad,published,0.0386,consensus=bad;level1=bad;level2=bad;level3=bad,graded,,false,0.057269,
img_01774,main,unspecified,usable,published,0.0377,consensus=usable;level1=usable;level2=bad;level3=usable,graded,,true,0.709719,
img_01775,main,unspecified,bad,published,0.0377,consensus=bad;level1=bad;level2=bad;level3=bad,graded,,false,0.008397,
img_01776,main,unspecified,usable,published,0.0386,consensus=usable;level1=usable;level2=usable;level3=bad,graded,,false,0.091829,
img_01777,main,unspecified,usable,published,0.0367,consensus=usable;level1=usable;level2=good;level3=usable,graded,,false,0.155872,
img_01778,main,unspecified,bad,published,0.0367,consensus=bad;level1=bad;level2=bad;level3=bad,graded,,false,0.066148,
img_01787,main,unspecified,bad,published,0.0358,consensus=bad;level1=bad;level2=bad;level3=bad,graded,,false,0.021434,
img_01797,main,unspecified,bad,published,0.0367,consensus=bad;level1=bad;level2=bad;level3=bad,graded,,false,0.176897,
img_01807,main,unspecified,bad,published,0.0386,consensus=bad;level1=bad;level2=bad;level3=bad,graded,,false,0.079081,
img_01808,main,unspecified,bad,published,0.0386,consensus=bad;level1=usable;level2=bad;level3=bad,graded,,false,0.340420,
img_01809,main,unspecified,bad,published,0.0362,consensus=bad;level1=bad;level2=bad;level3=bad,graded,,false,0.024184,
img_01810,main,unspecified,bad,published,0.0353,consensus=bad;level1=bad;level2=bad;level3=bad,graded,,false,0.001638,
img_01811,main,unspecified,usable,published,0.0367,consensus=usable;level1=bad;level2=usable;level3=usable,graded,,true,0.500385,
img_01812,main,unspecified,bad,published,0.0348,consensus=bad;level1=bad;level2=bad;level3=bad,graded,,false,0.094023,
img_01813,main,unspecified,bad,published,0.0448,consensus=bad;level1=usable;level2=bad;level3=bad,graded,,false,0.189634,
img_01814,main,unspecified,bad,published,0.0046,consensus=bad;level1=usable;level2=bad;level3=bad,graded,,false,0.295272,
img_01815,main,unspecified,bad,published,0.0508,consensus=bad;level1=bad;level2=bad;level3=bad,graded,,false,0.217352,
img_01816,main,unspecified,bad,published,0.0358,consensus=bad;level1=bad;level2=bad;level3=bad,graded,,false,0.006855,
img_01817,main,unspecified,bad,published,0.0062,consensus=bad;level1=bad;level2=bad;level3=bad,graded,,false,0.214795,
img_01818,main,unspecified,bad,published,0.0061,consensus=bad;level1=bad;level2=bad;level3=bad,graded,,false,0.019074,
img_01819,main,unspecified,bad,published,0.0358,consensus=bad;level1=bad;level2=bad;level3=bad,graded,,false,0.031945,
img_01820,main,unspecified,bad,published,0.0377,consensus=bad;level1=bad;level2=bad;level3=bad,graded,,false,0.018633,
img_01821,main,unspecified,usable,published,0.0348,consensus=usable;level1=usable;level2=usable;level3=bad,graded,,false,0.308805,
img_01822,main,unspecified,usable,published,0.0367,consensus=usable;level1=usable;level2=usable;level3=bad,graded,,false,0.332213,
img_01823,main,unspecified,good,published,0.0386,consensus=good;level1=good;level2=good;level3=usable,graded,,true,0.615011,
img_01824,main,unspecified,bad,published,0.0377,consensus=bad;level1=usable;level2=bad;level3=bad,graded,,false,0.270024,
img_01825,main,unspecified,bad,published,0.0358,consensus=bad;level1=usable;level2=bad;level3=bad,graded,,false,0.046975,
img_01826,main,unspecified,usable,published,0.0358,consensus=usable;level1=usable;level2=usable;level3=bad,graded,,false,0.243213,
img_01827,main,unspecified,usable,published,0.0367,consensus=usable;level1=usable;level2=usable;level3=usable,graded,,true,0.638161,
img_01828,main,unspecified,bad,published,0.0051,consensus=bad;level1=usable;level2=bad;level3=bad,graded,,false,0.224659,
img_01829,main,unspecified,bad,published,0.0051,consensus=bad;level1=bad;level2=bad;level3=bad,graded,,false,0.049736,
img_01830,main,unspecified,usable,published,0.0377,consensus=usable;level1=good;level2=usable;level3=usable,graded,,false,0.314704,
img_01831,main,unspecified,bad,published,0.0377,consensus=bad;level1=usable;level2=bad;level3=bad,graded,,false,0.198512,
img_01832,main,unspecified,usable,published,0.0358,consensus=usable;level1=usable;level2=usable;level3=bad,graded,,false,0.362388,
img_01833,main,unspecified,bad,published,0.0358,consensus=bad;level1=bad;level2=bad;level3=bad,graded,,false,0.128470,
img_01834,main,unspecified,good,published,0.0358,consensus=good;level1=good;level2=good;level3=good,graded,,true,0.728605,
img_01835,main,unspecified,good,published,0.0358,consensus=good;level1=good;level2=good;level3=usable,graded,,true,0.724360,
img_01836,main,unspecified,good,published,0.0377,consensus=good;level1=good;level2=good;level3=good,graded,,true,0.734019,
img_01837,main,unspecified,usable,published,0.0372,consensus=usable;level1=good;level2=usable;level3=usable,graded,,true,0.628877,
img_01838,main,unspecified,good,published,0.0358,consensus=good;level1=good;level2=good;level3=good,graded,,true,0.779332,
img_01847,main,unspecified,bad,published,0.0377,consensus=bad;level1=bad;level2=bad;level3=bad,graded,,false,0.016316,
img_01859,main,unspecified,usable,published,0.0377,consensus=usable;level1=usable;level2=usable;level3=bad,graded,,false,0.124209,
img_01861,main,unspecified,bad,published,0.0358,consensus=bad;level1=usable;level2=bad;level3=bad,graded,,true,0.656335,
img_01862,main,unspecified,bad,published,0.0358,consensus=bad;level1=bad;level2=bad;level3=bad,graded,,false,0.072120,
img_01864,main,unspecified,bad,published,0.0358,consensus=bad;level1=usable;level2=bad;level3=bad,graded,,false,0.455694,
img_01865,main,unspecified,bad,published,0.0358,consensus=bad;level1=bad;level2=bad;level3=bad,graded,,false,0.214530,
img_01866,main,unspecified,usable,published,0.0358,consensus=usable;level1=usable;level2=usable;level3=bad,graded,,false,0.393385,
img_01868,main,unspecified,bad,published,0.0362,consensus=bad;level1=bad;level2=bad;level3=bad,graded,,false,0.002609,
img_01869,main,unspecified,bad,published,0.0358,consensus=bad;level1=bad;level2=bad;level3=bad,graded,,false,0.021827,
img_01870,main,unspecified,bad,published,0.0358,consensus=bad;level1=bad;level2=bad;level3=bad,graded,,false,0.057720,
img_01871,main,unspecified,usable,published,0.0358,consensus=usable;level1=good;level2=usable;level3=usable,graded,,true,0.760909,
img_01872,main,unspecified,good,published,0.0377,consensus=good;level1=good;level2=good;level3=good,graded,,true,0.522622,
img_01873,main,unspecified,usable,published,0.0367,consensus=usable;level1=good;level2=usable;level3=usable,graded,,true,0.544834,
img_01884,main,unspecified,good,published,0.0362,consensus=good;level1=good;level2=good;level3=good,graded,,true,0.771481,
img_01886,main,unspecified,good,published,0.0377,consensus=good;level1=good;level2=good;level3=good,graded,,true,0.758546,
img_01887,main,unspecified,usable,published,0.0386,consensus=usable;level1=usable;level2=usable;level3=bad,graded,,false,0.381819,
img_01888,main,unspecified,usable,published,0.0358,consensus=usable;level1=usable;level2=usable;level3=bad,graded,,false,0.434882,
img_01889,main,unspecified,bad,published,0.0051,consensus=bad;level1=bad;level2=bad;level3=bad,graded,,false,0.242558,
img_01890,main,unspecified,bad,published,0.0051,consensus=bad;level1=usable;level2=bad;level3=bad,graded,,false,0.370393,
img_01891,main,unspecified,usable,published,0.0377,consensus=usable;level1=usable;level2=usable;level3=usable,graded,,true,0.629771,
img_01892,main,unspecified,usable,published,0.0367,consensus=usable;level1=usable;level2=usable;level3=usable,graded,,true,0.501100,
img_01893,main,unspecified,good,published,0.0372,consensus=good;level1=good;level2=good;level3=usable,graded,,false,0.486828,
img_01894,main,unspecified,good,published,0.0367,consensus=good;level1=good;level2=usable;level3=good,graded,,true,0.653833,
img_01895,main,unspecified,bad,published,0.0051,consensus=bad;level1=usable;level2=bad;level3=bad,graded,,false,0.297760,
img_01898,main,unspecified,good,published,0.0377,consensus=good;level1=good;level2=usable;level3=good,graded,,true,0.745694,
img_01899,main,unspecified,good,published,0.0377,consensus=good;level1=good;level2=good;level3=good,graded,,true,0.750592,
img_01900,main,unspecified,bad,published,0.0358,consensus=bad;level1=bad;level2=bad;level3=bad,graded,,false,0.061838,
img_01901,main,unspecified,usable,published,0.0377,consensus=usable;level1=usable;level2=usable;level3=bad,graded,,false,0.393649,
img_01902,main,unspecified,usable,published,0.0377,consensus=usable;level1=usable;level2=bad;level3=usable,graded,,true,0.605357,
img_01903,main,unspecified,good,published,0.0457,consensus=good;level1=good;level2=bad;level3=good,graded,,true,0.718202,
img_01904,main,unspecified,bad,published,0.0372,consensus=bad;level1=bad;level2=bad;level3=bad,graded,,false,0.040876,
img_01906,main,unspecified,bad,published,0.0358,consensus=bad;level1=bad;level2=bad;level3=bad,graded,,false,0.060405,
img_01907,main,unspecified,bad,published,0.0358,consensus=bad;level1=bad;level2=bad;level3=bad,graded,,false,0.021117,
img_01910,main,unspecified,usable,published,0.0348,consensus=usable;level1=usable;level2=good;level3=usable,graded,,false,0.418405,
img_01911,main,unspecified,usable,published,0.0367,consensus=usable;level1=usable;level2=usable;level3=good,graded,,false,0.218881,
img_01912,main,unspecified,bad,published,0.0358,consensus=bad;level1=bad;level2=bad;level3=bad,graded,,false,0.040847,
img_01913,main,unspecified,bad,published,0.0362,consensus=bad;level1=bad;level2=bad;level3=bad,graded,,false,0.010675,
img_01914,main,unspecified,bad,published,0.0056,consensus=bad;level1=bad;level2=bad;level3=bad,graded,,false,0.152621,
img_01915,main,unspecified,bad,published,0.0062,consensus=bad;level1=bad;level2=bad;level3=bad,graded,,false,0.176075,
img_01916,main,unspecified,bad,published,0.0377,consensus=bad;level1=bad;level2=bad;level3=bad,graded,,false,0.164458,
img_01917,main,unspecified,good,published,0.0062,consensus=good;level1=usable;level2=good;level3=good,graded,,true,0.728292,
img_01918,main,unspecified,good,published,0.0051,consensus=good;level1=good;level2=good;level3=good,graded,,true,0.771054,
img_01919,main,unspecified,bad,published,0.0358,consensus=bad;level1=bad;level2=bad;level3=bad,graded,,false,0.183629,
img_01920,main,unspecified,bad,published,0.0377,consensus=bad;level1=bad;level2=bad;level3=bad,graded,,false,0.023638,
img_01921,main,unspecified,usable,published,0.0367,consensus=usable;level1=good;level2=usable;level3=usable,graded,,true,0.642764,
img_01922,main,unspecified,usable,published,0.0386,consensus=usable;level1=usable;level2=usable;level3=usable,graded,,true,0.578280,
img_01923,main,unspecified,good,published,0.0367,consensus=good;level1=good;level2=good;level3=good,graded,,true,0.730568,
img_01925,main,unspecified,usable,published,0.0358,consensus=usable;level1=usable;level2=usable;level3=bad,graded,,false,0.162722,
img_01926,main,unspecified,usable,published,0.0377,consensus=usable;level1=usable;level2=bad;level3=usable,graded,,false,0.179922,
img_01927,main,unspecified,bad,published,0.0358,consensus=bad;level1=usable;level2=bad;level3=bad,graded,,false,0.298761,
img_01928,main,unspecified,bad,published,0.0358,consensus=bad;level1=bad;level2=bad;level3=bad,graded,,false,0.096141,
img_01930,main,unspecified,bad,published,0.0358,consensus=bad;level1=bad;level2=bad;level3=bad,graded,,false,0.005915,
img_01931,main,unspecified,bad,published,0.0358,consensus=bad;level1=bad;level2=bad;level3=bad,graded,,false,0.000925,
img_01932,main,unspecified,usable,published,0.0367,consensus=usable;level1=good;level2=usable;level3=usable,graded,,true,0.797421,
img_01933,main,unspecified,good,published,0.0358,consensus=good;level1=usable;level2=good;level3=good,graded,,true,0.856257,
img_01934,main,unspecified,usable,published,0.0358,consensus=usable;level1=good;level2=usable;level3=usable,graded,,true,0.527120,
img_01935,main,unspecified,bad,published,0.0386,consensus=bad;level1=bad;level2=bad;level3=bad,graded,,false,0.056727,
img_01937,main,unspecified,bad,published,0.0358,consensus=bad;level1=bad;level2=bad;level3=bad,graded,,false,0.006048,
img_01938,main,unspecified,bad,published,0.0358,consensus=bad;level1=bad;level2=bad;level3=bad,graded,,false,0.136360,
img_01940,main,unspecified,good,published,0.0377,consensus=good;level1=good;level2=good;level3=good,graded,,true,0.829601,
img_01941,main,unspecified,good,published,0.0358,consensus=good;level1=good;level2=good;level3=good,graded,,true,0.821684,
img_01942,main,unspecified,bad,published,0.0377,consensus=bad;level1=bad;level2=bad;level3=bad,graded,,false,0.009700,
img_01943,main,unspecified,usable,published,0.0377,consensus=usable;level1=usable;level2=usable;level3=bad,graded,,false,0.293728,
img_01944,main,unspecified,good,published,0.0362,consensus=good;level1=good;level2=good;level3=good,graded,,true,0.671356,
img_01945,main,unspecified,usable,published,0.0348,consensus=usable;level1=usable;level2=usable;level3=bad,graded,,true,0.521746,
img_01946,main,unspecified,usable,published,0.0367,consensus=usable;level1=usable;level2=usable;level3=bad,graded,,true,0.612620,
img_01947,main,unspecified,usable,published,0.0377,consensus=usable;level1=usable;level2=usable;level3=good,graded,,true,0.791060,
img_01948,main,unspecified,usable,published,0.0377,consensus=usable;level1=good;level2=usable;level3=usable,graded,,true,0.720564,
img_01949,main,unspecified,usable,published,0.0377,consensus=usable;level1=good;level2=usable;level3=usable,graded,,true,0.739378,
img_01950,main,unspecified,bad,published,0.0377,consensus=bad;level1=bad;level2=bad;level3=bad,graded,,false,0.061365,
img_01951,main,unspecified,bad,published,0.0377,consensus=bad;level1=bad;level2=bad;level3=bad,graded,,false,0.174454,
img_01952,main,unspecified,usable,published,0.0377,consensus=usable;level1=good;level2=usable;level3=usable,graded,,true,0.705067,
img_01953,main,unspecified,usable,published,0.0367,consensus=usable;level1=good;level2=usable;level3=usable,graded,,true,0.749294,
img_01954,main,unspecified,bad,published,0.0358,consensus=bad;level1=usable;level2=bad;level3=bad,graded,,false,0.294887,
img_01955,main,unspecified,bad,published,0.0377,consensus=bad;level1=usable;level2=bad;level3=bad,graded,,false,0.150769,
img_01956,main,unspecified,usable,published,0.0367,consensus=usable;level1=usable;level2=usable;level3=bad,graded,,true,0.504872,
img_01957,main,unspecified,bad,published,0.0377,consensus=bad;level1=usable;level2=bad;level3=bad,graded,,false,0.219885,
img_01960,main,unspecified,bad,published,0.0358,consensus=bad;level1=bad;level2=bad;level3=bad,graded,,false,0.213810,
img_01961,main,unspecified,bad,published,0.0377,consensus=bad;level1=usable;level2=bad;level3=bad,graded,,false,0.177309,
img_01962,main,unspecified,usable,published,0.0377,consensus=usable;level1=usable;level2=usable;level3=bad,graded,,false,0.280247,
img_01963,main,unspecified,usable,published,0.0386,consensus=usable;level1=good;level2=usable;level3=usable,graded,,false,0.365629,
img_01964,main,unspecified,usable,published,0.0377,consensus=usable;level1=usable;level2=good;level3=usable,graded,,true,0.701218,
img_01965,main,unspecified,good,published,0.0367,consensus=good;level1=good;level2=good;level3=usable,graded,,true,0.688646,
img_01966,main,unspecified,good,published,0.0367,consensus=good;level1=good;level2=good;level3=good,graded,,true,0.719620,
img_01968,main,unspecified,usable,published,0.0367,consensus=usable;level1=usable;level2=usable;level3=bad,graded,,false,0.183665,
img_01969,main,unspecified,good,published,0.0377,consensus=good;level1=good;level2=good;level3=good,graded,,true,0.534139,
img_01970,main,unspecified,usable,published,0.0348,consensus=usable;level1=good;level2=usable;level3=usable,graded,,false,0.222872,
img_01971,main,unspecified,good,published,0.0377,consensus=good;level1=good;level2=good;level3=good,graded,,true,0.759979,
img_01972,main,unspecified,good,published,0.0377,consensus=good;level1=good;level2=good;level3=good,graded,,true,0.680508,
img_01973,main,unspecified,bad,published,0.0367,consensus=bad;level1=bad;level2=bad;level3=bad,graded,,false,0.172264,
img_01974,main,unspecified,bad,published,0.0062,consensus=bad;level1=usable;level2=bad;level3=bad,graded,,false,0.351828,
img_01975,main,unspecified,bad,published,0.0377,consensus=bad;level1=usable;level2=bad;level3=bad,graded,,false,0.133689,
img_01976,main,unspecified,bad,published,0.0358,consensus=bad;level1=bad;level2=bad;level3=bad,graded,,false,0.017907,
img_01977,main,unspecified,bad,published,0.0358,consensus=bad;level1=bad;level2=bad;level3=bad,graded,,false,0.026189,
img_01978,main,unspecified,bad,published,0.0367,consensus=bad;level1=bad;level2=bad;level3=bad,graded,,false,0.130188,
img_01979,main,unspecified,bad,published,0.0377,consensus=bad;level1=bad;level2=bad;level3=bad,graded,,false,0.066462,
img_01981,main,unspecified,bad,published,0.0046,consensus=bad;level1=bad;level2=bad;level3=bad,graded,,false,0.013104,
img_01982,main,unspecified,bad,published,0.0061,consensus=bad;level1=bad;level2=bad;level3=bad,graded,,false,0.029559,
img_01983,main,unspecified,bad,published,0.0377,consensus=bad;level1=bad;level2=usable;level3=bad,graded,,false,0.197650,
img_01984,main,unspecified,bad,published,0.0358,consensus=bad;level1=bad;level2=usable;level3=bad,graded,,false,0.195484,
img_01985,main,unspecified,bad,published,0.0358,consensus=bad;level1=bad;level2=bad;level3=bad,graded,,false,0.001046,
img_01986,main,unspecified,usable,published,0.0377,consensus=usable;level1=usable;level2=usable;level3=bad,graded,,true,0.778378,
img_01987,main,unspecified,usable,published,0.0362,consensus=usable;level1=usable;level2=usable;level3=usable,graded,,true,0.706831,
img_01989,main,unspecified,bad,published,0.0367,consensus=bad;level1=bad;level2=bad;level3=bad,graded,,false,0.023314,
img_01990,main,unspecified,bad,published,0.0362,consensus=bad;level1=bad;level2=bad;level3=bad,graded,,false,0.015651,
img_01991,main,unspecified,bad,published,0.0358,consensus=bad;level1=bad;level2=bad;level3=bad,graded,,false,0.047887,
img_01993,main,unspecified,bad,published,0.0358,consensus=bad;level1=bad;level2=bad;level3=bad,graded,,false,0.059307,
img_01994,main,unspecified,good,published,0.0377,consensus=good;level1=good;level2=good;level3=good,graded,,true,0.820686,
img_01995,main,unspecified,good,published,0.0061,consensus=good;level1=good;level2=usable;level3=good,graded,,true,0.756905,
img_01996,main,unspecified,usable,published,0.0377,consensus=usable;level1=usable;level2=usable;level3=usable,graded,,false,0.349360,
img_01997,main,unspecified,usable,published,0.0367,consensus=usable;level1=usable;level2=usable;level3=bad,graded,,false,0.204123,
img_02000,main,unspecified,good,published,0.0377,consensus=good;level1=good;level2=good;level3=usable,graded,,true,0.727975,
img_02001,main,unspecified,good,published,0.0377,consensus=good;level1=good;level2=good;level3=good,graded,,true,0.807354,
img_02002,main,unspecified,good,published,0.0377,consensus=good;level1=good;level2=good;level3=good,graded,,true,0.805927,
img_02003,main,unspecified,good,published,0.0377,consensus=good;level1=good;level2=good;level3=usable,graded,,true,0.695185,
img_02004,main,unspecified,good,published,0.0358,consensus=good;level1=good;level2=good;level3=usable,graded,,true,0.752973,
img_02005,main,unspecified,bad,published,0.0377,consensus=bad;level1=usable;level2=bad;level3=bad,graded,,false,0.156110,
img_02006,main,unspecified,bad,published,0.0377,consensus=bad;level1=bad;level2=bad;level3=bad,graded,,false,0.027972,
img_02007,main,unspecified,usable,published,0.0367,consensus=usable;level1=usable;level2=usable;level3=bad,graded,,false,0.093705,
img_02008,main,unspecified,usable,published,0.0367,consensus=usable;level1=good;level2=usable;level3=usable,graded,,true,0.637565,
img_02009,main,unspecified,good,published,0.0377,consensus=good;level1=good;level2=good;level3=good,graded,,true,0.723074,
img_02010,main,unspecified,good,published,0.0367,consensus=good;level1=good;level2=good;level3=good,graded,,true,0.883121,
img_02011,main,unspecified,good,published,0.0377,consensus=good;level1=good;level2=good;level3=good,graded,,true,0.853396,
img_02012,main,unspecified,bad,published,0.0358,consensus=bad;level1=bad;level2=bad;level3=bad,graded,,false,0.077376,
img_02014,main,unspecified,bad,published,0.0367,consensus=bad;level1=bad;level2=bad;level3=bad,graded,,false,0.148703,
img_02015,main,unspecified,good,published,0.0367,consensus=good;level1=good;level2=good;level3=usable,graded,,true,0.762234,
img_02016,main,unspecified,bad,published,0.0377,consensus=bad;level1=bad;level2=bad;level3=bad,graded,,false,0.080656,
img_02017,main,unspecified,bad,published,0.0358,consensus=bad;level1=usable;level2=bad;level3=bad,graded,,false,0.191718,
img_02018,main,unspecified,usable,published,0.0358,consensus=usable;level1=usable;level2=usable;level3=usable,graded,,true,0.807064,
img_02019,main,unspecified,usable,published,0.0358,consensus=usable;level1=good;level2=usable;level3=usable,graded,,true,0.773327,
img_02020,main,unspecified,good,published,0.0377,consensus=good;level1=good;level2=good;level3=good,graded,,true,0.822462,
img_02021,main,unspecified,good,published,0.0377,consensus=good;level1=good;level2=good;level3=good,graded,,true,0.799978,
img_02022,main,unspecified,bad,published,0.0362,consensus=bad;level1=bad;level2=bad;level3=bad,graded,,false,0.038401,
img_02023,main,unspecified,usable,published,0.0051,consensus=usable;level1=usable;level2=usable;level3=usable,graded,,false,0.485084,
img_02024,main,unspecified,bad,published,0.0367,consensus=bad;level1=bad;level2=usable;level3=bad,graded,,false,0.231285,
img_02025,main,unspecified,usable,published,0.0061,consensus=usable;level1=usable;level2=usable;level3=bad,graded,,false,0.492882,
img_02026,main,unspecified,bad,published,0.0377,consensus=bad;level1=usable;level2=bad;level3=bad,graded,,false,0.321371,
img_02027,main,unspecified,bad,published,0.0367,consensus=bad;level1=bad;level2=bad;level3=bad,graded,,false,0.118832,
img_02031,main,unspecified,usable,published,0.0377,consensus=usable;level1=usable;level2=usable;level3=usable,graded,,true,0.525297,
img_02032,main,unspecified,usable,published,0.0377,consensus=usable;level1=usable;level2=usable;level3=usable,graded,,false,0.295960,
img_02033,main,unspecified,bad,published,0.0061,consensus=bad;level1=usable;level2=bad;level3=bad,graded,,false,0.145269,
img_02034,main,unspecified,usable,published,0.0377,consensus=usable;level1=usable;level2=good;level3=usable,graded,,false,0.232210,
img_02035,main,unspecified,usable,published,0.0367,consensus=usable;level1=usable;level2=usable;level3=usable,graded,,false,0.161487,
img_02036,main,unspecified,good,published,0.0358,consensus=good;level1=usable;level2=good;level3=good,graded,,true,0.807191,
img_02037,main,unspecified,good,published,0.0367,consensus=good;level1=good;level2=good;level3=good,graded,,true,0.763711,
img_02038,main,unspecified,bad,published,0.0348,consensus=bad;level1=usable;level2=bad;level3=bad,graded,,false,0.399339,
img_02039,main,unspecified,bad,published,0.0072,consensus=bad;level1=bad;level2=bad;level3=bad,graded,,false,0.079157,
img_02041,main,unspecified,usable,published,0.0051,consensus=usable;level1=usable;level2=usable;level3=usable,graded,,false,0.496421,
img_02042,main,unspecified,good,published,0.0377,consensus=good;level1=good;level2=good;level3=good,graded,,true,0.788496,
img_02043,main,unspecified,good,published,0.0377,consensus=good;level1=good;level2=good;level3=good,graded,,true,0.752329,
img_02044,main,unspecified,good,published,0.0377,consensus=good;level1=good;level2=good;level3=good,graded,,true,0.747163,
img_02045,main,unspecified,good,published,0.0377,consensus=good;level1=good;level2=good;level3=good,graded,,true,0.771437,
img_02046,main,unspecified,good,published,0.0377,consensus=good;level1=good;level2=good;level3=good,graded,,true,0.661034,
img_02047,main,unspecified,usable,published,0.0358,consensus=usable;level1=usable;level2=good;level3=usable,graded,,true,0.694516,
img_02048,main,unspecified,usable,published,0.0367,consensus=usable;level1=usable;level2=usable;level3=usable,graded,,true,0.517785,
img_02049,main,unspecified,bad,published,0.0367,consensus=bad;level1=bad;level2=bad;level3=bad,graded,,false,0.038125,
img_02050,main,unspecified,usable,published,0.0377,consensus=usable;level1=good;level2=usable;level3=usable,graded,,true,0.718928,
img_02051,main,unspecified,good,published,0.0367,consensus=good;level1=good;level2=good;level3=good,graded,,true,0.678282,
img_02052,main,unspecified,good,published,0.0367,consensus=good;level1=good;level2=good;level3=good,graded,,true,0.816650,
img_02053,main,unspecified,good,published,0.0377,consensus=good;level1=good;level2=good;level3=good,graded,,true,0.793760,
img_02054,main,unspecified,good,published,0.0386,consensus=good;level1=good;level2=good;level3=good,graded,,true,0.742902,
img_02055,main,unspecified,good,published,0.0367,consensus=good;level1=good;level2=usable;level3=good,graded,,true,0.670438,
img_02056,main,unspecified,bad,published,0.0377,consensus=bad;level1=usable;level2=bad;level3=bad,graded,,true,0.666518,
img_02057,main,unspecified,good,published,0.0377,consensus=good;level1=good;level2=bad;level3=good,graded,,true,0.846206,
img_02058,main,unspecified,good,published,0.0377,consensus=good;level1=good;level2=good;level3=good,graded,,true,0.749091,
img_02059,main,unspecified,good,published,0.0358,consensus=good;level1=good;level2=good;level3=good,graded,,true,0.756539,
img_02063,main,unspecified,usable,published,0.0377,consensus=usable;level1=usable;level2=bad;level3=usable,graded,,false,0.479642,
img_02064,main,unspecified,usable,published,0.0367,consensus=usable;level1=usable;level2=bad;level3=usable,graded,,true,0.528041,
img_02066,main,unspecified,good,published,0.0362,consensus=good;level1=good;level2=usable;level3=good,graded,,true,0.850903,
img_02067,main,unspecified,good,published,0.0358,consensus=good;level1=good;level2=good;level3=good,graded,,true,0.773644,
img_02068,main,unspecified,bad,published,0.0051,consensus=bad;level1=bad;level2=bad;level3=bad,graded,,false,0.057785,
img_02069,main,unspecified,bad,published,0.0051,consensus=bad;level1=bad;level2=bad;level3=bad,graded,,false,0.310699,
img_02070,main,unspecified,good,published,0.0377,consensus=good;level1=good;level2=good;level3=good,graded,,true,0.798784,
img_02071,main,unspecified,good,published,0.0386,consensus=good;level1=good;level2=good;level3=good,graded,,true,0.772457,
img_02072,main,unspecified,usable,published,0.0358,consensus=usable;level1=usable;level2=bad;level3=usable,graded,,true,0.542003,
img_02073,main,unspecified,usable,published,0.0386,consensus=usable;level1=usable;level2=usable;level3=usable,graded,,true,0.635187,
img_02074,main,unspecified,good,published,0.0377,consensus=good;level1=good;level2=good;level3=good,graded,,true,0.742161,
img_02075,main,unspecified,good,published,0.0367,consensus=good;level1=good;level2=good;level3=good,graded,,true,0.707958,
img_02077,main,unspecified,bad,published,0.0051,consensus=bad;level1=bad;level2=bad;level3=bad,graded,,false,0.150767,
img_02078,main,unspecified,bad,published,0.0051,consensus=bad;level1=bad;level2=bad;level3=bad,graded,,false,0.228163,
img_02079,main,unspecified,usable,published,0.0358,consensus=usable;level1=usable;level2=good;level3=usable,graded,,false,0.392702,
img_02080,main,unspecified,bad,published,0.0358,consensus=bad;level1=usable;level2=bad;level3=bad,graded,,false,0.267482,
img_02081,main,unspecified,usable,published,0.0358,consensus=usable;level1=good;level2=usable;level3=usable,graded,,true,0.680864,
img_02082,main,unspecified,good,published,0.0386,consensus=good;level1=good;level2=usable;level3=good,graded,,true,0.601332,
img_02083,main,unspecified,good,published,0.0358,consensus=good;level1=good;level2=usable;level3=good,graded,,true,0.538658,
img_02085,main,unspecified,bad,published,0.0386,consensus=bad;level1=bad;level2=bad;level3=bad,graded,,false,0.009641,
img_02086,main,unspecified,good,published,0.0381,consensus=good;level1=good;level2=usable;level3=good,graded,,true,0.618266,
img_02089,main,unspecified,usable,published,0.0377,consensus=usable;level1=usable;level2=usable;level3=good,graded,,false,0.203257,
img_02094,main,unspecified,usable,published,0.0377,consensus=usable;level1=usable;level2=usable;level3=usable,graded,,false,0.237972,
img_02095,main,unspecified,bad,published,0.0358,consensus=bad;level1=bad;level2=bad;level3=bad,graded,,false,0.037899,
img_02096,main,unspecified,bad,published,0.0358,consensus=bad;level1=bad;level2=bad;level3=bad,graded,,false,0.016361,
img_02097,main,unspecified,good,published,0.0386,consensus=good;level1=good;level2=usable;level3=good,graded,,true,0.785549,
img_02098,main,unspecified,bad,published,0.0386,consensus=bad;level1=bad;level2=bad;level3=bad,graded,,false,0.049208,
img_02099,main,unspecified,bad,published,0.0051,consensus=bad;level1=bad;level2=bad;level3=bad,graded,,false,0.043678,
img_02100,main,unspecified,bad,published,0.0061,consensus=bad;level1=usable;level2=bad;level3=bad,graded,,false,0.295998,
img_02101,main,unspecified,usable,published,0.0377,consensus=usable;level1=usable;level2=usable;level3=bad,graded,,false,0.276492,
img_02102,main,unspecified,usable,published,0.0046,consensus=usable;level1=usable;level2=usable;level3=bad,graded,,false,0.198710,
img_02103,main,unspecified,good,published,0.0377,consensus=good;level1=usable;level2=good;level3=good,graded,,true,0.630554,
img_02104,main,unspecified,usable,published,0.0358,consensus=usable;level1=usable;level2=usable;level3=bad,graded,,false,0.336313,
img_02106,main,unspecified,bad,published,0.0377,consensus=bad;level1=bad;level2=bad;level3=bad,graded,,false,0.045472,
img_02107,main,unspecified,usable,published,0.0358,consensus=usable;level1=usable;level2=usable;level3=bad,graded,,true,0.543205,
img_02108,main,unspecified,usable,published,0.0358,consensus=usable;level1=usable;level2=usable;level3=bad,graded,,true,0.528688,
img_02110,main,unspecified,bad,published,0.0362,consensus=bad;level1=bad;level2=bad;level3=bad,graded,,false,0.053750,
img_02111,main,unspecified,bad,published,0.0362,consensus=bad;level1=bad;level2=bad;level3=bad,graded,,false,0.013704,
img_02112,main,unspecified,bad,published,0.0381,consensus=bad;level1=bad;level2=bad;level3=bad,graded,,false,0.135683,
img_02113,main,unspecified,usable,published,0.0367,consensus=usable;level1=good;level2=usable;level3=usable,graded,,true,0.771871,
img_02114,main,unspecified,bad,published,0.0358,consensus=bad;level1=bad;level2=usable;level3=bad,graded,,false,0.304620,
img_02115,main,unspecified,usable,published,0.0386,consensus=usable;level1=usable;level2=usable;level3=bad,graded,,false,0.166737,
img_02117,main,unspecified,bad,published,0.0051,consensus=bad;level1=bad;level2=bad;level3=bad,graded,,false,0.037109,
img_02118,main,unspecified,bad,published,0.0358,consensus=bad;level1=usable;level2=bad;level3=bad,graded,,false,0.135142,
img_02119,main,unspecified,bad,published,0.0377,consensus=bad;level1=bad;level2=bad;level3=bad,graded,,false,0.043838,
img_02121,main,unspecified,usable,published,0.0367,consensus=usable;level1=usable;level2=usable;level3=bad,graded,,false,0.384012,
img_02122,main,unspecified,bad,published,0.0377,consensus=bad;level1=bad;level2=usable;level3=bad,graded,,false,0.050092,
img_02123,main,unspecified,bad,published,0.0367,consensus=bad;level1=bad;level2=bad;level3=bad,graded,,false,0.023840,
img_02124,main,unspecified,bad,published,0.0061,consensus=bad;level1=bad;level2=bad;level3=bad,graded,,false,0.044672,
img_02125,main,unspecified,bad,published,0.0051,consensus=bad;level1=bad;level2=bad;level3=bad,graded,,false,0.048566,
img_02127,main,unspecified,good,published,0.0377,consensus=good;level1=good;level2=good;level3=usable,graded,,true,0.825859,
img_02128,main,unspecified,usable,published,0.0358,consensus=usable;level1=usable;level2=usable;level3=bad,graded,,true,0.574965,
img_02129,main,unspecified,usable,published,0.0377,consensus=usable;level1=usable;level2=usable;level3=usable,graded,,true,0.597049,
img_02130,main,unspecified,usable,published,0.0377,consensus=usable;level1=good;level2=usable;level3=usable,graded,,true,0.557290,
img_02132,main,unspecified,usable,published,0.0348,consensus=usable;level1=usable;level2=usable;level3=bad,graded,,false,0.172535,
img_02133,main,unspecified,usable,published,0.0377,consensus=usable;level1=usable;level2=usable;level3=bad,graded,,false,0.157546,
img_02134,main,unspecified,good,published,0.0377,consensus=good;level1=good;level2=good;level3=good,graded,,true,0.844213,
img_02135,main,unspecified,good,published,0.0377,consensus=good;level1=good;level2=good;level3=usable,graded,,true,0.776041,
img_02136,main,unspecified,good,published,0.0377,consensus=good;level1=good;level2=good;level3=good,graded,,true,0.837738,
img_02137,main,unspecified,good,published,0.0377,consensus=good;level1=good;level2=good;level3=good,graded,,true,0.789298,
img_02138,main,unspecified,bad,published,0.0358,consensus=bad;level1=usable;level2=bad;level3=bad,graded,,false,0.228933,
img_02139,main,unspecified,bad,published,0.0377,consensus=bad;level1=usable;level2=bad;level3=bad,graded,,false,0.432976,
img_02140,main,unspecified,bad,published,0.0348,consensus=bad;level1=usable;level2=bad;level3=bad,graded,,false,0.254680,
img_02141,main,unspecified,bad,published,0.0367,consensus=bad;level1=usable;level2=bad;level3=bad,graded,,false,0.168644,
img_02142,main,unspecified,good,published,0.0386,consensus=good;level1=good;level2=usable;level3=good,graded,,true,0.690347,
img_02143,main,unspecified,good,published,0.0377,consensus=good;level1=good;level2=good;level3=good,graded,,true,0.779028,
img_02144,main,unspecified,usable,published,0.0377,consensus=usable;level1=usable;level2=usable;level3=usable,graded,,true,0.666965,
img_02145,main,unspecified,usable,published,0.0377,consensus=usable;level1=usable;level2=usable;level3=usable,graded,,true,0.684503,
img_02146,main,unspecified,good,published,0.0377,consensus=good;level1=good;level2=good;level3=good,graded,,true,0.690891,
img_02147,main,unspecified,usable,published,0.0358,consensus=usable;level1=usable;level2=usable;level3=bad,graded,,false,0.376293,
img_02148,main,unspecified,good,published,0.0377,consensus=good;level1=good;level2=good;level3=good,graded,,true,0.524702,
img_02149,main,unspecified,good,published,0.0358,consensus=good;level1=good;level2=good;level3=good,graded,,true,0.685572,
img_02150,main,unspecified,bad,published,0.0051,consensus=bad;level1=bad;level2=bad;level3=bad,graded,,false,0.022917,
img_02151,main,unspecified,bad,published,0.0056,consensus=bad;level1=bad;level2=bad;level3=bad,graded,,false,0.040336,
img_02152,main,unspecified,good,published,0.0367,consensus=good;level1=good;level2=usable;level3=good,graded,,true,0.786777,
img_02153,main,unspecified,good,published,0.0377,consensus=good;level1=good;level2=good;level3=usable,graded,,true,0.629655,
img_02156,main,unspecified,bad,published,0.0367,consensus=bad;level1=bad;level2=bad;level3=bad,graded,,false,0.005769,
img_02157,main,unspecified,bad,published,0.0367,consensus=bad;level1=bad;level2=bad;level3=bad,graded,,false,0.007273,
img_02158,main,unspecified,bad,published,0.0056,consensus=bad;level1=bad;level2=bad;level3=bad,graded,,false,0.016461,
img_02159,main,unspecified,bad,published,0.0056,consensus=bad;level1=bad;level2=bad;level3=usable,graded,,false,0.066789,
img_02160,main,unspecified,usable,published,0.0358,consensus=usable;level1=usable;level2=usable;level3=bad,graded,,false,0.328036,
img_02161,main,unspecified,usable,published,0.0358,consensus=usable;level1=usable;level2=usable;level3=bad,graded,,false,0.209316,
img_02162,main,unspecified,bad,published,0.0377,consensus=bad;level1=usable;level2=bad;level3=bad,graded,,false,0.194325,
img_02163,main,unspecified,bad,published,0.0358,consensus=bad;level1=bad;level2=bad;level3=bad,graded,,false,0.022176,
img_02164,main,unspecified,bad,published,0.0051,consensus=bad;level1=bad;level2=bad;level3=bad,graded,,false,0.014148,
img_02165,main,unspecified,usable,published,0.0377,consensus=usable;level1=usable;level2=usable;level3=bad,graded,,false,0.461407,
img_02166,main,unspecified,usable,published,0.0377,consensus=usable;level1=usable;level2=usable;level3=bad,graded,,false,0.234291,
img_02167,main,unspecified,usable,published,0.0367,consensus=usable;level1=good;level2=usable;level3=usable,graded,,false,0.473948,
img_02168,main,unspecified,bad,published,0.0362,consensus=bad;level1=usable;level2=bad;level3=bad,graded,,false,0.457073,
img_02169,main,unspecified,bad,published,0.0358,consensus=bad;level1=bad;level2=bad;level3=bad,graded,,false,0.006492,
img_02170,main,unspecified,bad,published,0.0358,consensus=bad;level1=bad;level2=bad;level3=bad,graded,,false,0.117244,
img_02171,main,unspecified,usable,published,0.0358,consensus=usable;level1=good;level2=usable;level3=usable,graded,,true,0.685150,
img_02175,main,unspecified,usable,published,0.0377,consensus=usable;level1=good;level2=usable;level3=usable,graded,,true,0.695550,
img_02176,main,unspecified,usable,published,0.0377,consensus=usable;level1=usable;level2=usable;level3=usable,graded,,false,0.470072,
img_02177,main,unspecified,usable,published,0.0358,consensus=usable;level1=usable;level2=usable;level3=usable,graded,,false,0.190632,
img_02178,main,unspecified,good,published,0.0377,consensus=good;level1=good;level2=usable;level3=good,graded,,true,0.609940,
img_02179,main,unspecified,good,published,0.0358,consensus=good;level1=good;level2=good;level3=good,graded,,true,0.661819,
img_02180,main,unspecified,usable,published,0.0367,consensus=usable;level1=usable;level2=good;level3=usable,graded,,true,0.703519,
img_02181,main,unspecified,good,published,0.0386,consensus=good;level1=good;level2=good;level3=usable,graded,,true,0.586509,
img_02183,main,unspecified,usable,published,0.0358,consensus=usable;level1=usable;level2=usable;level3=usable,graded,,false,0.435431,
img_02184,main,unspecified,usable,published,0.0377,consensus=usable;level1=usable;level2=usable;level3=usable,graded,,true,0.725051,
img_02185,main,unspecified,usable,published,0.0358,consensus=usable;level1=usable;level2=usable;level3=bad,graded,,false,0.252876,
img_02186,main,unspecified,usable,published,0.0358,consensus=usable;level1=usable;level2=usable;level3=bad,graded,,false,0.278186,
img_02187,main,unspecified,usable,published,0.0051,consensus=usable;level1=usable;level2=usable;level3=usable,graded,,true,0.570819,
img_02188,main,unspecified,usable,published,0.0061,consensus=usable;level1=usable;level2=usable;level3=usable,graded,,true,0.613320,
img_02189,main,unspecified,bad,published,0.0051,consensus=bad;level1=bad;level2=bad;level3=bad,graded,,false,0.090987,
img_02190,main,unspecified,bad,published,0.0367,consensus=bad;level1=bad;level2=bad;level3=bad,graded,,false,0.054705,
img_02191,main,unspecified,usable,published,0.0358,consensus=usable;level1=usable;level2=usable;level3=bad,graded,,false,0.466798,
img_02192,main,unspecified,usable,published,0.0358,consensus=usable;level1=usable;level2=usable;level3=bad,graded,,false,0.458040,
img_02193,main,unspecified,bad,published,0.0367,consensus=bad;level1=usable;level2=bad;level3=bad,graded,,false,0.236147,
img_02194,main,unspecified,bad,published,0.0377,consensus=bad;level1=usable;level2=bad;level3=bad,graded,,false,0.305637,
img_02195,main,unspecified,usable,published,0.0358,consensus=usable;level1=usable;level2=usable;level3=usable,graded,,false,0.424745,
img_02196,main,unspecified,bad,published,0.0358,consensus=bad;level1=bad;level2=bad;level3=bad,graded,,false,0.033496,
img_02197,main,unspecified,good,published,0.0377,consensus=good;level1=good;level2=good;level3=good,graded,,true,0.805966,
img_02198,main,unspecified,usable,published,0.0358,consensus=usable;level1=usable;level2=usable;level3=bad,graded,,false,0.165329,
img_02199,main,unspecified,bad,published,0.0051,consensus=bad;level1=bad;level2=bad;level3=bad,graded,,false,0.069031,
img_02201,main,unspecified,good,published,0.0367,consensus=good;level1=good;level2=good;level3=good,graded,,true,0.744690,
img_02202,main,unspecified,good,published,0.0377,consensus=good;level1=good;level2=good;level3=good,graded,,true,0.748995,
img_02203,main,unspecified,good,published,0.0367,consensus=good;level1=good;level2=good;level3=good,graded,,true,0.799506,
img_02204,main,unspecified,good,published,0.0377,consensus=good;level1=good;level2=good;level3=good,graded,,true,0.790430,
img_02205,main,unspecified,usable,published,0.0367,consensus=usable;level1=usable;level2=usable;level3=bad,graded,,false,0.357039,
img_02206,main,unspecified,bad,published,0.0338,consensus=bad;level1=bad;level2=bad;level3=bad,graded,,false,0.079877,
img_02207,main,unspecified,bad,published,0.0061,consensus=bad;level1=usable;level2=bad;level3=bad,graded,,false,0.352477,
img_02208,main,unspecified,bad,published,0.0061,consensus=bad;level1=usable;level2=bad;level3=bad,graded,,false,0.174356,
img_02209,main,unspecified,bad,published,0.0358,consensus=bad;level1=usable;level2=bad;level3=bad,graded,,true,0.544406,
img_02210,main,unspecified,bad,published,0.0061,consensus=bad;level1=bad;level2=bad;level3=bad,graded,,false,0.444485,
img_02211,main,unspecified,bad,published,0.0358,consensus=bad;level1=usable;level2=bad;level3=bad,graded,,false,0.113402,
img_02213,main,unspecified,bad,published,0.0362,consensus=bad;level1=bad;level2=bad;level3=bad,graded,,false,0.012498,
img_02214,main,unspecified,good,published,0.0367,consensus=good;level1=good;level2=good;level3=good,graded,,true,0.789115,
img_02215,main,unspecified,good,published,0.0377,consensus=good;level1=good;level2=good;level3=good,graded,,true,0.775594,
img_02217,main,unspecified,bad,published,0.0051,consensus=bad;level1=bad;level2=bad;level3=bad,graded,,false,0.079460,
img_02218,main,unspecified,bad,published,0.0358,consensus=bad;level1=bad;level2=bad;level3=bad,graded,,false,0.064003,
img_02219,main,unspecified,bad,published,0.0362,consensus=bad;level1=bad;level2=bad;level3=bad,graded,,false,0.003462,
img_02220,main,unspecified,bad,published,0.0377,consensus=bad;level1=bad;level2=bad;level3=bad,graded,,false,0.051286,
img_02221,main,unspecified,bad,published,0.0358,consensus=bad;level1=usable;level2=bad;level3=bad,graded,,false,0.438384,
img_02222,main,unspecified,bad,published,0.0358,consensus=bad;level1=usable;level2=bad;level3=bad,graded,,false,0.354333,
img_02223,main,unspecified,bad,published,0.0367,consensus=bad;level1=usable;level2=bad;level3=bad,graded,,false,0.244845,
img_02224,main,unspecified,usable,published,0.0358,consensus=usable;level1=usable;level2=usable;level3=usable,graded,,true,0.841467,
img_02225,main,unspecified,usable,published,0.0367,consensus=usable;level1=usable;level2=usable;level3=usable,graded,,false,0.050428,
img_02226,main,unspecified,usable,published,0.0377,consensus=usable;level1=usable;level2=usable;level3=usable,graded,,false,0.085273,
img_02227,main,unspecified,good,published,0.0367,consensus=good;level1=good;level2=good;level3=good,graded,,true,0.814497,
img_02228,main,unspecified,good,published,0.0358,consensus=good;level1=good;level2=good;level3=good,graded,,true,0.747848,
img_02229,main,unspecified,bad,published,0.0051,consensus=bad;level1=usable;level2=bad;level3=bad,graded,,false,0.259620,
img_02230,main,unspecified,bad,published,0.0278,consensus=bad;level1=bad;level2=bad;level3=bad,graded,,false,0.176271,
img_02231,main,unspecified,usable,published,0.0358,consensus=usable;level1=good;level2=usable;level3=usable,graded,,true,0.783725,
img_02232,main,unspecified,bad,published,0.0358,consensus=bad;level1=bad;level2=bad;level3=bad,graded,,false,0.044561,
img_02233,main,unspecified,good,published,0.0358,consensus=good;level1=good;level2=good;level3=usable,graded,,true,0.568840,
img_02234,main,unspecified,good,published,0.0377,consensus=good;level1=good;level2=good;level3=good,graded,,true,0.524448,
img_02235,main,unspecified,bad,published,0.0377,consensus=bad;level1=usable;level2=bad;level3=bad,graded,,false,0.264736,
img_02237,main,unspecified,usable,published,0.0358,consensus=usable;level1=usable;level2=usable;level3=usable,graded,,true,0.761748,
img_02249,main,unspecified,bad,published,0.0358,consensus=bad;level1=bad;level2=bad;level3=bad,graded,,false,0.017230,
img_02269,main,unspecified,bad,published,0.0377,consensus=bad;level1=bad;level2=bad;level3=bad,graded,,false,0.045684,
img_02282,main,unspecified,bad,published,0.0386,consensus=bad;level1=bad;level2=bad;level3=bad,graded,,false,0.171576,
img_02283,main,unspecified,bad,published,0.0062,consensus=bad;level1=bad;level2=bad;level3=bad,graded,,false,0.176722,
img_02285,main,unspecified,bad,published,0.0358,consensus=bad;level1=bad;level2=bad;level3=bad,graded,,false,0.041639,
img_02290,main,unspecified,bad,published,0.0041,consensus=bad;level1=bad;level2=usable;level3=bad,graded,,false,0.150354,
img_02291,main,unspecified,usable,published,0.0051,consensus=usable;level1=good;level2=usable;level3=usable,graded,,true,0.654604,
img_02292,main,unspecified,usable,published,0.0377,consensus=usable;level1=usable;level2=usable;level3=bad,graded,,false,0.089294,
img_02293,main,unspecified,bad,published,0.0377,consensus=bad;level1=bad;level2=bad;level3=bad,graded,,false,0.021074,
img_02294,main,unspecified,bad,published,0.0377,consensus=bad;level1=bad;level2=bad;level3=bad,graded,,false,0.022379,
img_02295,main,unspecified,bad,published,0.0367,consensus=bad;level1=bad;level2=usable;level3=bad,graded,,false,0.189192,
img_02296,main,unspecified,bad,published,0.0381,consensus=bad;level1=usable;level2=bad;level3=bad,graded,,false,0.195292,
img_02297,main,unspecified,bad,published,0.0358,consensus=bad;level1=bad;level2=bad;level3=bad,graded,,false,0.157405,
img_02299,main,unspecified,usable,published,0.0051,consensus=usable;level1=usable;level2=bad;level3=usable,graded,,false,0.381872,
img_02301,main,unspecified,good,published,0.0367,consensus=good;level1=good;level2=good;level3=good,graded,,true,0.795161,
img_02302,main,unspecified,good,published,0.0377,consensus=good;level1=good;level2=good;level3=good,graded,,true,0.776722,
img_02303,main,unspecified,bad,published,0.0377,consensus=bad;level1=usable;level2=bad;level3=bad,graded,,false,0.285157,
img_02304,main,unspecified,bad,published,0.0377,consensus=bad;level1=usable;level2=bad;level3=bad,graded,,false,0.122727,
img_02305,main,unspecified,usable,published,0.0377,consensus=usable;level1=usable;level2=usable;level3=usable,graded,,false,0.462158,
img_02306,main,unspecified,bad,published,0.0377,consensus=bad;level1=bad;level2=bad;level3=bad,graded,,false,0.129084,
img_02307,main,unspecified,bad,published,0.0377,consensus=bad;level1=bad;level2=bad;level3=bad,graded,,false,0.008961,
img_02308,main,unspecified,bad,published,0.0061,consensus=bad;level1=usable;level2=bad;level3=bad,graded,,false,0.238897,
img_02309,main,unspecified,bad,published,0.0061,consensus=bad;level1=bad;level2=bad;level3=bad,graded,,false,0.059770,
img_02310,main,unspecified,bad,published,0.0046,consensus=bad;level1=bad;level2=bad;level3=bad,graded,,false,0.015285,
img_02311,main,unspecified,bad,published,0.0358,consensus=bad;level1=bad;level2=bad;level3=bad,graded,,false,0.006331,
img_02312,main,unspecified,bad,published,0.0367,consensus=bad;level1=bad;level2=bad;level3=bad,graded,,false,0.177001,
img_02313,main,unspecified,usable,published,0.0367,consensus=usable;level1=usable;level2=usable;level3=bad,graded,,false,0.480404,
img_02314,main,unspecified,usable,published,0.0367,consensus=usable;level1=usable;level2=usable;level3=bad,graded,,false,0.442985,
img_02315,main,unspecified,usable,published,0.0377,consensus=usable;level1=good;level2=usable;level3=usable,graded,,true,0.526174,
img_02316,main,unspecified,good,published,0.0377,consensus=good;level1=good;level2=good;level3=good,graded,,true,0.768932,
img_02317,main,unspecified,good,published,0.0358,consensus=good;level1=good;level2=good;level3=good,graded,,true,0.788807,
img_02318,main,unspecified,good,published,0.0377,consensus=good;level1=good;level2=good;level3=usable,graded,,true,0.651366,
img_02319,main,unspecified,good,published,0.0367,consensus=good;level1=good;level2=good;level3=usable,graded,,false,0.471919,
img_02320,main,unspecified,good,published,0.0377,consensus=good;level1=good;level2=good;level3=good,graded,,true,0.832221,
img_02321,main,unspecified,good,published,0.0367,consensus=good;level1=good;level2=good;level3=good,graded,,true,0.821866,
img_02322,main,unspecified,good,published,0.0358,consensus=good;level1=good;level2=good;level3=usable,graded,,true,0.628527,
img_02323,main,unspecified,bad,published,0.0377,consensus=bad;level1=bad;level2=bad;level3=bad,graded,,false,0.039128,
img_02324,main,unspecified,bad,published,0.0367,consensus=bad;level1=usable;level2=bad;level3=bad,graded,,false,0.274274,
img_02325,main,unspecified,bad,published,0.0358,consensus=bad;level1=bad;level2=bad;level3=bad,graded,,false,0.058285,
img_02326,main,unspecified,bad,published,0.0362,consensus=bad;level1=bad;level2=bad;level3=bad,graded,,false,0.070492,
img_02327,main,unspecified,bad,published,0.0358,consensus=bad;level1=bad;level2=bad;level3=bad,graded,,false,0.083695,
img_02328,main,unspecified,bad,published,0.0358,consensus=bad;level1=bad;level2=bad;level3=bad,graded,,false,0.014834,
img_02329,main,unspecified,usable,published,0.0358,consensus=usable;level1=usable;level2=usable;level3=bad,graded,,false,0.406617,
img_02330,main,unspecified,bad,published,0.0377,consensus=bad;level1=usable;level2=bad;level3=bad,graded,,false,0.212207,
img_02331,main,unspecified,usable,published,0.0358,consensus=usable;level1=usable;level2=usable;level3=bad,graded,,false,0.411458,
img_02332,main,unspecified,usable,published,0.0358,consensus=usable;level1=usable;level2=usable;level3=bad,graded,,false,0.092032,
img_02333,main,unspecified,bad,published,0.0367,consensus=bad;level1=bad;level2=usable;level3=bad,graded,,false,0.031671,
img_02334,main,unspecified,good,published,0.0358,consensus=good;level1=good;level2=good;level3=good,graded,,true,0.850022,
img_02335,main,unspecified,good,published,0.0358,consensus=good;level1=good;level2=good;level3=good,graded,,true,0.848872,
img_02336,main,unspecified,usable,published,0.0367,consensus=usable;level1=usable;level2=usable;level3=usable,graded,,true,0.781566,
img_02337,main,unspecified,usable,published,0.0367,consensus=usable;level1=good;level2=usable;level3=usable,graded,,true,0.609045,
img_02338,main,unspecified,bad,published,0.0061,consensus=bad;level1=bad;level2=bad;level3=bad,graded,,false,0.258501,
img_02339,main,unspecified,bad,published,0.0061,consensus=bad;level1=bad;level2=bad;level3=bad,graded,,false,0.108529,
img_02340,main,unspecified,bad,published,0.0358,consensus=bad;level1=bad;level2=bad;level3=bad,graded,,false,0.001783,
img_02342,main,unspecified,bad,published,0.0362,consensus=bad;level1=bad;level2=bad;level3=bad,graded,,false,0.001246,
img_02343,main,unspecified,bad,published,0.0041,consensus=bad;level1=bad;level2=bad;level3=bad,graded,,false,0.052399,
img_02344,main,unspecified,bad,published,0.0051,consensus=bad;level1=bad;level2=bad;level3=bad,graded,,false,0.077969,
img_02345,main,unspecified,good,published,0.0377,consensus=good;level1=good;level2=good;level3=good,graded,,true,0.749443,
img_02346,main,unspecified,good,published,0.0358,consensus=good;level1=good;level2=good;level3=usable,graded,,true,0.546238,
img_02347,main,unspecified,bad,published,0.0358,consensus=bad;level1=bad;level2=bad;level3=bad,graded,,false,0.032109,
img_02358,main,unspecified,bad,published,0.0051,consensus=bad;level1=usable;level2=bad;level3=bad,graded,,false,0.195774,
img_02368,main,unspecified,usable,published,0.0367,consensus=usable;level1=usable;level2=usable;level3=usable,graded,,true,0.600291,
img_02369,main,unspecified,good,published,0.0358,consensus=good;level1=good;level2=good;level3=good,graded,,true,0.776415,
img_02371,main,unspecified,good,published,0.0367,consensus=good;level1=good;level2=good;level3=good,graded,,true,0.636722,
img_02372,main,unspecified,good,published,0.0367,consensus=good;level1=good;level2=good;level3=good,graded,,true,0.752373,
img_02373,main,unspecified,good,published,0.0377,consensus=good;level1=good;level2=good;level3=good,graded,,true,0.734432,
img_02374,main,unspecified,bad,published,0.0348,consensus=bad;level1=bad;level2=bad;level3=bad,graded,,false,0.004898,
img_02375,main,unspecified,usable,published,0.0377,consensus=usable;level1=usable;level2=usable;level3=bad,graded,,false,0.436599,
img_02376,main,unspecified,usable,published,0.0377,consensus=usable;level1=usable;level2=usable;level3=bad,graded,,true,0.572148,
img_02378,main,unspecified,bad,published,0.0476,consensus=bad;level1=bad;level2=usable;level3=bad,graded,,false,0.033240,
img_02382,main,unspecified,bad,published,0.0362,consensus=bad;level1=bad;level2=bad;level3=bad,graded,,false,0.003470,
img_02387,main,unspecified,usable,published,0.0358,consensus=usable;level1=usable;level2=usable;level3=usable,graded,,true,0.707492,
img_02389,main,unspecified,bad,published,0.0358,consensus=bad;level1=bad;level2=bad;level3=bad,graded,,false,0.197320,
img_02390,main,unspecified,usable,published,0.0367,consensus=usable;level1=usable;level2=usable;level3=usable,graded,,true,0.736742,
img_02391,main,unspecified,bad,published,0.0367,consensus=bad;level1=bad;level2=bad;level3=bad,graded,,false,0.190927,
img_02392,main,unspecified,bad,published,0.0367,consensus=bad;level1=bad;level2=bad;level3=bad,graded,,false,0.077120,
img_02393,main,unspecified,bad,published,0.0367,consensus=bad;level1=bad;level2=bad;level3=bad,graded,,false,0.310546,
img_02394,main,unspecified,bad,published,0.0377,consensus=bad;level1=bad;level2=usable;level3=bad,graded,,false,0.397259,
img_02395,main,unspecified,usable,published,0.0377,consensus=usable;level1=usable;level2=good;level3=usable,graded,,false,0.474979,
img_02396,main,unspecified,usable,published,0.0386,consensus=usable;level1=usable;level2=good;level3=usable,graded,,true,0.556356,
img_02397,main,unspecified,usable,published,0.0377,consensus=usable;level1=usable;level2=usable;level3=usable,graded,,true,0.768864,
img_02398,main,unspecified,usable,published,0.0358,consensus=usable;level1=good;level2=usable;level3=usable,graded,,true,0.786556,
img_02399,main,unspecified,bad,published,0.0377,consensus=bad;level1=usable;level2=bad;level3=bad,graded,,false,0.180216,
img_02400,main,unspecified,bad,published,0.0072,consensus=bad;level1=usable;level2=bad;level3=bad,graded,,false,0.184971,
img_02404,main,unspecified,usable,published,0.0377,consensus=usable;level1=usable;level2=usable;level3=bad,graded,,false,0.250486,
img_02405,main,unspecified,bad,published,0.0358,consensus=bad;level1=usable;level2=bad;level3=bad,graded,,false,0.270909,
img_02406,main,unspecified,bad,published,0.0377,consensus=bad;level1=bad;level2=bad;level3=bad,graded,,false,0.039615,
img_02407,main,unspecified,bad,published,0.0377,consensus=bad;level1=bad;level2=bad;level3=bad,graded,,false,0.072126,
img_02408,main,unspecified,good,published,0.0367,consensus=good;level1=good;level2=good;level3=good,graded,,true,0.779354,
img_02420,main,unspecified,usable,published,0.0377,consensus=usable;level1=usable;level2=usable;level3=bad,graded,,true,0.584193,
img_02421,main,unspecified,usable,published,0.0348,consensus=usable;level1=usable;level2=usable;level3=bad,graded,,true,0.622489,
img_02427,main,unspecified,good,published,0.0377,consensus=good;level1=good;level2=good;level3=good,graded,,true,0.758322,
img_02428,main,unspecified,good,published,0.0377,consensus=good;level1=good;level2=good;level3=good,graded,,true,0.686948,
img_02429,main,unspecified,usable,published,0.0358,consensus=usable;level1=usable;level2=usable;level3=usable,graded,,true,0.667613,
img_02431,main,unspecified,usable,published,0.0377,consensus=usable;level1=usable;level2=usable;level3=usable,graded,,false,0.434226,
img_02433,main,unspecified,good,published,0.0377,consensus=good;level1=good;level2=usable;level3=good,graded,,true,0.770047,
img_02434,main,unspecified,bad,published,0.0358,consensus=bad;level1=bad;level2=bad;level3=bad,graded,,false,0.010221,
img_02435,main,unspecified,bad,published,0.0377,consensus=bad;level1=bad;level2=bad;level3=bad,graded,,false,0.003973,
img_02436,main,unspecified,bad,published,0.0367,consensus=bad;level1=bad;level2=bad;level3=bad,graded,,false,0.163393,
img_02437,main,unspecified,bad,published,0.0367,consensus=bad;level1=bad;level2=bad;level3=bad,graded,,false,0.124241,
img_02438,main,unspecified,usable,published,0.0377,consensus=usable;level1=usable;level2=bad;level3=usable,graded,,false,0.146476,
img_02439,main,unspecified,bad,published,0.0358,consensus=bad;level1=bad;level2=bad;level3=bad,graded,,false,0.082385,
img_02440,main,unspecified,bad,published,0.0061,consensus=bad;level1=bad;level2=good;level3=bad,graded,,true,0.529140,
img_02441,main,unspecified,bad,published,0.0062,consensus=bad;level1=bad;level2=usable;level3=bad,graded,,false,0.460606,
img_02442,main,unspecified,usable,published,0.0358,consensus=usable;level1=good;level2=usable;level3=usable,graded,,true,0.602296,
img_02443,main,unspecified,usable,published,0.0377,consensus=usable;level1=usable;level2=usable;level3=usable,graded,,true,0.532391,
img_02444,main,unspecified,bad,published,0.0358,consensus=bad;level1=bad;level2=bad;level3=bad,graded,,false,0.004881,
img_02445,main,unspecified,bad,published,0.0358,consensus=bad;level1=bad;level2=bad;level3=bad,graded,,false,0.013701,
img_02446,main,unspecified,good,published,0.0367,consensus=good;level1=good;level2=good;level3=good,graded,,true,0.757771,
img_02447,main,unspecified,good,published,0.0377,consensus=good;level1=good;level2=good;level3=good,graded,,true,0.736890,
img_02448,main,unspecified,usable,published,0.0367,consensus=usable;level1=usable;level2=usable;level3=bad,graded,,false,0.246536,
img_02449,main,unspecified,good,published,0.0358,consensus=good;level1=good;level2=good;level3=usable,graded,,false,0.168961,
img_02450,main,unspecified,bad,published,0.0362,consensus=bad;level1=bad;level2=bad;level3=bad,graded,,false,0.024287,
img_02451,main,unspecified,bad,published,0.0358,consensus=bad;level1=bad;level2=bad;level3=bad,graded,,false,0.020939,
img_02452,main,unspecified,usable,published,0.0367,consensus=usable;level1=usable;level2=usable;level3=usable,graded,,false,0.183415,
img_02453,main,unspecified,good,published,0.0377,consensus=good;level1=good;level2=good;level3=good,graded,,true,0.768823,
img_02454,main,unspecified,good,published,0.0386,consensus=good;level1=good;level2=good;level3=good,graded,,true,0.749949,
img_02455,main,unspecified,usable,published,0.0358,consensus=usable;level1=usable;level2=good;level3=usable,graded,,false,0.460570,
img_02456,main,unspecified,bad,published,0.0377,consensus=bad;level1=bad;level2=bad;level3=bad,graded,,false,0.043446,
img_02459,main,unspecified,good,published,0.0377,consensus=good;level1=good;level2=usable;level3=good,graded,,true,0.727217,
img_02460,main,unspecified,usable,published,0.0358,consensus=usable;level1=good;level2=usable;level3=usable,graded,,true,0.636403,
img_02461,main,unspecified,bad,published,0.0051,consensus=bad;level1=bad;level2=bad;level3=bad,graded,,false,0.062971,
img_02463,main,unspecified,bad,published,0.0362,consensus=bad;level1=bad;level2=bad;level3=bad,graded,,false,0.017833,
img_02464,main,unspecified,bad,published,0.0062,consensus=bad;level1=usable;level2=bad;level3=bad,graded,,false,0.142277,
img_02465,main,unspecified,bad,published,0.0358,consensus=bad;level1=bad;level2=bad;level3=bad,graded,,false,0.009965,
img_02466,main,unspecified,usable,published,0.0377,consensus=usable;level1=usable;level2=usable;level3=bad,graded,,false,0.228838,
img_02467,main,unspecified,good,published,0.0377,consensus=good;level1=good;level2=usable;level3=good,graded,,false,0.313737,
img_02468,main,unspecified,bad,published,0.0358,consensus=bad;level1=bad;level2=bad;level3=bad,graded,,false,0.009658,
img_02469,main,unspecified,bad,published,0.0367,consensus=bad;level1=bad;level2=bad;level3=bad,graded,,false,0.037246,
img_02470,main,unspecified,usable,published,0.0367,consensus=usable;level1=bad;level2=usable;level3=usable,graded,,false,0.220322,
img_02471,main,unspecified,bad,published,0.0367,consensus=bad;level1=bad;level2=bad;level3=bad,graded,,false,0.072187,
img_02472,main,unspecified,bad,published,0.0353,consensus=bad;level1=bad;level2=bad;level3=bad,graded,,false,0.028212,
img_02473,main,unspecified,bad,published,0.0358,consensus=bad;level1=bad;level2=usable;level3=bad,graded,,false,0.210159,
img_02474,main,unspecified,bad,published,0.0358,consensus=bad;level1=bad;level2=usable;level3=bad,graded,,false,0.132886,
img_02475,main,unspecified,bad,published,0.0051,consensus=bad;level1=bad;level2=bad;level3=bad,graded,,false,0.179538,
img_02476,main,unspecified,bad,published,0.0051,consensus=bad;level1=bad;level2=bad;level3=bad,graded,,false,0.145829,
img_02477,main,unspecified,bad,published,0.0367,consensus=bad;level1=bad;level2=usable;level3=bad,graded,,true,0.511829,
img_02480,main,unspecified,bad,published,0.0061,consensus=bad;level1=usable;level2=bad;level3=bad,graded,,true,0.673774,
img_02481,main,unspecified,bad,published,0.0051,consensus=bad;level1=bad;level2=bad;level3=bad,graded,,true,0.640040,
img_02482,main,unspecified,good,published,0.0377,consensus=good;level1=good;level2=good;level3=good,graded,,true,0.794932,
img_02483,main,unspecified,good,published,0.0367,consensus=good;level1=usable;level2=good;level3=good,graded,,true,0.698587,
img_02484,main,unspecified,good,published,0.0377,consensus=good;level1=good;level2=good;level3=usable,graded,,true,0.704862,
img_02485,main,unspecified,good,published,0.0377,consensus=good;level1=good;level2=usable;level3=good,graded,,true,0.778969,
img_02486,main,unspecified,usable,published,0.0377,consensus=usable;level1=good;level2=usable;level3=usable,graded,,true,0.569808,
img_02487,main,unspecified,usable,published,0.0377,consensus=usable;level1=good;level2=usable;level3=usable,graded,,true,0.684425,
img_02488,main,unspecified,usable,published,0.0386,consensus=usable;level1=good;level2=usable;level3=usable,graded,,true,0.693671,
img_02489,main,unspecified,good,published,0.0367,consensus=good;level1=good;level2=bad;level3=good,graded,,true,0.730676,
img_02490,main,unspecified,usable,published,0.0367,consensus=usable;level1=usable;level2=usable;level3=bad,graded,,false,0.068143,
img_02491,main,unspecified,bad,published,0.0367,consensus=bad;level1=usable;level2=bad;level3=bad,graded,,false,0.105559,
img_02492,main,unspecified,usable,published,0.0358,consensus=usable;level1=usable;level2=usable;level3=usable,graded,,false,0.384799,
img_02493,main,unspecified,usable,published,0.0358,consensus=usable;level1=usable;level2=usable;level3=usable,graded,,false,0.433821,
img_02494,main,unspecified,usable,published,0.0377,consensus=usable;level1=good;level2=usable;level3=usable,graded,,true,0.540530,
img_02495,main,unspecified,usable,published,0.0358,consensus=usable;level1=good;level2=usable;level3=usable,graded,,true,0.700594,
img_02496,main,unspecified,good,published,0.0362,consensus=good;level1=good;level2=good;level3=usable,graded,,true,0.695504,
img_02497,main,unspecified,usable,published,0.0367,consensus=usable;level1=good;level2=usable;level3=usable,graded,,true,0.595690,
img_02498,main,unspecified,usable,published,0.0061,consensus=usable;level1=good;level2=usable;level3=usable,graded,,false,0.475081,
img_02499,main,unspecified,good,published,0.0358,consensus=good;level1=good;level2=good;level3=usable,graded,,true,0.669437,
img_02500,main,unspecified,usable,published,0.0377,consensus=usable;level1=good;level2=usable;level3=usable,graded,,false,0.491313,
img_02503,main,unspecified,bad,published,0.0358,consensus=bad;level1=usable;level2=bad;level3=bad,graded,,false,0.146730,
img_02504,main,unspecified,usable,published,0.0358,consensus=usable;level1=usable;level2=usable;level3=bad,graded,,false,0.168727,
img_02505,main,unspecified,usable,published,0.0358,consensus=usable;level1=usable;level2=good;level3=usable,graded,,false,0.476975,
img_02506,main,unspecified,usable,published,0.0358,consensus=usable;level1=usable;level2=good;level3=usable,graded,,false,0.296502,
img_02507,main,unspecified,good,published,0.0386,consensus=good;level1=good;level2=good;level3=usable,graded,,true,0.639567,
img_02508,main,unspecified,usable,published,0.0367,consensus=usable;level1=usable;level2=usable;level3=usable,graded,,false,0.484507,
img_02509,main,unspecified,bad,published,0.0362,consensus=bad;level1=bad;level2=bad;level3=bad,graded,,false,0.067298,
img_02510,main,unspecified,usable,published,0.0358,consensus=usable;level1=usable;level2=usable;level3=bad,graded,,true,0.508421,
img_02511,main,unspecified,usable,published,0.0358,consensus=usable;level1=good;level2=usable;level3=usable,graded,,true,0.739352,
img_02512,main,unspecified,good,published,0.0377,consensus=good;level1=good;level2=good;level3=good,graded,,true,0.845922,
img_02513,main,unspecified,good,published,0.0367,consensus=good;level1=good;level2=good;level3=good,graded,,true,0.807369,
img_02514,main,unspecified,bad,published,0.0051,consensus=bad;level1=bad;level2=usable;level3=bad,graded,,false,0.204480,
img_02515,main,unspecified,good,published,0.0062,consensus=good;level1=good;level2=usable;level3=good,graded,,true,0.655131,
img_02516,main,unspecified,good,published,0.0358,consensus=good;level1=usable;level2=good;level3=good,graded,,true,0.808912,
img_02517,main,unspecified,good,published,0.0377,consensus=good;level1=good;level2=good;level3=good,graded,,true,0.819381,
img_02518,main,unspecified,bad,published,0.0061,consensus=bad;level1=bad;level2=bad;level3=bad,graded,,false,0.025914,
img_02519,main,unspecified,usable,published,0.0051,consensus=usable;level1=usable;level2=usable;level3=bad,graded,,false,0.262783,
img_02520,main,unspecified,good,published,0.0377,consensus=good;level1=usable;level2=good;level3=good,graded,,false,0.373902,
img_02522,main,unspecified,good,published,0.0377,consensus=good;level1=good;level2=good;level3=good,graded,,true,0.649429,
img_02523,main,unspecified,good,published,0.0358,consensus=good;level1=good;level2=good;level3=good,graded,,true,0.703221,
img_02524,main,unspecified,bad,published,0.0348,consensus=bad;level1=bad;level2=bad;level3=bad,graded,,false,0.045461,
img_02525,main,unspecified,usable,published,0.0377,consensus=usable;level1=good;level2=usable;level3=usable,graded,,true,0.505071,
img_02526,main,unspecified,bad,published,0.0358,consensus=bad;level1=bad;level2=bad;level3=bad,graded,,false,0.075837,
img_02527,main,unspecified,bad,published,0.0358,consensus=bad;level1=bad;level2=bad;level3=bad,graded,,false,0.160940,
img_02528,main,unspecified,bad,published,0.0377,consensus=bad;level1=bad;level2=bad;level3=bad,graded,,false,0.013418,
img_02529,main,unspecified,bad,published,0.0358,consensus=bad;level1=bad;level2=bad;level3=bad,graded,,false,0.014710,
img_02531,main,unspecified,good,published,0.0377,consensus=good;level1=good;level2=good;level3=good,graded,,true,0.751313,
img_02532,main,unspecified,good,published,0.0358,consensus=good;level1=good;level2=good;level3=good,graded,,true,0.655243,
img_02533,main,unspecified,usable,published,0.0358,consensus=usable;level1=good;level2=usable;level3=usable,graded,,false,0.327703,
img_02534,main,unspecified,usable,published,0.0377,consensus=usable;level1=good;level2=usable;level3=usable,graded,,true,0.518673,
img_02535,main,unspecified,good,published,0.0367,consensus=good;level1=good;level2=good;level3=good,graded,,false,0.395249,
img_02536,main,unspecified,bad,published,0.0061,consensus=bad;level1=bad;level2=usable;level3=bad,graded,,false,0.203661,
img_02537,main,unspecified,bad,published,0.0041,consensus=bad;level1=bad;level2=bad;level3=bad,graded,,false,0.036333,
img_02538,main,unspecified,usable,published,0.0377,consensus=usable;level1=usable;level2=bad;level3=usable,graded,,true,0.531775,
img_02539,main,unspecified,bad,published,0.0367,consensus=bad;level1=usable;level2=bad;level3=bad,graded,,false,0.145075,
img_02540,main,unspecified,usable,published,0.0358,consensus=usable;level1=usable;level2=usable;level3=bad,graded,,false,0.427859,
img_02543,main,unspecified,usable,published,0.0377,consensus=usable;level1=usable;level2=usable;level3=usable,graded,,true,0.704871,
img_02544,main,unspecified,usable,published,0.0358,consensus=usable;level1=usable;level2=good;level3=usable,graded,,true,0.531826,
img_02545,main,unspecified,usable,published,0.0367,consensus=usable;level1=usable;level2=usable;level3=usable,graded,,true,0.708123,
img_02546,main,unspecified,usable,published,0.0377,consensus=usable;level1=usable;level2=good;level3=usable,graded,,true,0.735071,
img_02547,main,unspecified,bad,published,0.0377,consensus=bad;level1=bad;level2=bad;level3=bad,graded,,false,0.084240,
img_02548,main,unspecified,usable,published,0.0358,consensus=usable;level1=usable;level2=good;level3=usable,graded,,true,0.636732,
img_02549,main,unspecified,usable,published,0.0367,consensus=usable;level1=usable;level2=usable;level3=bad,graded,,false,0.498577,
img_02550,main,unspecified,usable,published,0.0367,consensus=usable;level1=usable;level2=usable;level3=bad,graded,,false,0.362080,
img_02551,main,unspecified,usable,published,0.0367,consensus=usable;level1=usable;level2=usable;level3=usable,graded,,false,0.412493,
img_02552,main,unspecified,usable,published,0.0367,consensus=usable;level1=good;level2=usable;level3=usable,graded,,false,0.336698,
img_02553,main,unspecified,usable,published,0.0358,consensus=usable;level1=usable;level2=usable;level3=usable,graded,,true,0.548349,
img_02554,main,unspecified,usable,published,0.0377,consensus=usable;level1=usable;level2=good;level3=usable,graded,,true,0.713792,
img_02555,main,unspecified,bad,published,0.0377,consensus=bad;level1=bad;level2=bad;level3=bad,graded,,false,0.048373,
img_02556,main,unspecified,usable,published,0.0367,consensus=usable;level1=usable;level2=usable;level3=usable,graded,,false,0.226510,
img_02557,main,unspecified,bad,published,0.0358,consensus=bad;level1=bad;level2=bad;level3=bad,graded,,false,0.004957,
img_02559,main,unspecified,bad,published,0.0372,consensus=bad;level1=bad;level2=bad;level3=bad,graded,,false,0.017980,
img_02560,main,unspecified,usable,published,0.0358,consensus=usable;level1=usable;level2=good;level3=usable,graded,,true,0.661110,
img_02561,main,unspecified,usable,published,0.0377,consensus=usable;level1=usable;level2=usable;level3=usable,graded,,false,0.324186,
img_02562,main,unspecified,bad,published,0.0367,consensus=bad;level1=bad;level2=bad;level3=bad,graded,,false,0.103237,
img_02563,main,unspecified,usable,published,0.0377,consensus=usable;level1=usable;level2=usable;level3=usable,graded,,false,0.396044,
img_02564,main,unspecified,usable,published,0.0377,consensus=usable;level1=usable;level2=usable;level3=usable,graded,,true,0.628191,
img_02565,main,unspecified,usable,published,0.0377,consensus=usable;level1=good;level2=usable;level3=usable,graded,,true,0.760500,
img_02566,main,unspecified,good,published,0.0377,consensus=good;level1=good;level2=good;level3=usable,graded,,true,0.713710,
img_02567,main,unspecified,usable,published,0.0046,consensus=usable;level1=usable;level2=usable;level3=good,graded,,true,0.504338,
img_02568,main,unspecified,usable,published,0.0061,consensus=usable;level1=usable;level2=usable;level3=usable,graded,,false,0.424216,
img_02569,main,unspecified,usable,published,0.0367,consensus=usable;level1=usable;level2=usable;level3=bad,graded,,false,0.132609,
img_02570,main,unspecified,usable,published,0.0367,consensus=usable;level1=usable;level2=usable;level3=bad,graded,,false,0.394399,
img_02571,main,unspecified,usable,published,0.0358,consensus=usable;level1=good;level2=usable;level3=usable,graded,,true,0.676435,
img_02572,main,unspecified,usable,published,0.0367,consensus=usable;level1=good;level2=usable;level3=usable,graded,,true,0.568879,
img_02573,main,unspecified,bad,published,0.0056,consensus=bad;level1=bad;level2=bad;level3=bad,graded,,false,0.063578,
img_02574,main,unspecified,bad,published,0.0072,consensus=bad;level1=bad;level2=bad;level3=bad,graded,,false,0.090614,
img_02575,main,unspecified,good,published,0.0377,consensus=good;level1=good;level2=good;level3=good,graded,,true,0.767303,
img_02576,main,unspecified,good,published,0.0386,consensus=good;level1=good;level2=good;level3=good,graded,,true,0.793633,
img_02577,main,unspecified,good,published,0.0377,consensus=good;level1=good;level2=good;level3=good,graded,,true,0.721601,
img_02578,main,unspecified,usable,published,0.0386,consensus=usable;level1=usable;level2=bad;level3=usable,graded,,true,0.617909,
img_02579,main,unspecified,bad,published,0.0377,consensus=bad;level1=usable;level2=bad;level3=bad,graded,,false,0.448299,
img_02580,main,unspecified,bad,published,0.0358,consensus=bad;level1=bad;level2=bad;level3=bad,graded,,false,0.094407,
img_02581,main,unspecified,bad,published,0.0377,consensus=bad;level1=bad;level2=bad;level3=bad,graded,,false,0.012617,
img_02582,main,unspecified,bad,published,0.0377,consensus=bad;level1=bad;level2=bad;level3=bad,graded,,false,0.020309,
img_02583,main,unspecified,good,published,0.0051,consensus=good;level1=good;level2=good;level3=usable,graded,,true,0.574259,
img_02584,main,unspecified,bad,published,0.0051,consensus=bad;level1=usable;level2=bad;level3=bad,graded,,false,0.335806,
img_02587,main,unspecified,usable,published,0.0358,consensus=usable;level1=usable;level2=usable;level3=usable,graded,,false,0.251237,
img_02588,main,unspecified,usable,published,0.0377,consensus=usable;level1=usable;level2=usable;level3=bad,graded,,false,0.268501,
img_02589,main,unspecified,usable,published,0.0377,consensus=usable;level1=good;level2=usable;level3=usable,graded,,true,0.771956,
img_02590,main,unspecified,good,published,0.0358,consensus=good;level1=good;level2=good;level3=good,graded,,true,0.815629,
img_02591,main,unspecified,good,published,0.0367,consensus=good;level1=good;level2=good;level3=good,graded,,true,0.743953,
img_02592,main,unspecified,good,published,0.0358,consensus=good;level1=good;level2=good;level3=good,graded,,true,0.588811,
img_02593,main,unspecified,usable,published,0.0377,consensus=usable;level1=good;level2=usable;level3=usable,graded,,true,0.531656,
img_02594,main,unspecified,usable,published,0.0377,consensus=usable;level1=usable;level2=usable;level3=bad,graded,,false,0.468518,
img_02595,main,unspecified,good,published,0.0386,consensus=good;level1=good;level2=good;level3=usable,graded,,true,0.741325,
img_02597,main,unspecified,bad,published,0.0377,consensus=bad;level1=usable;level2=bad;level3=bad,graded,,true,0.627177,
img_02599,main,unspecified,bad,published,0.0358,consensus=bad;level1=usable;level2=bad;level3=bad,graded,,false,0.072748,
img_02600,main,unspecified,bad,published,0.0061,consensus=bad;level1=usable;level2=bad;level3=bad,graded,,false,0.223078,
img_02601,main,unspecified,bad,published,0.0072,consensus=bad;level1=bad;level2=bad;level3=bad,graded,,false,0.099518,
img_02602,main,unspecified,good,published,0.0377,consensus=good;level1=good;level2=usable;level3=good,graded,,true,0.762633,
img_02603,main,unspecified,good,published,0.0377,consensus=good;level1=good;level2=good;level3=good,graded,,true,0.737907,
img_02604,main,unspecified,good,published,0.0377,consensus=good;level1=good;level2=good;level3=good,graded,,true,0.783750,
img_02605,main,unspecified,bad,published,0.0358,consensus=bad;level1=bad;level2=bad;level3=bad,graded,,false,0.110483,
img_02606,main,unspecified,usable,published,0.0358,consensus=usable;level1=good;level2=usable;level3=usable,graded,,true,0.688379,
img_02607,main,unspecified,bad,published,0.0377,consensus=bad;level1=bad;level2=usable;level3=bad,graded,,false,0.216647,
img_02608,main,unspecified,usable,published,0.0348,consensus=usable;level1=usable;level2=usable;level3=usable,graded,,true,0.515287,
img_02609,main,unspecified,usable,published,0.0367,consensus=usable;level1=usable;level2=usable;level3=bad,graded,,false,0.452353,
img_02610,main,unspecified,usable,published,0.0367,consensus=usable;level1=usable;level2=usable;level3=usable,graded,,false,0.257710,
img_02611,main,unspecified,usable,published,0.0338,consensus=usable;level1=usable;level2=usable;level3=usable,graded,,false,0.188127,
img_02612,main,unspecified,bad,published,0.0358,consensus=bad;level1=bad;level2=bad;level3=bad,graded,,false,0.048819,
img_02652,main,unspecified,usable,published,0.0062,consensus=usable;level1=usable;level2=usable;level3=good,graded,,true,0.718244,
img_02656,main,unspecified,usable,published,0.0051,consensus=usable;level1=usable;level2=usable;level3=good,graded,,true,0.766008,
img_02724,main,unspecified,usable,published,0.0358,consensus=usable;level1=good;level2=usable;level3=usable,graded,,true,0.779018,
img_02743,main,unspecified,bad,published,0.0377,consensus=bad;level1=bad;level2=bad;level3=bad,graded,,false,0.046219,
img_02744,main,unspecified,bad,published,0.0056,consensus=bad;level1=bad;level2=bad;level3=bad,graded,,false,0.100409,
img_02745,main,unspecified,usable,published,0.0377,consensus=usable;level1=usable;level2=usable;level3=bad,graded,,true,0.516117,
img_02747,main,unspecified,bad,published,0.0041,consensus=bad;level1=bad;level2=bad;level3=bad,graded,,false,0.007151,
img_02748,main,unspecified,usable,published,0.0367,consensus=usable;level1=usable;level2=good;level3=usable,graded,,true,0.641193,
img_02749,main,unspecified,usable,published,0.0358,consensus=usable;level1=usable;level2=good;level3=usable,graded,,true,0.540268,
img_02750,main,unspecified,usable,published,0.0377,consensus=usable;level1=good;level2=usable;level3=usable,graded,,false,0.351274,
img_02751,main,unspecified,bad,published,0.0367,consensus=bad;level1=bad;level2=usable;level3=bad,graded,,false,0.167288,
img_02752,main,unspecified,usable,published,0.0358,consensus=usable;level1=usable;level2=usable;level3=usable,graded,,false,0.178421,
img_02763,main,unspecified,bad,published,0.0051,consensus=bad;level1=bad;level2=bad;level3=bad,graded,,false,0.042368,
img_02829,main,unspecified,usable,published,0.0348,consensus=usable;level1=usable;level2=usable;level3=good,graded,,true,0.706774,
img_02873,main,unspecified,bad,published,0.0372,consensus=bad;level1=bad;level2=bad;level3=bad,graded,,false,0.009495,
img_02909,main,unspecified,bad,published,0.0377,consensus=bad;level1=bad;level2=bad;level3=usable,graded,,false,0.018637,
img_03128,main,unspecified,usable,published,0.0107,consensus=usable;level1=bad;level2=usable;level3=usable,graded,,false,0.210351,
img_03178,main,unspecified,usable,published,0.0380,consensus=usable;level1=bad;level2=usable;level3=usable,graded,,false,0.182287,
img_03189,main,unspecified,usable,published,0.0358,consensus=usable;level1=usable;level2=usable;level3=good,graded,,true,0.648170,
img_03285,main,unspecified,usable,published,0.0381,consensus=usable;level1=usable;level2=usable;level3=good,graded,,false,0.454536,
img_03322,main,unspecified,usable,published,0.0377,consensus=usable;level1=usable;level2=usable;level3=good,graded,,true,0.517662,
img_03355,main,unspecified,bad,published,0.0061,consensus=bad;level1=bad;level2=bad;level3=bad,graded,,false,0.007039,
img_03361,main,unspecified,bad,published,0.0650,consensus=bad;level1=bad;level2=bad;level3=bad,graded,,false,0.068832,
img_03424,main,unspecified,usable,published,0.0377,consensus=usable;level1=bad;level2=usable;level3=usable,graded,,false,0.301671,
img_03595,main,unspecified,good,published,0.0386,consensus=good;level1=good;level2=good;level3=good,graded,,true,0.720979,
img_03716,main,unspecified,bad,published,0.0386,consensus=bad;level1=bad;level2=bad;level3=bad,graded,,false,0.082458,
img_03718,main,unspecified,bad,published,0.0051,consensus=bad;level1=bad;level2=bad;level3=bad,graded,,false,0.028775,
img_03723,main,unspecified,usable,published,0.0358,consensus=usable;level1=usable;level2=bad;level3=usable,graded,,false,0.269013,
img_03727,main,unspecified,bad,published,0.0367,consensus=bad;level1=bad;level2=bad;level3=bad,graded,,false,0.042815,
img_03745,main,unspecified,bad,published,0.0377,consensus=bad;level1=bad;level2=bad;level3=bad,graded,,false,0.156257,
img_03750,main,unspecified,usable,published,0.0061,consensus=usable;level1=bad;level2=usable;level3=usable,graded,,true,0.738534,
img_03756,main,unspecified,good,published,0.0377,consensus=good;level1=usable;level2=good;level3=good,graded,,true,0.759339,
img_03764,main,unspecified,usable,published,0.0377,consensus=usable;level1=good;level2=usable;level3=usable,graded,,false,0.334683,
img_03776,main,unspecified,usable,published,0.0367,consensus=usable;level1=usable;level2=usable;level3=good,graded,,false,0.351827,
img_03779,main,unspecified,usable,published,0.0358,consensus=usable;level1=bad;level2=usable;level3=usable,graded,,true,0.634799,
img_03792,main,unspecified,bad,published,0.0051,consensus=bad;level1=usable;level2=bad;level3=bad,graded,,false,0.058528,
img_03794,main,unspecified,usable,published,0.0377,consensus=usable;level1=good;level2=usable;level3=usable,graded,,false,0.193611,
img_03812,main,unspecified,bad,published,0.0386,consensus=bad;level1=bad;level2=bad;level3=usable,graded,,false,0.231522,
img_03821,main,unspecified,usable,published,0.0377,consensus=usable;level1=usable;level2=bad;level3=usable,graded,,false,0.301485,
img_03830,main,unspecified,bad,published,0.0362,consensus=bad;level1=bad;level2=bad;level3=bad,graded,,false,0.186868,
img_03836,main,unspecified,bad,published,0.0353,consensus=bad;level1=usable;level2=bad;level3=bad,graded,,false,0.008377,
img_03849,main,unspecified,good,published,0.0377,consensus=good;level1=usable;level2=good;level3=good,graded,,true,0.730718,
img_03863,main,unspecified,bad,published,0.0358,consensus=bad;level1=usable;level2=bad;level3=bad,graded,,false,0.071243,
img_03869,main,unspecified,good,published,0.0367,consensus=good;level1=good;level2=good;level3=good,graded,,true,0.611202,
img_03873,main,unspecified,bad,published,0.0362,consensus=bad;level1=bad;level2=bad;level3=bad,graded,,false,0.017602,
img_03890,main,unspecified,usable,published,0.0358,consensus=usable;level1=bad;level2=usable;level3=good,graded,,true,0.595728,
img_03949,main,unspecified,usable,published,0.0051,consensus=usable;level1=usable;level2=good;level3=usable,graded,,true,0.533969,
img_03995,main,unspecified,usable,published,0.0046,consensus=usable;level1=usable;level2=usable;level3=usable,graded,,true,0.562037,
img_04121,main,unspecified,bad,published,0.0372,consensus=bad;level1=bad;level2=bad;level3=bad,graded,,false,0.007367,
img_04132,main,unspecified,usable,published,0.0362,consensus=usable;level1=bad;level2=usable;level3=usable,graded,,true,0.650374,
img_04157,main,unspecified,bad,published,0.0061,consensus=bad;level1=bad;level2=bad;level3=bad,graded,,false,0.011177,
img_04180,main,unspecified,bad,published,0.0362,consensus=bad;level1=bad;level2=bad;level3=bad,graded,,false,0.007842,
img_04228,main,unspecified,bad,published,0.0358,consensus=bad;level1=bad;level2=bad;level3=usable,graded,,false,0.173749,
img_04239,main,unspecified,usable,published,0.0377,consensus=usable;level1=usable;level2=usable;level3=good,graded,,true,0.768353,
img_04245,main,unspecified,good,published,0.0377,consensus=good;level1=good;level2=usable;level3=good,graded,,true,0.558320,
img_04264,main,unspecified,usable,published,0.0062,consensus=usable;level1=usable;level2=bad;level3=usable,graded,,false,0.200412,
img_04305,main,unspecified,bad,published,0.0348,consensus=bad;level1=bad;level2=bad;level3=good,graded,,false,0.289159,
img_04366,main,unspecified,bad,published,0.0377,consensus=bad;level1=bad;level2=bad;level3=usable,graded,,false,0.220538,
img_04416,main,unspecified,bad,published,0.0358,consensus=bad;level1=bad;level2=bad;level3=bad,graded,,false,0.018733,
img_04448,main,unspecified,good,published,0.0358,consensus=good;level1=usable;level2=good;level3=good,graded,,false,0.493659,
img_04507,main,unspecified,usable,published,0.0358,consensus=usable;level1=usable;level2=usable;level3=good,graded,,true,0.554619,
img_04518,main,unspecified,bad,published,0.0051,consensus=bad;level1=bad;level2=bad;level3=usable,graded,,false,0.270481,
img_04525,main,unspecified,usable,published,0.0377,consensus=usable;level1=bad;level2=usable;level3=good,graded,,true,0.778689,
img_04563,main,unspecified,bad,published,0.0377,consensus=bad;level1=bad;level2=bad;level3=usable,graded,,true,0.645685,
img_04597,main,unspecified,bad,published,0.0061,consensus=bad;level1=bad;level2=bad;level3=bad,graded,,false,0.034623,
img_04599,main,unspecified,bad,published,0.0133,consensus=bad;level1=usable;level2=bad;level3=bad,graded,,false,0.080994,
img_04627,main,unspecified,usable,published,0.0377,consensus=usable;level1=usable;level2=usable;level3=usable,graded,,false,0.204458,
img_04645,main,unspecified,bad,published,0.0358,consensus=bad;level1=bad;level2=bad;level3=usable,graded,,false,0.149869,
img_04658,main,unspecified,bad,published,0.0358,consensus=bad;level1=bad;level2=bad;level3=usable,graded,,false,0.090930,
img_04718,main,unspecified,usable,published,0.0072,consensus=usable;level1=bad;level2=usable;level3=usable,graded,,true,0.500614,
img_04738,main,unspecified,bad,published,0.0358,consensus=bad;level1=usable;level2=bad;level3=bad,graded,,false,0.014240,
img_04741,main,unspecified,good,published,0.0367,consensus=good;level1=usable;level2=good;level3=good,graded,,true,0.741110,
img_04750,main,unspecified,bad,published,0.0367,consensus=bad;level1=bad;level2=bad;level3=usable,graded,,true,0.529569,
img_04758,main,unspecified,bad,published,0.0062,consensus=bad;level1=bad;level2=bad;level3=usable,graded,,false,0.089540,
img_04772,main,unspecified,usable,published,0.0377,consensus=usable;level1=usable;level2=usable;level3=good,graded,,true,0.721854,
img_04790,main,unspecified,bad,published,0.0051,consensus=bad;level1=bad;level2=bad;level3=usable,graded,,false,0.283453,
img_04825,main,unspecified,usable,published,0.0061,consensus=usable;level1=bad;level2=usable;level3=usable,graded,,true,0.730313,
img_04840,main,unspecified,bad,published,0.0041,consensus=bad;level1=bad;level2=usable;level3=bad,graded,,false,0.408294,
img_04843,main,unspecified,bad,published,0.0377,consensus=bad;level1=bad;level2=bad;level3=bad,graded,,false,0.022804,
img_04856,main,unspecified,bad,published,0.0358,consensus=bad;level1=bad;level2=bad;level3=bad,graded,,false,0.066417,
img_04877,main,unspecified,usable,published,0.0377,consensus=usable;level1=usable;level2=usable;level3=good,graded,,false,0.448879,
img_04884,main,unspecified,bad,published,0.0358,consensus=bad;level1=bad;level2=bad;level3=usable,graded,,false,0.370334,
img_04979,main,unspecified,bad,published,0.0061,consensus=bad;level1=bad;level2=bad;level3=usable,graded,,false,0.383720,
img_05002,main,unspecified,bad,published,0.0051,consensus=bad;level1=bad;level2=bad;level3=usable,graded,,false,0.063649,
img_05007,main,unspecified,bad,published,0.0367,consensus=bad;level1=bad;level2=bad;level3=usable,graded,,false,0.228376,
img_05065,main,unspecified,bad,published,0.0358,consensus=bad;level1=bad;level2=bad;level3=usable,graded,,false,0.201772,
img_05090,main,unspecified,good,published,0.0367,consensus=good;level1=good;level2=good;level3=good,graded,,true,0.601479,
img_05106,main,unspecified,bad,published,0.0358,consensus=bad;level1=bad;level2=bad;level3=usable,graded,,false,0.058439,
img_05123,main,unspecified,bad,published,0.0072,consensus=bad;level1=bad;level2=bad;level3=usable,graded,,false,0.211002,
img_05132,main,unspecified,usable,published,0.0377,consensus=usable;level1=bad;level2=usable;level3=usable,graded,,false,0.235850,
img_05148,main,unspecified,usable,published,0.0420,consensus=usable;level1=usable;level2=usable;level3=good,graded,,true,0.690742,
img_05162,main,unspecified,bad,published,0.0051,consensus=bad;level1=bad;level2=bad;level3=bad,graded,,false,0.015768,
img_05164,main,unspecified,bad,published,0.0051,consensus=bad;level1=bad;level2=bad;level3=usable,graded,,false,0.305591,
img_05166,main,unspecified,usable,published,0.0062,consensus=usable;level1=usable;level2=bad;level3=usable,graded,,false,0.214755,
img_05191,main,unspecified,usable,published,0.0358,consensus=usable;level1=usable;level2=usable;level3=good,graded,,false,0.144037,
img_05192,main,unspecified,usable,published,0.0062,consensus=usable;level1=bad;level2=usable;level3=usable,graded,,false,0.260149,
img_05226,main,unspecified,usable,published,0.0358,consensus=usable;level1=usable;level2=bad;level3=usable,graded,,false,0.278715,
img_05239,main,unspecified,bad,published,0.0362,consensus=bad;level1=bad;level2=bad;level3=bad,graded,,false,0.002800,
img_05251,main,unspecified,usable,published,0.0062,consensus=usable;level1=bad;level2=usable;level3=usable,graded,,false,0.208340,
img_05266,main,unspecified,bad,published,0.0377,consensus=bad;level1=bad;level2=bad;level3=good,graded,,false,0.355839,
img_05293,main,unspecified,bad,published,0.0362,consensus=bad;level1=bad;level2=bad;level3=usable,graded,,false,0.058338,
img_05299,main,unspecified,bad,published,0.0015,consensus=bad;level1=bad;level2=bad;level3=usable,graded,,false,0.193655,
img_05300,main,unspecified,bad,published,0.0046,consensus=bad;level1=bad;level2=bad;level3=bad,graded,,false,0.020859,
img_05415,main,unspecified,good,published,0.0377,consensus=good;level1=usable;level2=good;level3=good,graded,,true,0.735724,
img_05417,main,unspecified,usable,published,0.0367,consensus=usable;level1=usable;level2=usable;level3=good,graded,,true,0.526860,
img_05430,main,unspecified,usable,published,0.0367,consensus=usable;level1=usable;level2=usable;level3=bad,graded,,false,0.307102,
img_05466,main,unspecified,usable,published,0.0362,consensus=usable;level1=usable;level2=usable;level3=usable,graded,,false,0.284497,
img_05470,main,unspecified,usable,published,0.0377,consensus=usable;level1=bad;level2=usable;level3=usable,graded,,false,0.077175,
img_05471,main,unspecified,usable,published,0.0358,consensus=usable;level1=usable;level2=usable;level3=good,graded,,false,0.469223,
img_05474,main,unspecified,bad,published,0.0036,consensus=bad;level1=bad;level2=bad;level3=bad,graded,,false,0.053061,
img_05496,main,unspecified,bad,published,0.0358,consensus=bad;level1=bad;level2=bad;level3=usable,graded,,false,0.066086,
img_05502,main,unspecified,good,published,0.0051,consensus=good;level1=usable;level2=good;level3=good,graded,,true,0.524839,
img_05520,main,unspecified,usable,published,0.0358,consensus=usable;level1=bad;level2=usable;level3=usable,graded,,false,0.359975,
img_05523,main,unspecified,usable,published,0.0457,consensus=usable;level1=bad;level2=usable;level3=usable,graded,,false,0.244902,
img_05553,main,unspecified,good,published,0.0367,consensus=good;level1=good;level2=good;level3=good,graded,,true,0.665969,
img_05564,main,unspecified,usable,published,0.0358,consensus=usable;level1=usable;level2=usable;level3=good,graded,,true,0.843506,
img_05577,main,unspecified,bad,published,0.0348,consensus=bad;level1=bad;level2=bad;level3=bad,graded,,false,0.011105,
img_05578,main,unspecified,bad,published,0.0358,consensus=bad;level1=bad;level2=bad;level3=usable,graded,,true,0.704069,
img_05592,main,unspecified,bad,published,0.0358,consensus=bad;level1=bad;level2=bad;level3=usable,graded,,false,0.049069,
img_05596,main,unspecified,good,published,0.0377,consensus=good;level1=good;level2=good;level3=good,graded,,true,0.707748,
img_05618,main,unspecified,usable,published,0.0377,consensus=usable;level1=bad;level2=usable;level3=usable,graded,,false,0.354039,
img_05624,main,unspecified,good,published,0.0377,consensus=good;level1=good;level2=usable;level3=good,graded,,false,0.234693,
img_05636,main,unspecified,usable,published,0.0377,consensus=usable;level1=usable;level2=bad;level3=usable,graded,,false,0.332781,
img_05661,main,unspecified,good,published,0.0362,consensus=good;level1=usable;level2=good;level3=good,graded,,true,0.580310,
img_05675,main,unspecified,bad,published,0.0051,consensus=bad;level1=bad;level2=bad;level3=usable,graded,,false,0.045565,
img_05721,main,unspecified,bad,published,0.0377,consensus=bad;level1=bad;level2=bad;level3=usable,graded,,true,0.765768,
img_05728,main,unspecified,good,published,0.0377,consensus=good;level1=good;level2=usable;level3=good,graded,,false,0.439073,
img_05796,main,unspecified,usable,published,0.0051,consensus=usable;level1=usable;level2=usable;level3=good,graded,,true,0.592208,
img_05802,main,unspecified,good,published,0.0377,consensus=good;level1=good;level2=good;level3=good,graded,,true,0.808154,
img_05809,main,unspecified,bad,published,0.0377,consensus=bad;level1=bad;level2=bad;level3=usable,graded,,false,0.295951,
img_05830,main,unspecified,good,published,0.0377,consensus=good;level1=good;level2=usable;level3=good,graded,,true,0.593805,
img_05837,main,unspecified,usable,published,0.0051,consensus=usable;level1=usable;level2=bad;level3=usable,graded,,true,0.664225,
img_05844,main,unspecified,bad,published,0.0367,consensus=bad;level1=bad;level2=bad;level3=bad,graded,,false,0.025451,
img_05856,main,unspecified,bad,published,0.0046,consensus=bad;level1=usable;level2=bad;level3=bad,graded,,false,0.233085,
img_05862,main,unspecified,bad,published,0.0051,consensus=bad;level1=bad;level2=bad;level3=bad,graded,,false,0.240581,
img_05880,main,unspecified,bad,published,0.0051,consensus=bad;level1=bad;level2=bad;level3=good,graded,,false,0.356482,
img_05915,main,unspecified,bad,published,0.0051,consensus=bad;level1=bad;level2=bad;level3=usable,graded,,false,0.267189,
img_05925,main,unspecified,usable,published,0.0051,consensus=usable;level1=usable;level2=usable;level3=usable,graded,,false,0.400759,
img_05976,main,unspecified,usable,published,0.0386,consensus=usable;level1=usable;level2=good;level3=usable,graded,,false,0.258583,
img_05980,main,unspecified,good,published,0.0358,consensus=good;level1=good;level2=good;level3=good,graded,,true,0.699396,
img_05982,main,unspecified,bad,published,0.0377,consensus=bad;level1=usable;level2=bad;level3=bad,graded,,false,0.139173,
img_06018,main,unspecified,good,published,0.0358,consensus=good;level1=usable;level2=good;level3=good,graded,,true,0.747244,
img_06043,main,unspecified,bad,published,0.0362,consensus=bad;level1=bad;level2=bad;level3=bad,graded,,false,0.013114,
img_06097,main,unspecified,good,published,0.0377,consensus=good;level1=good;level2=good;level3=good,graded,,true,0.752735,
img_06136,main,unspecified,usable,published,0.0358,consensus=usable;level1=bad;level2=usable;level3=usable,graded,,false,0.259032,
img_06174,main,unspecified,usable,published,0.0377,consensus=usable;level1=usable;level2=usable;level3=usable,graded,,false,0.381712,
img_06181,main,unspecified,good,published,0.0358,consensus=good;level1=good;level2=good;level3=good,graded,,true,0.599097,
img_06183,main,unspecified,good,published,0.0367,consensus=good;level1=good;level2=good;level3=good,graded,,false,0.405012,
img_06211,main,unspecified,good,published,0.0051,consensus=good;level1=bad;level2=good;level3=good,graded,,false,0.385007,
img_06233,main,unspecified,usable,published,0.0358,consensus=usable;level1=bad;level2=usable;level3=usable,graded,,true,0.734014,
img_06246,main,unspecified,usable,published,0.0377,consensus=usable;level1=usable;level2=usable;level3=good,graded,,true,0.673111,
img_06249,main,unspecified,usable,published,0.0377,consensus=usable;level1=bad;level2=usable;level3=usable,graded,,true,0.664150,
img_06323,main,unspecified,bad,published,0.0051,consensus=bad;level1=bad;level2=bad;level3=bad,graded,,false,0.012253,
img_06352,main,unspecified,bad,published,0.0061,consensus=bad;level1=bad;level2=bad;level3=bad,graded,,false,0.077349,
img_06385,main,unspecified,good,published,0.0377,consensus=good;level1=usable;level2=good;level3=good,graded,,true,0.806134,
img_06387,main,unspecified,usable,published,0.0362,consensus=usable;level1=good;level2=usable;level3=usable,graded,,false,0.163130,
img_06436,main,unspecified,good,published,0.0429,consensus=good;level1=usable;level2=good;level3=good,graded,,false,0.216368,
img_06456,main,unspecified,good,published,0.0377,consensus=good;level1=usable;level2=good;level3=good,graded,,true,0.807215,
img_06481,main,unspecified,good,published,0.0505,consensus=good;level1=usable;level2=good;level3=good,graded,,true,0.816108,
img_06485,main,unspecified,usable,published,0.0358,consensus=usable;level1=usable;level2=usable;level3=usable,graded,,false,0.104941,
img_06509,main,unspecified,good,published,0.0377,consensus=good;level1=usable;level2=good;level3=good,graded,,true,0.682614,
img_06520,main,unspecified,usable,published,0.0358,consensus=usable;level1=usable;level2=usable;level3=good,graded,,true,0.505883,
img_06565,main,unspecified,usable,published,0.0051,consensus=usable;level1=usable;level2=usable;level3=usable,graded,,true,0.776151,
img_06584,main,unspecified,bad,published,0.0367,consensus=bad;level1=bad;level2=bad;level3=bad,graded,,false,0.061584,
img_06655,main,unspecified,usable,published,0.0377,consensus=usable;level1=usable;level2=usable;level3=usable,graded,,false,0.261439,
img_06658,main,unspecified,bad,published,0.0377,consensus=bad;level1=bad;level2=usable;level3=bad,graded,,false,0.370497,
img_06659,main,unspecified,usable,published,0.0377,consensus=usable;level1=usable;level2=usable;level3=good,graded,,true,0.603317,
img_06710,main,unspecified,good,published,0.0067,consensus=good;level1=usable;level2=good;level3=good,graded,,false,0.334742,
img_06736,main,unspecified,good,published,0.0358,consensus=good;level1=usable;level2=good;level3=good,graded,,false,0.292973,
img_06739,main,unspecified,usable,published,0.0367,consensus=usable;level1=usable;level2=usable;level3=usable,graded,,false,0.236858,
img_06741,main,unspecified,good,published,0.0505,consensus=good;level1=good;level2=good;level3=good,graded,,false,0.475944,
img_06774,main,unspecified,usable,published,0.0377,consensus=usable;level1=usable;level2=bad;level3=usable,graded,,true,0.534562,
img_06777,main,unspecified,good,published,0.0358,consensus=good;level1=good;level2=usable;level3=good,graded,,true,0.587641,
img_06831,main,unspecified,usable,published,0.0377,consensus=usable;level1=usable;level2=usable;level3=good,graded,,false,0.472097,
img_06837,main,unspecified,good,published,0.0358,consensus=good;level1=usable;level2=good;level3=good,graded,,false,0.170927,
img_06897,main,unspecified,usable,published,0.0377,consensus=usable;level1=usable;level2=usable;level3=good,graded,,true,0.593985,
img_06916,main,unspecified,good,published,0.0377,consensus=good;level1=good;level2=usable;level3=good,graded,,true,0.692541,
img_06927,main,unspecified,usable,published,0.0377,consensus=usable;level1=usable;level2=usable;level3=good,graded,,true,0.788411,
img_06929,main,unspecified,good,published,0.0372,consensus=good;level1=good;level2=good;level3=good,graded,,false,0.244343,
img_06960,main,unspecified,bad,published,0.0377,consensus=bad;level1=bad;level2=bad;level3=usable,graded,,false,0.383739,
img_06962,main,unspecified,bad,published,0.0377,consensus=bad;level1=bad;level2=bad;level3=usable,graded,,false,0.329424,
img_07055,main,unspecified,usable,published,0.0367,consensus=usable;level1=usable;level2=usable;level3=good,graded,,true,0.679491,
img_07074,main,unspecified,usable,published,0.0367,consensus=usable;level1=usable;level2=usable;level3=usable,graded,,false,0.294645,
img_07084,main,unspecified,usable,published,0.0358,consensus=usable;level1=bad;level2=usable;level3=usable,graded,,false,0.115220,
img_07142,main,unspecified,usable,published,0.0061,consensus=usable;level1=usable;level2=bad;level3=usable,graded,,false,0.273521,
img_07215,main,unspecified,good,published,0.0377,consensus=good;level1=good;level2=usable;level3=good,graded,,true,0.874575,
img_07217,main,unspecified,usable,published,0.0358,consensus=usable;level1=usable;level2=usable;level3=usable,graded,,true,0.516005,
img_07223,main,unspecified,usable,published,0.0377,consensus=usable;level1=usable;level2=usable;level3=good,graded,,true,0.760335,
img_07226,main,unspecified,usable,published,0.0367,consensus=usable;level1=usable;level2=usable;level3=usable,graded,,false,0.206106,
img_07244,main,unspecified,usable,published,0.0377,consensus=usable;level1=usable;level2=usable;level3=good,graded,,true,0.644782,
img_07268,main,unspecified,usable,published,0.0377,consensus=usable;level1=usable;level2=bad;level3=usable,graded,,false,0.203211,
img_07381,main,unspecified,bad,published,0.0051,consensus=bad;level1=bad;level2=bad;level3=usable,graded,,false,0.239612,
img_07398,main,unspecified,usable,published,0.0377,consensus=usable;level1=usable;level2=usable;level3=good,graded,,true,0.685038,
img_07406,main,unspecified,usable,published,0.0377,consensus=usable;level1=usable;level2=usable;level3=usable,graded,,false,0.342080,
img_07422,main,unspecified,bad,published,0.0358,consensus=bad;level1=bad;level2=bad;level3=bad,graded,,false,0.006493,
img_07428,main,unspecified,bad,published,0.0367,consensus=bad;level1=bad;level2=bad;level3=bad,graded,,false,0.018862,
img_07434,main,unspecified,usable,published,0.0377,consensus=usable;level1=usable;level2=usable;level3=usable,graded,,false,0.407705,
img_07474,main,unspecified,good,published,0.0377,consensus=good;level1=good;level2=good;level3=good,graded,,true,0.672960,
img_07477,main,unspecified,usable,published,0.0072,consensus=usable;level1=usable;level2=bad;level3=usable,graded,,false,0.221696,
img_07539,main,unspecified,usable,published,0.0367,consensus=usable;level1=usable;level2=bad;level3=usable,graded,,false,0.229481,
img_07574,main,unspecified,bad,published,0.0377,consensus=bad;level1=bad;level2=bad;level3=usable,graded,,false,0.058239,
img_07594,main,unspecified,usable,published,0.0377,consensus=usable;level1=usable;level2=bad;level3=usable,graded,,true,0.614902,
img_07609,main,unspecified,usable,published,0.0377,consensus=usable;level1=usable;level2=usable;level3=good,graded,,false,0.446596,
img_07636,main,unspecified,usable,published,0.0377,consensus=usable;level1=usable;level2=usable;level3=usable,graded,,false,0.337180,
img_07711,main,unspecified,good,published,0.0377,consensus=good;level1=usable;level2=good;level3=good,graded,,true,0.762658,
img_07828,main,unspecified,good,published,0.0062,consensus=good;level1=usable;level2=good;level3=good,graded,,true,0.870091,
img_07891,main,unspecified,bad,published,0.0377,consensus=bad;level1=bad;level2=bad;level3=bad,graded,,false,0.014714,
img_07915,main,unspecified,usable,published,0.0377,consensus=usable;level1=bad;level2=usable;level3=usable,graded,,false,0.418179,
img_07929,main,unspecified,usable,published,0.0358,consensus=usable;level1=usable;level2=usable;level3=good,graded,,true,0.632032,
img_07953,main,unspecified,good,published,0.0377,consensus=good;level1=bad;level2=good;level3=good,graded,,false,0.316294,
img_08063,main,unspecified,bad,published,0.0051,consensus=bad;level1=bad;level2=usable;level3=bad,graded,,false,0.264789,
img_08084,main,unspecified,good,published,0.0377,consensus=good;level1=good;level2=good;level3=good,graded,,true,0.637409,
img_08094,main,unspecified,good,published,0.0367,consensus=good;level1=usable;level2=good;level3=good,graded,,true,0.611421,
img_08116,main,unspecified,good,published,0.0367,consensus=good;level1=good;level2=good;level3=good,graded,,true,0.801334,
img_08804,main,unspecified,good,published,0.0021,consensus=good;level1=usable;level2=good;level3=good,graded,,true,0.817059,
img_08808,main,unspecified,usable,published,0.0021,consensus=usable;level1=good;level2=usable;level3=usable,graded,,true,0.658348,
img_08812,main,unspecified,good,published,0.0021,consensus=good;level1=usable;level2=good;level3=good,graded,,true,0.847679,
img_08820,main,unspecified,bad,published,0.0021,consensus=bad;level1=bad;level2=bad;level3=bad,graded,,false,0.051043,
img_08821,main,unspecified,bad,published,0.0021,consensus=bad;level1=bad;level2=bad;level3=bad,graded,,false,0.052083,
img_08830,main,unspecified,bad,published,0.0021,consensus=bad;level1=usable;level2=bad;level3=bad,graded,,false,0.061164,
img_08838,main,unspecified,bad,published,0.0021,consensus=bad;level1=usable;level2=bad;level3=bad,graded,,false,0.071449,
img_08839,main,unspecified,good,published,0.0021,consensus=good;level1=good;level2=usable;level3=good,graded,,true,0.833465,
img_08843,main,unspecified,good,published,0.0021,consensus=good;level1=good;level2=good;level3=good,graded,,true,0.840814,
img_08852,main,unspecified,bad,published,0.0021,consensus=bad;level1=usable;level2=bad;level3=bad,graded,,false,0.160533,
img_08857,main,unspecified,bad,published,0.0021,consensus=bad;level1=usable;level2=bad;level3=bad,graded,,false,0.177297,
img_08858,main,unspecified,bad,published,0.0021,consensus=bad;level1=bad;level2=bad;level3=usable,graded,,false,0.148019,
img_08861,main,unspecified,usable,published,0.0021,consensus=usable;level1=usable;level2=usable;level3=usable,graded,,true,0.650761,
img_08868,main,unspecified,bad,published,0.0021,consensus=bad;level1=bad;level2=bad;level3=bad,graded,,false,0.167561,
img_08869,main,unspecified,bad,published,0.0021,consensus=bad;level1=usable;level2=bad;level3=bad,graded,,false,0.119704,
img_08914,main,unspecified,bad,published,0.0021,consensus=bad;level1=usable;level2=bad;level3=bad,graded,,true,0.527300,
img_08920,main,unspecified,usable,published,0.0021,consensus=usable;level1=usable;level2=usable;level3=usable,graded,,true,0.718997,
img_08933,main,unspecified,bad,published,0.0021,consensus=bad;level1=bad;level2=bad;level3=bad,graded,,false,0.030143,
img_08936,main,unspecified,bad,published,0.0021,consensus=bad;level1=bad;level2=bad;level3=bad,graded,,false,0.039406,
img_08952,main,unspecified,bad,published,0.0021,consensus=bad;level1=bad;level2=bad;level3=bad,graded,,false,0.093957,
img_08958,main,unspecified,usable,published,0.0021,consensus=usable;level1=usable;level2=usable;level3=bad,graded,,true,0.768224,
img_09007,main,unspecified,bad,published,0.0021,consensus=bad;level1=bad;level2=bad;level3=bad,graded,,false,0.093657,
img_09008,main,unspecified,bad,published,0.0021,consensus=bad;level1=bad;level2=bad;level3=bad,graded,,false,0.118284,
img_09010,main,unspecified,good,published,0.0021,consensus=good;level1=good;level2=good;level3=good,graded,,true,0.854578,
img_09050,main,unspecified,bad,published,0.0021,consensus=bad;level1=usable;level2=bad;level3=bad,graded,,false,0.091366,
img_09060,main,unspecified,good,published,0.0021,consensus=good;level1=good;level2=usable;level3=good,graded,,true,0.589896,
img_09174,main,unspecified,bad,published,0.0021,consensus=bad;level1=bad;level2=bad;level3=usable,graded,,false,0.061546,
img_09212,main,unspecified,usable,published,0.0021,consensus=usable;level1=usable;level2=usable;level3=good,graded,,true,0.634658,
img_09239,main,unspecified,usable,published,0.0021,consensus=usable;level1=bad;level2=usable;level3=good,graded,,true,0.717020,
img_09241,main,unspecified,bad,published,0.0021,consensus=bad;level1=bad;level2=bad;level3=bad,graded,,false,0.018650,
img_09245,main,unspecified,bad,published,0.0021,consensus=bad;level1=bad;level2=bad;level3=bad,graded,,false,0.075968,
img_09256,main,unspecified,bad,published,0.0021,consensus=bad;level1=bad;level2=bad;level3=bad,graded,,false,0.282594,
img_09316,main,unspecified,bad,published,0.0021,consensus=bad;level1=bad;level2=bad;level3=usable,graded,,false,0.458847,
img_09320,main,unspecified,bad,published,0.0021,consensus=bad;level1=bad;level2=bad;level3=usable,graded,,false,0.448881,
img_09328,main,unspecified,bad,published,0.0021,consensus=bad;level1=bad;level2=bad;level3=bad,graded,,false,0.174453,
img_09330,main,unspecified,good,published,0.0021,consensus=good;level1=good;level2=good;level3=usable,graded,,true,0.645563,
img_09402,main,unspecified,usable,published,0.0021,consensus=usable;level1=usable;level2=usable;level3=usable,graded,,false,0.441423,
img_09406,main,unspecified,bad,published,0.0021,consensus=bad;level1=usable;level2=bad;level3=bad,graded,,false,0.007231,
img_09441,main,unspecified,good,published,0.0021,consensus=good;level1=good;level2=good;level3=good,graded,,true,0.829755,
img_09444,main,unspecified,good,published,0.0021,consensus=good;level1=good;level2=good;level3=good,graded,,true,0.792172,
img_09445,main,unspecified,good,published,0.0021,consensus=good;level1=good;level2=good;level3=good,graded,,true,0.723368,
img_09453,main,unspecified,good,published,0.0021,consensus=good;level1=good;level2=usable;level3=good,graded,,true,0.753058,
img_09456,main,unspecified,bad,published,0.0021,consensus=bad;level1=bad;level2=bad;level3=bad,graded,,false,0.013547,
img_09463,main,unspecified,bad,published,0.0021,consensus=bad;level1=bad;level2=bad;level3=bad,graded,,false,0.136189,
img_09491,main,unspecified,good,published,0.0021,consensus=good;level1=good;level2=good;level3=good,graded,,true,0.858369,
img_09495,main,unspecified,bad,published,0.0021,consensus=bad;level1=bad;level2=bad;level3=bad,graded,,false,0.078640,
img_09499,main,unspecified,good,published,0.0021,consensus=good;level1=good;level2=good;level3=good,graded,,true,0.812045,
img_09506,main,unspecified,good,published,0.0021,consensus=good;level1=good;level2=good;level3=good,graded,,true,0.828705,
img_09510,main,unspecified,good,published,0.0021,consensus=good;level1=good;level2=good;level3=good,graded,,true,0.837096,
img_09535,main,unspecified,good,published,0.0021,consensus=good;level1=good;level2=good;level3=good,graded,,true,0.856655,
img_09537,main,unspecified,bad,published,0.0021,consensus=bad;level1=bad;level2=bad;level3=bad,graded,,false,0.009319,
img_09549,main,unspecified,bad,published,0.0021,consensus=bad;level1=bad;level2=bad;level3=bad,graded,,false,0.201910,
img_09559,main,unspecified,bad,published,0.0021,consensus=bad;level1=bad;level2=bad;level3=usable,graded,,false,0.064564,
img_09565,main,unspecified,usable,published,0.0021,consensus=usable;level1=usable;level2=usable;level3=good,graded,,true,0.572846,
img_09573,main,unspecified,good,published,0.0021,consensus=good;level1=good;level2=good;level3=good,graded,,true,0.834378,
img_09578,main,unspecified,usable,published,0.0021,consensus=usable;level1=usable;level2=bad;level3=usable,graded,,false,0.259162,
img_09585,main,unspecified,usable,published,0.0021,consensus=usable;level1=usable;level2=usable;level3=good,graded,,true,0.674015,
img_09610,main,unspecified,usable,published,0.0021,consensus=usable;level1=usable;level2=bad;level3=usable,graded,,true,0.540101,
img_09621,main,unspecified,good,published,0.0021,consensus=good;level1=good;level2=good;level3=good,graded,,true,0.846302,
img_09622,main,unspecified,good,published,0.0021,consensus=good;level1=good;level2=good;level3=good,graded,,true,0.805174,
img_09625,main,unspecified,good,published,0.0021,consensus=good;level1=good;level2=usable;level3=good,graded,,true,0.657097,
img_09626,main,unspecified,good,published,0.0021,consensus=good;level1=good;level2=usable;level3=good,graded,,true,0.595266,
img_09644,main,unspecified,good,published,0.0021,consensus=good;level1=good;level2=good;level3=good,graded,,true,0.830246,
img_09645,main,unspecified,usable,published,0.0021,consensus=usable;level1=usable;level2=usable;level3=good,graded,,false,0.445345,
img_09649,main,unspecified,usable,published,0.0021,consensus=usable;level1=usable;level2=usable;level3=good,graded,,false,0.467419,
img_09651,main,unspecified,usable,published,0.0021,consensus=usable;level1=usable;level2=usable;level3=bad,graded,,false,0.408589,
img_09652,main,unspecified,usable,published,0.0021,consensus=usable;level1=usable;level2=bad;level3=usable,graded,,false,0.246104,
img_09670,main,unspecified,good,published,0.0021,consensus=good;level1=good;level2=good;level3=good,graded,,true,0.845053,
img_09681,main,unspecified,bad,published,0.0021,consensus=bad;level1=bad;level2=bad;level3=bad,graded,,false,0.033780,
img_09686,main,unspecified,usable,published,0.0021,consensus=usable;level1=usable;level2=usable;level3=good,graded,,true,0.658377,
img_09691,main,unspecified,bad,published,0.0021,consensus=bad;level1=bad;level2=bad;level3=bad,graded,,false,0.157200,
img_09699,main,unspecified,good,published,0.0021,consensus=good;level1=good;level2=good;level3=good,graded,,true,0.841537,
img_09700,main,unspecified,bad,published,0.0021,consensus=bad;level1=usable;level2=bad;level3=bad,graded,,false,0.379341,
img_09707,main,unspecified,good,published,0.0021,consensus=good;level1=usable;level2=good;level3=good,graded,,true,0.787368,
img_09711,main,unspecified,bad,published,0.0021,consensus=bad;level1=usable;level2=bad;level3=bad,graded,,false,0.088681,
img_09714,main,unspecified,bad,published,0.0021,consensus=bad;level1=usable;level2=bad;level3=bad,graded,,false,0.254072,
img_09715,main,unspecified,usable,published,0.0021,consensus=usable;level1=usable;level2=usable;level3=usable,graded,,true,0.638511,
img_09719,main,unspecified,bad,published,0.0021,consensus=bad;level1=usable;level2=bad;level3=bad,graded,,false,0.098536,
img_09730,main,unspecified,good,published,0.0021,consensus=good;level1=good;level2=good;level3=good,graded,,true,0.849573,
img_09731,main,unspecified,good,published,0.0021,consensus=good;level1=good;level2=good;level3=good,graded,,true,0.848817,
img_09742,main,unspecified,bad,published,0.0021,consensus=bad;level1=bad;level2=bad;level3=good,graded,,false,0.114441,
img_09746,main,unspecified,good,published,0.0021,consensus=good;level1=good;level2=usable;level3=good,graded,,true,0.695498,
img_09750,main,unspecified,bad,published,0.0021,consensus=bad;level1=bad;level2=bad;level3=bad,graded,,false,0.003116,
img_09752,main,unspecified,bad,published,0.0021,consensus=bad;level1=usable;level2=bad;level3=bad,graded,,false,0.041694,
img_09759,main,unspecified,bad,published,0.0021,consensus=bad;level1=usable;level2=bad;level3=bad,graded,,false,0.371725,
img_09784,main,unspecified,bad,published,0.0021,consensus=bad;level1=bad;level2=bad;level3=bad,graded,,false,0.112869,
img_09788,main,unspecified,bad,published,0.0021,consensus=bad;level1=usable;level2=bad;level3=bad,graded,,false,0.077026,
img_09798,main,unspecified,good,published,0.0021,consensus=good;level1=good;level2=usable;level3=good,graded,,true,0.804194,
img_09804,main,unspecified,good,published,0.0021,consensus=good;level1=good;level2=usable;level3=good,graded,,true,0.633850,
img_09806,main,unspecified,bad,published,0.0021,consensus=bad;level1=bad;level2=bad;level3=bad,graded,,false,0.172162,
img_09808,main,unspecified,usable,published,0.0021,consensus=usable;level1=good;level2=usable;level3=usable,graded,,true,0.616409,
img_09827,main,unspecified,usable,published,0.0021,consensus=usable;level1=usable;level2=bad;level3=usable,graded,,false,0.432271,
img_09840,main,unspecified,good,published,0.0021,consensus=good;level1=good;level2=good;level3=good,graded,,true,0.859825,
img_09845,main,unspecified,bad,published,0.0021,consensus=bad;level1=bad;level2=bad;level3=bad,graded,,false,0.030262,
img_09855,main,unspecified,bad,published,0.0021,consensus=bad;level1=bad;level2=bad;level3=bad,graded,,false,0.045385,
img_09860,main,unspecified,bad,published,0.0021,consensus=bad;level1=bad;level2=bad;level3=bad,graded,,false,0.061465,
img_09863,main,unspecified,bad,published,0.0021,consensus=bad;level1=bad;level2=bad;level3=bad,graded,,false,0.116617,
img_09887,main,unspecified,bad,published,0.0021,consensus=bad;level1=bad;level2=bad;level3=bad,graded,,false,0.016182,
img_09890,main,unspecified,bad,published,0.0021,consensus=bad;level1=bad;level2=bad;level3=bad,graded,,false,0.028841,
img_09900,main,unspecified,bad,published,0.0021,consensus=bad;level1=bad;level2=bad;level3=bad,graded,,false,0.193397,
img_09903,main,unspecified,bad,published,0.0021,consensus=bad;level1=bad;level2=bad;level3=bad,graded,,false,0.011997,
img_09914,main,unspecified,bad,published,0.0021,consensus=bad;level1=bad;level2=bad;level3=bad,graded,,false,0.420927,
img_09930,main,unspecified,usable,published,0.0021,consensus=usable;level1=usable;level2=usable;level3=good,graded,,true,0.746898,
img_09951,main,unspecified,usable,published,0.0021,consensus=usable;level1=usable;level2=usable;level3=usable,graded,,true,0.607785,
img_09958,main,unspecified,good,published,0.0021,consensus=good;level1=good;level2=good;level3=good,graded,,true,0.817537,
img_09972,main,unspecified,bad,published,0.0021,consensus=bad;level1=usable;level2=bad;level3=bad,graded,,false,0.085647,
img_09975,main,unspecified,usable,published,0.0021,consensus=usable;level1=usable;level2=usable;level3=bad,graded,,false,0.297638,
img_09986,main,unspecified,usable,published,0.0021,consensus=usable;level1=usable;level2=usable;level3=bad,graded,,false,0.436210,
img_09991,main,unspecified,bad,published,0.0021,consensus=bad;level1=bad;level2=bad;level3=bad,graded,,false,0.038694,
img_10007,main,unspecified,good,published,0.0021,consensus=good;level1=good;level2=good;level3=good,graded,,true,0.875761,
img_10026,main,unspecified,good,published,0.0021,consensus=good;level1=good;level2=usable;level3=good,graded,,true,0.808548,
img_10029,main,unspecified,good,published,0.0021,consensus=good;level1=good;level2=usable;level3=good,graded,,true,0.519640,
img_10033,main,unspecified,good,published,0.0021,consensus=good;level1=good;level2=good;level3=good,graded,,true,0.781476,
img_10049,main,unspecified,bad,published,0.0021,consensus=bad;level1=usable;level2=bad;level3=bad,graded,,true,0.570414,
img_10051,main,unspecified,usable,published,0.0021,consensus=usable;level1=usable;level2=bad;level3=usable,graded,,true,0.719613,
img_10069,main,unspecified,bad,published,0.0021,consensus=bad;level1=usable;level2=bad;level3=bad,graded,,false,0.039733,
img_10083,main,unspecified,good,published,0.0021,consensus=good;level1=good;level2=good;level3=good,graded,,true,0.717463,
img_10090,main,unspecified,bad,published,0.0021,consensus=bad;level1=usable;level2=bad;level3=bad,graded,,true,0.669454,
img_10126,main,unspecified,bad,published,0.0021,consensus=bad;level1=usable;level2=bad;level3=bad,graded,,false,0.060661,
img_10130,main,unspecified,good,published,0.0021,consensus=good;level1=good;level2=good;level3=good,graded,,true,0.852984,
img_10143,main,unspecified,bad,published,0.0021,consensus=bad;level1=bad;level2=bad;level3=bad,graded,,false,0.009183,
img_10145,main,unspecified,bad,published,0.0021,consensus=bad;level1=bad;level2=usable;level3=bad,graded,,false,0.220782,
img_10156,main,unspecified,good,published,0.0021,consensus=good;level1=good;level2=usable;level3=good,graded,,true,0.728039,
img_10170,main,unspecified,good,published,0.0021,consensus=good;level1=good;level2=good;level3=good,graded,,true,0.826654,
img_10196,main,unspecified,good,published,0.0021,consensus=good;level1=good;level2=good;level3=good,graded,,true,0.814378,
img_10199,main,unspecified,bad,published,0.0021,consensus=bad;level1=bad;level2=bad;level3=bad,graded,,false,0.051487,
img_10216,main,unspecified,usable,published,0.0021,consensus=usable;level1=usable;level2=usable;level3=usable,graded,,false,0.454482,
img_10225,main,unspecified,good,published,0.0021,consensus=good;level1=good;level2=good;level3=good,graded,,true,0.871721,
img_10258,main,unspecified,good,published,0.0021,consensus=good;level1=good;level2=good;level3=good,graded,,true,0.879753,
img_10267,main,unspecified,good,published,0.0021,consensus=good;level1=good;level2=good;level3=usable,graded,,true,0.504943,
img_10290,main,unspecified,good,published,0.0021,consensus=good;level1=good;level2=good;level3=good,graded,,true,0.773488,
img_10295,main,unspecified,bad,published,0.0021,consensus=bad;level1=good;level2=bad;level3=bad,graded,,false,0.347202,
img_10324,main,unspecified,good,published,0.0021,consensus=good;level1=good;level2=good;level3=good,graded,,true,0.883134,
img_10328,main,unspecified,good,published,0.0021,consensus=good;level1=good;level2=good;level3=good,graded,,true,0.829175,
img_10337,main,unspecified,good,published,0.0021,consensus=good;level1=good;level2=good;level3=good,graded,,true,0.750220,
img_10371,main,unspecified,bad,published,0.0021,consensus=bad;level1=bad;level2=bad;level3=bad,graded,,false,0.047684,
img_10372,main,unspecified,usable,published,0.0021,consensus=usable;level1=usable;level2=usable;level3=usable,graded,,true,0.514322,
img_10396,main,unspecified,bad,published,0.0021,consensus=bad;level1=bad;level2=bad;level3=bad,graded,,false,0.076581,
img_10404,main,unspecified,usable,published,0.0021,consensus=usable;level1=usable;level2=usable;level3=bad,graded,,false,0.494906,
img_10408,main,unspecified,good,published,0.0021,consensus=good;level1=good;level2=good;level3=good,graded,,true,0.802809,
img_10415,main,unspecified,usable,published,0.0021,consensus=usable;level1=usable;level2=usable;level3=usable,graded,,true,0.505152,
img_10419,main,unspecified,bad,published,0.0021,consensus=bad;level1=bad;level2=bad;level3=bad,graded,,false,0.017968,
img_10425,main,unspecified,usable,published,0.0021,consensus=usable;level1=usable;level2=usable;level3=usable,graded,,true,0.601645,
