key,grade,readers,outcome,verdict,gradeable,bad,good,usable,note
img_00000,bad,consensus=bad;level1=usable;level2=bad;level3=bad,graded,bad,0.405369,0.594631,0.041265,0.364103,
img_00001,bad,consensus=bad;level1=bad;level2=bad;level3=bad,graded,bad,0.014653,0.985347,0.000087,0.014567,
img_00002,bad,consensus=bad;level1=bad;level2=usable;level3=bad,graded,usable,0.765816,0.234184,0.023582,0.742234,
img_00003,usable,consensus=usable;level1=usable;level2=usable;level3=bad,graded,bad,0.131236,0.868764,0.002136,0.129100,
img_00004,bad,consensus=bad;level1=bad;level2=bad;level3=bad,graded,bad,0.002460,0.997540,0.000011,0.002449,
img_00005,usable,consensus=usable;level1=usable;level2=usable;level3=bad,graded,bad,0.022339,0.977661,0.000506,0.021833,
img_00006,bad,consensus=bad;level1=bad;level2=bad;level3=bad,graded,bad,0.003598,0.996402,0.000053,0.003545,
img_00007,good,consensus=good;level1=good;level2=good;level3=usable,graded,good,0.995598,0.004402,0.981869,0.013729,
img_00016,good,consensus=good;level1=good;level2=good;level3=usable,graded,good,0.999731,0.000269,0.996499,0.003233,
img_00026,usable,consensus=usable;level1=usable;level2=usable;level3=usable,graded,usable,0.883735,0.116265,0.187001,0.696734,
img_00046,good,consensus=good;level1=good;level2=good;level3=usable,graded,good,0.999342,0.000658,0.984935,0.014407,
img_00047,usable,consensus=usable;level1=usable;level2=usable;level3=usable,graded,good,0.997216,0.002784,0.955119,0.042097,
img_00048,usable,consensus=usable;level1=usable;level2=good;level3=usable,graded,good,0.999906,0.000094,0.995542,0.004364,
img_00049,good,consensus=good;level1=good;level2=good;level3=good,graded,good,0.999977,0.000023,0.998552,0.001425,
img_00056,good,consensus=good;level1=good;level2=good;level3=usable,graded,good,0.993564,0.006436,0.947409,0.046155,
img_00057,good,consensus=good;level1=good;level2=good;level3=usable,graded,good,0.999997,0.000003,0.999589,0.000409,
img_00058,usable,consensus=usable;level1=usable;level2=usable;level3=usable,graded,good,0.999832,0.000168,0.985776,0.014056,
img_00059,usable,consensus=usable;level1=good;level2=usable;level3=usable,graded,good,0.998208,0.001792,0.976617,0.021591,
img_00060,good,consensus=good;level1=good;level2=good;level3=usable,graded,good,0.662756,0.337244,0.348763,0.313993,
img_00073,usable,consensus=usable;level1=usable;level2=usable;level3=usable,graded,bad,0.496207,0.503793,0.056443,0.439764,
img_00074,usable,consensus=usable;level1=usable;level2=usable;level3=bad,graded,usable,0.922801,0.077199,0.136306,0.786496,
img_00077,usable,consensus=usable;level1=usable;level2=usable;level3=bad,graded,usable,0.980171,0.019829,0.279436,0.700735,
img_00082,usable,consensus=usable;level1=usable;level2=usable;level3=bad,graded,usable,0.860939,0.139061,0.118683,0.742256,
img_00084,good,consensus=good;level1=good;level2=good;level3=usable,graded,good,0.998150,0.001850,0.914298,0.083852,
img_00085,usable,consensus=usable;level1=good;level2=usable;level3=usable,graded,good,0.981465,0.018535,0.545181,0.436284,
img_00086,usable,consensus=usable;level1=good;level2=usable;level3=usable,graded,good,0.997548,0.002452,0.948523,0.049025,
img_00087,usable,consensus=usable;level1=good;level2=usable;level3=usable,graded,usable,0.864661,0.135339,0.268426,0.596235,
img_00089,good,consensus=good;level1=good;level2=good;level3=good,graded,good,0.999990,0.000010,0.997693,0.002297,
img_00090,usable,consensus=usable;level1=good;level2=usable;level3=usable,graded,usable,0.817539,0.182461,0.235475,0.582064,
img_00096,bad,consensus=bad;level1=usable;level2=bad;level3=bad,graded,usable,0.566463,0.433537,0.008160,0.558303,
img_00097,bad,consensus=bad;level1=bad;level2=bad;level3=bad,graded,bad,0.021733,0.978267,0.000107,0.021626,
img_00098,good,consensus=good;level1=good;level2=usable;level3=good,graded,good,0.999930,0.000070,0.995139,0.004791,
img_00099,usable,consensus=usable;level1=good;level2=usable;level3=usable,graded,good,0.998733,0.001267,0.902052,0.096681,
img_00100,usable,consensus=usable;level1=good;level2=usable;level3=usable,graded,usable,0.992383,0.007617,0.403979,0.588404,
img_00101,usable,consensus=usable;level1=good;level2=usable;level3=usable,graded,good,0.999775,0.000225,0.962807,0.036968,
img_00102,usable,consensus=usable;level1=good;level2=usable;level3=usable,graded,good,0.981385,0.018615,0.699572,0.281813,
img_00103,usable,consensus=usable;level1=usable;level2=usable;level3=bad,graded,bad,0.109381,0.890619,0.007699,0.101682,
img_00104,good,consensus=good;level1=good;level2=good;level3=good,graded,good,0.999391,0.000609,0.983407,0.015985,
img_00105,usable,consensus=usable;level1=usable;level2=usable;level3=bad,graded,good,0.911899,0.088101,0.566790,0.345109,
img_00106,bad,consensus=bad;level1=bad;level2=usable;level3=bad,graded,usable,0.860736,0.139264,0.080026,0.780710,
img_00107,usable,consensus=usable;level1=usable;level2=usable;level3=bad,graded,good,0.981036,0.018964,0.661716,0.319320,
img_00110,usable,consensus=usable;level1=usable;level2=usable;level3=usable,graded,usable,0.814707,0.185293,0.033461,0.781246,
img_00111,usable,consensus=usable;level1=usable;level2=usable;level3=bad,graded,usable,0.534293,0.465707,0.008996,0.525297,
img_00112,bad,consensus=bad;level1=bad;level2=bad;level3=bad,graded,usable,0.810339,0.189661,0.212784,0.597554,
img_00113,bad,consensus=bad;level1=bad;level2=usable;level3=bad,graded,usable,0.762650,0.237350,0.210726,0.551924,
img_00114,bad,consensus=bad;level1=bad;level2=bad;level3=bad,graded,usable,0.822356,0.177644,0.209129,0.613227,
img_00115,bad,consensus=bad;level1=bad;level2=bad;level3=bad,graded,bad,0.021253,0.978747,0.000278,0.020976,
img_00116,bad,consensus=bad;level1=bad;level2=bad;level3=bad,graded,bad,0.003717,0.996283,0.000021,0.003696,
img_00117,bad,consensus=bad;level1=usable;level2=bad;level3=bad,graded,bad,0.022583,0.977417,0.000171,0.022413,
img_00118,bad,consensus=bad;level1=usable;level2=bad;level3=bad,graded,good,0.997301,0.002699,0.868504,0.128798,
img_00119,bad,consensus=bad;level1=usable;level2=bad;level3=bad,graded,good,0.997959,0.002041,0.915743,0.082216,
img_00120,bad,consensus=bad;level1=bad;level2=bad;level3=bad,graded,usable,0.858596,0.141404,0.090762,0.767835,
img_00121,bad,consensus=bad;level1=bad;level2=bad;level3=bad,graded,bad,0.185481,0.814519,0.006084,0.179396,
img_00122,bad,consensus=bad;level1=bad;level2=bad;level3=bad,graded,bad,0.007527,0.992473,0.000025,0.007502,
img_00127,bad,consensus=bad;level1=usable;level2=bad;level3=bad,graded,bad,0.113565,0.886435,0.000926,0.112639,
img_00131,usable,consensus=usable;level1=usable;level2=usable;level3=bad,graded,usable,0.800829,0.199171,0.186461,0.614368,
img_00132,bad,consensus=bad;level1=usable;level2=bad;level3=bad,graded,bad,0.169587,0.830413,0.004925,0.164662,
img_00133,usable,consensus=usable;level1=usable;level2=usable;level3=bad,graded,usable,0.812821,0.187179,0.054841,0.757980,
img_00134,bad,consensus=bad;level1=usable;level2=bad;level3=bad,graded,usable,0.755173,0.244827,0.027883,0.727291,
img_00139,good,consensus=good;level1=good;level2=good;level3=good,graded,good,1.000000,0.000000,0.999905,0.000095,
img_00140,good,consensus=good;level1=good;level2=good;level3=good,graded,good,0.997827,0.002173,0.920233,0.077594,
img_00147,usable,consensus=usable;level1=good;level2=usable;level3=usable,graded,good,0.999745,0.000255,0.978213,0.021533,
img_00148,usable,consensus=usable;level1=good;level2=usable;level3=usable,graded,good,0.997803,0.002197,0.724992,0.272811,
img_00155,usable,consensus=usable;level1=usable;level2=usable;level3=bad,graded,usable,0.854697,0.145303,0.100908,0.753789,
img_00156,good,consensus=good;level1=good;level2=good;level3=usable,graded,good,0.991849,0.008151,0.812039,0.179810,
img_00157,good,consensus=good;level1=good;level2=good;level3=good,graded,good,0.999715,0.000285,0.979833,0.019881,
img_00158,usable,consensus=usable;level1=bad;level2=usable;level3=usable,graded,usable,0.980933,0.019067,0.292334,0.688599,
img_00165,good,consensus=good;level1=good;level2=usable;level3=good,graded,good,0.929664,0.070336,0.877391,0.052273,
img_00166,usable,consensus=usable;level1=good;level2=usable;level3=usable,graded,good,0.972862,0.027138,0.649377,0.323485,
img_00167,usable,consensus=usable;level1=good;level2=usable;level3=usable,graded,usable,0.814812,0.185188,0.321502,0.493310,
img_00168,usable,consensus=usable;level1=good;level2=usable;level3=usable,graded,good,0.958430,0.041570,0.719873,0.238557,
img_00169,usable,consensus=usable;level1=usable;level2=usable;level3=usable,graded,good,0.964038,0.035962,0.744763,0.219275,
img_00200,usable,consensus=usable;level1=usable;level2=usable;level3=bad,graded,good,0.999536,0.000464,0.961697,0.037839,
img_00201,usable,consensus=usable;level1=usable;level2=usable;level3=bad,graded,usable,0.986192,0.013808,0.253697,0.732495,
img_00202,usable,consensus=usable;level1=usable;level2=usable;level3=bad,graded,usable,0.981277,0.018723,0.479042,0.502235,
img_00203,bad,consensus=bad;level1=bad;level2=bad;level3=bad,graded,bad,0.002050,0.997950,0.000009,0.002040,
img_00204,bad,consensus=bad;level1=bad;level2=usable;level3=bad,graded,usable,0.915859,0.084141,0.060154,0.855705,
img_00205,usable,consensus=usable;level1=usable;level2=usable;level3=bad,graded,usable,0.985012,0.014988,0.372492,0.612520,
img_00206,bad,consensus=bad;level1=bad;level2=bad;level3=bad,graded,good,0.900223,0.099777,0.495751,0.404472,
img_00207,bad,consensus=bad;level1=bad;level2=usable;level3=bad,graded,usable,0.970300,0.029700,0.088852,0.881448,
img_00208,bad,consensus=bad;level1=bad;level2=usable;level3=bad,graded,usable,0.929691,0.070309,0.241858,0.687834,
img_00209,bad,consensus=bad;level1=bad;level2=usable;level3=bad,graded,usable,0.972555,0.027445,0.163498,0.809058,
img_00210,good,consensus=good;level1=good;level2=good;level3=good,graded,good,0.999770,0.000230,0.985410,0.014360,
img_00211,bad,consensus=bad;level1=usable;level2=bad;level3=bad,graded,usable,0.838122,0.161878,0.128034,0.710088,
img_00213,usable,consensus=usable;level1=good;level2=usable;level3=usable,graded,good,0.992334,0.007666,0.857266,0.135068,
img_00214,bad,consensus=bad;level1=bad;level2=bad;level3=bad,graded,usable,0.767276,0.232724,0.015856,0.751420,
img_00215,bad,consensus=bad;level1=bad;level2=bad;level3=bad,graded,usable,0.902836,0.097164,0.070171,0.832664,
img_00216,bad,consensus=bad;level1=usable;level2=bad;level3=bad,graded,usable,0.897377,0.102623,0.115560,0.781816,
img_00217,usable,consensus=usable;level1=usable;level2=usable;level3=bad,graded,usable,0.875990,0.124010,0.062635,0.813355,
img_00218,bad,consensus=bad;level1=bad;level2=bad;level3=bad,graded,usable,0.862789,0.137211,0.015244,0.847545,
img_00219,usable,consensus=usable;level1=usable;level2=usable;level3=bad,graded,usable,0.757725,0.242275,0.016938,0.740787,
img_00231,bad,consensus=bad;level1=usable;level2=bad;level3=bad,graded,usable,0.961310,0.038690,0.154116,0.807194,
img_00232,bad,consensus=bad;level1=usable;level2=bad;level3=bad,graded,usable,0.825663,0.174337,0.054237,0.771427,
img_00233,bad,consensus=bad;level1=bad;level2=bad;level3=bad,graded,bad,0.132193,0.867807,0.000329,0.131865,
img_00234,bad,consensus=bad;level1=bad;level2=bad;level3=bad,graded,bad,0.001943,0.998057,0.000010,0.001933,
img_00235,bad,consensus=bad;level1=bad;level2=good;level3=bad,graded,bad,0.203679,0.796321,0.010563,0.193116,
img_00236,usable,consensus=usable;level1=usable;level2=usable;level3=usable,graded,good,0.947356,0.052644,0.541853,0.405503,
img_00245,usable,consensus=usable;level1=usable;level2=usable;level3=usable,graded,usable,0.971591,0.028409,0.107572,0.864019,
img_00247,bad,consensus=bad;level1=bad;level2=bad;level3=bad,graded,bad,0.002203,0.997796,0.000011,0.002192,
img_00248,bad,consensus=bad;level1=usable;level2=bad;level3=bad,graded,usable,0.548609,0.451391,0.062348,0.486261,
img_00249,bad,consensus=bad;level1=usable;level2=bad;level3=bad,graded,usable,0.805418,0.194582,0.208936,0.596482,
img_00250,bad,consensus=bad;level1=usable;level2=bad;level3=bad,graded,usable,0.897546,0.102454,0.131877,0.765669,
img_00257,usable,consensus=usable;level1=usable;level2=good;level3=usable,graded,usable,0.973561,0.026439,0.314751,0.658810,
img_00258,usable,consensus=usable;level1=usable;level2=usable;level3=bad,graded,usable,0.636301,0.363699,0.021520,0.614781,
img_00259,usable,consensus=usable;level1=usable;level2=usable;level3=bad,graded,usable,0.878135,0.121865,0.215371,0.662764,
img_00260,usable,consensus=usable;level1=usable;level2=usable;level3=bad,graded,usable,0.953207,0.046793,0.035768,0.917439,
img_00261,usable,consensus=usable;level1=usable;level2=usable;level3=bad,graded,usable,0.898192,0.101808,0.187744,0.710448,
img_00267,good,consensus=good;level1=good;level2=good;level3=usable,graded,usable,0.991470,0.008530,0.495607,0.495864,
img_00268,good,consensus=good;level1=good;level2=good;level3=usable,graded,good,0.996801,0.003199,0.776082,0.220719,
img_00269,usable,consensus=usable;level1=good;level2=usable;level3=usable,graded,good,0.999989,0.000011,0.997841,0.002148,
img_00270,good,consensus=good;level1=good;level2=usable;level3=good,graded,good,0.999955,0.000045,0.992841,0.007113,
img_00273,good,consensus=good;level1=good;level2=good;level3=good,graded,good,0.985163,0.014837,0.539906,0.445257,
img_00274,good,consensus=good;level1=good;level2=good;level3=good,graded,good,0.978427,0.021573,0.646967,0.331461,
img_00275,bad,consensus=bad;level1=bad;level2=bad;level3=bad,graded,bad,0.002110,0.997890,0.000012,0.002098,
img_00276,bad,consensus=bad;level1=bad;level2=bad;level3=bad,graded,bad,0.002454,0.997546,0.000016,0.002437,
img_00277,usable,consensus=usable;level1=good;level2=usable;level3=usable,graded,good,0.997096,0.002904,0.852059,0.145037,
img_00278,usable,consensus=usable;level1=good;level2=usable;level3=usable,graded,usable,0.895721,0.104279,0.100129,0.795592,
img_00281,good,consensus=good;level1=good;level2=good;level3=usable,graded,good,0.999107,0.000893,0.975755,0.023352,
img_00282,usable,consensus=usable;level1=usable;level2=usable;level3=bad,graded,usable,0.817205,0.182795,0.232217,0.584988,
img_00283,bad,consensus=bad;level1=usable;level2=bad;level3=bad,graded,bad,0.132135,0.867865,0.002176,0.129959,
img_00284,usable,consensus=usable;level1=usable;level2=usable;level3=bad,graded,usable,0.968953,0.031047,0.424625,0.544328,
img_00285,bad,consensus=bad;level1=usable;level2=bad;level3=bad,graded,bad,0.485504,0.514496,0.058671,0.426833,
img_00286,bad,consensus=bad;level1=usable;level2=bad;level3=bad,graded,usable,0.620599,0.379401,0.045305,0.575294,
img_00287,usable,consensus=usable;level1=good;level2=usable;level3=usable,graded,good,0.979308,0.020692,0.747955,0.231353,
img_00288,usable,consensus=usable;level1=usable;level2=good;level3=usable,graded,usable,0.951310,0.048690,0.368811,0.582499,
img_00289,usable,consensus=usable;level1=usable;level2=good;level3=usable,graded,usable,0.925872,0.074128,0.182010,0.743862,
img_00290,good,consensus=good;level1=good;level2=good;level3=usable,graded,good,0.999906,0.000094,0.994730,0.005176,
img_00291,good,consensus=good;level1=good;level2=good;level3=good,graded,good,0.999983,0.000017,0.997775,0.002208,
img_00292,good,consensus=good;level1=good;level2=good;level3=good,graded,good,0.999231,0.000768,0.977779,0.021453,
img_00293,good,consensus=good;level1=good;level2=good;level3=good,graded,good,0.999525,0.000475,0.987508,0.012016,
img_00294,usable,consensus=usable;level1=usable;level2=usable;level3=usable,graded,good,0.997170,0.002830,0.765907,0.231263,
img_00295,bad,consensus=bad;level1=usable;level2=bad;level3=bad,graded,bad,0.444092,0.555908,0.005210,0.438882,
img_00296,usable,consensus=usable;level1=usable;level2=usable;level3=bad,graded,good,0.978212,0.021788,0.714435,0.263777,
img_00297,usable,consensus=usable;level1=good;level2=usable;level3=usable,graded,usable,0.927168,0.072832,0.460490,0.466678,
img_00298,bad,consensus=bad;level1=usable;level2=bad;level3=bad,graded,usable,0.834027,0.165973,0.145739,0.688287,
img_00299,usable,consensus=usable;level1=good;level2=bad;level3=usable,graded,good,0.972179,0.027821,0.609997,0.362182,
img_00300,usable,consensus=usable;level1=usable;level2=good;level3=usable,graded,good,0.992275,0.007725,0.963521,0.028753,
img_00301,usable,consensus=usable;level1=usable;level2=good;level3=usable,graded,good,0.999508,0.000492,0.984368,0.015140,
img_00302,bad,consensus=bad;level1=usable;level2=bad;level3=bad,graded,bad,0.497796,0.502204,0.020023,0.477773,
img_00303,bad,consensus=bad;level1=usable;level2=bad;level3=bad,graded,usable,0.927266,0.072734,0.238247,0.689019,
img_00304,good,consensus=good;level1=good;level2=good;level3=usable,graded,good,0.999990,0.000010,0.998591,0.001399,
img_00305,bad,consensus=bad;level1=usable;level2=bad;level3=bad,graded,bad,0.097823,0.902176,0.001476,0.096348,
img_00306,bad,consensus=bad;level1=usable;level2=bad;level3=bad,graded,usable,0.567625,0.432375,0.042443,0.525183,
img_00307,bad,consensus=bad;level1=bad;level2=bad;level3=bad,graded,bad,0.183227,0.816773,0.003843,0.179384,
img_00308,bad,consensus=bad;level1=bad;level2=usable;level3=bad,graded,bad,0.071440,0.928560,0.000925,0.070514,
img_00309,usable,consensus=usable;level1=usable;level2=good;level3=usable,graded,usable,0.775226,0.224774,0.064057,0.711169,
img_00310,usable,consensus=usable;level1=usable;level2=good;level3=usable,graded,usable,0.659427,0.340573,0.047715,0.611712,
img_00311,usable,consensus=usable;level1=good;level2=usable;level3=usable,graded,usable,0.799454,0.200546,0.096998,0.702456,
img_00323,bad,consensus=bad;level1=bad;level2=bad;level3=bad,graded,bad,0.207717,0.792283,0.002981,0.204736,
img_00324,usable,consensus=usable;level1=good;level2=usable;level3=usable,graded,usable,0.968578,0.031422,0.455576,0.513002,
img_00325,good,consensus=good;level1=good;level2=good;level3=good,graded,good,0.997082,0.002918,0.946009,0.051074,
img_00326,bad,consensus=bad;level1=bad;level2=bad;level3=bad,graded,bad,0.523406,0.476594,0.049022,0.474384,
img_00327,good,consensus=good;level1=good;level2=good;level3=good,graded,good,0.998770,0.001230,0.926455,0.072315,
img_00328,usable,consensus=usable;level1=good;level2=usable;level3=usable,graded,usable,0.975084,0.024916,0.455790,0.519294,
img_00329,good,consensus=good;level1=good;level2=good;level3=good,graded,good,0.999980,0.000020,0.997793,0.002187,
img_00330,good,consensus=good;level1=good;level2=good;level3=good,graded,good,0.998944,0.001056,0.970130,0.028814,
img_00331,bad,consensus=bad;level1=bad;level2=bad;level3=bad,graded,bad,0.010182,0.989818,0.000040,0.010142,
img_00338,usable,consensus=usable;level1=good;level2=usable;level3=usable,graded,usable,0.758369,0.241631,0.176849,0.581520,
img_00345,bad,consensus=bad;level1=bad;level2=bad;level3=bad,graded,bad,0.004535,0.995465,0.000024,0.004511,
img_00346,bad,consensus=bad;level1=bad;level2=bad;level3=bad,graded,bad,0.002502,0.997498,0.000013,0.002489,
img_00347,bad,consensus=bad;level1=bad;level2=usable;level3=bad,graded,bad,0.504301,0.495699,0.028319,0.475982,
img_00348,bad,consensus=bad;level1=usable;level2=bad;level3=bad,graded,bad,0.422602,0.577398,0.035544,0.387058,
img_00349,usable,consensus=usable;level1=good;level2=usable;level3=usable,graded,usable,0.891743,0.108257,0.263680,0.628063,
img_00350,good,consensus=good;level1=good;level2=good;level3=good,graded,good,0.999663,0.000337,0.983387,0.016275,
img_00351,bad,consensus=bad;level1=usable;level2=bad;level3=bad,graded,bad,0.519422,0.480578,0.069494,0.449928,
img_00352,good,consensus=good;level1=good;level2=good;level3=good,graded,good,0.999822,0.000178,0.984382,0.015439,
img_00353,good,consensus=good;level1=good;level2=good;level3=good,graded,good,0.993687,0.006313,0.779529,0.214158,
img_00356,good,consensus=good;level1=good;level2=good;level3=usable,graded,usable,0.962367,0.037633,0.295877,0.666490,
img_00357,good,consensus=good;level1=good;level2=good;level3=usable,graded,good,0.996176,0.003824,0.903737,0.092440,
img_00358,good,consensus=good;level1=good;level2=good;level3=usable,graded,good,0.994868,0.005132,0.804531,0.190337,
img_00359,usable,consensus=usable;level1=usable;level2=usable;level3=bad,graded,usable,0.671258,0.328742,0.057604,0.613653,
img_00361,bad,consensus=bad;level1=bad;level2=bad;level3=bad,graded,bad,0.001981,0.998019,0.000010,0.001971,
img_00362,bad,consensus=bad;level1=bad;level2=bad;level3=bad,graded,bad,0.019782,0.980218,0.000111,0.019671,
img_00363,bad,consensus=bad;level1=bad;level2=bad;level3=bad,graded,usable,0.862911,0.137089,0.044070,0.818841,
img_00364,usable,consensus=usable;level1=good;level2=usable;level3=usable,graded,good,0.999586,0.000414,0.974387,0.025199,
img_00365,bad,consensus=bad;level1=usable;level2=bad;level3=bad,graded,usable,0.824358,0.175641,0.034379,0.789980,
img_00366,bad,consensus=bad;level1=bad;level2=bad;level3=bad,graded,bad,0.303489,0.696511,0.012910,0.290579,
img_00367,usable,consensus=usable;level1=usable;level2=usable;level3=bad,graded,bad,0.314852,0.685148,0.007848,0.307004,
img_00370,bad,consensus=bad;level1=bad;level2=usable;level3=bad,graded,usable,0.765864,0.234136,0.024004,0.741860,
img_00371,good,consensus=good;level1=good;level2=good;level3=good,graded,good,0.999798,0.000202,0.986251,0.013547,
img_00372,good,consensus=good;level1=good;level2=good;level3=usable,graded,good,0.998443,0.001557,0.909961,0.088482,
img_00373,good,consensus=good;level1=good;level2=good;level3=good,graded,good,0.994924,0.005076,0.667031,0.327893,
img_00374,bad,consensus=bad;level1=bad;level2=bad;level3=bad,graded,usable,0.690016,0.309984,0.043521,0.646495,
img_00375,usable,consensus=usable;level1=usable;level2=usable;level3=bad,graded,usable,0.827927,0.172073,0.101864,0.726062,
img_00376,good,consensus=good;level1=good;level2=good;level3=good,graded,good,0.999194,0.000807,0.919326,0.079868,
img_00377,usable,consensus=usable;level1=usable;level2=usable;level3=bad,graded,usable,0.953199,0.046801,0.028181,0.925018,
img_00378,good,consensus=good;level1=good;level2=good;level3=good,graded,good,0.999999,0.000001,0.999436,0.000563,
img_00379,good,consensus=good;level1=good;level2=good;level3=good,graded,good,0.999935,0.000065,0.991154,0.008781,
img_00380,good,consensus=good;level1=good;level2=good;level3=good,graded,good,0.999998,0.000002,0.999039,0.000959,
img_00381,usable,consensus=usable;level1=usable;level2=usable;level3=good,graded,usable,0.777077,0.222923,0.081908,0.695169,
img_00387,usable,consensus=usable;level1=usable;level2=usable;level3=bad,graded,usable,0.931852,0.068148,0.256075,0.675776,
img_00389,bad,consensus=bad;level1=usable;level2=bad;level3=bad,graded,usable,0.707779,0.292221,0.033252,0.674527,
img_00390,bad,consensus=bad;level1=bad;level2=bad;level3=bad,graded,bad,0.182936,0.817064,0.002284,0.180652,
img_00391,usable,consensus=usable;level1=usable;level2=usable;level3=good,graded,good,0.998966,0.001034,0.941368,0.057598,
img_00392,good,consensus=good;level1=good;level2=good;level3=good,graded,usable,0.989705,0.010295,0.249216,0.740489,
img_00393,usable,consensus=usable;level1=usable;level2=usable;level3=bad,graded,usable,0.801864,0.198136,0.042653,0.759211,
img_00394,bad,consensus=bad;level1=bad;level2=usable;level3=bad,graded,bad,0.407566,0.592434,0.030696,0.376870,
img_00395,bad,consensus=bad;level1=usable;level2=bad;level3=bad,graded,usable,0.530400,0.469600,0.027425,0.502975,
img_00396,bad,consensus=bad;level1=bad;level2=bad;level3=bad,graded,bad,0.002355,0.997645,0.000015,0.002340,
img_00397,usable,consensus=usable;level1=usable;level2=usable;level3=bad,graded,usable,0.994533,0.005467,0.476574,0.517959,
img_00398,usable,consensus=usable;level1=usable;level2=usable;level3=bad,graded,usable,0.526295,0.473705,0.006630,0.519666,
img_00399,usable,consensus=usable;level1=good;level2=usable;level3=usable,graded,usable,0.938837,0.061163,0.119629,0.819208,
img_00400,usable,consensus=usable;level1=good;level2=usable;level3=usable,graded,good,0.998319,0.001681,0.864877,0.133442,
img_00401,good,consensus=good;level1=good;level2=good;level3=usable,graded,good,0.997029,0.002971,0.882955,0.114073,
img_00402,usable,consensus=usable;level1=usable;level2=usable;level3=bad,graded,usable,0.945627,0.054373,0.159125,0.786502,
img_00403,usable,consensus=usable;level1=usable;level2=usable;level3=bad,graded,usable,0.911222,0.088778,0.193115,0.718107,
img_00404,usable,consensus=usable;level1=usable;level2=usable;level3=bad,graded,usable,0.582531,0.417468,0.038136,0.544396,
img_00405,usable,consensus=usable;level1=good;level2=usable;level3=usable,graded,usable,0.949034,0.050966,0.313889,0.635145,
img_00406,usable,consensus=usable;level1=usable;level2=usable;level3=bad,graded,usable,0.881692,0.118308,0.132844,0.748848,
img_00407,good,consensus=good;level1=good;level2=usable;level3=good,graded,good,0.999667,0.000333,0.974185,0.025482,
img_00408,good,consensus=good;level1=good;level2=good;level3=good,graded,good,0.999998,0.000002,0.999663,0.000335,
img_00409,good,consensus=good;level1=good;level2=good;level3=good,graded,good,0.999789,0.000211,0.974209,0.025581,
img_00410,good,consensus=good;level1=good;level2=good;level3=good,graded,good,0.999888,0.000112,0.982314,0.017574,
img_00411,good,consensus=good;level1=good;level2=good;level3=good,graded,good,0.996190,0.003810,0.766271,0.229918,
img_00412,good,consensus=good;level1=good;level2=good;level3=good,graded,good,0.993112,0.006888,0.743864,0.249248,
img_00413,good,consensus=good;level1=good;level2=good;level3=good,graded,good,0.999992,0.000008,0.998637,0.001355,
img_00414,good,consensus=good;level1=good;level2=good;level3=good,graded,good,0.999983,0.000017,0.997670,0.002313,
img_00415,good,consensus=good;level1=good;level2=good;level3=good,graded,good,0.992747,0.007253,0.550847,0.441900,
img_00416,bad,consensus=bad;level1=bad;level2=bad;level3=usable,graded,bad,0.484341,0.515659,0.026153,0.458189,
img_00418,usable,consensus=usable;level1=usable;level2=usable;level3=bad,graded,usable,0.826966,0.173034,0.124212,0.702755,
img_00419,usable,consensus=usable;level1=good;level2=usable;level3=usable,graded,good,0.970380,0.029620,0.548027,0.422353,
img_00420,bad,consensus=bad;level1=bad;level2=bad;level3=bad,graded,bad,0.019938,0.980062,0.000099,0.019840,
img_00421,usable,consensus=usable;level1=usable;level2=usable;level3=bad,graded,usable,0.732032,0.267968,0.060535,0.671497,
img_00422,bad,consensus=bad;level1=bad;level2=bad;level3=bad,graded,bad,0.014194,0.985806,0.000049,0.014145,
img_00423,bad,consensus=bad;level1=bad;level2=bad;level3=bad,graded,bad,0.059317,0.940683,0.000548,0.058770,
img_00424,bad,consensus=bad;level1=bad;level2=bad;level3=bad,graded,bad,0.103120,0.896880,0.001673,0.101447,
img_00425,bad,consensus=bad;level1=bad;level2=bad;level3=bad,graded,bad,0.177167,0.822833,0.001846,0.175321,
img_00426,bad,consensus=bad;level1=bad;level2=bad;level3=bad,graded,bad,0.022335,0.977665,0.000052,0.022283,
img_00427,bad,consensus=bad;level1=bad;level2=bad;level3=bad,graded,bad,0.073250,0.926750,0.001157,0.072093,
img_00428,usable,consensus=usable;level1=good;level2=usable;level3=usable,graded,usable,0.964526,0.035474,0.072370,0.892156,
img_00429,usable,consensus=usable;level1=good;level2=usable;level3=usable,graded,good,0.999284,0.000716,0.951788,0.047497,
img_00430,usable,consensus=usable;level1=good;level2=usable;level3=usable,graded,good,0.996599,0.003401,0.814147,0.182452,
img_00432,usable,consensus=usable;level1=usable;level2=usable;level3=bad,graded,bad,0.335847,0.664153,0.021440,0.314407,
img_00433,usable,consensus=usable;level1=good;level2=usable;level3=usable,graded,bad,0.336340,0.663660,0.091116,0.245224,
img_00434,usable,consensus=usable;level1=usable;level2=usable;level3=bad,graded,usable,0.558594,0.441405,0.046810,0.511785,
img_00435,good,consensus=good;level1=good;level2=good;level3=usable,graded,good,0.999967,0.000033,0.995722,0.004245,
img_00436,good,consensus=good;level1=good;level2=good;level3=good,graded,good,0.999793,0.000207,0.991157,0.008636,
img_00437,good,consensus=good;level1=good;level2=good;level3=good,graded,good,1.000000,0.000000,0.999780,0.000219,
img_00438,good,consensus=good;level1=good;level2=good;level3=good,graded,good,0.999985,0.000015,0.999377,0.000607,
img_00439,good,consensus=good;level1=good;level2=good;level3=good,graded,good,0.999896,0.000104,0.988217,0.011679,
img_00440,good,consensus=good;level1=good;level2=good;level3=good,graded,good,0.999976,0.000024,0.998745,0.001231,
img_00441,good,consensus=good;level1=good;level2=good;level3=good,graded,good,0.995564,0.004436,0.637886,0.357678,
img_00442,good,consensus=good;level1=good;level2=good;level3=good,graded,usable,0.967987,0.032013,0.356015,0.611972,
img_00443,bad,consensus=bad;level1=bad;level2=usable;level3=bad,graded,usable,0.684542,0.315458,0.035334,0.649209,
img_00444,bad,consensus=bad;level1=bad;level2=bad;level3=bad,graded,bad,0.170952,0.829048,0.001313,0.169639,
img_00446,bad,consensus=bad;level1=bad;level2=bad;level3=bad,graded,bad,0.019928,0.980072,0.000087,0.019842,
img_00447,usable,consensus=usable;level1=usable;level2=usable;level3=bad,graded,usable,0.995832,0.004168,0.464374,0.531458,
img_00448,usable,consensus=usable;level1=usable;level2=usable;level3=bad,graded,usable,0.992797,0.007203,0.254966,0.737831,
img_00449,usable,consensus=usable;level1=usable;level2=good;level3=usable,graded,good,0.998784,0.001216,0.926888,0.071896,
img_00450,usable,consensus=usable;level1=usable;level2=usable;level3=usable,graded,good,0.998501,0.001499,0.910742,0.087759,
img_00451,usable,consensus=usable;level1=usable;level2=usable;level3=bad,graded,usable,0.854256,0.145744,0.393611,0.460645,
img_00452,bad,consensus=bad;level1=usable;level2=bad;level3=bad,graded,bad,0.032644,0.967356,0.000996,0.031647,
img_00453,bad,consensus=bad;level1=usable;level2=bad;level3=bad,graded,usable,0.993950,0.006050,0.459718,0.534232,
img_00454,good,consensus=good;level1=good;level2=good;level3=good,graded,good,0.999989,0.000011,0.999217,0.000772,
img_00455,good,consensus=good;level1=good;level2=good;level3=good,graded,good,0.998680,0.001320,0.923454,0.075225,
img_00456,good,consensus=good;level1=good;level2=good;level3=good,graded,good,0.999012,0.000988,0.907139,0.091873,
img_00457,bad,consensus=bad;level1=usable;level2=bad;level3=bad,graded,usable,0.795400,0.204600,0.059826,0.735574,
img_00458,bad,consensus=bad;level1=bad;level2=bad;level3=bad,graded,bad,0.011525,0.988475,0.000073,0.011452,
img_00459,good,consensus=good;level1=good;level2=good;level3=good,graded,good,0.999999,0.000001,0.999679,0.000320,
img_00460,bad,consensus=bad;level1=bad;level2=bad;level3=bad,graded,bad,0.050751,0.949249,0.000450,0.050301,
img_00461,usable,consensus=usable;level1=usable;level2=usable;level3=bad,graded,usable,0.560298,0.439702,0.023908,0.536390,
img_00462,usable,consensus=usable;level1=usable;level2=usable;level3=bad,graded,bad,0.464339,0.535661,0.016692,0.447647,
img_00463,usable,consensus=usable;level1=usable;level2=usable;level3=bad,graded,usable,0.677449,0.322551,0.024555,0.652894,
img_00464,usable,consensus=usable;level1=usable;level2=usable;level3=bad,graded,usable,0.781299,0.218701,0.020695,0.760604,
img_00465,usable,consensus=usable;level1=usable;level2=usable;level3=bad,graded,usable,0.916921,0.083079,0.038744,0.878177,
img_00466,bad,consensus=bad;level1=bad;level2=bad;level3=bad,graded,usable,0.781493,0.218507,0.036992,0.744501,
img_00467,bad,consensus=bad;level1=bad;level2=bad;level3=bad,graded,bad,0.137929,0.862071,0.001410,0.136519,
img_00471,usable,consensus=usable;level1=good;level2=usable;level3=usable,graded,usable,0.965709,0.034291,0.159634,0.806075,
img_00472,usable,consensus=usable;level1=good;level2=usable;level3=usable,graded,usable,0.966602,0.033398,0.326696,0.639906,
img_00473,usable,consensus=usable;level1=usable;level2=usable;level3=bad,graded,usable,0.878989,0.121011,0.091582,0.787407,
img_00474,good,consensus=good;level1=good;level2=good;level3=good,graded,good,0.999414,0.000586,0.968343,0.031072,
img_00475,usable,consensus=usable;level1=usable;level2=usable;level3=usable,graded,usable,0.941415,0.058585,0.252967,0.688449,
img_00482,usable,consensus=usable;level1=usable;level2=good;level3=usable,graded,good,0.964834,0.035166,0.542740,0.422095,
img_00493,bad,consensus=bad;level1=bad;level2=bad;level3=bad,graded,bad,0.400422,0.599578,0.069553,0.330869,
img_00494,usable,consensus=usable;level1=usable;level2=bad;level3=usable,graded,good,0.862497,0.137503,0.466726,0.395771,
img_00496,bad,consensus=bad;level1=usable;level2=bad;level3=bad,graded,usable,0.883119,0.116881,0.075491,0.807629,
img_00497,bad,consensus=bad;level1=bad;level2=bad;level3=bad,graded,bad,0.464897,0.535103,0.004269,0.460628,
img_00498,usable,consensus=usable;level1=usable;level2=usable;level3=bad,graded,usable,0.948140,0.051860,0.052444,0.895696,
img_00499,bad,consensus=bad;level1=usable;level2=bad;level3=bad,graded,usable,0.968028,0.031972,0.434247,0.533781,
img_00500,usable,consensus=usable;level1=good;level2=usable;level3=usable,graded,good,0.975792,0.024208,0.552526,0.423266,
img_00501,good,consensus=good;level1=good;level2=good;level3=good,graded,good,0.999877,0.000123,0.987993,0.011884,
img_00502,usable,consensus=usable;level1=usable;level2=usable;level3=bad,graded,usable,0.970226,0.029774,0.343971,0.626255,
img_00504,good,consensus=good;level1=good;level2=usable;level3=good,graded,good,0.999999,0.000001,0.999655,0.000344,
img_00505,good,consensus=good;level1=good;level2=good;level3=good,graded,good,0.999919,0.000081,0.997006,0.002912,
img_00509,bad,consensus=bad;level1=bad;level2=bad;level3=bad,graded,bad,0.143879,0.856121,0.003677,0.140201,
img_00510,bad,consensus=bad;level1=bad;level2=bad;level3=bad,graded,bad,0.023215,0.976785,0.000207,0.023008,
img_00511,usable,consensus=usable;level1=good;level2=usable;level3=usable,graded,usable,0.991552,0.008448,0.487960,0.503591,
img_00512,usable,consensus=usable;level1=usable;level2=good;level3=usable,graded,usable,0.899551,0.100449,0.184435,0.715116,
img_00513,usable,consensus=usable;level1=usable;level2=usable;level3=bad,graded,usable,0.850221,0.149779,0.164019,0.686203,
img_00514,usable,consensus=usable;level1=good;level2=usable;level3=usable,graded,good,0.994779,0.005221,0.512806,0.481973,
img_00515,usable,consensus=usable;level1=good;level2=usable;level3=usable,graded,usable,0.878776,0.121224,0.174390,0.704386,
img_00516,bad,consensus=bad;level1=bad;level2=bad;level3=bad,graded,bad,0.184130,0.815870,0.001546,0.182584,
img_00517,bad,consensus=bad;level1=bad;level2=bad;level3=bad,graded,bad,0.009126,0.990874,0.000044,0.009082,
img_00518,usable,consensus=usable;level1=usable;level2=usable;level3=usable,graded,usable,0.974908,0.025092,0.203270,0.771638,
img_00519,usable,consensus=usable;level1=usable;level2=usable;level3=bad,graded,usable,0.545416,0.454584,0.038794,0.506622,
img_00520,usable,consensus=usable;level1=good;level2=usable;level3=usable,graded,good,0.904092,0.095908,0.504946,0.399146,
img_00521,good,consensus=good;level1=good;level2=good;level3=good,graded,good,0.999350,0.000650,0.934164,0.065186,
img_00522,good,consensus=good;level1=good;level2=good;level3=good,graded,good,0.999925,0.000075,0.987621,0.012303,
img_00523,usable,consensus=usable;level1=good;level2=usable;level3=usable,graded,usable,0.971238,0.028762,0.346550,0.624688,
img_00524,usable,consensus=usable;level1=usable;level2=usable;level3=usable,graded,usable,0.963007,0.036993,0.101652,0.861355,
img_00525,usable,consensus=usable;level1=usable;level2=usable;level3=bad,graded,usable,0.776121,0.223879,0.031686,0.744435,
img_00526,usable,consensus=usable;level1=usable;level2=usable;level3=bad,graded,bad,0.459948,0.540052,0.010054,0.449895,
img_00527,usable,consensus=usable;level1=good;level2=usable;level3=usable,graded,good,0.998782,0.001218,0.957524,0.041259,
img_00528,bad,consensus=bad;level1=bad;level2=bad;level3=bad,graded,usable,0.813833,0.186167,0.116232,0.697602,
img_00529,good,consensus=good;level1=good;level2=good;level3=good,graded,good,0.999924,0.000076,0.995590,0.004334,
img_00530,good,consensus=good;level1=good;level2=good;level3=good,graded,good,0.999895,0.000105,0.994197,0.005698,
img_00533,usable,consensus=usable;level1=usable;level2=good;level3=usable,graded,good,0.951368,0.048632,0.719677,0.231690,
img_00534,good,consensus=good;level1=usable;level2=good;level3=good,graded,usable,0.959530,0.040470,0.344826,0.614704,
img_00536,bad,consensus=bad;level1=bad;level2=bad;level3=bad,graded,bad,0.005141,0.994859,0.000030,0.005110,
img_00538,good,consensus=good;level1=good;level2=good;level3=good,graded,good,0.996418,0.003582,0.709306,0.287112,
img_00539,usable,consensus=usable;level1=usable;level2=usable;level3=usable,graded,good,0.995396,0.004604,0.727541,0.267855,
img_00540,bad,consensus=bad;level1=usable;level2=bad;level3=bad,graded,usable,0.598914,0.401086,0.016588,0.582326,
img_00544,usable,consensus=usable;level1=good;level2=usable;level3=usable,graded,good,0.999973,0.000027,0.997036,0.002937,
img_00548,usable,consensus=usable;level1=good;level2=usable;level3=usable,graded,good,0.999620,0.000380,0.982815,0.016805,
img_00549,bad,consensus=bad;level1=usable;level2=bad;level3=bad,graded,usable,0.539060,0.460940,0.027771,0.511289,
img_00550,good,consensus=good;level1=good;level2=good;level3=usable,graded,good,0.988338,0.011662,0.586250,0.402088,
img_00551,good,consensus=good;level1=good;level2=good;level3=usable,graded,usable,0.864054,0.135946,0.089279,0.774775,
img_00552,usable,consensus=usable;level1=usable;level2=usable;level3=bad,graded,usable,0.923507,0.076493,0.309806,0.613701,
img_00553,usable,consensus=usable;level1=usable;level2=usable;level3=bad,graded,usable,0.834424,0.165576,0.173146,0.661278,
img_00554,good,consensus=good;level1=good;level2=good;level3=good,graded,good,0.999901,0.000099,0.991882,0.008019,
img_00555,usable,consensus=usable;level1=good;level2=usable;level3=usable,graded,good,0.999819,0.000181,0.990545,0.009273,
img_00558,good,consensus=good;level1=good;level2=good;level3=usable,graded,good,0.997296,0.002704,0.678181,0.319115,
img_00559,usable,consensus=usable;level1=usable;level2=usable;level3=bad,graded,bad,0.108696,0.891304,0.001884,0.106811,
img_00560,usable,consensus=usable;level1=usable;level2=usable;level3=bad,graded,usable,0.896873,0.103127,0.150006,0.746867,
img_00561,usable,consensus=usable;level1=good;level2=bad;level3=usable,graded,usable,0.830322,0.169678,0.125973,0.704349,
img_00562,usable,consensus=usable;level1=good;level2=usable;level3=usable,graded,usable,0.977399,0.022601,0.178520,0.798879,
img_00563,usable,consensus=usable;level1=usable;level2=usable;level3=bad,graded,bad,0.443038,0.556962,0.023088,0.419950,
img_00564,bad,consensus=bad;level1=bad;level2=bad;level3=bad,graded,bad,0.485182,0.514818,0.020092,0.465090,
img_00569,good,consensus=good;level1=good;level2=good;level3=usable,graded,good,0.994862,0.005138,0.665739,0.329123,
img_00570,good,consensus=good;level1=good;level2=good;level3=good,graded,good,0.999987,0.000013,0.997031,0.002957,
img_00571,usable,consensus=usable;level1=good;level2=usable;level3=usable,graded,good,0.955516,0.044484,0.687237,0.268279,
img_00572,bad,consensus=bad;level1=bad;level2=bad;level3=bad,graded,bad,0.002249,0.997751,0.000012,0.002238,
img_00573,bad,consensus=bad;level1=usable;level2=bad;level3=bad,graded,bad,0.418793,0.581207,0.027361,0.391431,
img_00575,bad,consensus=bad;level1=bad;level2=bad;level3=bad,graded,bad,0.001726,0.998274,0.000008,0.001718,
img_00576,usable,consensus=usable;level1=usable;level2=usable;level3=bad,graded,usable,0.570027,0.429973,0.016475,0.553553,
img_00577,good,consensus=good;level1=good;level2=good;level3=usable,graded,good,0.999061,0.000939,0.964228,0.034832,
img_00578,good,consensus=good;level1=good;level2=good;level3=usable,graded,good,0.999901,0.000099,0.989987,0.009914,
img_00579,usable,consensus=usable;level1=good;level2=usable;level3=usable,graded,usable,0.943549,0.056451,0.271362,0.672187,
img_00580,bad,consensus=bad;level1=bad;level2=bad;level3=bad,graded,bad,0.133220,0.866780,0.001671,0.131549,
img_00582,usable,consensus=usable;level1=good;level2=usable;level3=usable,graded,usable,0.963217,0.036783,0.299272,0.663945,
img_00583,usable,consensus=usable;level1=usable;level2=usable;level3=bad,graded,usable,0.836687,0.163313,0.194769,0.641918,
img_00584,usable,consensus=usable;level1=usable;level2=usable;level3=bad,graded,bad,0.507883,0.492117,0.114300,0.393584,
img_00585,usable,consensus=usable;level1=usable;level2=usable;level3=bad,graded,good,0.997696,0.002304,0.894718,0.102978,
img_00586,good,consensus=good;level1=good;level2=good;level3=usable,graded,good,0.999935,0.000065,0.994647,0.005288,
img_00587,bad,consensus=bad;level1=bad;level2=bad;level3=bad,graded,usable,0.730889,0.269111,0.017928,0.712961,
img_00588,bad,consensus=bad;level1=bad;level2=bad;level3=bad,graded,bad,0.004433,0.995567,0.000019,0.004414,
img_00589,bad,consensus=bad;level1=bad;level2=bad;level3=bad,graded,bad,0.013502,0.986498,0.000077,0.013425,
img_00591,bad,consensus=bad;level1=usable;level2=bad;level3=bad,graded,usable,0.843088,0.156912,0.038521,0.804567,
img_00596,bad,consensus=bad;level1=bad;level2=bad;level3=bad,graded,bad,0.002481,0.997519,0.000023,0.002459,
img_00598,usable,consensus=usable;level1=usable;level2=usable;level3=bad,graded,bad,0.346181,0.653819,0.014158,0.332022,
img_00601,bad,consensus=bad;level1=bad;level2=bad;level3=bad,graded,bad,0.025908,0.974092,0.000193,0.025714,
img_00604,usable,consensus=usable;level1=good;level2=usable;level3=usable,graded,usable,0.983058,0.016942,0.213789,0.769269,
img_00605,usable,consensus=usable;level1=usable;level2=usable;level3=bad,graded,usable,0.894187,0.105813,0.052848,0.841339,
img_00606,good,consensus=good;level1=good;level2=good;level3=usable,graded,good,0.996827,0.003173,0.804432,0.192394,
img_00607,good,consensus=good;level1=good;level2=good;level3=usable,graded,good,0.997816,0.002184,0.899774,0.098041,
img_00608,usable,consensus=usable;level1=bad;level2=usable;level3=usable,graded,bad,0.330457,0.669543,0.006119,0.324338,
img_00609,usable,consensus=usable;level1=usable;level2=usable;level3=bad,graded,usable,0.842318,0.157682,0.129524,0.712795,
img_00610,bad,consensus=bad;level1=bad;level2=usable;level3=bad,graded,usable,0.779230,0.220770,0.104195,0.675035,
img_00611,bad,consensus=bad;level1=bad;level2=bad;level3=bad,graded,bad,0.226832,0.773168,0.001115,0.225717,
img_00612,bad,consensus=bad;level1=bad;level2=bad;level3=bad,graded,bad,0.315829,0.684171,0.003292,0.312537,
img_00613,good,consensus=good;level1=good;level2=good;level3=bad,graded,good,0.994540,0.005460,0.920150,0.074390,
img_00614,bad,consensus=bad;level1=bad;level2=usable;level3=bad,graded,usable,0.551893,0.448107,0.026733,0.525160,
img_00615,usable,consensus=usable;level1=usable;level2=usable;level3=bad,graded,good,0.994546,0.005454,0.559994,0.434552,
img_00616,good,consensus=good;level1=good;level2=good;level3=usable,graded,good,0.988902,0.011098,0.675382,0.313520,
img_00617,usable,consensus=usable;level1=good;level2=usable;level3=usable,graded,good,0.820794,0.179206,0.432516,0.388278,
img_00618,usable,consensus=usable;level1=usable;level2=usable;level3=bad,graded,usable,0.651650,0.348350,0.171780,0.479870,
img_00621,usable,consensus=usable;level1=good;level2=usable;level3=usable,graded,usable,0.916619,0.083381,0.131071,0.785547,
img_00622,usable,consensus=usable;level1=good;level2=usable;level3=usable,graded,usable,0.977215,0.022785,0.444279,0.532937,
img_00623,bad,consensus=bad;level1=usable;level2=bad;level3=bad,graded,usable,0.597727,0.402273,0.079344,0.518383,
img_00624,bad,consensus=bad;level1=bad;level2=bad;level3=bad,graded,usable,0.765135,0.234865,0.088991,0.676144,
img_00625,bad,consensus=bad;level1=bad;level2=usable;level3=bad,graded,usable,0.973481,0.026519,0.059497,0.913985,
img_00626,bad,consensus=bad;level1=usable;level2=bad;level3=bad,graded,bad,0.488772,0.511228,0.006163,0.482608,
img_00627,usable,consensus=usable;level1=usable;level2=usable;level3=bad,graded,bad,0.406332,0.593668,0.008803,0.397528,
img_00631,bad,consensus=bad;level1=usable;level2=bad;level3=bad,graded,usable,0.686356,0.313644,0.053142,0.633214,
img_00632,bad,consensus=bad;level1=bad;level2=bad;level3=bad,graded,bad,0.015624,0.984376,0.000061,0.015563,
img_00633,usable,consensus=usable;level1=usable;level2=good;level3=usable,graded,good,0.979392,0.020608,0.631939,0.347454,
img_00634,good,consensus=good;level1=good;level2=good;level3=good,graded,good,0.967215,0.032785,0.837786,0.129429,
img_00638,bad,consensus=bad;level1=bad;level2=bad;level3=bad,graded,bad,0.012902,0.987098,0.000367,0.012536,
img_00639,bad,consensus=bad;level1=bad;level2=bad;level3=bad,graded,bad,0.150509,0.849491,0.011967,0.138543,
img_00640,bad,consensus=bad;level1=bad;level2=bad;level3=bad,graded,bad,0.192262,0.807737,0.022729,0.169533,
img_00641,bad,consensus=bad;level1=bad;level2=bad;level3=bad,graded,bad,0.103556,0.896444,0.005166,0.098390,
img_00642,good,consensus=good;level1=good;level2=good;level3=usable,graded,good,0.999586,0.000414,0.956452,0.043134,
img_00643,good,consensus=good;level1=good;level2=good;level3=good,graded,good,0.999998,0.000002,0.999557,0.000441,
img_00644,bad,consensus=bad;level1=bad;level2=bad;level3=bad,graded,usable,0.661349,0.338651,0.023581,0.637768,
img_00645,bad,consensus=bad;level1=bad;level2=bad;level3=bad,graded,usable,0.705163,0.294837,0.055142,0.650021,
img_00646,bad,consensus=bad;level1=usable;level2=bad;level3=bad,graded,usable,0.963500,0.036500,0.475867,0.487633,
img_00647,bad,consensus=bad;level1=usable;level2=bad;level3=bad,graded,good,0.969924,0.030076,0.544551,0.425373,
img_00648,bad,consensus=bad;level1=usable;level2=bad;level3=bad,graded,bad,0.284844,0.715156,0.004505,0.280338,
img_00649,bad,consensus=bad;level1=usable;level2=bad;level3=bad,graded,usable,0.707076,0.292924,0.043115,0.663962,
img_00650,bad,consensus=bad;level1=bad;level2=bad;level3=bad,graded,bad,0.159421,0.840579,0.004878,0.154543,
img_00651,bad,consensus=bad;level1=bad;level2=bad;level3=bad,graded,bad,0.271622,0.728378,0.013139,0.258483,
img_00652,usable,consensus=usable;level1=good;level2=usable;level3=usable,graded,good,0.999743,0.000257,0.981655,0.018087,
img_00653,usable,consensus=usable;level1=good;level2=usable;level3=usable,graded,usable,0.983288,0.016712,0.478798,0.504489,
img_00654,usable,consensus=usable;level1=good;level2=usable;level3=usable,graded,usable,0.937852,0.062148,0.123875,0.813977,
img_00655,usable,consensus=usable;level1=usable;level2=usable;level3=usable,graded,usable,0.861304,0.138696,0.069753,0.791551,
img_00656,bad,consensus=bad;level1=bad;level2=bad;level3=bad,graded,bad,0.146821,0.853179,0.001551,0.145270,
img_00658,bad,consensus=bad;level1=bad;level2=usable;level3=bad,graded,good,0.983305,0.016695,0.605791,0.377515,
img_00662,bad,consensus=bad;level1=usable;level2=bad;level3=bad,graded,usable,0.827247,0.172753,0.020886,0.806361,
img_00663,bad,consensus=bad;level1=usable;level2=bad;level3=bad,graded,usable,0.574486,0.425514,0.010668,0.563818,
img_00665,bad,consensus=bad;level1=bad;level2=bad;level3=bad,graded,bad,0.003689,0.996311,0.000019,0.003670,
img_00667,usable,consensus=usable;level1=good;level2=usable;level3=usable,graded,usable,0.721194,0.278806,0.112269,0.608924,
img_00668,good,consensus=good;level1=good;level2=good;level3=good,graded,good,0.999176,0.000824,0.971311,0.027865,
img_00669,good,consensus=good;level1=good;level2=good;level3=good,graded,good,0.999982,0.000018,0.997720,0.002261,
img_00670,bad,consensus=bad;level1=usable;level2=bad;level3=bad,graded,good,0.955855,0.044145,0.632821,0.323034,
img_00671,bad,consensus=bad;level1=bad;level2=bad;level3=bad,graded,usable,0.685968,0.314032,0.107828,0.578140,
img_00672,usable,consensus=usable;level1=good;level2=usable;level3=usable,graded,good,0.998461,0.001540,0.936452,0.062009,
img_00673,usable,consensus=usable;level1=usable;level2=usable;level3=usable,graded,good,0.994319,0.005681,0.648043,0.346276,
img_00674,usable,consensus=usable;level1=usable;level2=usable;level3=bad,graded,usable,0.889434,0.110566,0.021123,0.868311,
img_00675,usable,consensus=usable;level1=usable;level2=usable;level3=bad,graded,usable,0.727039,0.272961,0.017156,0.709883,
img_00676,bad,consensus=bad;level1=good;level2=bad;level3=bad,graded,bad,0.001934,0.998066,0.000011,0.001922,
img_00677,bad,consensus=bad;level1=usable;level2=bad;level3=bad,graded,usable,0.869556,0.130444,0.110949,0.758607,
img_00678,usable,consensus=usable;level1=good;level2=usable;level3=usable,graded,good,0.997432,0.002568,0.920376,0.077056,
img_00683,usable,consensus=usable;level1=good;level2=usable;level3=usable,graded,good,0.899943,0.100057,0.459862,0.440081,
img_00684,good,consensus=good;level1=good;level2=good;level3=usable,graded,good,0.999260,0.000740,0.949513,0.049747,
img_00685,usable,consensus=usable;level1=usable;level2=usable;level3=bad,graded,usable,0.936554,0.063446,0.319166,0.617389,
img_00686,bad,consensus=bad;level1=bad;level2=bad;level3=bad,graded,bad,0.027766,0.972234,0.000101,0.027665,
img_00687,bad,consensus=bad;level1=bad;level2=bad;level3=bad,graded,bad,0.007512,0.992488,0.000039,0.007473,
img_00688,bad,consensus=bad;level1=bad;level2=bad;level3=bad,graded,bad,0.004195,0.995806,0.000025,0.004169,
img_00691,bad,consensus=bad;level1=bad;level2=bad;level3=bad,graded,bad,0.004885,0.995115,0.000133,0.004753,
img_00693,bad,consensus=bad;level1=bad;level2=bad;level3=bad,graded,bad,0.059145,0.940855,0.000193,0.058953,
img_00696,usable,consensus=usable;level1=good;level2=usable;level3=usable,graded,good,0.998688,0.001312,0.902709,0.095980,
img_00697,usable,consensus=usable;level1=good;level2=usable;level3=usable,graded,good,0.999190,0.000810,0.965263,0.033927,
img_00698,bad,consensus=bad;level1=bad;level2=bad;level3=bad,graded,bad,0.008377,0.991623,0.000049,0.008328,
img_00699,bad,consensus=bad;level1=bad;level2=bad;level3=bad,graded,bad,0.002314,0.997686,0.000012,0.002302,
img_00700,bad,consensus=bad;level1=usable;level2=bad;level3=bad,graded,bad,0.444867,0.555133,0.069635,0.375232,
img_00701,bad,consensus=bad;level1=bad;level2=bad;level3=bad,graded,bad,0.010327,0.989673,0.000063,0.010264,
img_00702,bad,consensus=bad;level1=bad;level2=bad;level3=bad,graded,bad,0.017002,0.982998,0.000147,0.016854,
img_00703,usable,consensus=usable;level1=usable;level2=usable;level3=bad,graded,good,0.976659,0.023341,0.512968,0.463691,
img_00704,usable,consensus=usable;level1=usable;level2=usable;level3=bad,graded,good,0.993328,0.006672,0.736573,0.256755,
img_00705,usable,consensus=usable;level1=usable;level2=usable;level3=bad,graded,usable,0.976832,0.023168,0.436606,0.540226,
img_00706,usable,consensus=usable;level1=usable;level2=usable;level3=bad,graded,usable,0.918506,0.081494,0.175458,0.743048,
img_00707,good,consensus=good;level1=good;level2=good;level3=bad,graded,good,0.998212,0.001788,0.938340,0.059872,
img_00708,bad,consensus=bad;level1=bad;level2=bad;level3=bad,graded,bad,0.001955,0.998045,0.000009,0.001947,
img_00709,usable,consensus=usable;level1=good;level2=usable;level3=usable,graded,good,0.992112,0.007888,0.784272,0.207840,
img_00710,bad,consensus=bad;level1=usable;level2=bad;level3=bad,graded,good,0.965910,0.034090,0.574853,0.391056,
img_00711,bad,consensus=bad;level1=bad;level2=usable;level3=bad,graded,bad,0.132221,0.867779,0.003946,0.128276,
img_00713,bad,consensus=bad;level1=usable;level2=bad;level3=bad,graded,usable,0.600008,0.399992,0.015972,0.584036,
img_00714,usable,consensus=usable;level1=usable;level2=usable;level3=bad,graded,usable,0.915287,0.084713,0.455040,0.460247,
img_00715,bad,consensus=bad;level1=good;level2=bad;level3=bad,graded,bad,0.536298,0.463702,0.120386,0.415912,
img_00716,good,consensus=good;level1=good;level2=good;level3=usable,graded,usable,0.762362,0.237638,0.236946,0.525416,
img_00717,good,consensus=good;level1=good;level2=good;level3=usable,graded,usable,0.675723,0.324277,0.022033,0.653690,
img_00718,usable,consensus=usable;level1=good;level2=usable;level3=usable,graded,bad,0.339367,0.660633,0.007444,0.331923,
img_00719,good,consensus=good;level1=good;level2=good;level3=good,graded,good,0.999951,0.000050,0.995469,0.004481,
img_00720,good,consensus=good;level1=good;level2=good;level3=good,graded,good,0.999627,0.000373,0.987276,0.012351,
img_00721,usable,consensus=usable;level1=good;level2=usable;level3=usable,graded,usable,0.811219,0.188781,0.059082,0.752137,
img_00722,usable,consensus=usable;level1=good;level2=usable;level3=usable,graded,bad,0.439464,0.560536,0.026712,0.412753,
img_00723,usable,consensus=usable;level1=usable;level2=usable;level3=bad,graded,usable,0.757150,0.242850,0.043557,0.713593,
img_00724,usable,consensus=usable;level1=usable;level2=usable;level3=bad,graded,usable,0.542717,0.457283,0.010471,0.532246,
img_00725,usable,consensus=usable;level1=good;level2=usable;level3=usable,graded,good,0.997460,0.002540,0.931441,0.066018,
img_00726,usable,consensus=usable;level1=usable;level2=usable;level3=bad,graded,usable,0.739161,0.260839,0.063982,0.675179,
img_00727,bad,consensus=bad;level1=usable;level2=bad;level3=bad,graded,usable,0.562251,0.437749,0.030859,0.531392,
img_00728,usable,consensus=usable;level1=good;level2=usable;level3=usable,graded,good,0.996769,0.003231,0.887817,0.108951,
img_00729,usable,consensus=usable;level1=usable;level2=usable;level3=usable,graded,usable,0.965247,0.034753,0.271266,0.693981,
img_00730,good,consensus=good;level1=good;level2=good;level3=usable,graded,usable,0.902825,0.097175,0.310593,0.592232,
img_00731,bad,consensus=bad;level1=bad;level2=bad;level3=bad,graded,bad,0.142070,0.857930,0.002198,0.139872,
img_00732,bad,consensus=bad;level1=bad;level2=bad;level3=bad,graded,usable,0.645470,0.354530,0.081905,0.563565,
img_00733,good,consensus=good;level1=good;level2=good;level3=usable,graded,good,0.999242,0.000758,0.935952,0.063290,
img_00734,bad,consensus=bad;level1=bad;level2=bad;level3=bad,graded,bad,0.009289,0.990711,0.000062,0.009227,
img_00735,good,consensus=good;level1=good;level2=good;level3=good,graded,good,0.993592,0.006408,0.812239,0.181353,
img_00736,good,consensus=good;level1=good;level2=bad;level3=good,graded,good,0.979907,0.020093,0.641057,0.338849,
img_00737,bad,consensus=bad;level1=bad;level2=bad;level3=bad,graded,usable,0.530700,0.469300,0.012817,0.517882,
img_00738,bad,consensus=bad;level1=bad;level2=bad;level3=bad,graded,bad,0.003272,0.996728,0.000015,0.003257,
img_00739,bad,consensus=bad;level1=bad;level2=bad;level3=bad,graded,bad,0.134893,0.865107,0.000501,0.134391,
img_00740,bad,consensus=bad;level1=bad;level2=bad;level3=bad,graded,bad,0.054811,0.945189,0.000177,0.054634,
img_00741,bad,consensus=bad;level1=bad;level2=bad;level3=bad,graded,usable,0.838220,0.161780,0.041777,0.796443,
img_00742,bad,consensus=bad;level1=good;level2=bad;level3=bad,graded,usable,0.940178,0.059822,0.427909,0.512269,
img_00743,usable,consensus=usable;level1=usable;level2=usable;level3=bad,graded,usable,0.941545,0.058455,0.270280,0.671266,
img_00744,usable,consensus=usable;level1=good;level2=usable;level3=usable,graded,good,0.999983,0.000017,0.996490,0.003493,
img_00745,usable,consensus=usable;level1=usable;level2=usable;level3=bad,graded,usable,0.759189,0.240811,0.224348,0.534841,
img_00746,good,consensus=good;level1=good;level2=good;level3=usable,graded,good,0.985024,0.014976,0.868201,0.116823,
img_00747,good,consensus=good;level1=good;level2=good;level3=usable,graded,good,0.968182,0.031818,0.660924,0.307258,
img_00750,usable,consensus=usable;level1=good;level2=usable;level3=usable,graded,good,0.888255,0.111745,0.523585,0.364670,
img_00751,bad,consensus=bad;level1=bad;level2=usable;level3=bad,graded,bad,0.293356,0.706644,0.023978,0.269378,
img_00752,bad,consensus=bad;level1=bad;level2=bad;level3=bad,graded,usable,0.583077,0.416923,0.018290,0.564788,
img_00753,bad,consensus=bad;level1=bad;level2=bad;level3=bad,graded,bad,0.022225,0.977775,0.000054,0.022171,
img_00754,good,consensus=good;level1=good;level2=good;level3=usable,graded,good,0.995578,0.004423,0.910937,0.084640,
img_00755,good,consensus=good;level1=good;level2=good;level3=good,graded,good,0.999984,0.000016,0.998950,0.001034,
img_00756,usable,consensus=usable;level1=usable;level2=usable;level3=usable,graded,usable,0.733524,0.266477,0.184501,0.549023,
img_00757,usable,consensus=usable;level1=usable;level2=bad;level3=usable,graded,good,0.991253,0.008747,0.770494,0.220759,
img_00758,usable,consensus=usable;level1=good;level2=usable;level3=usable,graded,good,0.991480,0.008520,0.713351,0.278129,
img_00759,good,consensus=good;level1=good;level2=good;level3=good,graded,good,0.999970,0.000030,0.994521,0.005450,
img_00760,usable,consensus=usable;level1=good;level2=usable;level3=usable,graded,usable,0.961339,0.038661,0.219878,0.741461,
img_00761,usable,consensus=usable;level1=good;level2=usable;level3=usable,graded,good,0.991739,0.008261,0.649831,0.341908,
img_00762,good,consensus=good;level1=good;level2=good;level3=good,graded,good,0.999664,0.000336,0.972984,0.026681,
img_00763,good,consensus=good;level1=good;level2=good;level3=good,graded,usable,0.959105,0.040895,0.381939,0.577166,
img_00764,good,consensus=good;level1=good;level2=good;level3=good,graded,good,0.995494,0.004506,0.655551,0.339943,
img_00765,good,consensus=good;level1=good;level2=good;level3=good,graded,good,0.997631,0.002369,0.878786,0.118844,
img_00766,usable,consensus=usable;level1=usable;level2=usable;level3=good,graded,good,0.892508,0.107492,0.545770,0.346738,
img_00767,usable,consensus=usable;level1=good;level2=bad;level3=usable,graded,usable,0.852136,0.147863,0.296715,0.555422,
img_00768,bad,consensus=bad;level1=bad;level2=bad;level3=bad,graded,good,0.948721,0.051279,0.580713,0.368008,
img_00769,bad,consensus=bad;level1=bad;level2=bad;level3=bad,graded,bad,0.022257,0.977743,0.000133,0.022124,
img_00770,usable,consensus=usable;level1=usable;level2=usable;level3=usable,graded,good,0.986929,0.013071,0.827061,0.159868,
img_00771,bad,consensus=bad;level1=usable;level2=bad;level3=bad,graded,usable,0.698072,0.301928,0.027720,0.670352,
img_00772,bad,consensus=bad;level1=bad;level2=bad;level3=bad,graded,bad,0.434547,0.565453,0.004614,0.429932,
img_00773,bad,consensus=bad;level1=bad;level2=bad;level3=bad,graded,usable,0.649586,0.350414,0.053598,0.595988,
img_00774,bad,consensus=bad;level1=usable;level2=bad;level3=bad,graded,usable,0.958339,0.041661,0.434852,0.523487,
img_00775,usable,consensus=usable;level1=good;level2=usable;level3=usable,graded,good,0.995127,0.004873,0.754744,0.240382,
img_00776,usable,consensus=usable;level1=good;level2=usable;level3=usable,graded,good,0.990223,0.009777,0.629445,0.360778,
img_00779,usable,consensus=usable;level1=usable;level2=usable;level3=bad,graded,usable,0.993238,0.006762,0.460580,0.532658,
img_00780,good,consensus=good;level1=good;level2=good;level3=good,graded,good,0.996954,0.003046,0.925000,0.071954,
img_00781,usable,consensus=usable;level1=usable;level2=usable;level3=bad,graded,usable,0.909620,0.090380,0.123070,0.786550,
img_00782,usable,consensus=usable;level1=good;level2=usable;level3=usable,graded,good,0.999485,0.000515,0.943731,0.055754,
img_00783,usable,consensus=usable;level1=good;level2=usable;level3=usable,graded,usable,0.950694,0.049306,0.094753,0.855940,
img_00784,good,consensus=good;level1=good;level2=good;level3=usable,graded,usable,0.908786,0.091214,0.104204,0.804582,
img_00785,usable,consensus=usable;level1=good;level2=usable;level3=usable,graded,usable,0.806013,0.193987,0.113564,0.692449,
img_00786,good,consensus=good;level1=good;level2=good;level3=usable,graded,usable,0.839056,0.160945,0.259737,0.579319,
img_00787,good,consensus=good;level1=good;level2=good;level3=good,graded,good,1.000000,0.000000,0.999941,0.000059,
img_00788,usable,consensus=usable;level1=usable;level2=good;level3=usable,graded,usable,0.886686,0.113314,0.344780,0.541906,
img_00789,usable,consensus=usable;level1=good;level2=usable;level3=usable,graded,good,0.942663,0.057337,0.603097,0.339566,
img_00790,usable,consensus=usable;level1=usable;level2=usable;level3=bad,graded,usable,0.976364,0.023636,0.228093,0.748271,
img_00791,usable,consensus=usable;level1=usable;level2=usable;level3=bad,graded,usable,0.908640,0.091359,0.158211,0.750429,
img_00792,usable,consensus=usable;level1=usable;level2=good;level3=usable,graded,usable,0.874156,0.125844,0.038063,0.836093,
img_00793,bad,consensus=bad;level1=bad;level2=usable;level3=bad,graded,bad,0.164065,0.835935,0.000846,0.163219,
img_00794,usable,consensus=usable;level1=usable;level2=usable;level3=bad,graded,usable,0.935467,0.064533,0.155867,0.779599,
img_00795,usable,consensus=usable;level1=usable;level2=good;level3=usable,graded,good,0.997801,0.002199,0.759031,0.238770,
img_00796,usable,consensus=usable;level1=usable;level2=usable;level3=bad,graded,usable,0.536740,0.463260,0.018050,0.518690,
img_00797,bad,consensus=bad;level1=bad;level2=bad;level3=bad,graded,usable,0.575595,0.424405,0.021439,0.554156,
img_00798,bad,consensus=bad;level1=bad;level2=bad;level3=bad,graded,bad,0.383671,0.616329,0.005169,0.378502,
img_00799,usable,consensus=usable;level1=usable;level2=usable;level3=usable,graded,good,0.966678,0.033322,0.768686,0.197993,
img_00800,good,consensus=good;level1=good;level2=good;level3=good,graded,good,0.999996,0.000003,0.999408,0.000589,
img_00801,usable,consensus=usable;level1=good;level2=usable;level3=usable,graded,usable,0.986749,0.013251,0.402434,0.584315,
img_00802,usable,consensus=usable;level1=good;level2=usable;level3=usable,graded,usable,0.995979,0.004021,0.491519,0.504460,
img_00803,bad,consensus=bad;level1=usable;level2=bad;level3=bad,graded,bad,0.502419,0.497581,0.016807,0.485611,
img_00804,bad,consensus=bad;level1=bad;level2=bad;level3=bad,graded,bad,0.386106,0.613894,0.005159,0.380947,
img_00805,bad,consensus=bad;level1=bad;level2=bad;level3=bad,graded,bad,0.190284,0.809716,0.001829,0.188455,
img_00806,bad,consensus=bad;level1=bad;level2=bad;level3=bad,graded,bad,0.020791,0.979209,0.000111,0.020679,
img_00807,bad,consensus=bad;level1=bad;level2=bad;level3=bad,graded,bad,0.029601,0.970399,0.000183,0.029418,
img_00808,usable,consensus=usable;level1=good;level2=usable;level3=usable,graded,good,0.999362,0.000638,0.962518,0.036844,
img_00809,good,consensus=good;level1=good;level2=good;level3=good,graded,good,0.999860,0.000140,0.986375,0.013486,
img_00810,good,consensus=good;level1=good;level2=good;level3=usable,graded,good,0.951805,0.048195,0.518795,0.433010,
img_00811,good,consensus=good;level1=good;level2=good;level3=usable,graded,good,0.977257,0.022743,0.548936,0.428321,
img_00813,bad,consensus=bad;level1=bad;level2=bad;level3=usable,graded,usable,0.803631,0.196369,0.023721,0.779910,
img_00814,usable,consensus=usable;level1=usable;level2=good;level3=usable,graded,good,0.990647,0.009353,0.558445,0.432202,
img_00815,usable,consensus=usable;level1=usable;level2=usable;level3=bad,graded,good,0.993641,0.006359,0.641968,0.351672,
img_00816,usable,consensus=usable;level1=usable;level2=usable;level3=bad,graded,usable,0.530009,0.469991,0.038742,0.491267,
img_00817,usable,consensus=usable;level1=usable;level2=usable;level3=bad,graded,bad,0.323366,0.676634,0.004919,0.318447,
img_00818,bad,consensus=bad;level1=usable;level2=bad;level3=bad,graded,usable,0.908434,0.091566,0.215276,0.693158,
img_00819,usable,consensus=usable;level1=usable;level2=good;level3=usable,graded,good,0.997398,0.002602,0.925966,0.071432,
img_00820,bad,consensus=bad;level1=bad;level2=bad;level3=bad,graded,bad,0.053803,0.946197,0.000505,0.053298,
img_00821,bad,consensus=bad;level1=bad;level2=bad;level3=bad,graded,bad,0.002756,0.997244,0.000016,0.002740,
img_00822,bad,consensus=bad;level1=bad;level2=bad;level3=bad,graded,bad,0.002264,0.997736,0.000012,0.002252,
img_00823,good,consensus=good;level1=good;level2=good;level3=good,graded,good,0.999175,0.000825,0.973942,0.025233,
img_00824,usable,consensus=usable;level1=usable;level2=usable;level3=usable,graded,usable,0.969000,0.031000,0.478395,0.490605,
img_00825,good,consensus=good;level1=good;level2=good;level3=usable,graded,usable,0.983400,0.016600,0.452185,0.531215,
img_00826,usable,consensus=usable;level1=usable;level2=usable;level3=usable,graded,usable,0.819300,0.180700,0.026349,0.792951,
img_00827,usable,consensus=usable;level1=usable;level2=usable;level3=usable,graded,good,0.998990,0.001010,0.975782,0.023208,
img_00828,usable,consensus=usable;level1=usable;level2=usable;level3=bad,graded,usable,0.712133,0.287867,0.017040,0.695093,
img_00829,usable,consensus=usable;level1=usable;level2=good;level3=usable,graded,usable,0.549516,0.450484,0.008156,0.541360,
img_00830,usable,consensus=usable;level1=usable;level2=usable;level3=bad,graded,usable,0.816172,0.183828,0.017448,0.798724,
img_00831,usable,consensus=usable;level1=usable;level2=usable;level3=bad,graded,bad,0.274460,0.725540,0.003397,0.271063,
img_00832,usable,consensus=usable;level1=good;level2=usable;level3=usable,graded,usable,0.946039,0.053961,0.043663,0.902375,
img_00833,usable,consensus=usable;level1=bad;level2=usable;level3=usable,graded,bad,0.027250,0.972750,0.000153,0.027097,
img_00834,bad,consensus=bad;level1=bad;level2=bad;level3=bad,graded,bad,0.130066,0.869934,0.000649,0.129417,
img_00835,usable,consensus=usable;level1=usable;level2=usable;level3=bad,graded,usable,0.504074,0.495926,0.005520,0.498554,
img_00836,bad,consensus=bad;level1=bad;level2=bad;level3=bad,graded,usable,0.523923,0.476077,0.006834,0.517088,
img_00838,bad,consensus=bad;level1=bad;level2=good;level3=bad,graded,usable,0.665423,0.334577,0.031550,0.633873,
img_00839,usable,consensus=usable;level1=usable;level2=usable;level3=bad,graded,usable,0.699365,0.300635,0.013529,0.685835,
img_00840,usable,consensus=usable;level1=usable;level2=good;level3=usable,graded,usable,0.874665,0.125335,0.029442,0.845223,
img_00841,usable,consensus=usable;level1=usable;level2=good;level3=usable,graded,usable,0.855729,0.144271,0.019340,0.836389,
img_00842,usable,consensus=usable;level1=usable;level2=usable;level3=bad,graded,usable,0.778400,0.221600,0.017260,0.761140,
img_00843,bad,consensus=bad;level1=bad;level2=bad;level3=bad,graded,usable,0.543698,0.456302,0.006726,0.536973,
img_00844,bad,consensus=bad;level1=bad;level2=usable;level3=bad,graded,bad,0.167955,0.832045,0.001658,0.166297,
img_00845,usable,consensus=usable;level1=bad;level2=usable;level3=usable,graded,bad,0.335946,0.664054,0.004006,0.331940,
img_00846,usable,consensus=usable;level1=usable;level2=usable;level3=usable,graded,good,0.999218,0.000782,0.933651,0.065567,
img_00847,bad,consensus=bad;level1=bad;level2=usable;level3=bad,graded,usable,0.648269,0.351731,0.008508,0.639761,
img_00850,usable,consensus=usable;level1=good;level2=usable;level3=usable,graded,good,0.962108,0.037892,0.481098,0.481010,
img_00851,usable,consensus=usable;level1=usable;level2=usable;level3=usable,graded,usable,0.885479,0.114521,0.199218,0.686261,
img_00852,usable,consensus=usable;level1=good;level2=usable;level3=usable,graded,good,0.964936,0.035063,0.484179,0.480758,
img_00853,usable,consensus=usable;level1=usable;level2=usable;level3=usable,graded,usable,0.858452,0.141548,0.242057,0.616395,
img_00854,usable,consensus=usable;level1=good;level2=usable;level3=usable,graded,usable,0.983237,0.016763,0.300180,0.683057,
img_00855,usable,consensus=usable;level1=good;level2=usable;level3=usable,graded,good,0.998685,0.001314,0.836872,0.161813,
img_00856,bad,consensus=bad;level1=bad;level2=bad;level3=bad,graded,usable,0.687472,0.312528,0.038336,0.649136,
img_00857,bad,consensus=bad;level1=bad;level2=bad;level3=bad,graded,usable,0.918572,0.081428,0.225690,0.692882,
img_00858,usable,consensus=usable;level1=usable;level2=usable;level3=bad,graded,usable,0.841332,0.158668,0.087991,0.753341,
img_00859,bad,consensus=bad;level1=bad;level2=usable;level3=bad,graded,usable,0.577205,0.422795,0.015229,0.561975,
img_00860,usable,consensus=usable;level1=usable;level2=usable;level3=bad,graded,good,0.981403,0.018597,0.496730,0.484672,
img_00861,bad,consensus=bad;level1=bad;level2=bad;level3=bad,graded,bad,0.142697,0.857303,0.000743,0.141954,
img_00862,bad,consensus=bad;level1=bad;level2=usable;level3=bad,graded,usable,0.925745,0.074255,0.212300,0.713445,
img_00863,usable,consensus=usable;level1=good;level2=usable;level3=usable,graded,usable,0.951056,0.048944,0.156873,0.794183,
img_00864,good,consensus=good;level1=good;level2=good;level3=usable,graded,usable,0.980381,0.019619,0.236353,0.744027,
img_00867,bad,consensus=bad;level1=bad;level2=bad;level3=bad,graded,bad,0.051342,0.948658,0.000330,0.051012,
img_00868,bad,consensus=bad;level1=bad;level2=bad;level3=bad,graded,usable,0.741428,0.258572,0.048233,0.693196,
img_00870,bad,consensus=bad;level1=bad;level2=bad;level3=bad,graded,bad,0.024897,0.975103,0.000479,0.024418,
img_00873,usable,consensus=usable;level1=usable;level2=usable;level3=bad,graded,usable,0.988294,0.011706,0.234100,0.754194,
img_00874,bad,consensus=bad;level1=bad;level2=usable;level3=bad,graded,usable,0.896178,0.103822,0.065404,0.830774,
img_00875,bad,consensus=bad;level1=usable;level2=bad;level3=bad,graded,bad,0.466223,0.533777,0.011614,0.454609,
img_00876,usable,consensus=usable;level1=usable;level2=usable;level3=bad,graded,usable,0.960067,0.039933,0.319417,0.640649,
img_00877,usable,consensus=usable;level1=usable;level2=usable;level3=bad,graded,usable,0.655797,0.344203,0.100730,0.555068,
img_00878,good,consensus=good;level1=good;level2=good;level3=usable,graded,good,0.998366,0.001634,0.938400,0.059966,
img_00879,usable,consensus=usable;level1=usable;level2=usable;level3=usable,graded,good,0.992477,0.007523,0.824319,0.168158,
img_00880,good,consensus=good;level1=good;level2=good;level3=usable,graded,good,0.999991,0.000009,0.998538,0.001452,
img_00881,good,consensus=good;level1=good;level2=good;level3=good,graded,good,0.999999,0.000001,0.999725,0.000274,
img_00882,usable,consensus=usable;level1=usable;level2=usable;level3=bad,graded,usable,0.791047,0.208953,0.180217,0.610830,
img_00883,usable,consensus=usable;level1=usable;level2=usable;level3=bad,graded,usable,0.692454,0.307546,0.141449,0.551005,
img_00884,bad,consensus=bad;level1=bad;level2=bad;level3=bad,graded,bad,0.022736,0.977264,0.000203,0.022533,
img_00885,bad,consensus=bad;level1=bad;level2=bad;level3=bad,graded,bad,0.002305,0.997695,0.000012,0.002294,
img_00886,usable,consensus=usable;level1=good;level2=usable;level3=usable,graded,good,0.987976,0.012024,0.594632,0.393344,
img_00887,bad,consensus=bad;level1=usable;level2=bad;level3=bad,graded,usable,0.746498,0.253502,0.027523,0.718974,
img_00888,bad,consensus=bad;level1=bad;level2=bad;level3=bad,graded,bad,0.252905,0.747095,0.005868,0.247036,
img_00889,bad,consensus=bad;level1=bad;level2=bad;level3=bad,graded,bad,0.311498,0.688502,0.006218,0.305281,
img_00890,bad,consensus=bad;level1=bad;level2=bad;level3=usable,graded,usable,0.742965,0.257035,0.018051,0.724914,
img_00891,usable,consensus=usable;level1=usable;level2=usable;level3=bad,graded,usable,0.951354,0.048646,0.072171,0.879183,
img_00892,good,consensus=good;level1=good;level2=good;level3=good,graded,good,0.999986,0.000014,0.999069,0.000917,
img_00893,good,consensus=good;level1=good;level2=good;level3=good,graded,good,0.999996,0.000004,0.999164,0.000832,
img_00900,good,consensus=good;level1=good;level2=good;level3=good,graded,good,0.999912,0.000088,0.996946,0.002967,
img_00903,good,consensus=good;level1=good;level2=good;level3=good,graded,good,0.999980,0.000020,0.997132,0.002848,
img_00908,good,consensus=good;level1=good;level2=good;level3=good,graded,good,0.999998,0.000002,0.999395,0.000603,
img_00912,good,consensus=good;level1=good;level2=good;level3=good,graded,good,0.999977,0.000023,0.998037,0.001940,
img_00913,good,consensus=good;level1=good;level2=good;level3=good,graded,good,1.000000,0.000000,0.999914,0.000086,
img_00914,good,consensus=good;level1=good;level2=good;level3=good,graded,good,0.999966,0.000034,0.998106,0.001860,
img_00915,good,consensus=good;level1=good;level2=good;level3=good,graded,good,0.999899,0.000101,0.995104,0.004795,
img_00917,good,consensus=good;level1=good;level2=good;level3=good,graded,good,0.999896,0.000104,0.994113,0.005783,
img_00918,usable,consensus=usable;level1=good;level2=usable;level3=usable,graded,usable,0.983244,0.016756,0.199818,0.783425,
img_00919,bad,consensus=bad;level1=bad;level2=bad;level3=bad,graded,bad,0.002281,0.997719,0.000018,0.002263,
img_00923,bad,consensus=bad;level1=bad;level2=bad;level3=bad,graded,bad,0.014539,0.985461,0.000065,0.014475,
img_00924,bad,consensus=bad;level1=bad;level2=bad;level3=bad,graded,bad,0.016407,0.983593,0.000089,0.016318,
img_00928,good,consensus=good;level1=good;level2=good;level3=good,graded,good,0.999569,0.000431,0.973044,0.026525,
img_00929,good,consensus=good;level1=good;level2=good;level3=good,graded,good,0.999125,0.000875,0.901447,0.097678,
img_00932,usable,consensus=usable;level1=good;level2=usable;level3=usable,graded,usable,0.942653,0.057347,0.126424,0.816229,
img_00933,usable,consensus=usable;level1=good;level2=usable;level3=usable,graded,usable,0.982515,0.017485,0.274199,0.708315,
img_00934,good,consensus=good;level1=good;level2=good;level3=good,graded,good,0.994068,0.005932,0.811139,0.182929,
img_00935,good,consensus=good;level1=good;level2=good;level3=good,graded,good,0.988913,0.011087,0.824116,0.164797,
img_00936,bad,consensus=bad;level1=bad;level2=bad;level3=bad,graded,bad,0.088158,0.911842,0.001116,0.087042,
img_00938,good,consensus=good;level1=good;level2=good;level3=good,graded,good,0.971820,0.028180,0.599521,0.372299,
img_00939,usable,consensus=usable;level1=usable;level2=good;level3=usable,graded,usable,0.956687,0.043313,0.449391,0.507296,
img_00940,good,consensus=good;level1=good;level2=good;level3=good,graded,good,0.999997,0.000003,0.999515,0.000482,
img_00941,good,consensus=good;level1=good;level2=good;level3=good,graded,good,0.999627,0.000373,0.972792,0.026835,
img_00942,bad,consensus=bad;level1=bad;level2=bad;level3=bad,graded,bad,0.006362,0.993639,0.000044,0.006317,
img_00946,usable,consensus=usable;level1=usable;level2=good;level3=usable,graded,good,0.990286,0.009714,0.808382,0.181904,
img_00948,usable,consensus=usable;level1=good;level2=usable;level3=usable,graded,good,0.998356,0.001644,0.872022,0.126334,
img_00950,bad,consensus=bad;level1=usable;level2=bad;level3=bad,graded,usable,0.630882,0.369118,0.053332,0.577551,
img_00951,usable,consensus=usable;level1=usable;level2=bad;level3=usable,graded,usable,0.828449,0.171551,0.094849,0.733600,
img_00952,usable,consensus=usable;level1=usable;level2=usable;level3=usable,graded,usable,0.962966,0.037034,0.124022,0.838944,
img_00953,bad,consensus=bad;level1=usable;level2=bad;level3=bad,graded,usable,0.752165,0.247835,0.016905,0.735260,
img_00955,bad,consensus=bad;level1=bad;level2=bad;level3=bad,graded,bad,0.003288,0.996712,0.000013,0.003275,
img_00956,usable,consensus=usable;level1=good;level2=usable;level3=usable,graded,good,0.974796,0.025204,0.578163,0.396633,
img_00957,bad,consensus=bad;level1=bad;level2=bad;level3=usable,graded,bad,0.369302,0.630698,0.011182,0.358120,
img_00958,bad,consensus=bad;level1=bad;level2=bad;level3=bad,graded,usable,0.613122,0.386878,0.021670,0.591452,
img_00959,bad,consensus=bad;level1=usable;level2=bad;level3=bad,graded,usable,0.765520,0.234480,0.107293,0.658227,
img_00960,usable,consensus=usable;level1=good;level2=usable;level3=usable,graded,usable,0.907188,0.092812,0.353978,0.553210,
img_00961,bad,consensus=bad;level1=usable;level2=bad;level3=bad,graded,bad,0.350285,0.649715,0.018811,0.331474,
img_00962,usable,consensus=usable;level1=good;level2=usable;level3=usable,graded,good,0.999844,0.000156,0.987484,0.012360,
img_00963,usable,consensus=usable;level1=good;level2=usable;level3=usable,graded,usable,0.962551,0.037449,0.466701,0.495850,
img_00964,usable,consensus=usable;level1=usable;level2=usable;level3=bad,graded,usable,0.907782,0.092218,0.225708,0.682075,
img_00965,usable,consensus=usable;level1=usable;level2=usable;level3=bad,graded,usable,0.886632,0.113368,0.153845,0.732787,
img_00966,good,consensus=good;level1=good;level2=good;level3=good,graded,good,0.999599,0.000401,0.977051,0.022548,
img_00967,usable,consensus=usable;level1=usable;level2=good;level3=usable,graded,usable,0.890895,0.109105,0.226561,0.664335,
img_00968,usable,consensus=usable;level1=usable;level2=good;level3=usable,graded,usable,0.962045,0.037955,0.320011,0.642035,
img_00969,good,consensus=good;level1=good;level2=good;level3=usable,graded,good,0.962634,0.037366,0.746297,0.216337,
img_00970,good,consensus=good;level1=good;level2=good;level3=usable,graded,usable,0.958934,0.041066,0.371053,0.587880,
img_00971,bad,consensus=bad;level1=bad;level2=usable;level3=bad,graded,usable,0.955940,0.044060,0.283660,0.672280,
img_00972,usable,consensus=usable;level1=usable;level2=usable;level3=usable,graded,good,0.999536,0.000464,0.964210,0.035325,
img_00973,bad,consensus=bad;level1=bad;level2=usable;level3=bad,graded,usable,0.705740,0.294260,0.042563,0.663177,
img_00974,bad,consensus=bad;level1=bad;level2=usable;level3=bad,graded,usable,0.913487,0.086513,0.120965,0.792522,
img_00975,usable,consensus=usable;level1=usable;level2=usable;level3=bad,graded,good,0.996654,0.003346,0.756816,0.239838,
img_00976,bad,consensus=bad;level1=bad;level2=bad;level3=bad,graded,bad,0.325751,0.674249,0.006871,0.318880,
img_00977,bad,consensus=bad;level1=bad;level2=usable;level3=bad,graded,usable,0.837850,0.162150,0.103894,0.733956,
img_00978,bad,consensus=bad;level1=bad;level2=bad;level3=bad,graded,usable,0.724641,0.275359,0.064924,0.659717,
img_00983,bad,consensus=bad;level1=bad;level2=usable;level3=bad,graded,bad,0.463327,0.536673,0.018680,0.444647,
img_00984,usable,consensus=usable;level1=usable;level2=usable;level3=bad,graded,usable,0.517577,0.482423,0.008052,0.509525,
img_00985,bad,consensus=bad;level1=bad;level2=usable;level3=bad,graded,usable,0.579058,0.420942,0.010892,0.568166,
img_00986,good,consensus=good;level1=good;level2=good;level3=good,graded,good,0.999940,0.000060,0.989257,0.010683,
img_00987,good,consensus=good;level1=good;level2=good;level3=good,graded,good,0.999486,0.000514,0.894811,0.104675,
img_00988,usable,consensus=usable;level1=good;level2=usable;level3=usable,graded,good,0.946022,0.053979,0.591188,0.354834,
img_00990,good,consensus=good;level1=good;level2=good;level3=usable,graded,good,0.999943,0.000057,0.992375,0.007567,
img_00991,good,consensus=good;level1=good;level2=good;level3=usable,graded,good,0.999419,0.000581,0.952766,0.046653,
img_00992,good,consensus=good;level1=good;level2=good;level3=good,graded,good,0.999819,0.000181,0.987346,0.012473,
img_00993,good,consensus=good;level1=good;level2=good;level3=good,graded,good,0.998990,0.001010,0.950163,0.048827,
img_00995,usable,consensus=usable;level1=usable;level2=good;level3=usable,graded,good,0.992370,0.007630,0.712139,0.280230,
img_00996,good,consensus=good;level1=good;level2=good;level3=good,graded,good,0.999859,0.000141,0.989807,0.010053,
img_00997,good,consensus=good;level1=good;level2=good;level3=good,graded,good,1.000000,0.000000,0.999824,0.000175,
img_00998,good,consensus=good;level1=good;level2=good;level3=good,graded,good,0.999999,0.000001,0.999677,0.000322,
img_00999,good,consensus=good;level1=good;level2=good;level3=usable,graded,good,0.997874,0.002126,0.880294,0.117580,
img_01000,good,consensus=good;level1=good;level2=good;level3=usable,graded,usable,0.989389,0.010611,0.280439,0.708951,
img_01001,good,consensus=good;level1=good;level2=good;level3=usable,graded,good,0.999624,0.000376,0.968491,0.031133,
img_01002,usable,consensus=usable;level1=usable;level2=usable;level3=bad,graded,usable,0.963521,0.036479,0.073402,0.890119,
img_01003,bad,consensus=bad;level1=bad;level2=usable;level3=bad,graded,bad,0.308505,0.691495,0.005228,0.303278,
img_01005,bad,consensus=bad;level1=bad;level2=bad;level3=bad,graded,bad,0.206045,0.793955,0.001538,0.204507,
img_01007,bad,consensus=bad;level1=bad;level2=bad;level3=bad,graded,bad,0.091554,0.908447,0.000508,0.091045,
img_01009,usable,consensus=usable;level1=usable;level2=usable;level3=usable,graded,good,0.999782,0.000218,0.990311,0.009471,
img_01010,usable,consensus=usable;level1=good;level2=usable;level3=usable,graded,good,0.995225,0.004775,0.798254,0.196971,
img_01011,usable,consensus=usable;level1=good;level2=usable;level3=usable,graded,usable,0.956875,0.043125,0.365357,0.591518,
img_01012,usable,consensus=usable;level1=good;level2=usable;level3=usable,graded,usable,0.970741,0.029259,0.485318,0.485423,
img_01013,usable,consensus=usable;level1=usable;level2=usable;level3=bad,graded,bad,0.447620,0.552380,0.051086,0.396534,
img_01016,usable,consensus=usable;level1=good;level2=usable;level3=usable,graded,good,0.996815,0.003185,0.765448,0.231367,
img_01017,good,consensus=good;level1=good;level2=usable;level3=good,graded,good,0.998811,0.001189,0.969535,0.029276,
img_01018,usable,consensus=usable;level1=usable;level2=usable;level3=usable,graded,good,0.997115,0.002886,0.621016,0.376099,
img_01019,good,consensus=good;level1=good;level2=good;level3=usable,graded,good,0.999948,0.000052,0.993207,0.006741,
img_01020,bad,consensus=bad;level1=bad;level2=bad;level3=bad,graded,usable,0.551492,0.448508,0.009125,0.542367,
img_01021,bad,consensus=bad;level1=bad;level2=bad;level3=bad,graded,bad,0.468410,0.531590,0.004991,0.463419,
img_01022,bad,consensus=bad;level1=bad;level2=bad;level3=bad,graded,bad,0.252688,0.747311,0.003683,0.249006,
img_01023,bad,consensus=bad;level1=usable;level2=bad;level3=bad,graded,good,0.998424,0.001576,0.890947,0.107477,
img_01024,usable,consensus=usable;level1=usable;level2=usable;level3=bad,graded,good,0.991512,0.008488,0.662181,0.329331,
img_01025,bad,consensus=bad;level1=usable;level2=bad;level3=bad,graded,usable,0.735414,0.264586,0.052220,0.683194,
img_01026,good,consensus=good;level1=good;level2=good;level3=usable,graded,good,0.999672,0.000328,0.975429,0.024243,
img_01027,good,consensus=good;level1=good;level2=good;level3=usable,graded,good,0.996058,0.003942,0.829728,0.166330,
img_01028,usable,consensus=usable;level1=usable;level2=good;level3=usable,graded,good,0.996790,0.003210,0.802823,0.193967,
img_01029,usable,consensus=usable;level1=good;level2=usable;level3=usable,graded,good,0.992292,0.007708,0.598143,0.394150,
img_01030,good,consensus=good;level1=good;level2=usable;level3=good,graded,good,0.999522,0.000478,0.986432,0.013090,
img_01032,bad,consensus=bad;level1=usable;level2=bad;level3=bad,graded,usable,0.888247,0.111752,0.076628,0.811619,
img_01033,bad,consensus=bad;level1=bad;level2=usable;level3=bad,graded,bad,0.425429,0.574571,0.007208,0.418221,
img_01034,bad,consensus=bad;level1=bad;level2=usable;level3=bad,graded,usable,0.724577,0.275423,0.030793,0.693783,
img_01036,usable,consensus=usable;level1=usable;level2=usable;level3=bad,graded,good,0.999490,0.000510,0.947442,0.052048,
img_01037,usable,consensus=usable;level1=usable;level2=usable;level3=bad,graded,good,0.998986,0.001014,0.940054,0.058932,
img_01038,bad,consensus=bad;level1=bad;level2=usable;level3=bad,graded,usable,0.754506,0.245494,0.019011,0.735496,
img_01039,bad,consensus=bad;level1=bad;level2=bad;level3=bad,graded,bad,0.406837,0.593163,0.017281,0.389556,
img_01040,bad,consensus=bad;level1=usable;level2=bad;level3=bad,graded,usable,0.919187,0.080813,0.340920,0.578267,
img_01041,bad,consensus=bad;level1=usable;level2=bad;level3=bad,graded,bad,0.304672,0.695328,0.011768,0.292904,
img_01042,bad,consensus=bad;level1=usable;level2=bad;level3=bad,graded,bad,0.496755,0.503245,0.020482,0.476272,
img_01043,usable,consensus=usable;level1=good;level2=usable;level3=usable,graded,good,0.997355,0.002645,0.710624,0.286731,
img_01044,good,consensus=good;level1=good;level2=good;level3=usable,graded,usable,0.986772,0.013228,0.286384,0.700388,
img_01045,bad,consensus=bad;level1=bad;level2=usable;level3=bad,graded,bad,0.274039,0.725962,0.021188,0.252850,
img_01046,good,consensus=good;level1=good;level2=good;level3=good,graded,good,0.999997,0.000003,0.999029,0.000968,
img_01047,good,consensus=good;level1=good;level2=good;level3=good,graded,good,0.999999,0.000001,0.999694,0.000306,
img_01048,usable,consensus=usable;level1=usable;level2=usable;level3=bad,graded,usable,0.850496,0.149504,0.044182,0.806314,
img_01049,usable,consensus=usable;level1=usable;level2=usable;level3=bad,graded,usable,0.902642,0.097359,0.053969,0.848672,
img_01050,bad,consensus=bad;level1=usable;level2=bad;level3=bad,graded,usable,0.767860,0.232140,0.078708,0.689152,
img_01052,good,consensus=good;level1=good;level2=good;level3=usable,graded,usable,0.938764,0.061236,0.363073,0.575691,
img_01053,usable,consensus=usable;level1=usable;level2=usable;level3=bad,graded,usable,0.713060,0.286940,0.183558,0.529502,
img_01054,bad,consensus=bad;level1=bad;level2=usable;level3=bad,graded,bad,0.420526,0.579474,0.014960,0.405566,
img_01055,bad,consensus=bad;level1=bad;level2=usable;level3=bad,graded,bad,0.109649,0.890351,0.001161,0.108489,
img_01056,bad,consensus=bad;level1=bad;level2=bad;level3=bad,graded,bad,0.038821,0.961179,0.000145,0.038676,
img_01057,bad,consensus=bad;level1=bad;level2=bad;level3=bad,graded,usable,0.813933,0.186067,0.016388,0.797544,
img_01058,usable,consensus=usable;level1=usable;level2=usable;level3=bad,graded,usable,0.919479,0.080521,0.040035,0.879444,
img_01059,usable,consensus=usable;level1=usable;level2=usable;level3=usable,graded,good,0.937704,0.062296,0.622923,0.314781,
img_01060,usable,consensus=usable;level1=usable;level2=usable;level3=usable,graded,usable,0.843234,0.156766,0.282903,0.560330,
img_01063,good,consensus=good;level1=good;level2=good;level3=good,graded,good,0.999968,0.000032,0.997444,0.002525,
img_01064,good,consensus=good;level1=usable;level2=good;level3=good,graded,good,0.999976,0.000024,0.999116,0.000860,
img_01066,bad,consensus=bad;level1=bad;level2=usable;level3=bad,graded,bad,0.410099,0.589901,0.005414,0.404685,
img_01067,bad,consensus=bad;level1=bad;level2=bad;level3=bad,graded,bad,0.009495,0.990505,0.000056,0.009439,
img_01068,bad,consensus=bad;level1=bad;level2=bad;level3=bad,graded,bad,0.174787,0.825213,0.002574,0.172213,
img_01069,bad,consensus=bad;level1=bad;level2=bad;level3=bad,graded,bad,0.011686,0.988314,0.000059,0.011628,
img_01070,bad,consensus=bad;level1=bad;level2=bad;level3=bad,graded,bad,0.022652,0.977348,0.000119,0.022533,
img_01072,bad,consensus=bad;level1=bad;level2=bad;level3=bad,graded,bad,0.002330,0.997670,0.000014,0.002316,
img_01073,bad,consensus=bad;level1=bad;level2=bad;level3=bad,graded,bad,0.336839,0.663161,0.025489,0.311350,
img_01074,bad,consensus=bad;level1=bad;level2=bad;level3=bad,graded,usable,0.590166,0.409834,0.069460,0.520707,
img_01077,bad,consensus=bad;level1=bad;level2=bad;level3=bad,graded,bad,0.153057,0.846943,0.000654,0.152403,
img_01078,bad,consensus=bad;level1=bad;level2=bad;level3=bad,graded,bad,0.343104,0.656896,0.001971,0.341133,
img_01079,bad,consensus=bad;level1=bad;level2=bad;level3=bad,graded,bad,0.002001,0.997999,0.000012,0.001990,
img_01080,bad,consensus=bad;level1=bad;level2=bad;level3=bad,graded,bad,0.011315,0.988685,0.000055,0.011260,
img_01081,bad,consensus=bad;level1=bad;level2=bad;level3=bad,graded,usable,0.929684,0.070316,0.151482,0.778203,
img_01082,usable,consensus=usable;level1=usable;level2=usable;level3=usable,graded,usable,0.788482,0.211518,0.141494,0.646988,
img_01083,usable,consensus=usable;level1=usable;level2=usable;level3=usable,graded,good,0.974446,0.025554,0.590959,0.383487,
img_01084,usable,consensus=usable;level1=good;level2=usable;level3=usable,graded,good,0.999783,0.000217,0.989449,0.010334,
img_01085,usable,consensus=usable;level1=good;level2=usable;level3=usable,graded,usable,0.979007,0.020993,0.210499,0.768508,
img_01086,bad,consensus=bad;level1=bad;level2=bad;level3=bad,graded,bad,0.001963,0.998037,0.000010,0.001954,
img_01087,bad,consensus=bad;level1=bad;level2=bad;level3=bad,graded,bad,0.001936,0.998064,0.000010,0.001927,
img_01092,usable,consensus=usable;level1=good;level2=usable;level3=usable,graded,usable,0.994943,0.005057,0.258982,0.735960,
img_01093,usable,consensus=usable;level1=usable;level2=usable;level3=bad,graded,usable,0.646806,0.353194,0.030701,0.616106,
img_01094,usable,consensus=usable;level1=usable;level2=good;level3=usable,graded,good,0.995820,0.004180,0.849551,0.146269,
img_01095,usable,consensus=usable;level1=usable;level2=usable;level3=bad,graded,good,0.977077,0.022923,0.531288,0.445789,
img_01096,bad,consensus=bad;level1=bad;level2=bad;level3=bad,graded,bad,0.002039,0.997961,0.000009,0.002030,
img_01097,bad,consensus=bad;level1=usable;level2=bad;level3=bad,graded,usable,0.694747,0.305253,0.072031,0.622716,
img_01098,usable,consensus=usable;level1=good;level2=usable;level3=usable,graded,good,0.996209,0.003791,0.701856,0.294353,
img_01099,usable,consensus=usable;level1=good;level2=usable;level3=usable,graded,good,0.999654,0.000346,0.953864,0.045791,
img_01100,good,consensus=good;level1=good;level2=usable;level3=good,graded,good,0.999984,0.000016,0.998269,0.001715,
img_01101,bad,consensus=bad;level1=bad;level2=bad;level3=bad,graded,bad,0.002227,0.997773,0.000018,0.002209,
img_01104,bad,consensus=bad;level1=bad;level2=bad;level3=usable,graded,bad,0.027160,0.972840,0.000242,0.026918,
img_01105,bad,consensus=bad;level1=bad;level2=bad;level3=bad,graded,bad,0.002971,0.997029,0.000014,0.002957,
img_01106,good,consensus=good;level1=good;level2=good;level3=usable,graded,usable,0.985573,0.014427,0.236894,0.748680,
img_01107,good,consensus=good;level1=good;level2=good;level3=good,graded,good,0.997465,0.002535,0.815181,0.182284,
img_01108,good,consensus=good;level1=good;level2=usable;level3=good,graded,good,0.999976,0.000024,0.997352,0.002624,
img_01110,bad,consensus=bad;level1=bad;level2=bad;level3=bad,graded,bad,0.004720,0.995280,0.000022,0.004698,
img_01111,usable,consensus=usable;level1=usable;level2=usable;level3=bad,graded,good,0.967241,0.032759,0.760101,0.207140,
img_01112,bad,consensus=bad;level1=bad;level2=bad;level3=bad,graded,bad,0.105432,0.894568,0.001344,0.104088,
img_01113,good,consensus=good;level1=good;level2=good;level3=good,graded,good,0.999988,0.000012,0.998651,0.001336,
img_01114,usable,consensus=usable;level1=usable;level2=usable;level3=usable,graded,good,0.991555,0.008445,0.760489,0.231066,
img_01115,bad,consensus=bad;level1=bad;level2=bad;level3=bad,graded,bad,0.041086,0.958914,0.000277,0.040809,
img_01116,bad,consensus=bad;level1=bad;level2=bad;level3=bad,graded,bad,0.233968,0.766032,0.002349,0.231619,
img_01117,good,consensus=good;level1=good;level2=good;level3=good,graded,good,0.999280,0.000720,0.919457,0.079824,
img_01118,good,consensus=good;level1=good;level2=good;level3=good,graded,usable,0.964682,0.035319,0.386574,0.578108,
img_01120,good,consensus=good;level1=good;level2=good;level3=good,graded,good,0.999932,0.000068,0.986744,0.013188,
img_01121,good,consensus=good;level1=good;level2=good;level3=good,graded,good,0.999351,0.000649,0.938738,0.060613,
img_01122,good,consensus=good;level1=good;level2=good;level3=good,graded,usable,0.782456,0.217544,0.387371,0.395085,
img_01123,good,consensus=good;level1=good;level2=good;level3=good,graded,good,0.608566,0.391434,0.473119,0.135447,
img_01125,bad,consensus=bad;level1=bad;level2=bad;level3=bad,graded,bad,0.027246,0.972754,0.000125,0.027121,
img_01126,bad,consensus=bad;level1=bad;level2=bad;level3=bad,graded,bad,0.009207,0.990793,0.000041,0.009166,
img_01127,bad,consensus=bad;level1=bad;level2=bad;level3=bad,graded,bad,0.032768,0.967232,0.000303,0.032465,
img_01130,usable,consensus=usable;level1=usable;level2=usable;level3=bad,graded,good,0.997446,0.002554,0.617221,0.380225,
img_01131,bad,consensus=bad;level1=bad;level2=bad;level3=bad,graded,bad,0.001909,0.998091,0.000009,0.001900,
img_01132,bad,consensus=bad;level1=bad;level2=bad;level3=bad,graded,usable,0.512666,0.487334,0.010630,0.502036,
img_01133,bad,consensus=bad;level1=bad;level2=bad;level3=bad,graded,bad,0.416266,0.583734,0.006052,0.410214,
img_01134,bad,consensus=bad;level1=bad;level2=bad;level3=bad,graded,bad,0.334449,0.665551,0.003506,0.330944,
img_01135,bad,consensus=bad;level1=bad;level2=bad;level3=bad,graded,bad,0.001980,0.998020,0.000012,0.001968,
img_01136,usable,consensus=usable;level1=usable;level2=usable;level3=bad,graded,good,0.999901,0.000099,0.989941,0.009960,
img_01137,usable,consensus=usable;level1=usable;level2=good;level3=usable,graded,usable,0.920591,0.079409,0.400369,0.520222,
img_01138,usable,consensus=usable;level1=usable;level2=usable;level3=bad,graded,usable,0.946752,0.053248,0.348562,0.598190,
img_01139,bad,consensus=bad;level1=bad;level2=bad;level3=bad,graded,usable,0.683738,0.316262,0.026026,0.657713,
img_01140,bad,consensus=bad;level1=bad;level2=bad;level3=bad,graded,bad,0.352875,0.647125,0.009957,0.342918,
img_01141,bad,consensus=bad;level1=bad;level2=bad;level3=bad,graded,usable,0.747410,0.252590,0.034629,0.712781,
img_01142,bad,consensus=bad;level1=bad;level2=bad;level3=bad,graded,good,0.996242,0.003758,0.847511,0.148731,
img_01143,usable,consensus=usable;level1=usable;level2=bad;level3=usable,graded,good,0.967961,0.032039,0.598051,0.369910,
img_01144,bad,consensus=bad;level1=bad;level2=bad;level3=bad,graded,bad,0.013294,0.986706,0.000083,0.013211,
img_01145,usable,consensus=usable;level1=usable;level2=usable;level3=bad,graded,good,0.995612,0.004388,0.680961,0.314651,
img_01147,good,consensus=good;level1=good;level2=good;level3=usable,graded,good,0.967256,0.032744,0.606513,0.360742,
img_01148,good,consensus=good;level1=good;level2=good;level3=usable,graded,good,0.999808,0.000192,0.986167,0.013641,
img_01149,usable,consensus=usable;level1=usable;level2=usable;level3=usable,graded,usable,0.944267,0.055733,0.378450,0.565817,
img_01150,bad,consensus=bad;level1=bad;level2=bad;level3=bad,graded,bad,0.024235,0.975765,0.000106,0.024129,
img_01151,bad,consensus=bad;level1=bad;level2=bad;level3=bad,graded,bad,0.004096,0.995904,0.000017,0.004079,
img_01152,usable,consensus=usable;level1=good;level2=usable;level3=usable,graded,good,0.994976,0.005024,0.746781,0.248195,
img_01153,usable,consensus=usable;level1=good;level2=usable;level3=usable,graded,usable,0.986474,0.013526,0.465702,0.520772,
img_01154,good,consensus=good;level1=good;level2=good;level3=usable,graded,good,0.998455,0.001545,0.959031,0.039424,
img_01155,usable,consensus=usable;level1=usable;level2=good;level3=usable,graded,good,0.988862,0.011138,0.786100,0.202762,
img_01156,good,consensus=good;level1=good;level2=good;level3=usable,graded,good,0.999178,0.000822,0.911501,0.087677,
img_01157,good,consensus=good;level1=good;level2=good;level3=usable,graded,good,0.995459,0.004542,0.746059,0.249399,
img_01160,bad,consensus=bad;level1=bad;level2=bad;level3=bad,graded,bad,0.199847,0.800153,0.015329,0.184518,
img_01161,bad,consensus=bad;level1=bad;level2=bad;level3=bad,graded,bad,0.136287,0.863713,0.000950,0.135337,
img_01162,bad,consensus=bad;level1=bad;level2=bad;level3=bad,graded,usable,0.677715,0.322285,0.013657,0.664058,
img_01164,bad,consensus=bad;level1=usable;level2=bad;level3=bad,graded,good,0.995296,0.004704,0.534418,0.460878,
img_01165,bad,consensus=bad;level1=bad;level2=bad;level3=bad,graded,bad,0.001724,0.998276,0.000008,0.001715,
img_01167,bad,consensus=bad;level1=usable;level2=bad;level3=bad,graded,good,0.983423,0.016577,0.641030,0.342393,
img_01168,bad,consensus=bad;level1=bad;level2=bad;level3=bad,graded,usable,0.573497,0.426503,0.010634,0.562863,
img_01169,bad,consensus=bad;level1=bad;level2=bad;level3=bad,graded,bad,0.020028,0.979972,0.000104,0.019924,
img_01170,bad,consensus=bad;level1=bad;level2=bad;level3=bad,graded,bad,0.342177,0.657823,0.013039,0.329138,
img_01171,bad,consensus=bad;level1=bad;level2=bad;level3=bad,graded,bad,0.084719,0.915281,0.001099,0.083620,
img_01172,bad,consensus=bad;level1=bad;level2=bad;level3=bad,graded,bad,0.137013,0.862987,0.003541,0.133471,
img_01175,bad,consensus=bad;level1=usable;level2=bad;level3=bad,graded,usable,0.568627,0.431373,0.013149,0.555478,
img_01176,usable,consensus=usable;level1=usable;level2=good;level3=usable,graded,good,0.983671,0.016329,0.539022,0.444650,
img_01177,usable,consensus=usable;level1=usable;level2=usable;level3=bad,graded,good,0.999832,0.000168,0.975613,0.024219,
img_01178,usable,consensus=usable;level1=good;level2=usable;level3=usable,graded,good,0.979634,0.020366,0.553726,0.425907,
img_01179,usable,consensus=usable;level1=usable;level2=usable;level3=bad,graded,usable,0.925069,0.074931,0.193252,0.731817,
img_01180,bad,consensus=bad;level1=usable;level2=bad;level3=bad,graded,good,0.998439,0.001561,0.937805,0.060634,
img_01181,usable,consensus=usable;level1=usable;level2=usable;level3=bad,graded,good,0.998450,0.001550,0.876337,0.122112,
img_01182,usable,consensus=usable;level1=usable;level2=usable;level3=bad,graded,usable,0.978076,0.021924,0.105415,0.872661,
img_01183,usable,consensus=usable;level1=usable;level2=usable;level3=bad,graded,usable,0.984553,0.015447,0.104114,0.880438,
img_01188,usable,consensus=usable;level1=usable;level2=usable;level3=usable,graded,usable,0.930629,0.069371,0.203525,0.727104,
img_01189,bad,consensus=bad;level1=bad;level2=bad;level3=bad,graded,usable,0.666567,0.333434,0.026792,0.639775,
img_01190,bad,consensus=bad;level1=bad;level2=usable;level3=bad,graded,usable,0.924053,0.075947,0.414981,0.509072,
img_01191,usable,consensus=usable;level1=usable;level2=usable;level3=usable,graded,good,0.938834,0.061166,0.607873,0.330961,
img_01192,bad,consensus=bad;level1=bad;level2=bad;level3=bad,graded,bad,0.036272,0.963728,0.000265,0.036007,
img_01193,bad,consensus=bad;level1=bad;level2=bad;level3=bad,graded,bad,0.004875,0.995125,0.000020,0.004856,
img_01194,bad,consensus=bad;level1=usable;level2=bad;level3=bad,graded,bad,0.397709,0.602291,0.005736,0.391973,
img_01195,bad,consensus=bad;level1=bad;level2=bad;level3=bad,graded,bad,0.161002,0.838998,0.001137,0.159864,
img_01196,bad,consensus=bad;level1=bad;level2=bad;level3=bad,graded,bad,0.146160,0.853840,0.002248,0.143912,
img_01197,good,consensus=good;level1=good;level2=good;level3=good,graded,good,0.998948,0.001052,0.935474,0.063474,
img_01198,good,consensus=good;level1=bad;level2=good;level3=good,graded,good,0.999994,0.000006,0.999144,0.000850,
img_01199,bad,consensus=bad;level1=usable;level2=bad;level3=bad,graded,usable,0.804884,0.195116,0.013496,0.791387,
img_01207,bad,consensus=bad;level1=usable;level2=bad;level3=bad,graded,usable,0.879562,0.120438,0.027701,0.851861,
img_01208,bad,consensus=bad;level1=bad;level2=bad;level3=bad,graded,bad,0.270175,0.729825,0.003051,0.267124,
img_01209,usable,consensus=usable;level1=good;level2=usable;level3=usable,graded,good,0.995817,0.004183,0.655568,0.340249,
img_01210,bad,consensus=bad;level1=usable;level2=bad;level3=bad,graded,bad,0.497166,0.502834,0.008695,0.488470,
img_01211,bad,consensus=bad;level1=usable;level2=bad;level3=bad,graded,usable,0.884822,0.115178,0.052461,0.832362,
img_01212,bad,consensus=bad;level1=bad;level2=bad;level3=bad,graded,bad,0.242749,0.757251,0.010893,0.231857,
img_01213,bad,consensus=bad;level1=usable;level2=bad;level3=bad,graded,bad,0.442489,0.557511,0.016687,0.425802,
img_01217,good,consensus=good;level1=good;level2=usable;level3=good,graded,good,0.999978,0.000022,0.998010,0.001968,
img_01218,good,consensus=good;level1=good;level2=good;level3=good,graded,good,0.999979,0.000021,0.998006,0.001973,
img_01219,good,consensus=good;level1=good;level2=good;level3=good,graded,good,0.999284,0.000716,0.974188,0.025095,
img_01220,bad,consensus=bad;level1=bad;level2=bad;level3=bad,graded,usable,0.574144,0.425856,0.011845,0.562298,
img_01221,bad,consensus=bad;level1=bad;level2=bad;level3=bad,graded,bad,0.134065,0.865934,0.000882,0.133183,
img_01222,good,consensus=good;level1=good;level2=bad;level3=good,graded,usable,0.598281,0.401719,0.098784,0.499496,
img_01223,good,consensus=good;level1=good;level2=good;level3=good,graded,good,0.999658,0.000342,0.995879,0.003779,
img_01224,bad,consensus=bad;level1=bad;level2=bad;level3=bad,graded,usable,0.762578,0.237422,0.009313,0.753265,
img_01225,bad,consensus=bad;level1=bad;level2=bad;level3=bad,graded,usable,0.842674,0.157326,0.015330,0.827344,
img_01226,bad,consensus=bad;level1=bad;level2=bad;level3=bad,graded,bad,0.126380,0.873620,0.001400,0.124980,
img_01227,bad,consensus=bad;level1=bad;level2=bad;level3=bad,graded,bad,0.006812,0.993188,0.000028,0.006784,
img_01229,bad,consensus=bad;level1=bad;level2=bad;level3=bad,graded,usable,0.891039,0.108961,0.079300,0.811738,
img_01231,usable,consensus=usable;level1=usable;level2=bad;level3=usable,graded,good,0.990449,0.009551,0.715873,0.274575,
img_01233,usable,consensus=usable;level1=good;level2=usable;level3=usable,graded,good,0.981755,0.018245,0.523159,0.458596,
img_01234,good,consensus=good;level1=good;level2=good;level3=good,graded,good,0.999885,0.000115,0.996296,0.003589,
img_01235,bad,consensus=bad;level1=bad;level2=bad;level3=bad,graded,bad,0.039556,0.960444,0.000248,0.039308,
img_01236,bad,consensus=bad;level1=bad;level2=bad;level3=bad,graded,bad,0.196815,0.803185,0.002589,0.194226,
img_01237,bad,consensus=bad;level1=bad;level2=bad;level3=bad,graded,bad,0.339482,0.660518,0.004532,0.334950,
img_01238,bad,consensus=bad;level1=usable;level2=bad;level3=bad,graded,usable,0.627942,0.372058,0.030070,0.597872,
img_01239,bad,consensus=bad;level1=usable;level2=bad;level3=bad,graded,usable,0.674608,0.325392,0.043348,0.631260,
img_01240,bad,consensus=bad;level1=bad;level2=bad;level3=bad,graded,bad,0.131357,0.868643,0.027777,0.103581,
img_01241,bad,consensus=bad;level1=bad;level2=bad;level3=bad,graded,usable,0.697267,0.302733,0.138282,0.558985,
img_01242,usable,consensus=usable;level1=usable;level2=usable;level3=usable,graded,usable,0.959922,0.040078,0.342156,0.617766,
img_01243,usable,consensus=usable;level1=usable;level2=usable;level3=bad,graded,usable,0.951040,0.048960,0.325846,0.625194,
img_01244,usable,consensus=usable;level1=usable;level2=usable;level3=usable,graded,usable,0.935146,0.064854,0.260081,0.675066,
img_01245,usable,consensus=usable;level1=usable;level2=usable;level3=usable,graded,usable,0.846095,0.153905,0.108958,0.737138,
img_01246,bad,consensus=bad;level1=usable;level2=bad;level3=bad,graded,bad,0.311086,0.688914,0.006819,0.304267,
img_01247,bad,consensus=bad;level1=bad;level2=bad;level3=bad,graded,usable,0.524652,0.475348,0.018394,0.506259,
img_01248,bad,consensus=bad;level1=bad;level2=bad;level3=bad,graded,bad,0.028323,0.971677,0.000177,0.028147,
img_01250,good,consensus=good;level1=good;level2=good;level3=usable,graded,usable,0.926422,0.073578,0.217626,0.708796,
img_01251,good,consensus=good;level1=good;level2=good;level3=usable,graded,usable,0.944583,0.055417,0.205013,0.739570,
img_01252,bad,consensus=bad;level1=bad;level2=bad;level3=bad,graded,bad,0.330541,0.669459,0.014229,0.316312,
img_01253,usable,consensus=usable;level1=usable;level2=usable;level3=bad,graded,usable,0.931148,0.068852,0.049208,0.881940,
img_01254,bad,consensus=bad;level1=bad;level2=usable;level3=bad,graded,bad,0.237342,0.762658,0.002034,0.235308,
img_01255,good,consensus=good;level1=good;level2=good;level3=good,graded,good,0.993607,0.006393,0.789865,0.203742,
img_01256,usable,consensus=usable;level1=usable;level2=good;level3=usable,graded,usable,0.982744,0.017256,0.459218,0.523526,
img_01257,bad,consensus=bad;level1=bad;level2=bad;level3=bad,graded,usable,0.746427,0.253573,0.032488,0.713939,
img_01258,bad,consensus=bad;level1=bad;level2=bad;level3=bad,graded,usable,0.826870,0.173130,0.035144,0.791726,
img_01259,good,consensus=good;level1=good;level2=good;level3=good,graded,good,0.999980,0.000020,0.998173,0.001807,
img_01260,bad,consensus=bad;level1=bad;level2=usable;level3=bad,graded,usable,0.809807,0.190193,0.050003,0.759804,
img_01261,usable,consensus=usable;level1=usable;level2=usable;level3=usable,graded,usable,0.831326,0.168674,0.113254,0.718073,
img_01262,bad,consensus=bad;level1=bad;level2=bad;level3=bad,graded,bad,0.036398,0.963602,0.000365,0.036033,
img_01263,bad,consensus=bad;level1=bad;level2=bad;level3=bad,graded,bad,0.219829,0.780171,0.004823,0.215006,
img_01264,bad,consensus=bad;level1=usable;level2=bad;level3=bad,graded,good,0.983969,0.016031,0.688383,0.295586,
img_01265,usable,consensus=usable;level1=usable;level2=usable;level3=bad,graded,good,0.939021,0.060979,0.497232,0.441789,
img_01266,usable,consensus=usable;level1=good;level2=usable;level3=usable,graded,bad,0.241460,0.758540,0.024953,0.216508,
img_01267,usable,consensus=usable;level1=usable;level2=usable;level3=bad,graded,bad,0.487892,0.512108,0.089665,0.398228,
img_01268,good,consensus=good;level1=good;level2=good;level3=good,graded,good,0.999987,0.000013,0.997638,0.002349,
img_01269,usable,consensus=usable;level1=good;level2=usable;level3=usable,graded,usable,0.988714,0.011286,0.463060,0.525654,
img_01270,usable,consensus=usable;level1=usable;level2=usable;level3=bad,graded,good,0.985074,0.014926,0.676227,0.308847,
img_01271,usable,consensus=usable;level1=usable;level2=usable;level3=usable,graded,good,0.959614,0.040386,0.642138,0.317476,
img_01272,bad,consensus=bad;level1=bad;level2=bad;level3=bad,graded,usable,0.620383,0.379617,0.008718,0.611665,
img_01273,bad,consensus=bad;level1=bad;level2=bad;level3=bad,graded,bad,0.271300,0.728700,0.002190,0.269110,
img_01274,good,consensus=good;level1=good;level2=good;level3=good,graded,good,0.998575,0.001425,0.912981,0.085594,
img_01275,bad,consensus=bad;level1=usable;level2=bad;level3=bad,graded,usable,0.891998,0.108002,0.230843,0.661155,
img_01276,usable,consensus=usable;level1=usable;level2=usable;level3=usable,graded,good,0.970129,0.029871,0.556672,0.413457,
img_01277,usable,consensus=usable;level1=usable;level2=usable;level3=bad,graded,usable,0.842443,0.157557,0.157995,0.684448,
img_01278,bad,consensus=bad;level1=bad;level2=bad;level3=bad,graded,bad,0.038842,0.961158,0.000240,0.038601,
img_01279,bad,consensus=bad;level1=bad;level2=bad;level3=bad,graded,bad,0.046274,0.953726,0.000243,0.046031,
img_01280,bad,consensus=bad;level1=bad;level2=bad;level3=bad,graded,bad,0.381910,0.618090,0.016369,0.365542,
img_01281,bad,consensus=bad;level1=bad;level2=bad;level3=bad,graded,usable,0.553153,0.446847,0.050235,0.502918,
img_01282,usable,consensus=usable;level1=usable;level2=good;level3=usable,graded,good,0.999321,0.000679,0.980076,0.019244,
img_01283,good,consensus=good;level1=good;level2=good;level3=usable,graded,good,0.998237,0.001763,0.953045,0.045192,
img_01284,bad,consensus=bad;level1=usable;level2=bad;level3=bad,graded,usable,0.816761,0.183239,0.021597,0.795164,
img_01285,bad,consensus=bad;level1=bad;level2=bad;level3=bad,graded,bad,0.002968,0.997032,0.000014,0.002954,
img_01286,good,consensus=good;level1=good;level2=good;level3=good,graded,good,0.998218,0.001782,0.952800,0.045418,
img_01287,good,consensus=good;level1=good;level2=good;level3=good,graded,good,0.962042,0.037958,0.835958,0.126084,
img_01288,bad,consensus=bad;level1=bad;level2=bad;level3=bad,graded,usable,0.833018,0.166982,0.232235,0.600783,
img_01289,bad,consensus=bad;level1=usable;level2=bad;level3=bad,graded,usable,0.761853,0.238147,0.108199,0.653654,
img_01290,good,consensus=good;level1=good;level2=good;level3=usable,graded,good,0.990094,0.009906,0.529281,0.460813,
img_01292,good,consensus=good;level1=good;level2=good;level3=good,graded,good,0.999977,0.000023,0.996214,0.003763,
img_01293,usable,consensus=usable;level1=good;level2=usable;level3=usable,graded,usable,0.969957,0.030043,0.400155,0.569802,
img_01294,bad,consensus=bad;level1=bad;level2=bad;level3=bad,graded,bad,0.002941,0.997059,0.000012,0.002928,
img_01295,usable,consensus=usable;level1=usable;level2=usable;level3=bad,graded,good,0.985342,0.014658,0.543560,0.441781,
img_01296,usable,consensus=usable;level1=usable;level2=usable;level3=bad,graded,good,0.991053,0.008947,0.740863,0.250189,
img_01297,good,consensus=good;level1=good;level2=good;level3=usable,graded,good,0.999992,0.000008,0.999281,0.000711,
img_01298,good,consensus=good;level1=good;level2=good;level3=good,graded,good,0.999914,0.000087,0.995058,0.004856,
img_01299,usable,consensus=usable;level1=usable;level2=usable;level3=bad,graded,usable,0.783203,0.216798,0.048130,0.735072,
img_01333,bad,consensus=bad;level1=bad;level2=bad;level3=usable,graded,bad,0.153290,0.846710,0.001509,0.151780,
img_01338,bad,consensus=bad;level1=bad;level2=bad;level3=bad,graded,bad,0.003671,0.996329,0.000016,0.003655,
img_01351,usable,consensus=usable;level1=usable;level2=usable;level3=bad,graded,good,0.968523,0.031477,0.506190,0.462333,
img_01352,usable,consensus=usable;level1=usable;level2=usable;level3=bad,graded,usable,0.853639,0.146361,0.127682,0.725958,
img_01353,usable,consensus=usable;level1=usable;level2=usable;level3=bad,graded,usable,0.948342,0.051658,0.133120,0.815222,
img_01354,usable,consensus=usable;level1=usable;level2=usable;level3=bad,graded,usable,0.936285,0.063715,0.066515,0.869770,
img_01355,good,consensus=good;level1=good;level2=good;level3=usable,graded,good,0.995635,0.004365,0.838595,0.157040,
img_01356,bad,consensus=bad;level1=usable;level2=bad;level3=bad,graded,usable,0.590283,0.409717,0.012373,0.577911,
img_01357,good,consensus=good;level1=good;level2=usable;level3=good,graded,good,0.999801,0.000199,0.975871,0.023930,
img_01360,usable,consensus=usable;level1=good;level2=usable;level3=usable,graded,good,0.998492,0.001508,0.946282,0.052210,
img_01361,usable,consensus=usable;level1=usable;level2=usable;level3=usable,graded,usable,0.897733,0.102267,0.164346,0.733387,
img_01362,good,consensus=good;level1=good;level2=good;level3=usable,graded,good,0.974066,0.025934,0.846999,0.127067,
img_01363,good,consensus=good;level1=good;level2=good;level3=usable,graded,good,0.970887,0.029113,0.531434,0.439453,
img_01364,bad,consensus=bad;level1=bad;level2=bad;level3=usable,graded,usable,0.825413,0.174587,0.116690,0.708723,
img_01365,bad,consensus=bad;level1=bad;level2=bad;level3=bad,graded,bad,0.372404,0.627596,0.009785,0.362619,
img_01366,bad,consensus=bad;level1=bad;level2=bad;level3=bad,graded,usable,0.897795,0.102205,0.349837,0.547958,
img_01368,usable,consensus=usable;level1=usable;level2=bad;level3=usable,graded,usable,0.945704,0.054296,0.170568,0.775136,
img_01370,usable,consensus=usable;level1=usable;level2=usable;level3=usable,graded,usable,0.775371,0.224629,0.029773,0.745599,
img_01371,bad,consensus=bad;level1=bad;level2=bad;level3=bad,graded,bad,0.012222,0.987778,0.000055,0.012167,
img_01372,usable,consensus=usable;level1=usable;level2=usable;level3=bad,graded,good,0.821674,0.178326,0.608300,0.213374,
img_01373,usable,consensus=usable;level1=usable;level2=usable;level3=bad,graded,good,0.949548,0.050452,0.671058,0.278490,
img_01376,bad,consensus=bad;level1=bad;level2=bad;level3=bad,graded,bad,0.028482,0.971518,0.000153,0.028328,
img_01377,bad,consensus=bad;level1=bad;level2=bad;level3=bad,graded,bad,0.003526,0.996474,0.000016,0.003510,
img_01378,good,consensus=good;level1=good;level2=usable;level3=good,graded,good,0.999447,0.000553,0.987802,0.011645,
img_01379,usable,consensus=usable;level1=good;level2=usable;level3=usable,graded,good,0.996129,0.003871,0.855458,0.140671,
img_01380,usable,consensus=usable;level1=good;level2=usable;level3=usable,graded,good,0.994102,0.005898,0.868864,0.125238,
img_01381,usable,consensus=usable;level1=good;level2=usable;level3=usable,graded,usable,0.990391,0.009609,0.489963,0.500428,
img_01382,bad,consensus=bad;level1=usable;level2=bad;level3=bad,graded,usable,0.695254,0.304746,0.019927,0.675326,
img_01383,usable,consensus=usable;level1=good;level2=usable;level3=usable,graded,usable,0.962148,0.037852,0.296864,0.665284,
img_01384,usable,consensus=usable;level1=usable;level2=good;level3=usable,graded,good,0.992968,0.007032,0.658646,0.334322,
img_01385,usable,consensus=usable;level1=usable;level2=usable;level3=bad,graded,usable,0.983470,0.016530,0.371427,0.612043,
img_01386,usable,consensus=usable;level1=usable;level2=bad;level3=usable,graded,good,0.943526,0.056474,0.585175,0.358352,
img_01387,usable,consensus=usable;level1=usable;level2=bad;level3=usable,graded,good,0.977027,0.022973,0.723976,0.253051,
img_01388,bad,consensus=bad;level1=bad;level2=bad;level3=bad,graded,usable,0.545367,0.454633,0.017470,0.527896,
img_01389,bad,consensus=bad;level1=usable;level2=bad;level3=bad,graded,usable,0.798215,0.201785,0.143439,0.654777,
img_01390,usable,consensus=usable;level1=good;level2=usable;level3=usable,graded,good,0.990811,0.009189,0.743877,0.246934,
img_01391,usable,consensus=usable;level1=good;level2=usable;level3=usable,graded,good,0.990925,0.009075,0.728539,0.262386,
img_01393,usable,consensus=usable;level1=good;level2=usable;level3=usable,graded,good,0.896740,0.103260,0.464559,0.432181,
img_01394,bad,consensus=bad;level1=bad;level2=bad;level3=bad,graded,usable,0.792434,0.207566,0.056785,0.735650,
img_01395,bad,consensus=bad;level1=bad;level2=bad;level3=bad,graded,usable,0.947306,0.052694,0.194737,0.752570,
img_01396,bad,consensus=bad;level1=bad;level2=bad;level3=bad,graded,usable,0.766398,0.233602,0.254575,0.511823,
img_01397,bad,consensus=bad;level1=bad;level2=bad;level3=bad,graded,usable,0.765395,0.234605,0.362815,0.402580,
img_01398,bad,consensus=bad;level1=usable;level2=bad;level3=bad,graded,good,0.977939,0.022061,0.511648,0.466291,
img_01399,bad,consensus=bad;level1=bad;level2=usable;level3=bad,graded,usable,0.809036,0.190964,0.045712,0.763324,
img_01400,bad,consensus=bad;level1=bad;level2=bad;level3=bad,graded,usable,0.603295,0.396705,0.072586,0.530709,
img_01401,bad,consensus=bad;level1=bad;level2=bad;level3=bad,graded,bad,0.304079,0.695921,0.024229,0.279849,
img_01402,good,consensus=good;level1=good;level2=good;level3=good,graded,good,0.980135,0.019865,0.574363,0.405772,
img_01403,good,consensus=good;level1=good;level2=good;level3=good,graded,good,0.994710,0.005290,0.789643,0.205067,
img_01404,good,consensus=good;level1=good;level2=good;level3=good,graded,good,0.996628,0.003372,0.903769,0.092859,
img_01405,usable,consensus=usable;level1=good;level2=usable;level3=usable,graded,good,0.974648,0.025352,0.653100,0.321548,
img_01406,bad,consensus=bad;level1=bad;level2=bad;level3=bad,graded,usable,0.770688,0.229312,0.192458,0.578229,
img_01407,good,consensus=good;level1=good;level2=usable;level3=good,graded,good,0.999745,0.000255,0.990418,0.009327,
img_01408,usable,consensus=usable;level1=usable;level2=usable;level3=usable,graded,usable,0.764580,0.235420,0.311257,0.453323,
img_01409,good,consensus=good;level1=good;level2=good;level3=good,graded,good,0.999663,0.000337,0.991596,0.008067,
img_01410,usable,consensus=usable;level1=usable;level2=good;level3=usable,graded,good,0.998597,0.001403,0.963332,0.035264,
img_01411,usable,consensus=usable;level1=usable;level2=usable;level3=usable,graded,usable,0.965432,0.034568,0.224927,0.740504,
img_01413,bad,consensus=bad;level1=bad;level2=bad;level3=bad,graded,bad,0.388007,0.611993,0.004070,0.383938,
img_01414,usable,consensus=usable;level1=usable;level2=usable;level3=usable,graded,good,0.994411,0.005589,0.687654,0.306757,
img_01415,good,consensus=good;level1=usable;level2=good;level3=good,graded,good,0.989330,0.010670,0.727995,0.261335,
img_01416,bad,consensus=bad;level1=bad;level2=bad;level3=bad,graded,bad,0.006103,0.993897,0.000043,0.006061,
img_01417,bad,consensus=bad;level1=bad;level2=bad;level3=bad,graded,bad,0.002089,0.997911,0.000011,0.002078,
img_01418,usable,consensus=usable;level1=usable;level2=usable;level3=bad,graded,usable,0.892742,0.107258,0.067310,0.825432,
img_01419,bad,consensus=bad;level1=bad;level2=bad;level3=bad,graded,bad,0.259628,0.740372,0.005719,0.253909,
img_01420,bad,consensus=bad;level1=bad;level2=bad;level3=bad,graded,bad,0.156506,0.843494,0.001777,0.154729,
img_01421,bad,consensus=bad;level1=bad;level2=bad;level3=bad,graded,bad,0.397263,0.602738,0.009681,0.387581,
img_01422,bad,consensus=bad;level1=usable;level2=bad;level3=bad,graded,bad,0.418524,0.581476,0.010460,0.408065,
img_01426,usable,consensus=usable;level1=usable;level2=bad;level3=usable,graded,bad,0.124937,0.875063,0.015805,0.109132,
img_01427,good,consensus=good;level1=good;level2=bad;level3=good,graded,good,0.999822,0.000178,0.982744,0.017078,
img_01428,usable,consensus=usable;level1=usable;level2=usable;level3=usable,graded,good,0.994828,0.005172,0.828608,0.166220,
img_01429,bad,consensus=bad;level1=usable;level2=bad;level3=bad,graded,usable,0.558140,0.441860,0.050557,0.507584,
img_01430,bad,consensus=bad;level1=usable;level2=bad;level3=bad,graded,good,0.792508,0.207492,0.455153,0.337355,
img_01431,usable,consensus=usable;level1=usable;level2=usable;level3=bad,graded,usable,0.838130,0.161870,0.071973,0.766157,
img_01432,usable,consensus=usable;level1=usable;level2=usable;level3=bad,graded,usable,0.923021,0.076979,0.129735,0.793286,
img_01433,bad,consensus=bad;level1=bad;level2=bad;level3=bad,graded,bad,0.407597,0.592402,0.012469,0.395129,
img_01434,bad,consensus=bad;level1=bad;level2=bad;level3=bad,graded,usable,0.653382,0.346618,0.034988,0.618394,
img_01435,usable,consensus=usable;level1=good;level2=usable;level3=usable,graded,good,0.989302,0.010698,0.643714,0.345588,
img_01436,good,consensus=good;level1=good;level2=good;level3=good,graded,good,0.999634,0.000366,0.985030,0.014604,
img_01437,usable,consensus=usable;level1=usable;level2=usable;level3=bad,graded,usable,0.873069,0.126932,0.023865,0.849204,
img_01438,bad,consensus=bad;level1=bad;level2=bad;level3=bad,graded,bad,0.003187,0.996813,0.000013,0.003174,
img_01439,usable,consensus=usable;level1=usable;level2=usable;level3=usable,graded,usable,0.762619,0.237381,0.050780,0.711838,
img_01440,bad,consensus=bad;level1=bad;level2=usable;level3=bad,graded,bad,0.223253,0.776746,0.005126,0.218128,
img_01444,good,consensus=good;level1=good;level2=good;level3=good,graded,good,0.999256,0.000744,0.938958,0.060298,
img_01445,usable,consensus=usable;level1=usable;level2=usable;level3=bad,graded,usable,0.989348,0.010652,0.406780,0.582568,
img_01446,bad,consensus=bad;level1=usable;level2=bad;level3=bad,graded,usable,0.841288,0.158712,0.027964,0.813324,
img_01447,usable,consensus=usable;level1=good;level2=usable;level3=usable,graded,good,0.954237,0.045763,0.489077,0.465160,
img_01448,usable,consensus=usable;level1=good;level2=usable;level3=usable,graded,usable,0.944081,0.055919,0.443098,0.500983,
img_01450,usable,consensus=usable;level1=usable;level2=usable;level3=good,graded,good,0.999952,0.000048,0.997236,0.002717,
img_01451,good,consensus=good;level1=good;level2=good;level3=good,graded,usable,0.746622,0.253378,0.132931,0.613691,
img_01452,usable,consensus=usable;level1=usable;level2=usable;level3=usable,graded,usable,0.674521,0.325479,0.024914,0.649607,
img_01453,bad,consensus=bad;level1=bad;level2=bad;level3=bad,graded,bad,0.451933,0.548067,0.007825,0.444108,
img_01454,usable,consensus=usable;level1=usable;level2=usable;level3=usable,graded,usable,0.968589,0.031411,0.415419,0.553170,
img_01455,usable,consensus=usable;level1=usable;level2=bad;level3=usable,graded,usable,0.974203,0.025797,0.244146,0.730057,
img_01456,good,consensus=good;level1=good;level2=good;level3=usable,graded,good,0.999277,0.000723,0.972536,0.026741,
img_01457,usable,consensus=usable;level1=good;level2=usable;level3=usable,graded,good,0.981526,0.018474,0.791536,0.189990,
img_01458,usable,consensus=usable;level1=usable;level2=usable;level3=bad,graded,good,0.901896,0.098104,0.498001,0.403895,
img_01461,good,consensus=good;level1=good;level2=usable;level3=good,graded,good,0.985545,0.014455,0.559278,0.426268,
img_01462,good,consensus=good;level1=good;level2=good;level3=good,graded,good,0.997158,0.002841,0.887010,0.110148,
img_01463,usable,consensus=usable;level1=usable;level2=usable;level3=bad,graded,usable,0.717854,0.282146,0.027950,0.689904,
img_01464,bad,consensus=bad;level1=bad;level2=bad;level3=bad,graded,bad,0.021267,0.978733,0.000144,0.021123,
img_01465,bad,consensus=bad;level1=usable;level2=bad;level3=bad,graded,usable,0.654496,0.345504,0.084298,0.570197,
img_01466,bad,consensus=bad;level1=usable;level2=bad;level3=bad,graded,usable,0.549181,0.450819,0.011977,0.537204,
img_01467,bad,consensus=bad;level1=usable;level2=bad;level3=bad,graded,usable,0.797983,0.202017,0.039806,0.758177,
img_01468,bad,consensus=bad;level1=usable;level2=bad;level3=bad,graded,bad,0.125077,0.874923,0.002483,0.122594,
img_01469,good,consensus=good;level1=usable;level2=good;level3=good,graded,good,0.998319,0.001681,0.980757,0.017562,
img_01470,usable,consensus=usable;level1=usable;level2=usable;level3=usable,graded,bad,0.435898,0.564102,0.026713,0.409185,
img_01471,bad,consensus=bad;level1=bad;level2=bad;level3=bad,graded,bad,0.478306,0.521694,0.008710,0.469596,
img_01472,bad,consensus=bad;level1=usable;level2=bad;level3=bad,graded,usable,0.804749,0.195251,0.161925,0.642824,
img_01473,usable,consensus=usable;level1=good;level2=usable;level3=usable,graded,good,0.998876,0.001124,0.907662,0.091214,
img_01474,usable,consensus=usable;level1=usable;level2=usable;level3=usable,graded,usable,0.691570,0.308430,0.032235,0.659335,
img_01475,usable,consensus=usable;level1=usable;level2=usable;level3=bad,graded,usable,0.816101,0.183899,0.051120,0.764981,
img_01476,bad,consensus=bad;level1=usable;level2=bad;level3=bad,graded,usable,0.962353,0.037647,0.269827,0.692526,
img_01477,bad,consensus=bad;level1=bad;level2=bad;level3=bad,graded,bad,0.101679,0.898321,0.001556,0.100123,
img_01478,usable,consensus=usable;level1=usable;level2=usable;level3=usable,graded,usable,0.986554,0.013446,0.391760,0.594794,
img_01479,bad,consensus=bad;level1=usable;level2=bad;level3=bad,graded,usable,0.886136,0.113864,0.144448,0.741688,
img_01480,bad,consensus=bad;level1=bad;level2=bad;level3=bad,graded,usable,0.534965,0.465035,0.004576,0.530389,
img_01481,usable,consensus=usable;level1=usable;level2=usable;level3=bad,graded,usable,0.630536,0.369464,0.018592,0.611945,
img_01482,bad,consensus=bad;level1=bad;level2=bad;level3=bad,graded,usable,0.559901,0.440099,0.007570,0.552331,
img_01483,good,consensus=good;level1=good;level2=good;level3=good,graded,good,0.999922,0.000078,0.991625,0.008297,
img_01484,usable,consensus=usable;level1=usable;level2=usable;level3=usable,graded,good,0.991797,0.008203,0.565352,0.426445,
img_01485,good,consensus=good;level1=good;level2=good;level3=good,graded,good,0.986980,0.013020,0.743407,0.243573,
img_01486,usable,consensus=usable;level1=usable;level2=usable;level3=usable,graded,usable,0.895748,0.104252,0.404518,0.491230,
img_01487,good,consensus=good;level1=good;level2=good;level3=good,graded,good,0.972630,0.027370,0.713433,0.259197,
img_01488,bad,consensus=bad;level1=bad;level2=bad;level3=bad,graded,bad,0.061300,0.938700,0.001021,0.060279,
img_01489,bad,consensus=bad;level1=bad;level2=bad;level3=bad,graded,bad,0.001981,0.998019,0.000011,0.001971,
img_01490,usable,consensus=usable;level1=usable;level2=usable;level3=usable,graded,usable,0.979585,0.020415,0.485944,0.493641,
img_01491,good,consensus=good;level1=good;level2=good;level3=good,graded,good,0.995661,0.004339,0.905124,0.090537,
img_01492,bad,consensus=bad;level1=usable;level2=bad;level3=bad,graded,usable,0.929211,0.070789,0.032096,0.897116,
img_01493,usable,consensus=usable;level1=good;level2=usable;level3=usable,graded,good,0.999090,0.000910,0.891958,0.107132,
img_01494,good,consensus=good;level1=good;level2=good;level3=usable,graded,good,0.999964,0.000036,0.994274,0.005690,
img_01495,good,consensus=good;level1=good;level2=good;level3=good,graded,good,0.999275,0.000725,0.977747,0.021528,
img_01496,bad,consensus=bad;level1=usable;level2=bad;level3=bad,graded,bad,0.055503,0.944496,0.001184,0.054320,
img_01497,bad,consensus=bad;level1=bad;level2=bad;level3=bad,graded,bad,0.005808,0.994192,0.000028,0.005780,
img_01498,usable,consensus=usable;level1=usable;level2=usable;level3=bad,graded,usable,0.807808,0.192192,0.025491,0.782317,
img_01501,usable,consensus=usable;level1=usable;level2=usable;level3=bad,graded,usable,0.883459,0.116541,0.071774,0.811686,
img_01502,usable,consensus=usable;level1=usable;level2=usable;level3=bad,graded,usable,0.778088,0.221912,0.032008,0.746080,
img_01504,usable,consensus=usable;level1=usable;level2=usable;level3=bad,graded,usable,0.900466,0.099534,0.108888,0.791579,
img_01505,usable,consensus=usable;level1=usable;level2=usable;level3=bad,graded,usable,0.959881,0.040119,0.470841,0.489040,
img_01506,bad,consensus=bad;level1=bad;level2=bad;level3=bad,graded,bad,0.026523,0.973477,0.000169,0.026354,
img_01509,bad,consensus=bad;level1=bad;level2=bad;level3=bad,graded,bad,0.003321,0.996679,0.000052,0.003269,
img_01510,good,consensus=good;level1=good;level2=good;level3=good,graded,good,0.999309,0.000691,0.967883,0.031426,
img_01511,usable,consensus=usable;level1=good;level2=usable;level3=usable,graded,usable,0.988025,0.011975,0.280015,0.708009,
img_01512,bad,consensus=bad;level1=bad;level2=bad;level3=bad,graded,bad,0.006665,0.993335,0.000027,0.006637,
img_01513,bad,consensus=bad;level1=bad;level2=bad;level3=usable,graded,bad,0.002396,0.997604,0.000011,0.002385,
img_01514,bad,consensus=bad;level1=bad;level2=bad;level3=bad,graded,bad,0.002108,0.997892,0.000014,0.002094,
img_01515,bad,consensus=bad;level1=bad;level2=bad;level3=bad,graded,bad,0.003119,0.996881,0.000028,0.003090,
img_01517,bad,consensus=bad;level1=bad;level2=bad;level3=bad,graded,bad,0.003187,0.996813,0.000030,0.003156,
img_01518,bad,consensus=bad;level1=bad;level2=bad;level3=bad,graded,bad,0.267860,0.732140,0.005787,0.262073,
img_01519,good,consensus=good;level1=good;level2=good;level3=good,graded,good,0.999222,0.000778,0.966928,0.032294,
img_01520,good,consensus=good;level1=good;level2=good;level3=good,graded,good,0.993452,0.006548,0.597613,0.395839,
img_01521,good,consensus=good;level1=good;level2=good;level3=good,graded,good,0.999727,0.000272,0.985672,0.014055,
img_01522,good,consensus=good;level1=good;level2=good;level3=good,graded,good,0.999521,0.000479,0.978924,0.020597,
img_01523,good,consensus=good;level1=good;level2=good;level3=usable,graded,good,0.993125,0.006875,0.690272,0.302853,
img_01524,good,consensus=good;level1=good;level2=good;level3=usable,graded,usable,0.804608,0.195392,0.107569,0.697039,
img_01525,good,consensus=good;level1=good;level2=good;level3=usable,graded,good,0.984597,0.015403,0.749271,0.235326,
img_01526,good,consensus=good;level1=good;level2=good;level3=usable,graded,good,0.924584,0.075416,0.542755,0.381829,
img_01529,bad,consensus=bad;level1=bad;level2=bad;level3=bad,graded,bad,0.002010,0.997990,0.000010,0.001999,
img_01530,bad,consensus=bad;level1=usable;level2=bad;level3=bad,graded,bad,0.001985,0.998015,0.000011,0.001975,
img_01531,bad,consensus=bad;level1=usable;level2=bad;level3=bad,graded,bad,0.249539,0.750461,0.009491,0.240048,
img_01532,bad,consensus=bad;level1=bad;level2=bad;level3=bad,graded,bad,0.001943,0.998057,0.000011,0.001932,
img_01533,good,consensus=good;level1=good;level2=good;level3=good,graded,good,0.988001,0.011999,0.879554,0.108447,
img_01534,bad,consensus=bad;level1=usable;level2=bad;level3=bad,graded,usable,0.777347,0.222653,0.152919,0.624427,
img_01535,bad,consensus=bad;level1=bad;level2=bad;level3=bad,graded,bad,0.385981,0.614019,0.006314,0.379667,
img_01536,bad,consensus=bad;level1=bad;level2=bad;level3=bad,graded,bad,0.134262,0.865738,0.001649,0.132614,
img_01539,bad,consensus=bad;level1=bad;level2=bad;level3=bad,graded,bad,0.196393,0.803607,0.007375,0.189018,
img_01540,bad,consensus=bad;level1=bad;level2=bad;level3=bad,graded,bad,0.213169,0.786831,0.001895,0.211275,
img_01541,good,consensus=good;level1=good;level2=good;level3=good,graded,good,0.998704,0.001296,0.862743,0.135961,
img_01542,good,consensus=good;level1=good;level2=good;level3=good,graded,good,0.998814,0.001186,0.912607,0.086207,
img_01543,bad,consensus=bad;level1=usable;level2=bad;level3=bad,graded,usable,0.558542,0.441458,0.039461,0.519081,
img_01544,bad,consensus=bad;level1=usable;level2=bad;level3=bad,graded,bad,0.453182,0.546818,0.018938,0.434244,
img_01545,usable,consensus=usable;level1=good;level2=usable;level3=usable,graded,good,0.941096,0.058904,0.475173,0.465923,
img_01546,bad,consensus=bad;level1=usable;level2=bad;level3=bad,graded,usable,0.625958,0.374042,0.026697,0.599260,
img_01547,bad,consensus=bad;level1=bad;level2=bad;level3=bad,graded,bad,0.083819,0.916181,0.000632,0.083187,
img_01548,usable,consensus=usable;level1=usable;level2=usable;level3=bad,graded,usable,0.708567,0.291433,0.028193,0.680375,
img_01549,bad,consensus=bad;level1=usable;level2=bad;level3=bad,graded,good,0.985165,0.014835,0.733946,0.251219,
img_01550,usable,consensus=usable;level1=usable;level2=usable;level3=bad,graded,good,0.962313,0.037687,0.586251,0.376063,
img_01551,good,consensus=good;level1=good;level2=usable;level3=good,graded,good,0.996474,0.003526,0.754636,0.241838,
img_01552,good,consensus=good;level1=good;level2=good;level3=good,graded,good,0.993610,0.006390,0.775246,0.218364,
img_01553,good,consensus=good;level1=good;level2=good;level3=good,graded,good,0.999989,0.000011,0.997706,0.002283,
img_01554,bad,consensus=bad;level1=usable;level2=bad;level3=bad,graded,usable,0.945501,0.054499,0.067577,0.877924,
img_01555,bad,consensus=bad;level1=usable;level2=bad;level3=bad,graded,usable,0.738366,0.261634,0.134380,0.603987,
img_01556,bad,consensus=bad;level1=bad;level2=bad;level3=bad,graded,bad,0.328532,0.671468,0.011244,0.317288,
img_01557,bad,consensus=bad;level1=bad;level2=bad;level3=bad,graded,bad,0.427482,0.572518,0.012225,0.415258,
img_01558,bad,consensus=bad;level1=bad;level2=bad;level3=bad,graded,bad,0.081469,0.918531,0.000695,0.080774,
img_01559,bad,consensus=bad;level1=bad;level2=bad;level3=bad,graded,bad,0.177762,0.822238,0.003643,0.174119,
img_01560,bad,consensus=bad;level1=bad;level2=bad;level3=bad,graded,bad,0.020180,0.979820,0.000107,0.020073,
img_01561,bad,consensus=bad;level1=bad;level2=bad;level3=bad,graded,bad,0.260470,0.739530,0.003199,0.257271,
img_01562,usable,consensus=usable;level1=good;level2=usable;level3=usable,graded,usable,0.935831,0.064169,0.138094,0.797737,
img_01563,bad,consensus=bad;level1=usable;level2=bad;level3=bad,graded,usable,0.620108,0.379892,0.040262,0.579846,
img_01564,usable,consensus=usable;level1=usable;level2=good;level3=usable,graded,good,0.775215,0.224785,0.456488,0.318727,
img_01565,usable,consensus=usable;level1=usable;level2=usable;level3=usable,graded,good,0.808598,0.191402,0.491076,0.317521,
img_01569,good,consensus=good;level1=good;level2=good;level3=usable,graded,good,0.997795,0.002205,0.831840,0.165956,
img_01570,bad,consensus=bad;level1=usable;level2=bad;level3=bad,graded,usable,0.753273,0.246727,0.038048,0.715225,
img_01571,good,consensus=good;level1=good;level2=good;level3=good,graded,good,0.998227,0.001773,0.977216,0.021010,
img_01573,good,consensus=good;level1=good;level2=good;level3=good,graded,good,0.906961,0.093039,0.763603,0.143357,
img_01575,bad,consensus=bad;level1=usable;level2=bad;level3=bad,graded,bad,0.005227,0.994773,0.000019,0.005208,
img_01576,bad,consensus=bad;level1=bad;level2=bad;level3=bad,graded,bad,0.020303,0.979697,0.000268,0.020035,
img_01577,bad,consensus=bad;level1=bad;level2=bad;level3=bad,graded,bad,0.002092,0.997908,0.000012,0.002080,
img_01580,bad,consensus=bad;level1=bad;level2=bad;level3=bad,graded,bad,0.002884,0.997116,0.000012,0.002871,
img_01581,bad,consensus=bad;level1=bad;level2=bad;level3=bad,graded,bad,0.343518,0.656482,0.014126,0.329392,
img_01582,bad,consensus=bad;level1=bad;level2=bad;level3=bad,graded,bad,0.114174,0.885826,0.001116,0.113058,
img_01584,bad,consensus=bad;level1=bad;level2=bad;level3=bad,graded,bad,0.005261,0.994739,0.000028,0.005233,
img_01585,bad,consensus=bad;level1=bad;level2=bad;level3=bad,graded,bad,0.106789,0.893211,0.001625,0.105165,
img_01586,bad,consensus=bad;level1=usable;level2=bad;level3=bad,graded,usable,0.605392,0.394608,0.111767,0.493625,
img_01587,bad,consensus=bad;level1=usable;level2=bad;level3=bad,graded,usable,0.776634,0.223366,0.123569,0.653065,
img_01588,bad,consensus=bad;level1=usable;level2=bad;level3=bad,graded,usable,0.848967,0.151033,0.122542,0.726425,
img_01589,bad,consensus=bad;level1=bad;level2=bad;level3=bad,graded,bad,0.010401,0.989599,0.000044,0.010357,
img_01590,bad,consensus=bad;level1=bad;level2=bad;level3=bad,graded,bad,0.064396,0.935604,0.000307,0.064089,
img_01591,bad,consensus=bad;level1=bad;level2=bad;level3=bad,graded,bad,0.002735,0.997265,0.000011,0.002723,
img_01592,bad,consensus=bad;level1=bad;level2=bad;level3=bad,graded,bad,0.002310,0.997690,0.000010,0.002300,
img_01593,bad,consensus=bad;level1=bad;level2=bad;level3=bad,graded,bad,0.002222,0.997778,0.000011,0.002211,
img_01594,bad,consensus=bad;level1=bad;level2=bad;level3=bad,graded,bad,0.063084,0.936916,0.000677,0.062407,
img_01595,bad,consensus=bad;level1=bad;level2=bad;level3=bad,graded,bad,0.008448,0.991552,0.000034,0.008415,
img_01596,bad,consensus=bad;level1=bad;level2=bad;level3=bad,graded,bad,0.003794,0.996206,0.000019,0.003775,
img_01599,good,consensus=good;level1=good;level2=good;level3=good,graded,good,0.999920,0.000080,0.986466,0.013454,
img_01600,usable,consensus=usable;level1=good;level2=usable;level3=usable,graded,good,0.998715,0.001285,0.883048,0.115667,
img_01601,good,consensus=good;level1=good;level2=good;level3=good,graded,good,0.999649,0.000351,0.973355,0.026294,
img_01602,usable,consensus=usable;level1=good;level2=usable;level3=usable,graded,usable,0.941051,0.058949,0.120671,0.820381,
img_01603,usable,consensus=usable;level1=good;level2=usable;level3=usable,graded,good,0.975254,0.024746,0.653021,0.322234,
img_01604,usable,consensus=usable;level1=usable;level2=usable;level3=usable,graded,good,0.950126,0.049874,0.523822,0.426304,
img_01605,good,consensus=good;level1=good;level2=good;level3=good,graded,good,0.999889,0.000112,0.994541,0.005348,
img_01606,usable,consensus=usable;level1=usable;level2=usable;level3=bad,graded,usable,0.893188,0.106812,0.103637,0.789552,
img_01607,usable,consensus=usable;level1=usable;level2=usable;level3=usable,graded,usable,0.942347,0.057653,0.136655,0.805692,
img_01608,bad,consensus=bad;level1=bad;level2=bad;level3=bad,graded,usable,0.673412,0.326588,0.037152,0.636260,
img_01609,usable,consensus=usable;level1=usable;level2=usable;level3=bad,graded,good,0.998059,0.001941,0.906749,0.091310,
img_01610,bad,consensus=bad;level1=usable;level2=bad;level3=bad,graded,bad,0.260949,0.739051,0.004826,0.256123,
img_01611,bad,consensus=bad;level1=usable;level2=bad;level3=bad,graded,bad,0.441169,0.558832,0.011519,0.429649,
img_01612,bad,consensus=bad;level1=bad;level2=bad;level3=bad,graded,bad,0.218456,0.781544,0.001010,0.217446,
img_01613,usable,consensus=usable;level1=good;level2=usable;level3=usable,graded,good,0.984223,0.015777,0.666746,0.317477,
img_01614,good,consensus=good;level1=good;level2=usable;level3=good,graded,usable,0.918361,0.081639,0.436114,0.482247,
img_01620,bad,consensus=bad;level1=bad;level2=bad;level3=bad,graded,bad,0.012268,0.987732,0.000052,0.012216,
img_01621,bad,consensus=bad;level1=usable;level2=bad;level3=bad,graded,usable,0.690245,0.309755,0.029094,0.661152,
img_01622,bad,consensus=bad;level1=usable;level2=bad;level3=bad,graded,bad,0.393099,0.606901,0.007935,0.385164,
img_01625,bad,consensus=bad;level1=usable;level2=bad;level3=bad,graded,usable,0.837799,0.162201,0.179707,0.658091,
img_01626,usable,consensus=usable;level1=good;level2=usable;level3=usable,graded,good,0.998596,0.001404,0.898576,0.100020,
img_01627,bad,consensus=bad;level1=bad;level2=bad;level3=bad,graded,usable,0.664568,0.335432,0.017461,0.647107,
img_01630,usable,consensus=usable;level1=good;level2=usable;level3=usable,graded,good,0.952054,0.047946,0.515828,0.436227,
img_01635,bad,consensus=bad;level1=bad;level2=bad;level3=bad,graded,bad,0.089432,0.910568,0.000376,0.089056,
img_01636,bad,consensus=bad;level1=bad;level2=bad;level3=bad,graded,bad,0.091228,0.908772,0.000823,0.090405,
img_01642,usable,consensus=usable;level1=good;level2=usable;level3=usable,graded,good,0.997111,0.002889,0.855165,0.141946,
img_01643,usable,consensus=usable;level1=good;level2=usable;level3=usable,graded,usable,0.978076,0.021924,0.383227,0.594849,
img_01644,usable,consensus=usable;level1=good;level2=usable;level3=usable,graded,good,0.999668,0.000332,0.952114,0.047555,
img_01645,usable,consensus=usable;level1=usable;level2=usable;level3=usable,graded,good,0.999880,0.000120,0.984169,0.015712,
img_01646,usable,consensus=usable;level1=usable;level2=good;level3=usable,graded,usable,0.988458,0.011542,0.275140,0.713318,
img_01647,good,consensus=good;level1=good;level2=good;level3=usable,graded,good,0.998592,0.001408,0.677732,0.320860,
img_01648,usable,consensus=usable;level1=usable;level2=good;level3=usable,graded,usable,0.970774,0.029226,0.171979,0.798795,
img_01649,usable,consensus=usable;level1=usable;level2=usable;level3=bad,graded,usable,0.882259,0.117741,0.175706,0.706554,
img_01650,usable,consensus=usable;level1=usable;level2=usable;level3=bad,graded,good,0.972405,0.027595,0.589798,0.382607,
img_01653,usable,consensus=usable;level1=good;level2=usable;level3=usable,graded,usable,0.944116,0.055884,0.235899,0.708218,
img_01654,bad,consensus=bad;level1=bad;level2=bad;level3=bad,graded,usable,0.726546,0.273454,0.031344,0.695202,
img_01655,bad,consensus=bad;level1=bad;level2=bad;level3=bad,graded,usable,0.765423,0.234577,0.030799,0.734624,
img_01656,bad,consensus=bad;level1=usable;level2=bad;level3=bad,graded,usable,0.928733,0.071267,0.249428,0.679305,
img_01657,bad,consensus=bad;level1=usable;level2=bad;level3=bad,graded,usable,0.821970,0.178030,0.042650,0.779320,
img_01658,bad,consensus=bad;level1=bad;level2=bad;level3=bad,graded,bad,0.086385,0.913615,0.000537,0.085848,
img_01660,bad,consensus=bad;level1=bad;level2=bad;level3=bad,graded,bad,0.188826,0.811174,0.003549,0.185277,
img_01661,bad,consensus=bad;level1=bad;level2=bad;level3=bad,graded,bad,0.039507,0.960493,0.000288,0.039219,
img_01662,bad,consensus=bad;level1=bad;level2=bad;level3=bad,graded,usable,0.678932,0.321068,0.035006,0.643926,
img_01664,bad,consensus=bad;level1=bad;level2=bad;level3=bad,graded,bad,0.104399,0.895600,0.003543,0.100856,
img_01665,bad,consensus=bad;level1=usable;level2=bad;level3=bad,graded,usable,0.875262,0.124738,0.035931,0.839332,
img_01666,usable,consensus=usable;level1=good;level2=usable;level3=usable,graded,good,0.988691,0.011309,0.561267,0.427424,
img_01667,bad,consensus=bad;level1=bad;level2=bad;level3=bad,graded,bad,0.002502,0.997498,0.000023,0.002479,
img_01668,bad,consensus=bad;level1=bad;level2=bad;level3=bad,graded,bad,0.003316,0.996684,0.000046,0.003270,
img_01669,good,consensus=good;level1=good;level2=usable;level3=good,graded,good,0.998639,0.001361,0.900482,0.098157,
img_01670,usable,consensus=usable;level1=usable;level2=usable;level3=usable,graded,usable,0.822841,0.177159,0.146561,0.676280,
img_01671,bad,consensus=bad;level1=bad;level2=bad;level3=bad,graded,usable,0.634719,0.365281,0.013621,0.621098,
img_01672,usable,consensus=usable;level1=good;level2=usable;level3=usable,graded,usable,0.910059,0.089941,0.402290,0.507769,
img_01673,bad,consensus=bad;level1=bad;level2=bad;level3=bad,graded,bad,0.037557,0.962443,0.000265,0.037292,
img_01674,bad,consensus=bad;level1=usable;level2=bad;level3=bad,graded,usable,0.840979,0.159021,0.098003,0.742976,
img_01675,good,consensus=good;level1=good;level2=usable;level3=good,graded,good,0.999062,0.000938,0.910070,0.088992,
img_01676,good,consensus=good;level1=good;level2=good;level3=usable,graded,good,0.991295,0.008705,0.739702,0.251593,
img_01677,usable,consensus=usable;level1=usable;level2=good;level3=usable,graded,usable,0.944642,0.055358,0.394929,0.549714,
img_01678,usable,consensus=usable;level1=good;level2=usable;level3=usable,graded,good,0.998784,0.001216,0.912014,0.086770,
img_01679,bad,consensus=bad;level1=usable;level2=bad;level3=bad,graded,bad,0.409028,0.590972,0.013180,0.395848,
img_01680,bad,consensus=bad;level1=usable;level2=bad;level3=bad,graded,usable,0.916154,0.083846,0.252143,0.664011,
img_01684,good,consensus=good;level1=good;level2=good;level3=good,graded,good,0.999998,0.000002,0.999419,0.000579,
img_01685,good,consensus=good;level1=good;level2=usable;level3=good,graded,good,0.999904,0.000096,0.984774,0.015130,
img_01686,good,consensus=good;level1=good;level2=good;level3=good,graded,good,0.999961,0.000039,0.994871,0.005090,
img_01687,bad,consensus=bad;level1=bad;level2=bad;level3=bad,graded,usable,0.512059,0.487940,0.008280,0.503779,
img_01688,bad,consensus=bad;level1=usable;level2=bad;level3=bad,graded,usable,0.794861,0.205139,0.026257,0.768604,
img_01689,usable,consensus=usable;level1=usable;level2=usable;level3=good,graded,good,0.969353,0.030647,0.925762,0.043591,
img_01690,usable,consensus=usable;level1=usable;level2=usable;level3=usable,graded,good,0.861742,0.138258,0.516473,0.345269,
img_01691,usable,consensus=usable;level1=usable;level2=usable;level3=good,graded,good,0.990771,0.009229,0.843206,0.147565,
img_01692,usable,consensus=usable;level1=usable;level2=good;level3=usable,graded,good,0.989144,0.010856,0.750813,0.238331,
img_01693,usable,consensus=usable;level1=good;level2=usable;level3=usable,graded,good,0.995983,0.004017,0.875023,0.120960,
img_01694,bad,consensus=bad;level1=bad;level2=bad;level3=bad,graded,bad,0.003159,0.996841,0.000015,0.003143,
img_01695,bad,consensus=bad;level1=bad;level2=bad;level3=bad,graded,usable,0.553488,0.446512,0.019334,0.534154,
img_01696,good,consensus=good;level1=good;level2=usable;level3=good,graded,good,0.999935,0.000065,0.982364,0.017571,
img_01697,good,consensus=good;level1=good;level2=good;level3=good,graded,good,0.999903,0.000097,0.995245,0.004657,
img_01698,good,consensus=good;level1=good;level2=good;level3=good,graded,good,0.991514,0.008486,0.628675,0.362838,
img_01699,usable,consensus=usable;level1=usable;level2=bad;level3=usable,graded,usable,0.928921,0.071079,0.300920,0.628001,
img_01700,usable,consensus=usable;level1=usable;level2=usable;level3=usable,graded,good,0.985139,0.014861,0.918705,0.066434,
img_01701,bad,consensus=bad;level1=usable;level2=bad;level3=bad,graded,usable,0.867749,0.132251,0.026768,0.840981,
img_01702,bad,consensus=bad;level1=bad;level2=bad;level3=bad,graded,usable,0.885251,0.114749,0.246879,0.638372,
img_01703,bad,consensus=bad;level1=bad;level2=bad;level3=bad,graded,usable,0.790735,0.209265,0.130066,0.660668,
img_01704,usable,consensus=usable;level1=usable;level2=usable;level3=usable,graded,good,0.965962,0.034038,0.651504,0.314458,
img_01705,usable,consensus=usable;level1=usable;level2=usable;level3=bad,graded,usable,0.750601,0.249399,0.189603,0.560998,
img_01708,bad,consensus=bad;level1=usable;level2=bad;level3=bad,graded,good,0.957780,0.042220,0.535643,0.422137,
img_01709,bad,consensus=bad;level1=usable;level2=bad;level3=bad,graded,good,0.982828,0.017172,0.661578,0.321251,
img_01710,usable,consensus=usable;level1=good;level2=usable;level3=usable,graded,usable,0.956311,0.043689,0.292021,0.664290,
img_01711,bad,consensus=bad;level1=bad;level2=bad;level3=bad,graded,usable,0.682848,0.317152,0.019058,0.663791,
img_01712,usable,consensus=usable;level1=usable;level2=usable;level3=good,graded,good,0.997182,0.002818,0.906300,0.090882,
img_01713,bad,consensus=bad;level1=bad;level2=bad;level3=bad,graded,bad,0.204335,0.795665,0.006589,0.197747,
img_01714,bad,consensus=bad;level1=usable;level2=bad;level3=bad,graded,bad,0.054233,0.945767,0.000526,0.053707,
img_01715,bad,consensus=bad;level1=bad;level2=bad;level3=bad,graded,bad,0.184862,0.815138,0.002547,0.182316,
img_01716,bad,consensus=bad;level1=bad;level2=bad;level3=usable,graded,bad,0.038458,0.961542,0.000451,0.038006,
img_01717,bad,consensus=bad;level1=usable;level2=bad;level3=bad,graded,bad,0.383808,0.616192,0.011715,0.372093,
img_01718,bad,consensus=bad;level1=bad;level2=bad;level3=bad,graded,bad,0.411558,0.588442,0.062167,0.349391,
img_01719,bad,consensus=bad;level1=bad;level2=bad;level3=bad,graded,bad,0.203376,0.796625,0.045599,0.157777,
img_01720,bad,consensus=bad;level1=bad;level2=bad;level3=bad,graded,bad,0.230762,0.769238,0.016192,0.214570,
img_01721,bad,consensus=bad;level1=bad;level2=bad;level3=bad,graded,bad,0.010969,0.989031,0.000083,0.010886,
img_01722,usable,consensus=usable;level1=bad;level2=usable;level3=usable,graded,usable,0.992508,0.007492,0.285176,0.707331,
img_01723,bad,consensus=bad;level1=bad;level2=bad;level3=bad,graded,bad,0.002031,0.997969,0.000010,0.002021,
img_01724,bad,consensus=bad;level1=usable;level2=bad;level3=bad,graded,usable,0.769812,0.230187,0.034156,0.735657,
img_01725,bad,consensus=bad;level1=usable;level2=bad;level3=bad,graded,bad,0.376280,0.623720,0.007534,0.368745,
img_01726,good,consensus=good;level1=good;level2=usable;level3=good,graded,good,0.999332,0.000668,0.971648,0.027685,
img_01727,good,consensus=good;level1=good;level2=good;level3=good,graded,usable,0.715452,0.284548,0.346991,0.368461,
img_01728,usable,consensus=usable;level1=usable;level2=usable;level3=usable,graded,good,0.997685,0.002315,0.866787,0.130898,
img_01729,usable,consensus=usable;level1=usable;level2=usable;level3=usable,graded,good,0.979312,0.020688,0.597443,0.381869,
img_01730,good,consensus=good;level1=good;level2=good;level3=usable,graded,good,0.998939,0.001061,0.962811,0.036128,
img_01731,usable,consensus=usable;level1=usable;level2=usable;level3=bad,graded,usable,0.919538,0.080462,0.087716,0.831822,
img_01732,bad,consensus=bad;level1=bad;level2=bad;level3=bad,graded,bad,0.010421,0.989579,0.000044,0.010377,
img_01733,usable,consensus=usable;level1=usable;level2=bad;level3=usable,graded,good,0.979187,0.020813,0.690629,0.288557,
img_01734,bad,consensus=bad;level1=bad;level2=bad;level3=bad,graded,bad,0.459641,0.540359,0.013627,0.446013,
img_01735,bad,consensus=bad;level1=bad;level2=bad;level3=bad,graded,usable,0.531982,0.468018,0.023595,0.508387,
img_01736,bad,consensus=bad;level1=usable;level2=bad;level3=bad,graded,usable,0.933615,0.066385,0.052356,0.881259,
img_01737,bad,consensus=bad;level1=bad;level2=bad;level3=bad,graded,usable,0.652253,0.347747,0.079099,0.573153,
img_01738,usable,consensus=usable;level1=usable;level2=usable;level3=bad,graded,usable,0.863203,0.136797,0.190153,0.673050,
img_01739,usable,consensus=usable;level1=usable;level2=usable;level3=bad,graded,usable,0.809388,0.190612,0.106935,0.702453,
img_01740,usable,consensus=usable;level1=usable;level2=usable;level3=bad,graded,usable,0.948463,0.051537,0.470346,0.478118,
img_01741,bad,consensus=bad;level1=usable;level2=bad;level3=bad,graded,usable,0.835344,0.164656,0.119302,0.716042,
img_01742,bad,consensus=bad;level1=bad;level2=bad;level3=bad,graded,bad,0.534614,0.465386,0.124067,0.410546,
img_01743,good,consensus=good;level1=good;level2=good;level3=usable,graded,good,0.999978,0.000022,0.996189,0.003789,
img_01753,usable,consensus=usable;level1=usable;level2=usable;level3=bad,graded,usable,0.747452,0.252548,0.148315,0.599136,
img_01754,bad,consensus=bad;level1=usable;level2=bad;level3=bad,graded,bad,0.442101,0.557899,0.011305,0.430796,
img_01755,usable,consensus=usable;level1=usable;level2=usable;level3=bad,graded,usable,0.811923,0.188077,0.175434,0.636488,
img_01756,bad,consensus=bad;level1=bad;level2=bad;level3=bad,graded,bad,0.177249,0.822750,0.001612,0.175638,
img_01757,usable,consensus=usable;level1=usable;level2=usable;level3=bad,graded,usable,0.614678,0.385322,0.097471,0.517207,
img_01758,usable,consensus=usable;level1=usable;level2=usable;level3=bad,graded,usable,0.924422,0.075578,0.425439,0.498983,
img_01759,usable,consensus=usable;level1=good;level2=usable;level3=usable,graded,good,0.995727,0.004273,0.810369,0.185357,
img_01760,usable,consensus=usable;level1=good;level2=usable;level3=usable,graded,good,0.999380,0.000620,0.910746,0.088634,
img_01761,good,consensus=good;level1=good;level2=good;level3=good,graded,good,0.999998,0.000002,0.999506,0.000492,
img_01762,good,consensus=good;level1=good;level2=good;level3=good,graded,good,0.999928,0.000072,0.987974,0.011954,
img_01763,usable,consensus=usable;level1=good;level2=usable;level3=usable,graded,good,0.993819,0.006181,0.659403,0.334416,
img_01764,bad,consensus=bad;level1=usable;level2=bad;level3=bad,graded,usable,0.842299,0.157701,0.277302,0.564997,
img_01765,bad,consensus=bad;level1=usable;level2=bad;level3=bad,graded,usable,0.926396,0.073604,0.448175,0.478221,
img_01766,bad,consensus=bad;level1=good;level2=bad;level3=bad,graded,good,0.988339,0.011661,0.591308,0.397031,
img_01767,bad,consensus=bad;level1=usable;level2=bad;level3=bad,graded,usable,0.942194,0.057806,0.157954,0.784240,
img_01768,usable,consensus=usable;level1=good;level2=usable;level3=usable,graded,good,0.980169,0.019831,0.572074,0.408094,
img_01769,good,consensus=good;level1=good;level2=good;level3=good,graded,good,0.999662,0.000338,0.989729,0.009933,
img_01770,usable,consensus=usable;level1=good;level2=usable;level3=usable,graded,good,0.991332,0.008668,0.638217,0.353115,
img_01771,bad,consensus=bad;level1=good;level2=bad;level3=bad,graded,good,0.966147,0.033853,0.591660,0.374488,
img_01772,bad,consensus=bad;level1=usable;level2=bad;level3=bad,graded,good,0.981127,0.018873,0.591572,0.389555,
img_01773,bad,consensus=bad;level1=bad;level2=bad;level3=bad,graded,bad,0.094797,0.905203,0.001405,0.093391,
img_01774,usable,consensus=usable;level1=usable;level2=bad;level3=usable,graded,usable,0.967124,0.032876,0.115019,0.852105,
img_01775,bad,consensus=bad;level1=bad;level2=bad;level3=bad,graded,bad,0.002059,0.997941,0.000010,0.002049,
img_01776,usable,consensus=usable;level1=usable;level2=usable;level3=bad,graded,usable,0.817464,0.182536,0.101464,0.716000,
img_01777,usable,consensus=usable;level1=usable;level2=good;level3=usable,graded,usable,0.934744,0.065256,0.332374,0.602370,
img_01778,bad,consensus=bad;level1=bad;level2=bad;level3=bad,graded,bad,0.003042,0.996958,0.000013,0.003028,
img_01787,bad,consensus=bad;level1=bad;level2=bad;level3=bad,graded,bad,0.032584,0.967416,0.000340,0.032244,
img_01797,bad,consensus=bad;level1=bad;level2=bad;level3=bad,graded,bad,0.413494,0.586506,0.003261,0.410233,
img_01807,bad,consensus=bad;level1=bad;level2=bad;level3=bad,graded,bad,0.177134,0.822866,0.004396,0.172738,
img_01808,bad,consensus=bad;level1=usable;level2=bad;level3=bad,graded,usable,0.920640,0.079360,0.250039,0.670601,
img_01809,bad,consensus=bad;level1=bad;level2=bad;level3=bad,graded,bad,0.270122,0.729878,0.002160,0.267962,
img_01810,bad,consensus=bad;level1=bad;level2=bad;level3=bad,graded,bad,0.001955,0.998045,0.000009,0.001946,
img_01811,usable,consensus=usable;level1=bad;level2=usable;level3=usable,graded,usable,0.991434,0.008566,0.270717,0.720716,
img_01812,bad,consensus=bad;level1=bad;level2=bad;level3=bad,graded,bad,0.430100,0.569900,0.007820,0.422280,
img_01813,bad,consensus=bad;level1=usable;level2=bad;level3=bad,graded,usable,0.646260,0.353740,0.027594,0.618666,
img_01814,bad,consensus=bad;level1=usable;level2=bad;level3=bad,graded,usable,0.530618,0.469382,0.028018,0.502600,
img_01815,bad,consensus=bad;level1=bad;level2=bad;level3=bad,graded,bad,0.309178,0.690822,0.010909,0.298269,
img_01816,bad,consensus=bad;level1=bad;level2=bad;level3=bad,graded,bad,0.020261,0.979739,0.000065,0.020196,
img_01817,bad,consensus=bad;level1=bad;level2=bad;level3=bad,graded,bad,0.085329,0.914671,0.001677,0.083652,
img_01818,bad,consensus=bad;level1=bad;level2=bad;level3=bad,graded,bad,0.011622,0.988378,0.000060,0.011562,
img_01819,bad,consensus=bad;level1=bad;level2=bad;level3=bad,graded,bad,0.009086,0.990914,0.000049,0.009037,
img_01820,bad,consensus=bad;level1=bad;level2=bad;level3=bad,graded,bad,0.043347,0.956653,0.000356,0.042991,
img_01821,usable,consensus=usable;level1=usable;level2=usable;level3=bad,graded,bad,0.381447,0.618553,0.007051,0.374396,
img_01822,usable,consensus=usable;level1=usable;level2=usable;level3=bad,graded,usable,0.855880,0.144120,0.047077,0.808802,
img_01823,good,consensus=good;level1=good;level2=good;level3=usable,graded,good,0.951692,0.048308,0.644377,0.307315,
img_01824,bad,consensus=bad;level1=usable;level2=bad;level3=bad,graded,usable,0.750138,0.249862,0.020268,0.729870,
img_01825,bad,consensus=bad;level1=usable;level2=bad;level3=bad,graded,bad,0.230749,0.769251,0.001213,0.229536,
img_01826,usable,consensus=usable;level1=usable;level2=usable;level3=bad,graded,bad,0.499695,0.500305,0.020496,0.479199,
img_01827,usable,consensus=usable;level1=usable;level2=usable;level3=usable,graded,usable,0.971348,0.028652,0.468795,0.502553,
img_01828,bad,consensus=bad;level1=usable;level2=bad;level3=bad,graded,usable,0.795081,0.204919,0.214662,0.580419,
img_01829,bad,consensus=bad;level1=bad;level2=bad;level3=bad,graded,bad,0.046477,0.953523,0.000852,0.045625,
img_01830,usable,consensus=usable;level1=good;level2=usable;level3=usable,graded,good,0.987796,0.012204,0.699565,0.288231,
img_01831,bad,consensus=bad;level1=usable;level2=bad;level3=bad,graded,bad,0.300574,0.699426,0.019768,0.280806,
img_01832,usable,consensus=usable;level1=usable;level2=usable;level3=bad,graded,usable,0.701850,0.298150,0.041164,0.660685,
img_01833,bad,consensus=bad;level1=bad;level2=bad;level3=bad,graded,usable,0.712574,0.287426,0.020935,0.691639,
img_01834,good,consensus=good;level1=good;level2=good;level3=good,graded,good,0.998738,0.001262,0.956161,0.042578,
img_01835,good,consensus=good;level1=good;level2=good;level3=usable,graded,good,0.998896,0.001104,0.940026,0.058870,
img_01836,good,consensus=good;level1=good;level2=good;level3=good,graded,good,0.997874,0.002126,0.955331,0.042543,
img_01837,usable,consensus=usable;level1=good;level2=usable;level3=usable,graded,good,0.975335,0.024665,0.758905,0.216430,
img_01838,good,consensus=good;level1=good;level2=good;level3=good,graded,good,0.999806,0.000194,0.988931,0.010875,
img_01847,bad,consensus=bad;level1=bad;level2=bad;level3=bad,graded,bad,0.002201,0.997799,0.000011,0.002189,
img_01859,usable,consensus=usable;level1=usable;level2=usable;level3=bad,graded,usable,0.864188,0.135812,0.115324,0.748864,
img_01861,bad,consensus=bad;level1=usable;level2=bad;level3=bad,graded,good,0.998138,0.001862,0.755193,0.242946,
img_01862,bad,consensus=bad;level1=bad;level2=bad;level3=bad,graded,bad,0.207780,0.792220,0.001061,0.206718,
img_01864,bad,consensus=bad;level1=usable;level2=bad;level3=bad,graded,usable,0.880024,0.119975,0.080508,0.799516,
img_01865,bad,consensus=bad;level1=bad;level2=bad;level3=bad,graded,usable,0.912740,0.087260,0.279795,0.632944,
img_01866,usable,consensus=usable;level1=usable;level2=usable;level3=bad,graded,usable,0.955217,0.044783,0.447693,0.507524,
img_01868,bad,consensus=bad;level1=bad;level2=bad;level3=bad,graded,bad,0.002975,0.997025,0.000016,0.002959,
img_01869,bad,consensus=bad;level1=bad;level2=bad;level3=bad,graded,bad,0.118833,0.881167,0.000513,0.118319,
img_01870,bad,consensus=bad;level1=bad;level2=bad;level3=bad,graded,bad,0.077645,0.922355,0.000629,0.077016,
img_01871,usable,consensus=usable;level1=good;level2=usable;level3=usable,graded,good,0.999751,0.000249,0.983336,0.016415,
img_01872,good,consensus=good;level1=good;level2=good;level3=good,graded,usable,0.960421,0.039579,0.447017,0.513404,
img_01873,usable,consensus=usable;level1=good;level2=usable;level3=usable,graded,good,0.966173,0.033827,0.581594,0.384580,
img_01884,good,consensus=good;level1=good;level2=good;level3=good,graded,good,0.999868,0.000132,0.992589,0.007279,
img_01886,good,consensus=good;level1=good;level2=good;level3=good,graded,good,0.998073,0.001927,0.962057,0.036016,
img_01887,usable,consensus=usable;level1=usable;level2=usable;level3=bad,graded,usable,0.966418,0.033582,0.180057,0.786362,
img_01888,usable,consensus=usable;level1=usable;level2=usable;level3=bad,graded,usable,0.991211,0.008789,0.476356,0.514855,
img_01889,bad,consensus=bad;level1=bad;level2=bad;level3=bad,graded,bad,0.127145,0.872855,0.002688,0.124458,
img_01890,bad,consensus=bad;level1=usable;level2=bad;level3=bad,graded,bad,0.187770,0.812230,0.015725,0.172046,
img_01891,usable,consensus=usable;level1=usable;level2=usable;level3=usable,graded,good,0.954980,0.045020,0.513025,0.441955,
img_01892,usable,consensus=usable;level1=usable;level2=usable;level3=usable,graded,usable,0.817520,0.182480,0.114397,0.703123,
img_01893,good,consensus=good;level1=good;level2=good;level3=usable,graded,usable,0.949737,0.050263,0.194134,0.755603,
img_01894,good,consensus=good;level1=good;level2=usable;level3=good,graded,good,0.984372,0.015628,0.506908,0.477463,
img_01895,bad,consensus=bad;level1=usable;level2=bad;level3=bad,graded,usable,0.751588,0.248412,0.082402,0.669186,
img_01898,good,consensus=good;level1=good;level2=usable;level3=good,graded,good,0.999997,0.000003,0.999293,0.000704,
img_01899,good,consensus=good;level1=good;level2=good;level3=good,graded,good,0.999952,0.000048,0.995846,0.004106,
img_01900,bad,consensus=bad;level1=bad;level2=bad;level3=bad,graded,bad,0.030725,0.969275,0.000189,0.030536,
img_01901,usable,consensus=usable;level1=usable;level2=usable;level3=bad,graded,usable,0.816322,0.183678,0.080101,0.736221,
img_01902,usable,consensus=usable;level1=usable;level2=bad;level3=usable,graded,good,0.996895,0.003105,0.895700,0.101195,
img_01903,good,consensus=good;level1=good;level2=bad;level3=good,graded,good,0.998330,0.001670,0.935914,0.062416,
img_01904,bad,consensus=bad;level1=bad;level2=bad;level3=bad,graded,bad,0.014450,0.985550,0.000098,0.014353,
img_01906,bad,consensus=bad;level1=bad;level2=bad;level3=bad,graded,bad,0.010408,0.989592,0.000078,0.010329,
img_01907,bad,consensus=bad;level1=bad;level2=bad;level3=bad,graded,bad,0.004297,0.995703,0.000022,0.004275,
img_01910,usable,consensus=usable;level1=usable;level2=good;level3=usable,graded,usable,0.756657,0.243343,0.042544,0.714113,
img_01911,usable,consensus=usable;level1=usable;level2=usable;level3=good,graded,usable,0.748211,0.251789,0.033282,0.714929,
img_01912,bad,consensus=bad;level1=bad;level2=bad;level3=bad,graded,bad,0.357854,0.642146,0.004526,0.353328,
img_01913,bad,consensus=bad;level1=bad;level2=bad;level3=bad,graded,bad,0.036281,0.963719,0.000163,0.036118,
img_01914,bad,consensus=bad;level1=bad;level2=bad;level3=bad,graded,bad,0.473604,0.526396,0.010080,0.463524,
img_01915,bad,consensus=bad;level1=bad;level2=bad;level3=bad,graded,bad,0.343715,0.656285,0.008735,0.334979,
img_01916,bad,consensus=bad;level1=bad;level2=bad;level3=bad,graded,usable,0.554431,0.445569,0.008263,0.546168,
img_01917,good,consensus=good;level1=usable;level2=good;level3=good,graded,good,0.991367,0.008633,0.888020,0.103347,
img_01918,good,consensus=good;level1=good;level2=good;level3=good,graded,good,0.995643,0.004357,0.928338,0.067305,
img_01919,bad,consensus=bad;level1=bad;level2=bad;level3=bad,graded,usable,0.642742,0.357258,0.012650,0.630092,
img_01920,bad,consensus=bad;level1=bad;level2=bad;level3=bad,graded,bad,0.037355,0.962645,0.000189,0.037166,
img_01921,usable,consensus=usable;level1=good;level2=usable;level3=usable,graded,good,0.999486,0.000514,0.956985,0.042500,
img_01922,usable,consensus=usable;level1=usable;level2=usable;level3=usable,graded,good,0.995999,0.004001,0.705664,0.290335,
img_01923,good,consensus=good;level1=good;level2=good;level3=good,graded,good,0.998834,0.001166,0.944989,0.053845,
img_01925,usable,consensus=usable;level1=usable;level2=usable;level3=bad,graded,usable,0.673085,0.326915,0.024771,0.648313,
img_01926,usable,consensus=usable;level1=usable;level2=bad;level3=usable,graded,usable,0.596816,0.403184,0.013147,0.583669,
img_01927,bad,consensus=bad;level1=usable;level2=bad;level3=bad,graded,usable,0.940194,0.059806,0.037250,0.902944,
img_01928,bad,consensus=bad;level1=bad;level2=bad;level3=bad,graded,usable,0.576220,0.423780,0.010152,0.566068,
img_01930,bad,consensus=bad;level1=bad;level2=bad;level3=bad,graded,bad,0.009425,0.990575,0.000045,0.009379,
img_01931,bad,consensus=bad;level1=bad;level2=bad;level3=bad,graded,bad,0.003273,0.996727,0.000047,0.003227,
img_01932,usable,consensus=usable;level1=good;level2=usable;level3=usable,graded,good,0.999714,0.000286,0.989990,0.009724,
img_01933,good,consensus=good;level1=usable;level2=good;level3=good,graded,good,0.999820,0.000180,0.993783,0.006037,
img_01934,usable,consensus=usable;level1=good;level2=usable;level3=usable,graded,usable,0.978131,0.021869,0.225396,0.752735,
img_01935,bad,consensus=bad;level1=bad;level2=bad;level3=bad,graded,bad,0.046839,0.953161,0.000635,0.046204,
img_01937,bad,consensus=bad;level1=bad;level2=bad;level3=bad,graded,bad,0.010354,0.989645,0.000027,0.010327,
img_01938,bad,consensus=bad;level1=bad;level2=bad;level3=bad,graded,usable,0.524355,0.475645,0.013109,0.511246,
img_01940,good,consensus=good;level1=good;level2=good;level3=good,graded,good,0.999988,0.000012,0.998337,0.001651,
img_01941,good,consensus=good;level1=good;level2=good;level3=good,graded,good,0.999973,0.000027,0.998168,0.001805,
img_01942,bad,consensus=bad;level1=bad;level2=bad;level3=bad,graded,bad,0.001722,0.998278,0.000008,0.001713,
img_01943,usable,consensus=usable;level1=usable;level2=usable;level3=bad,graded,usable,0.747290,0.252711,0.065394,0.681895,
img_01944,good,consensus=good;level1=good;level2=good;level3=good,graded,good,0.999135,0.000865,0.973682,0.025453,
img_01945,usable,consensus=usable;level1=usable;level2=usable;level3=bad,graded,usable,0.953659,0.046341,0.278634,0.675025,
img_01946,usable,consensus=usable;level1=usable;level2=usable;level3=bad,graded,good,0.987587,0.012413,0.615541,0.372046,
img_01947,usable,consensus=usable;level1=usable;level2=usable;level3=good,graded,good,0.998468,0.001532,0.922273,0.076195,
img_01948,usable,consensus=usable;level1=good;level2=usable;level3=usable,graded,good,0.984517,0.015483,0.703002,0.281515,
img_01949,usable,consensus=usable;level1=good;level2=usable;level3=usable,graded,good,0.998923,0.001077,0.949899,0.049023,
img_01950,bad,consensus=bad;level1=bad;level2=bad;level3=bad,graded,bad,0.370326,0.629674,0.001510,0.368817,
img_01951,bad,consensus=bad;level1=bad;level2=bad;level3=bad,graded,usable,0.761456,0.238544,0.016662,0.744795,
img_01952,usable,consensus=usable;level1=good;level2=usable;level3=usable,graded,good,0.987536,0.012464,0.598996,0.388540,
img_01953,usable,consensus=usable;level1=good;level2=usable;level3=usable,graded,good,0.992789,0.007211,0.848893,0.143897,
img_01954,bad,consensus=bad;level1=usable;level2=bad;level3=bad,graded,usable,0.947248,0.052752,0.355146,0.592102,
img_01955,bad,consensus=bad;level1=usable;level2=bad;level3=bad,graded,usable,0.667224,0.332776,0.040355,0.626869,
img_01956,usable,consensus=usable;level1=usable;level2=usable;level3=bad,graded,usable,0.868389,0.131611,0.105233,0.763156,
img_01957,bad,consensus=bad;level1=usable;level2=bad;level3=bad,graded,usable,0.625237,0.374763,0.019725,0.605512,
img_01960,bad,consensus=bad;level1=bad;level2=bad;level3=bad,graded,usable,0.771276,0.228724,0.016844,0.754432,
img_01961,bad,consensus=bad;level1=usable;level2=bad;level3=bad,graded,usable,0.573793,0.426207,0.022264,0.551529,
img_01962,usable,consensus=usable;level1=usable;level2=usable;level3=bad,graded,usable,0.989127,0.010873,0.290978,0.698149,
img_01963,usable,consensus=usable;level1=good;level2=usable;level3=usable,graded,good,0.995310,0.004690,0.795814,0.199497,
img_01964,usable,consensus=usable;level1=usable;level2=good;level3=usable,graded,good,0.998688,0.001312,0.879798,0.118890,
img_01965,good,consensus=good;level1=good;level2=good;level3=usable,graded,good,0.992079,0.007921,0.782034,0.210045,
img_01966,good,consensus=good;level1=good;level2=good;level3=good,graded,good,0.999439,0.000561,0.972742,0.026697,
img_01968,usable,consensus=usable;level1=usable;level2=usable;level3=bad,graded,usable,0.800145,0.199855,0.026526,0.773619,
img_01969,good,consensus=good;level1=good;level2=good;level3=good,graded,good,0.969664,0.030336,0.599991,0.369673,
img_01970,usable,consensus=usable;level1=good;level2=usable;level3=usable,graded,usable,0.902134,0.097866,0.296500,0.605634,
img_01971,good,consensus=good;level1=good;level2=good;level3=good,graded,good,0.999828,0.000172,0.985812,0.014016,
img_01972,good,consensus=good;level1=good;level2=good;level3=good,graded,good,0.999759,0.000241,0.941984,0.057775,
img_01973,bad,consensus=bad;level1=bad;level2=bad;level3=bad,graded,usable,0.875028,0.124972,0.043081,0.831947,
img_01974,bad,consensus=bad;level1=usable;level2=bad;level3=bad,graded,good,0.949153,0.050847,0.497177,0.451976,
img_01975,bad,consensus=bad;level1=usable;level2=bad;level3=bad,graded,usable,0.599736,0.400264,0.022023,0.577713,
img_01976,bad,consensus=bad;level1=bad;level2=bad;level3=bad,graded,bad,0.095125,0.904875,0.000538,0.094588,
img_01977,bad,consensus=bad;level1=bad;level2=bad;level3=bad,graded,bad,0.002249,0.997751,0.000011,0.002238,
img_01978,bad,consensus=bad;level1=bad;level2=bad;level3=bad,graded,bad,0.154783,0.845217,0.001137,0.153646,
img_01979,bad,consensus=bad;level1=bad;level2=bad;level3=bad,graded,bad,0.096804,0.903196,0.001221,0.095584,
img_01981,bad,consensus=bad;level1=bad;level2=bad;level3=bad,graded,bad,0.002373,0.997627,0.000013,0.002360,
img_01982,bad,consensus=bad;level1=bad;level2=bad;level3=bad,graded,bad,0.002414,0.997586,0.000015,0.002399,
img_01983,bad,consensus=bad;level1=bad;level2=usable;level3=bad,graded,usable,0.631698,0.368302,0.019054,0.612644,
img_01984,bad,consensus=bad;level1=bad;level2=usable;level3=bad,graded,usable,0.813500,0.186500,0.027440,0.786060,
img_01985,bad,consensus=bad;level1=bad;level2=bad;level3=bad,graded,bad,0.003444,0.996556,0.000014,0.003430,
img_01986,usable,consensus=usable;level1=usable;level2=usable;level3=bad,graded,good,0.998808,0.001192,0.954955,0.043853,
img_01987,usable,consensus=usable;level1=usable;level2=usable;level3=usable,graded,good,0.926702,0.073298,0.571367,0.355335,
img_01989,bad,consensus=bad;level1=bad;level2=bad;level3=bad,graded,bad,0.045923,0.954077,0.000170,0.045754,
img_01990,bad,consensus=bad;level1=bad;level2=bad;level3=bad,graded,bad,0.023293,0.976707,0.000092,0.023201,
img_01991,bad,consensus=bad;level1=bad;level2=bad;level3=bad,graded,bad,0.067200,0.932800,0.000588,0.066612,
img_01993,bad,consensus=bad;level1=bad;level2=bad;level3=bad,graded,bad,0.076876,0.923124,0.000810,0.076066,
img_01994,good,consensus=good;level1=good;level2=good;level3=good,graded,good,0.999393,0.000607,0.970282,0.029111,
img_01995,good,consensus=good;level1=good;level2=usable;level3=good,graded,good,0.995317,0.004683,0.906575,0.088742,
img_01996,usable,consensus=usable;level1=usable;level2=usable;level3=usable,graded,good,0.958806,0.041194,0.610607,0.348199,
img_01997,usable,consensus=usable;level1=usable;level2=usable;level3=bad,graded,usable,0.874960,0.125040,0.287049,0.587911,
img_02000,good,consensus=good;level1=good;level2=good;level3=usable,graded,good,0.995724,0.004275,0.880647,0.115077,
img_02001,good,consensus=good;level1=good;level2=good;level3=good,graded,good,0.999963,0.000037,0.997670,0.002293,
img_02002,good,consensus=good;level1=good;level2=good;level3=good,graded,good,0.999858,0.000142,0.994647,0.005211,
img_02003,good,consensus=good;level1=good;level2=good;level3=usable,graded,good,0.995374,0.004626,0.564776,0.430598,
img_02004,good,consensus=good;level1=good;level2=good;level3=usable,graded,good,0.989839,0.010161,0.906959,0.082880,
img_02005,bad,consensus=bad;level1=usable;level2=bad;level3=bad,graded,bad,0.266897,0.733103,0.004921,0.261976,
img_02006,bad,consensus=bad;level1=bad;level2=bad;level3=bad,graded,bad,0.213862,0.786138,0.004743,0.209119,
img_02007,usable,consensus=usable;level1=usable;level2=usable;level3=bad,graded,usable,0.943266,0.056734,0.239224,0.704042,
img_02008,usable,consensus=usable;level1=good;level2=usable;level3=usable,graded,good,0.996511,0.003489,0.662675,0.333836,
img_02009,good,consensus=good;level1=good;level2=good;level3=good,graded,good,0.997987,0.002013,0.651432,0.346555,
img_02010,good,consensus=good;level1=good;level2=good;level3=good,graded,good,0.999997,0.000003,0.999509,0.000488,
img_02011,good,consensus=good;level1=good;level2=good;level3=good,graded,good,1.000000,0.000000,0.999855,0.000144,
img_02012,bad,consensus=bad;level1=bad;level2=bad;level3=bad,graded,bad,0.093604,0.906396,0.000850,0.092754,
img_02014,bad,consensus=bad;level1=bad;level2=bad;level3=bad,graded,bad,0.497675,0.502325,0.005087,0.492589,
img_02015,good,consensus=good;level1=good;level2=good;level3=usable,graded,good,0.996868,0.003132,0.927656,0.069212,
img_02016,bad,consensus=bad;level1=bad;level2=bad;level3=bad,graded,bad,0.118256,0.881744,0.001807,0.116449,
img_02017,bad,consensus=bad;level1=usable;level2=bad;level3=bad,graded,usable,0.820072,0.179928,0.055467,0.764604,
img_02018,usable,consensus=usable;level1=usable;level2=usable;level3=usable,graded,good,0.999946,0.000055,0.996801,0.003144,
img_02019,usable,consensus=usable;level1=good;level2=usable;level3=usable,graded,good,0.999925,0.000075,0.997087,0.002838,
img_02020,good,consensus=good;level1=good;level2=good;level3=good,graded,good,0.999975,0.000025,0.998491,0.001485,
img_02021,good,consensus=good;level1=good;level2=good;level3=good,graded,good,0.999709,0.000291,0.987795,0.011914,
img_02022,bad,consensus=bad;level1=bad;level2=bad;level3=bad,graded,bad,0.009026,0.990974,0.000084,0.008942,
img_02023,usable,consensus=usable;level1=usable;level2=usable;level3=usable,graded,usable,0.769155,0.230845,0.297710,0.471445,
img_02024,bad,consensus=bad;level1=bad;level2=usable;level3=bad,graded,bad,0.259170,0.740830,0.014107,0.245063,
img_02025,usable,consensus=usable;level1=usable;level2=usable;level3=bad,graded,usable,0.799720,0.200280,0.399768,0.399952,
img_02026,bad,consensus=bad;level1=usable;level2=bad;level3=bad,graded,usable,0.976486,0.023514,0.280429,0.696057,
img_02027,bad,consensus=bad;level1=bad;level2=bad;level3=bad,graded,usable,0.897189,0.102811,0.074686,0.822502,
img_02031,usable,consensus=usable;level1=usable;level2=usable;level3=usable,graded,usable,0.862388,0.137612,0.159490,0.702898,
img_02032,usable,consensus=usable;level1=usable;level2=usable;level3=usable,graded,usable,0.689454,0.310546,0.052742,0.636712,
img_02033,bad,consensus=bad;level1=usable;level2=bad;level3=bad,graded,bad,0.457584,0.542416,0.013556,0.444028,
img_02034,usable,consensus=usable;level1=usable;level2=good;level3=usable,graded,good,0.982041,0.017959,0.628043,0.353998,
img_02035,usable,consensus=usable;level1=usable;level2=usable;level3=usable,graded,good,0.978195,0.021805,0.493777,0.484418,
img_02036,good,consensus=good;level1=usable;level2=good;level3=good,graded,good,0.999102,0.000898,0.965642,0.033460,
img_02037,good,consensus=good;level1=good;level2=good;level3=good,graded,good,0.999903,0.000097,0.978875,0.021029,
img_02038,bad,consensus=bad;level1=usable;level2=bad;level3=bad,graded,usable,0.960831,0.039169,0.163184,0.797647,
img_02039,bad,consensus=bad;level1=bad;level2=bad;level3=bad,graded,bad,0.015286,0.984714,0.000203,0.015083,
img_02041,usable,consensus=usable;level1=usable;level2=usable;level3=usable,graded,bad,0.507159,0.492841,0.057075,0.450083,
img_02042,good,consensus=good;level1=good;level2=good;level3=good,graded,good,0.997402,0.002598,0.906999,0.090403,
img_02043,good,consensus=good;level1=good;level2=good;level3=good,graded,good,0.997270,0.002730,0.850327,0.146943,
img_02044,good,consensus=good;level1=good;level2=good;level3=good,graded,good,0.999395,0.000605,0.887612,0.111782,
img_02045,good,consensus=good;level1=good;level2=good;level3=good,graded,good,0.999599,0.000401,0.924751,0.074847,
img_02046,good,consensus=good;level1=good;level2=good;level3=good,graded,good,0.990938,0.009062,0.689730,0.301207,
img_02047,usable,consensus=usable;level1=usable;level2=good;level3=usable,graded,good,0.995244,0.004756,0.878680,0.116564,
img_02048,usable,consensus=usable;level1=usable;level2=usable;level3=usable,graded,usable,0.975720,0.024280,0.108185,0.867536,
img_02049,bad,consensus=bad;level1=bad;level2=bad;level3=bad,graded,bad,0.235152,0.764848,0.001852,0.233301,
img_02050,usable,consensus=usable;level1=good;level2=usable;level3=usable,graded,good,0.996973,0.003027,0.602048,0.394925,
img_02051,good,consensus=good;level1=good;level2=good;level3=good,graded,good,0.998123,0.001877,0.801667,0.196456,
img_02052,good,consensus=good;level1=good;level2=good;level3=good,graded,good,0.999998,0.000002,0.999287,0.000711,
img_02053,good,consensus=good;level1=good;level2=good;level3=good,graded,good,0.998318,0.001682,0.919501,0.078817,
img_02054,good,consensus=good;level1=good;level2=good;level3=good,graded,good,0.999997,0.000003,0.999295,0.000702,
img_02055,good,consensus=good;level1=good;level2=usable;level3=good,graded,good,0.998594,0.001406,0.904357,0.094237,
img_02056,bad,consensus=bad;level1=usable;level2=bad;level3=bad,graded,usable,0.973518,0.026482,0.140994,0.832525,
img_02057,good,consensus=good;level1=good;level2=bad;level3=good,graded,good,0.999959,0.000041,0.989309,0.010650,
img_02058,good,consensus=good;level1=good;level2=good;level3=good,graded,good,1.000000,0.000000,0.999856,0.000144,
img_02059,good,consensus=good;level1=good;level2=good;level3=good,graded,good,1.000000,0.000000,0.999834,0.000166,
img_02063,usable,consensus=usable;level1=usable;level2=bad;level3=usable,graded,usable,0.927412,0.072588,0.308968,0.618444,
img_02064,usable,consensus=usable;level1=usable;level2=bad;level3=usable,graded,usable,0.926057,0.073943,0.127603,0.798453,
img_02066,good,consensus=good;level1=good;level2=usable;level3=good,graded,good,0.999944,0.000056,0.997533,0.002411,
img_02067,good,consensus=good;level1=good;level2=good;level3=good,graded,good,0.998616,0.001384,0.910211,0.088404,
img_02068,bad,consensus=bad;level1=bad;level2=bad;level3=bad,graded,bad,0.030332,0.969668,0.000470,0.029862,
img_02069,bad,consensus=bad;level1=bad;level2=bad;level3=bad,graded,usable,0.549349,0.450651,0.032489,0.516860,
img_02070,good,consensus=good;level1=good;level2=good;level3=good,graded,good,0.999809,0.000191,0.977139,0.022669,
img_02071,good,consensus=good;level1=good;level2=good;level3=good,graded,good,0.999340,0.000660,0.897615,0.101724,
img_02072,usable,consensus=usable;level1=usable;level2=bad;level3=usable,graded,bad,0.582224,0.417776,0.304494,0.277730,
img_02073,usable,consensus=usable;level1=usable;level2=usable;level3=usable,graded,good,0.990891,0.009109,0.748996,0.241895,
img_02074,good,consensus=good;level1=good;level2=good;level3=good,graded,good,0.995674,0.004326,0.863748,0.131926,
img_02075,good,consensus=good;level1=good;level2=good;level3=good,graded,good,0.996324,0.003676,0.766141,0.230184,
img_02077,bad,consensus=bad;level1=bad;level2=bad;level3=bad,graded,bad,0.017937,0.982063,0.000138,0.017799,
img_02078,bad,consensus=bad;level1=bad;level2=bad;level3=bad,graded,bad,0.442988,0.557012,0.010502,0.432485,
img_02079,usable,consensus=usable;level1=usable;level2=good;level3=usable,graded,usable,0.873599,0.126402,0.071159,0.802439,
img_02080,bad,consensus=bad;level1=usable;level2=bad;level3=bad,graded,usable,0.707415,0.292585,0.022086,0.685329,
img_02081,usable,consensus=usable;level1=good;level2=usable;level3=usable,graded,usable,0.956910,0.043090,0.182982,0.773928,
img_02082,good,consensus=good;level1=good;level2=usable;level3=good,graded,bad,0.568531,0.431469,0.211172,0.357359,
img_02083,good,consensus=good;level1=good;level2=usable;level3=good,graded,bad,0.253034,0.746966,0.094483,0.158550,
img_02085,bad,consensus=bad;level1=bad;level2=bad;level3=bad,graded,bad,0.002878,0.997122,0.000016,0.002862,
img_02086,good,consensus=good;level1=good;level2=usable;level3=good,graded,bad,0.441803,0.558197,0.162442,0.279361,
img_02089,usable,consensus=usable;level1=usable;level2=usable;level3=good,graded,bad,0.067247,0.932753,0.001934,0.065313,
img_02094,usable,consensus=usable;level1=usable;level2=usable;level3=usable,graded,usable,0.806934,0.193066,0.039555,0.767379,
img_02095,bad,consensus=bad;level1=bad;level2=bad;level3=bad,graded,bad,0.039545,0.960455,0.000152,0.039393,
img_02096,bad,consensus=bad;level1=bad;level2=bad;level3=bad,graded,bad,0.014443,0.985557,0.000067,0.014376,
img_02097,good,consensus=good;level1=good;level2=usable;level3=good,graded,good,0.999912,0.000088,0.991241,0.008670,
img_02098,bad,consensus=bad;level1=bad;level2=bad;level3=bad,graded,bad,0.100311,0.899689,0.000945,0.099366,
img_02099,bad,consensus=bad;level1=bad;level2=bad;level3=bad,graded,bad,0.181435,0.818565,0.003535,0.177901,
img_02100,bad,consensus=bad;level1=usable;level2=bad;level3=bad,graded,usable,0.821004,0.178996,0.252361,0.568643,
img_02101,usable,consensus=usable;level1=usable;level2=usable;level3=bad,graded,usable,0.971676,0.028324,0.075482,0.896195,
img_02102,usable,consensus=usable;level1=usable;level2=usable;level3=bad,graded,usable,0.704393,0.295607,0.056134,0.648259,
img_02103,good,consensus=good;level1=usable;level2=good;level3=good,graded,good,0.988810,0.011190,0.759901,0.228908,
img_02104,usable,consensus=usable;level1=usable;level2=usable;level3=bad,graded,usable,0.925342,0.074658,0.242365,0.682977,
img_02106,bad,consensus=bad;level1=bad;level2=bad;level3=bad,graded,bad,0.052492,0.947508,0.000183,0.052309,
img_02107,usable,consensus=usable;level1=usable;level2=usable;level3=bad,graded,good,0.998123,0.001877,0.917887,0.080236,
img_02108,usable,consensus=usable;level1=usable;level2=usable;level3=bad,graded,good,0.998097,0.001903,0.927296,0.070800,
img_02110,bad,consensus=bad;level1=bad;level2=bad;level3=bad,graded,bad,0.279570,0.720430,0.009918,0.269651,
img_02111,bad,consensus=bad;level1=bad;level2=bad;level3=bad,graded,bad,0.029279,0.970721,0.000139,0.029140,
img_02112,bad,consensus=bad;level1=bad;level2=bad;level3=bad,graded,bad,0.029827,0.970173,0.000204,0.029623,
img_02113,usable,consensus=usable;level1=good;level2=usable;level3=usable,graded,good,0.991521,0.008479,0.816324,0.175197,
img_02114,bad,consensus=bad;level1=bad;level2=usable;level3=bad,graded,usable,0.719267,0.280733,0.016161,0.703106,
img_02115,usable,consensus=usable;level1=usable;level2=usable;level3=bad,graded,usable,0.526010,0.473990,0.023913,0.502097,
img_02117,bad,consensus=bad;level1=bad;level2=bad;level3=bad,graded,bad,0.006252,0.993748,0.000030,0.006221,
img_02118,bad,consensus=bad;level1=usable;level2=bad;level3=bad,graded,usable,0.728434,0.271566,0.012694,0.715739,
img_02119,bad,consensus=bad;level1=bad;level2=bad;level3=bad,graded,bad,0.179705,0.820295,0.000764,0.178941,
img_02121,usable,consensus=usable;level1=usable;level2=usable;level3=bad,graded,good,0.980578,0.019422,0.637086,0.343492,
img_02122,bad,consensus=bad;level1=bad;level2=usable;level3=bad,graded,usable,0.838591,0.161409,0.139092,0.699499,
img_02123,bad,consensus=bad;level1=bad;level2=bad;level3=bad,graded,bad,0.005172,0.994828,0.000021,0.005150,
img_02124,bad,consensus=bad;level1=bad;level2=bad;level3=bad,graded,bad,0.006336,0.993664,0.000031,0.006305,
img_02125,bad,consensus=bad;level1=bad;level2=bad;level3=bad,graded,bad,0.002049,0.997951,0.000013,0.002036,
img_02127,good,consensus=good;level1=good;level2=good;level3=usable,graded,good,0.993874,0.006126,0.798224,0.195650,
img_02128,usable,consensus=usable;level1=usable;level2=usable;level3=bad,graded,usable,0.953851,0.046149,0.324856,0.628994,
img_02129,usable,consensus=usable;level1=usable;level2=usable;level3=usable,graded,usable,0.842415,0.157585,0.197307,0.645107,
img_02130,usable,consensus=usable;level1=good;level2=usable;level3=usable,graded,usable,0.716727,0.283273,0.120107,0.596620,
img_02132,usable,consensus=usable;level1=usable;level2=usable;level3=bad,graded,usable,0.915428,0.084572,0.292050,0.623379,
img_02133,usable,consensus=usable;level1=usable;level2=usable;level3=bad,graded,usable,0.882123,0.117877,0.421119,0.461004,
img_02134,good,consensus=good;level1=good;level2=good;level3=good,graded,good,0.999989,0.000011,0.998445,0.001544,
img_02135,good,consensus=good;level1=good;level2=good;level3=usable,graded,good,0.999721,0.000279,0.970974,0.028748,
img_02136,good,consensus=good;level1=good;level2=good;level3=good,graded,good,0.999986,0.000014,0.998112,0.001874,
img_02137,good,consensus=good;level1=good;level2=good;level3=good,graded,good,0.998809,0.001191,0.907036,0.091773,
img_02138,bad,consensus=bad;level1=usable;level2=bad;level3=bad,graded,usable,0.650393,0.349607,0.030048,0.620344,
img_02139,bad,consensus=bad;level1=usable;level2=bad;level3=bad,graded,usable,0.801344,0.198656,0.106378,0.694966,
img_02140,bad,consensus=bad;level1=usable;level2=bad;level3=bad,graded,usable,0.683612,0.316388,0.034282,0.649329,
img_02141,bad,consensus=bad;level1=usable;level2=bad;level3=bad,graded,bad,0.468205,0.531795,0.015206,0.452999,
img_02142,good,consensus=good;level1=good;level2=usable;level3=good,graded,good,0.996281,0.003719,0.855721,0.140560,
img_02143,good,consensus=good;level1=good;level2=good;level3=good,graded,good,0.997764,0.002236,0.937371,0.060393,
img_02144,usable,consensus=usable;level1=usable;level2=usable;level3=usable,graded,good,0.996811,0.003189,0.850657,0.146153,
img_02145,usable,consensus=usable;level1=usable;level2=usable;level3=usable,graded,good,0.995553,0.004447,0.850656,0.144897,
img_02146,good,consensus=good;level1=good;level2=good;level3=good,graded,good,0.999772,0.000228,0.985516,0.014256,
img_02147,usable,consensus=usable;level1=usable;level2=usable;level3=bad,graded,usable,0.891747,0.108253,0.039019,0.852728,
img_02148,good,consensus=good;level1=good;level2=good;level3=good,graded,good,0.997442,0.002558,0.744128,0.253315,
img_02149,good,consensus=good;level1=good;level2=good;level3=good,graded,good,0.999233,0.000767,0.939212,0.060020,
img_02150,bad,consensus=bad;level1=bad;level2=bad;level3=bad,graded,bad,0.002103,0.997897,0.000012,0.002091,
img_02151,bad,consensus=bad;level1=bad;level2=bad;level3=bad,graded,bad,0.007454,0.992546,0.000037,0.007417,
img_02152,good,consensus=good;level1=good;level2=usable;level3=good,graded,good,0.999564,0.000436,0.986299,0.013265,
img_02153,good,consensus=good;level1=good;level2=good;level3=usable,graded,usable,0.985909,0.014091,0.375627,0.610282,
img_02156,bad,consensus=bad;level1=bad;level2=bad;level3=bad,graded,bad,0.002686,0.997314,0.000015,0.002671,
img_02157,bad,consensus=bad;level1=bad;level2=bad;level3=bad,graded,bad,0.011237,0.988763,0.000065,0.011173,
img_02158,bad,consensus=bad;level1=bad;level2=bad;level3=bad,graded,bad,0.002068,0.997932,0.000009,0.002059,
img_02159,bad,consensus=bad;level1=bad;level2=bad;level3=usable,graded,bad,0.011320,0.988680,0.000100,0.011220,
img_02160,usable,consensus=usable;level1=usable;level2=usable;level3=bad,graded,usable,0.978900,0.021100,0.379488,0.599412,
img_02161,usable,consensus=usable;level1=usable;level2=usable;level3=bad,graded,usable,0.946321,0.053679,0.263498,0.682823,
img_02162,bad,consensus=bad;level1=usable;level2=bad;level3=bad,graded,usable,0.520455,0.479545,0.016225,0.504230,
img_02163,bad,consensus=bad;level1=bad;level2=bad;level3=bad,graded,bad,0.006848,0.993152,0.000034,0.006814,
img_02164,bad,consensus=bad;level1=bad;level2=bad;level3=bad,graded,bad,0.001796,0.998204,0.000009,0.001787,
img_02165,usable,consensus=usable;level1=usable;level2=usable;level3=bad,graded,good,0.994656,0.005344,0.585221,0.409435,
img_02166,usable,consensus=usable;level1=usable;level2=usable;level3=bad,graded,usable,0.965557,0.034443,0.112730,0.852827,
img_02167,usable,consensus=usable;level1=good;level2=usable;level3=usable,graded,usable,0.984028,0.015972,0.109561,0.874467,
img_02168,bad,consensus=bad;level1=usable;level2=bad;level3=bad,graded,bad,0.473187,0.526813,0.036455,0.436732,
img_02169,bad,consensus=bad;level1=bad;level2=bad;level3=bad,graded,bad,0.002210,0.997790,0.000016,0.002194,
img_02170,bad,consensus=bad;level1=bad;level2=bad;level3=bad,graded,usable,0.586991,0.413009,0.061881,0.525110,
img_02171,usable,consensus=usable;level1=good;level2=usable;level3=usable,graded,good,0.978906,0.021094,0.525859,0.453046,
img_02175,usable,consensus=usable;level1=good;level2=usable;level3=usable,graded,good,0.974070,0.025930,0.537249,0.436821,
img_02176,usable,consensus=usable;level1=usable;level2=usable;level3=usable,graded,good,0.975477,0.024523,0.599649,0.375828,
img_02177,usable,consensus=usable;level1=usable;level2=usable;level3=usable,graded,good,0.966467,0.033533,0.510127,0.456340,
img_02178,good,consensus=good;level1=good;level2=usable;level3=good,graded,good,0.999751,0.000249,0.976201,0.023549,
img_02179,good,consensus=good;level1=good;level2=good;level3=good,graded,good,0.997513,0.002487,0.819723,0.177790,
img_02180,usable,consensus=usable;level1=usable;level2=good;level3=usable,graded,usable,0.977956,0.022044,0.390002,0.587954,
img_02181,good,consensus=good;level1=good;level2=good;level3=usable,graded,usable,0.781205,0.218795,0.059711,0.721494,
img_02183,usable,consensus=usable;level1=usable;level2=usable;level3=usable,graded,usable,0.670597,0.329403,0.037291,0.633306,
img_02184,usable,consensus=usable;level1=usable;level2=usable;level3=usable,graded,usable,0.993540,0.006460,0.425818,0.567723,
img_02185,usable,consensus=usable;level1=usable;level2=usable;level3=bad,graded,usable,0.918490,0.081510,0.065158,0.853332,
img_02186,usable,consensus=usable;level1=usable;level2=usable;level3=bad,graded,usable,0.921592,0.078408,0.091502,0.830090,
img_02187,usable,consensus=usable;level1=usable;level2=usable;level3=usable,graded,usable,0.886339,0.113661,0.293251,0.593088,
img_02188,usable,consensus=usable;level1=usable;level2=usable;level3=usable,graded,usable,0.872946,0.127054,0.321370,0.551575,
img_02189,bad,consensus=bad;level1=bad;level2=bad;level3=bad,graded,bad,0.027117,0.972883,0.000212,0.026905,
img_02190,bad,consensus=bad;level1=bad;level2=bad;level3=bad,graded,bad,0.331194,0.668806,0.003092,0.328102,
img_02191,usable,consensus=usable;level1=usable;level2=usable;level3=bad,graded,usable,0.871827,0.128173,0.025971,0.845856,
img_02192,usable,consensus=usable;level1=usable;level2=usable;level3=bad,graded,usable,0.864189,0.135811,0.033561,0.830628,
img_02193,bad,consensus=bad;level1=usable;level2=bad;level3=bad,graded,usable,0.754529,0.245471,0.018834,0.735695,
img_02194,bad,consensus=bad;level1=usable;level2=bad;level3=bad,graded,usable,0.881538,0.118462,0.028094,0.853444,
img_02195,usable,consensus=usable;level1=usable;level2=usable;level3=usable,graded,usable,0.863218,0.136782,0.096328,0.766891,
img_02196,bad,consensus=bad;level1=bad;level2=bad;level3=bad,graded,bad,0.389158,0.610842,0.010152,0.379006,
img_02197,good,consensus=good;level1=good;level2=good;level3=good,graded,good,0.999818,0.000182,0.979395,0.020423,
img_02198,usable,consensus=usable;level1=usable;level2=usable;level3=bad,graded,bad,0.232612,0.767388,0.015909,0.216703,
img_02199,bad,consensus=bad;level1=bad;level2=bad;level3=bad,graded,bad,0.002585,0.997415,0.000014,0.002571,
img_02201,good,consensus=good;level1=good;level2=good;level3=good,graded,good,0.999180,0.000820,0.868826,0.130354,
img_02202,good,consensus=good;level1=good;level2=good;level3=good,graded,good,0.996982,0.003018,0.842447,0.154536,
img_02203,good,consensus=good;level1=good;level2=good;level3=good,graded,good,0.999795,0.000205,0.976022,0.023773,
img_02204,good,consensus=good;level1=good;level2=good;level3=good,graded,good,0.999887,0.000113,0.988735,0.011152,
img_02205,usable,consensus=usable;level1=usable;level2=usable;level3=bad,graded,usable,0.869210,0.130790,0.233140,0.636069,
img_02206,bad,consensus=bad;level1=bad;level2=bad;level3=bad,graded,usable,0.718558,0.281442,0.057939,0.660618,
img_02207,bad,consensus=bad;level1=usable;level2=bad;level3=bad,graded,bad,0.506943,0.493057,0.042665,0.464279,
img_02208,bad,consensus=bad;level1=usable;level2=bad;level3=bad,graded,bad,0.264711,0.735289,0.009196,0.255515,
img_02209,bad,consensus=bad;level1=usable;level2=bad;level3=bad,graded,usable,0.708418,0.291582,0.123703,0.584715,
img_02210,bad,consensus=bad;level1=bad;level2=bad;level3=bad,graded,bad,0.481466,0.518535,0.050676,0.430790,
img_02211,bad,consensus=bad;level1=usable;level2=bad;level3=bad,graded,usable,0.666413,0.333587,0.007941,0.658472,
img_02213,bad,consensus=bad;level1=bad;level2=bad;level3=bad,graded,bad,0.006461,0.993539,0.000024,0.006436,
img_02214,good,consensus=good;level1=good;level2=good;level3=good,graded,good,0.999885,0.000115,0.991831,0.008054,
img_02215,good,consensus=good;level1=good;level2=good;level3=good,graded,good,0.997575,0.002425,0.945318,0.052257,
img_02217,bad,consensus=bad;level1=bad;level2=bad;level3=bad,graded,bad,0.139160,0.860840,0.001718,0.137442,
img_02218,bad,consensus=bad;level1=bad;level2=bad;level3=bad,graded,bad,0.033488,0.966512,0.000338,0.033150,
img_02219,bad,consensus=bad;level1=bad;level2=bad;level3=bad,graded,bad,0.002410,0.997590,0.000015,0.002394,
img_02220,bad,consensus=bad;level1=bad;level2=bad;level3=bad,graded,bad,0.013999,0.986001,0.000052,0.013947,
img_02221,bad,consensus=bad;level1=usable;level2=bad;level3=bad,graded,bad,0.153790,0.846210,0.006585,0.147204,
img_02222,bad,consensus=bad;level1=usable;level2=bad;level3=bad,graded,bad,0.363498,0.636502,0.012602,0.350896,
img_02223,bad,consensus=bad;level1=usable;level2=bad;level3=bad,graded,bad,0.447837,0.552163,0.016277,0.431560,
img_02224,usable,consensus=usable;level1=usable;level2=usable;level3=usable,graded,good,0.846311,0.153689,0.502676,0.343635,
img_02225,usable,consensus=usable;level1=usable;level2=usable;level3=usable,graded,usable,0.930228,0.069772,0.388188,0.542040,
img_02226,usable,consensus=usable;level1=usable;level2=usable;level3=usable,graded,usable,0.946033,0.053967,0.433773,0.512260,
img_02227,good,consensus=good;level1=good;level2=good;level3=good,graded,good,0.999946,0.000054,0.996578,0.003368,
img_02228,good,consensus=good;level1=good;level2=good;level3=good,graded,good,0.999865,0.000135,0.993478,0.006387,
img_02229,bad,consensus=bad;level1=usable;level2=bad;level3=bad,graded,bad,0.506968,0.493032,0.022716,0.484252,
img_02230,bad,consensus=bad;level1=bad;level2=bad;level3=bad,graded,bad,0.223298,0.776702,0.006248,0.217050,
img_02231,usable,consensus=usable;level1=good;level2=usable;level3=usable,graded,good,0.999031,0.000969,0.966541,0.032490,
img_02232,bad,consensus=bad;level1=bad;level2=bad;level3=bad,graded,bad,0.176835,0.823165,0.002220,0.174615,
img_02233,good,consensus=good;level1=good;level2=good;level3=usable,graded,good,0.996800,0.003200,0.786176,0.210624,
img_02234,good,consensus=good;level1=good;level2=good;level3=good,graded,good,0.999255,0.000745,0.904480,0.094775,
img_02235,bad,consensus=bad;level1=usable;level2=bad;level3=bad,graded,usable,0.893902,0.106098,0.072164,0.821738,
img_02237,usable,consensus=usable;level1=usable;level2=usable;level3=usable,graded,good,0.999470,0.000530,0.970838,0.028633,
img_02249,bad,consensus=bad;level1=bad;level2=bad;level3=bad,graded,bad,0.008358,0.991642,0.000054,0.008304,
img_02269,bad,consensus=bad;level1=bad;level2=bad;level3=bad,graded,bad,0.023679,0.976321,0.000101,0.023578,
img_02282,bad,consensus=bad;level1=bad;level2=bad;level3=bad,graded,usable,0.596112,0.403888,0.018186,0.577925,
img_02283,bad,consensus=bad;level1=bad;level2=bad;level3=bad,graded,bad,0.438327,0.561673,0.009533,0.428794,
img_02285,bad,consensus=bad;level1=bad;level2=bad;level3=bad,graded,bad,0.024299,0.975701,0.000134,0.024165,
img_02290,bad,consensus=bad;level1=bad;level2=usable;level3=bad,graded,bad,0.341686,0.658314,0.009172,0.332514,
img_02291,usable,consensus=usable;level1=good;level2=usable;level3=usable,graded,good,0.965958,0.034042,0.570027,0.395931,
img_02292,usable,consensus=usable;level1=usable;level2=usable;level3=bad,graded,usable,0.550649,0.449351,0.014060,0.536589,
img_02293,bad,consensus=bad;level1=bad;level2=bad;level3=bad,graded,bad,0.005812,0.994188,0.000028,0.005784,
img_02294,bad,consensus=bad;level1=bad;level2=bad;level3=bad,graded,bad,0.020701,0.979299,0.000106,0.020595,
img_02295,bad,consensus=bad;level1=bad;level2=usable;level3=bad,graded,usable,0.706618,0.293382,0.030003,0.676614,
img_02296,bad,consensus=bad;level1=usable;level2=bad;level3=bad,graded,usable,0.865326,0.134674,0.206470,0.658856,
img_02297,bad,consensus=bad;level1=bad;level2=bad;level3=bad,graded,usable,0.755251,0.244749,0.054240,0.701011,
img_02299,usable,consensus=usable;level1=usable;level2=bad;level3=usable,graded,usable,0.654802,0.345198,0.152614,0.502188,
img_02301,good,consensus=good;level1=good;level2=good;level3=good,graded,good,0.998870,0.001130,0.925251,0.073620,
img_02302,good,consensus=good;level1=good;level2=good;level3=good,graded,good,0.993814,0.006186,0.577872,0.415942,
img_02303,bad,consensus=bad;level1=usable;level2=bad;level3=bad,graded,usable,0.887835,0.112165,0.190578,0.697257,
img_02304,bad,consensus=bad;level1=usable;level2=bad;level3=bad,graded,usable,0.693220,0.306780,0.046518,0.646702,
img_02305,usable,consensus=usable;level1=usable;level2=usable;level3=usable,graded,usable,0.959472,0.040528,0.446844,0.512628,
img_02306,bad,consensus=bad;level1=bad;level2=bad;level3=bad,graded,usable,0.581712,0.418288,0.032759,0.548953,
img_02307,bad,consensus=bad;level1=bad;level2=bad;level3=bad,graded,bad,0.002104,0.997896,0.000013,0.002091,
img_02308,bad,consensus=bad;level1=usable;level2=bad;level3=bad,graded,usable,0.783645,0.216355,0.113413,0.670232,
img_02309,bad,consensus=bad;level1=bad;level2=bad;level3=bad,graded,bad,0.180448,0.819552,0.002048,0.178399,
img_02310,bad,consensus=bad;level1=bad;level2=bad;level3=bad,graded,bad,0.004570,0.995430,0.000016,0.004554,
img_02311,bad,consensus=bad;level1=bad;level2=bad;level3=bad,graded,bad,0.009663,0.990337,0.000052,0.009611,
img_02312,bad,consensus=bad;level1=bad;level2=bad;level3=bad,graded,bad,0.353870,0.646130,0.008394,0.345475,
img_02313,usable,consensus=usable;level1=usable;level2=usable;level3=bad,graded,usable,0.746370,0.253630,0.049360,0.697010,
img_02314,usable,consensus=usable;level1=usable;level2=usable;level3=bad,graded,usable,0.867093,0.132907,0.189510,0.677582,
img_02315,usable,consensus=usable;level1=good;level2=usable;level3=usable,graded,usable,0.895193,0.104807,0.197042,0.698150,
img_02316,good,consensus=good;level1=good;level2=good;level3=good,graded,good,0.994598,0.005402,0.854661,0.139937,
img_02317,good,consensus=good;level1=good;level2=good;level3=good,graded,good,0.999127,0.000873,0.923536,0.075591,
img_02318,good,consensus=good;level1=good;level2=good;level3=usable,graded,good,0.998989,0.001011,0.915237,0.083752,
img_02319,good,consensus=good;level1=good;level2=good;level3=usable,graded,usable,0.982513,0.017487,0.224029,0.758484,
img_02320,good,consensus=good;level1=good;level2=good;level3=good,graded,good,0.999581,0.000419,0.981352,0.018229,
img_02321,good,consensus=good;level1=good;level2=good;level3=good,graded,good,0.999972,0.000028,0.997203,0.002769,
img_02322,good,consensus=good;level1=good;level2=good;level3=usable,graded,good,0.999691,0.000309,0.978073,0.021619,
img_02323,bad,consensus=bad;level1=bad;level2=bad;level3=bad,graded,bad,0.215903,0.784097,0.000984,0.214919,
img_02324,bad,consensus=bad;level1=usable;level2=bad;level3=bad,graded,usable,0.691835,0.308165,0.035763,0.656071,
img_02325,bad,consensus=bad;level1=bad;level2=bad;level3=bad,graded,bad,0.001868,0.998132,0.000009,0.001859,
img_02326,bad,consensus=bad;level1=bad;level2=bad;level3=bad,graded,bad,0.108964,0.891036,0.000617,0.108347,
img_02327,bad,consensus=bad;level1=bad;level2=bad;level3=bad,graded,bad,0.218122,0.781878,0.002051,0.216071,
img_02328,bad,consensus=bad;level1=bad;level2=bad;level3=bad,graded,bad,0.001969,0.998031,0.000013,0.001956,
img_02329,usable,consensus=usable;level1=usable;level2=usable;level3=bad,graded,usable,0.872000,0.128000,0.165453,0.706547,
img_02330,bad,consensus=bad;level1=usable;level2=bad;level3=bad,graded,usable,0.843739,0.156261,0.067769,0.775970,
img_02331,usable,consensus=usable;level1=usable;level2=usable;level3=bad,graded,usable,0.872092,0.127908,0.222793,0.649299,
img_02332,usable,consensus=usable;level1=usable;level2=usable;level3=bad,graded,usable,0.515507,0.484493,0.010347,0.505160,
img_02333,bad,consensus=bad;level1=bad;level2=usable;level3=bad,graded,bad,0.026922,0.973078,0.000176,0.026746,
img_02334,good,consensus=good;level1=good;level2=good;level3=good,graded,good,0.999996,0.000004,0.999449,0.000547,
img_02335,good,consensus=good;level1=good;level2=good;level3=good,graded,good,0.999995,0.000005,0.999429,0.000567,
img_02336,usable,consensus=usable;level1=usable;level2=usable;level3=usable,graded,good,0.999699,0.000301,0.980987,0.018712,
img_02337,usable,consensus=usable;level1=good;level2=usable;level3=usable,graded,good,0.891256,0.108744,0.515234,0.376022,
img_02338,bad,consensus=bad;level1=bad;level2=bad;level3=bad,graded,usable,0.757429,0.242571,0.207293,0.550136,
img_02339,bad,consensus=bad;level1=bad;level2=bad;level3=bad,graded,usable,0.600579,0.399421,0.029968,0.570611,
img_02340,bad,consensus=bad;level1=bad;level2=bad;level3=bad,graded,bad,0.003222,0.996778,0.000030,0.003191,
img_02342,bad,consensus=bad;level1=bad;level2=bad;level3=bad,graded,bad,0.003632,0.996368,0.000044,0.003588,
img_02343,bad,consensus=bad;level1=bad;level2=bad;level3=bad,graded,bad,0.007415,0.992585,0.000047,0.007368,
img_02344,bad,consensus=bad;level1=bad;level2=bad;level3=bad,graded,bad,0.204127,0.795873,0.005629,0.198499,
img_02345,good,consensus=good;level1=good;level2=good;level3=good,graded,good,0.999841,0.000159,0.978648,0.021193,
img_02346,good,consensus=good;level1=good;level2=good;level3=usable,graded,usable,0.978093,0.021907,0.466052,0.512041,
img_02347,bad,consensus=bad;level1=bad;level2=bad;level3=bad,graded,bad,0.229419,0.770581,0.003332,0.226087,
img_02358,bad,consensus=bad;level1=usable;level2=bad;level3=bad,graded,bad,0.157324,0.842676,0.003152,0.154172,
img_02368,usable,consensus=usable;level1=usable;level2=usable;level3=usable,graded,good,0.993205,0.006795,0.606305,0.386899,
img_02369,good,consensus=good;level1=good;level2=good;level3=good,graded,good,0.999953,0.000047,0.993445,0.006508,
img_02371,good,consensus=good;level1=good;level2=good;level3=good,graded,good,0.993604,0.006396,0.772471,0.221133,
img_02372,good,consensus=good;level1=good;level2=good;level3=good,graded,good,0.999951,0.000049,0.983729,0.016222,
img_02373,good,consensus=good;level1=good;level2=good;level3=good,graded,good,0.996345,0.003655,0.770387,0.225958,
img_02374,bad,consensus=bad;level1=bad;level2=bad;level3=bad,graded,bad,0.002125,0.997875,0.000010,0.002115,
img_02375,usable,consensus=usable;level1=usable;level2=usable;level3=bad,graded,usable,0.919130,0.080870,0.374646,0.544484,
img_02376,usable,consensus=usable;level1=usable;level2=usable;level3=bad,graded,good,0.972445,0.027555,0.532335,0.440110,
img_02378,bad,consensus=bad;level1=bad;level2=usable;level3=bad,graded,bad,0.038693,0.961307,0.000609,0.038084,
img_02382,bad,consensus=bad;level1=bad;level2=bad;level3=bad,graded,bad,0.003190,0.996810,0.000020,0.003170,
img_02387,usable,consensus=usable;level1=usable;level2=usable;level3=usable,graded,usable,0.982545,0.017455,0.409031,0.573514,
img_02389,bad,consensus=bad;level1=bad;level2=bad;level3=bad,graded,bad,0.259592,0.740408,0.025298,0.234293,
img_02390,usable,consensus=usable;level1=usable;level2=usable;level3=usable,graded,good,0.999642,0.000358,0.984384,0.015258,
img_02391,bad,consensus=bad;level1=bad;level2=bad;level3=bad,graded,usable,0.676358,0.323642,0.015288,0.661070,
img_02392,bad,consensus=bad;level1=bad;level2=bad;level3=bad,graded,bad,0.157916,0.842084,0.001728,0.156188,
img_02393,bad,consensus=bad;level1=bad;level2=bad;level3=bad,graded,usable,0.880095,0.119905,0.064748,0.815346,
img_02394,bad,consensus=bad;level1=bad;level2=usable;level3=bad,graded,usable,0.954268,0.045732,0.094599,0.859669,
img_02395,usable,consensus=usable;level1=usable;level2=good;level3=usable,graded,good,0.995674,0.004326,0.700739,0.294936,
img_02396,usable,consensus=usable;level1=usable;level2=good;level3=usable,graded,good,0.989999,0.010001,0.748942,0.241058,
img_02397,usable,consensus=usable;level1=usable;level2=usable;level3=usable,graded,good,0.993034,0.006966,0.794133,0.198901,
img_02398,usable,consensus=usable;level1=good;level2=usable;level3=usable,graded,good,0.999326,0.000674,0.967330,0.031996,
img_02399,bad,consensus=bad;level1=usable;level2=bad;level3=bad,graded,usable,0.671175,0.328825,0.019232,0.651943,
img_02400,bad,consensus=bad;level1=usable;level2=bad;level3=bad,graded,bad,0.214437,0.785563,0.004440,0.209996,
img_02404,usable,consensus=usable;level1=usable;level2=usable;level3=bad,graded,usable,0.613571,0.386429,0.041820,0.571751,
img_02405,bad,consensus=bad;level1=usable;level2=bad;level3=bad,graded,bad,0.471083,0.528917,0.028009,0.443074,
img_02406,bad,consensus=bad;level1=bad;level2=bad;level3=bad,graded,bad,0.295554,0.704446,0.003619,0.291935,
img_02407,bad,consensus=bad;level1=bad;level2=bad;level3=bad,graded,usable,0.534778,0.465222,0.009575,0.525204,
img_02408,good,consensus=good;level1=good;level2=good;level3=good,graded,good,0.999998,0.000002,0.999565,0.000433,
img_02420,usable,consensus=usable;level1=usable;level2=usable;level3=bad,graded,usable,0.878561,0.121439,0.166515,0.712045,
img_02421,usable,consensus=usable;level1=usable;level2=usable;level3=bad,graded,usable,0.969339,0.030661,0.413910,0.555430,
img_02427,good,consensus=good;level1=good;level2=good;level3=good,graded,good,0.999514,0.000486,0.988500,0.011014,
img_02428,good,consensus=good;level1=good;level2=good;level3=good,graded,good,0.996515,0.003485,0.895771,0.100744,
img_02429,usable,consensus=usable;level1=usable;level2=usable;level3=usable,graded,good,0.830243,0.169757,0.610341,0.219902,
img_02431,usable,consensus=usable;level1=usable;level2=usable;level3=usable,graded,usable,0.815207,0.184793,0.371335,0.443872,
img_02433,good,consensus=good;level1=good;level2=usable;level3=good,graded,good,0.999374,0.000626,0.976110,0.023264,
img_02434,bad,consensus=bad;level1=bad;level2=bad;level3=bad,graded,bad,0.001973,0.998027,0.000010,0.001963,
img_02435,bad,consensus=bad;level1=bad;level2=bad;level3=bad,graded,bad,0.002706,0.997294,0.000021,0.002685,
img_02436,bad,consensus=bad;level1=bad;level2=bad;level3=bad,graded,usable,0.777773,0.222227,0.019412,0.758360,
img_02437,bad,consensus=bad;level1=bad;level2=bad;level3=bad,graded,usable,0.734197,0.265803,0.008155,0.726042,
img_02438,usable,consensus=usable;level1=usable;level2=bad;level3=usable,graded,usable,0.767666,0.232334,0.085495,0.682171,
img_02439,bad,consensus=bad;level1=bad;level2=bad;level3=bad,graded,bad,0.078289,0.921711,0.000587,0.077702,
img_02440,bad,consensus=bad;level1=bad;level2=good;level3=bad,graded,good,0.740884,0.259116,0.408843,0.332041,
img_02441,bad,consensus=bad;level1=bad;level2=usable;level3=bad,graded,good,0.904013,0.095987,0.461154,0.442859,
img_02442,usable,consensus=usable;level1=good;level2=usable;level3=usable,graded,good,0.992039,0.007961,0.680279,0.311760,
img_02443,usable,consensus=usable;level1=usable;level2=usable;level3=usable,graded,usable,0.990553,0.009447,0.455865,0.534688,
img_02444,bad,consensus=bad;level1=bad;level2=bad;level3=bad,graded,bad,0.016163,0.983837,0.000060,0.016103,
img_02445,bad,consensus=bad;level1=bad;level2=bad;level3=bad,graded,bad,0.088783,0.911216,0.000214,0.088569,
img_02446,good,consensus=good;level1=good;level2=good;level3=good,graded,good,0.997113,0.002887,0.788302,0.208811,
img_02447,good,consensus=good;level1=good;level2=good;level3=good,graded,good,0.993582,0.006418,0.769468,0.224114,
img_02448,usable,consensus=usable;level1=usable;level2=usable;level3=bad,graded,good,0.966502,0.033498,0.515472,0.451030,
img_02449,good,consensus=good;level1=good;level2=good;level3=usable,graded,good,0.955772,0.044228,0.545413,0.410359,
img_02450,bad,consensus=bad;level1=bad;level2=bad;level3=bad,graded,bad,0.002215,0.997785,0.000013,0.002202,
img_02451,bad,consensus=bad;level1=bad;level2=bad;level3=bad,graded,bad,0.001881,0.998119,0.000010,0.001871,
img_02452,usable,consensus=usable;level1=usable;level2=usable;level3=usable,graded,usable,0.822769,0.177231,0.041504,0.781265,
img_02453,good,consensus=good;level1=good;level2=good;level3=good,graded,good,0.999990,0.000010,0.998727,0.001264,
img_02454,good,consensus=good;level1=good;level2=good;level3=good,graded,good,0.999655,0.000345,0.981952,0.017703,
img_02455,usable,consensus=usable;level1=usable;level2=good;level3=usable,graded,good,0.994685,0.005315,0.790657,0.204028,
img_02456,bad,consensus=bad;level1=bad;level2=bad;level3=bad,graded,bad,0.013665,0.986335,0.000124,0.013540,
img_02459,good,consensus=good;level1=good;level2=usable;level3=good,graded,good,0.997877,0.002123,0.777943,0.219934,
img_02460,usable,consensus=usable;level1=good;level2=usable;level3=usable,graded,usable,0.992922,0.007078,0.391743,0.601179,
img_02461,bad,consensus=bad;level1=bad;level2=bad;level3=bad,graded,bad,0.001950,0.998050,0.000011,0.001939,
img_02463,bad,consensus=bad;level1=bad;level2=bad;level3=bad,graded,bad,0.002182,0.997818,0.000016,0.002166,
img_02464,bad,consensus=bad;level1=usable;level2=bad;level3=bad,graded,usable,0.622685,0.377315,0.018706,0.603979,
img_02465,bad,consensus=bad;level1=bad;level2=bad;level3=bad,graded,bad,0.019824,0.980176,0.000049,0.019775,
img_02466,usable,consensus=usable;level1=usable;level2=usable;level3=bad,graded,usable,0.607419,0.392581,0.115999,0.491420,
img_02467,good,consensus=good;level1=good;level2=usable;level3=good,graded,good,0.994183,0.005817,0.550191,0.443992,
img_02468,bad,consensus=bad;level1=bad;level2=bad;level3=bad,graded,bad,0.102900,0.897100,0.000697,0.102203,
img_02469,bad,consensus=bad;level1=bad;level2=bad;level3=bad,graded,bad,0.336664,0.663336,0.003684,0.332980,
img_02470,usable,consensus=usable;level1=bad;level2=usable;level3=usable,graded,usable,0.590027,0.409973,0.041256,0.548771,
img_02471,bad,consensus=bad;level1=bad;level2=bad;level3=bad,graded,bad,0.038936,0.961064,0.000337,0.038599,
img_02472,bad,consensus=bad;level1=bad;level2=bad;level3=bad,graded,bad,0.001975,0.998025,0.000012,0.001963,
img_02473,bad,consensus=bad;level1=bad;level2=usable;level3=bad,graded,bad,0.478774,0.521226,0.006402,0.472372,
img_02474,bad,consensus=bad;level1=bad;level2=usable;level3=bad,graded,bad,0.488476,0.511524,0.010368,0.478108,
img_02475,bad,consensus=bad;level1=bad;level2=bad;level3=bad,graded,bad,0.299572,0.700428,0.004369,0.295203,
img_02476,bad,consensus=bad;level1=bad;level2=bad;level3=bad,graded,bad,0.334582,0.665418,0.004974,0.329609,
img_02477,bad,consensus=bad;level1=bad;level2=usable;level3=bad,graded,usable,0.868176,0.131824,0.152192,0.715985,
img_02480,bad,consensus=bad;level1=usable;level2=bad;level3=bad,graded,good,0.914710,0.085290,0.495586,0.419124,
img_02481,bad,consensus=bad;level1=bad;level2=bad;level3=bad,graded,good,0.992508,0.007492,0.803182,0.189326,
img_02482,good,consensus=good;level1=good;level2=good;level3=good,graded,good,0.999965,0.000035,0.994091,0.005874,
img_02483,good,consensus=good;level1=usable;level2=good;level3=good,graded,good,0.999445,0.000555,0.966126,0.033319,
img_02484,good,consensus=good;level1=good;level2=good;level3=usable,graded,good,0.998704,0.001296,0.946548,0.052156,
img_02485,good,consensus=good;level1=good;level2=usable;level3=good,graded,good,0.998531,0.001469,0.880139,0.118392,
img_02486,usable,consensus=usable;level1=good;level2=usable;level3=usable,graded,usable,0.937120,0.062880,0.301269,0.635850,
img_02487,usable,consensus=usable;level1=good;level2=usable;level3=usable,graded,good,0.999462,0.000538,0.972479,0.026983,
img_02488,usable,consensus=usable;level1=good;level2=usable;level3=usable,graded,usable,0.989135,0.010865,0.444518,0.544617,
img_02489,good,consensus=good;level1=good;level2=bad;level3=good,graded,good,0.995300,0.004700,0.638394,0.356907,
img_02490,usable,consensus=usable;level1=usable;level2=usable;level3=bad,graded,usable,0.843562,0.156438,0.146632,0.696930,
img_02491,bad,consensus=bad;level1=usable;level2=bad;level3=bad,graded,usable,0.811637,0.188363,0.065518,0.746119,
img_02492,usable,consensus=usable;level1=usable;level2=usable;level3=usable,graded,usable,0.979795,0.020205,0.178886,0.800909,
img_02493,usable,consensus=usable;level1=usable;level2=usable;level3=usable,graded,usable,0.964311,0.035689,0.101773,0.862538,
img_02494,usable,consensus=usable;level1=good;level2=usable;level3=usable,graded,usable,0.994594,0.005406,0.339381,0.655213,
img_02495,usable,consensus=usable;level1=good;level2=usable;level3=usable,graded,good,0.995283,0.004717,0.718058,0.277226,
img_02496,good,consensus=good;level1=good;level2=good;level3=usable,graded,good,0.998012,0.001988,0.928235,0.069777,
img_02497,usable,consensus=usable;level1=good;level2=usable;level3=usable,graded,good,0.993079,0.006921,0.704052,0.289027,
img_02498,usable,consensus=usable;level1=good;level2=usable;level3=usable,graded,good,0.965691,0.034309,0.612697,0.352994,
img_02499,good,consensus=good;level1=good;level2=good;level3=usable,graded,good,0.952277,0.047723,0.486743,0.465534,
img_02500,usable,consensus=usable;level1=good;level2=usable;level3=usable,graded,usable,0.944652,0.055348,0.312086,0.632566,
img_02503,bad,consensus=bad;level1=usable;level2=bad;level3=bad,graded,usable,0.947834,0.052166,0.093125,0.854710,
img_02504,usable,consensus=usable;level1=usable;level2=usable;level3=bad,graded,usable,0.862709,0.137292,0.064346,0.798362,
img_02505,usable,consensus=usable;level1=usable;level2=good;level3=usable,graded,bad,0.462013,0.537987,0.049489,0.412524,
img_02506,usable,consensus=usable;level1=usable;level2=good;level3=usable,graded,bad,0.192081,0.807919,0.005611,0.186469,
img_02507,good,consensus=good;level1=good;level2=good;level3=usable,graded,good,0.997505,0.002495,0.836983,0.160522,
img_02508,usable,consensus=usable;level1=usable;level2=usable;level3=usable,graded,usable,0.943412,0.056588,0.442494,0.500918,
img_02509,bad,consensus=bad;level1=bad;level2=bad;level3=bad,graded,bad,0.205567,0.794433,0.002899,0.202669,
img_02510,usable,consensus=usable;level1=usable;level2=usable;level3=bad,graded,usable,0.991093,0.008907,0.146892,0.844200,
img_02511,usable,consensus=usable;level1=good;level2=usable;level3=usable,graded,good,0.999486,0.000514,0.958309,0.041177,
img_02512,good,consensus=good;level1=good;level2=good;level3=good,graded,good,0.999994,0.000006,0.999264,0.000730,
img_02513,good,consensus=good;level1=good;level2=good;level3=good,graded,good,0.999890,0.000110,0.992640,0.007250,
img_02514,bad,consensus=bad;level1=bad;level2=usable;level3=bad,graded,bad,0.128570,0.871430,0.002960,0.125609,
img_02515,good,consensus=good;level1=good;level2=usable;level3=good,graded,good,0.965122,0.034878,0.768749,0.196373,
img_02516,good,consensus=good;level1=usable;level2=good;level3=good,graded,good,0.999970,0.000030,0.996715,0.003255,
img_02517,good,consensus=good;level1=good;level2=good;level3=good,graded,good,0.999958,0.000042,0.996757,0.003202,
img_02518,bad,consensus=bad;level1=bad;level2=bad;level3=bad,graded,bad,0.043117,0.956883,0.000769,0.042348,
img_02519,usable,consensus=usable;level1=usable;level2=usable;level3=bad,graded,usable,0.926057,0.073943,0.097582,0.828474,
img_02520,good,consensus=good;level1=usable;level2=good;level3=good,graded,good,0.993936,0.006064,0.833591,0.160345,
img_02522,good,consensus=good;level1=good;level2=good;level3=good,graded,good,0.990770,0.009230,0.501939,0.488831,
img_02523,good,consensus=good;level1=good;level2=good;level3=good,graded,usable,0.963858,0.036142,0.477576,0.486282,
img_02524,bad,consensus=bad;level1=bad;level2=bad;level3=bad,graded,bad,0.022084,0.977916,0.000175,0.021909,
img_02525,usable,consensus=usable;level1=good;level2=usable;level3=usable,graded,usable,0.944633,0.055367,0.138823,0.805810,
img_02526,bad,consensus=bad;level1=bad;level2=bad;level3=bad,graded,bad,0.165544,0.834456,0.000471,0.165072,
img_02527,bad,consensus=bad;level1=bad;level2=bad;level3=bad,graded,usable,0.734738,0.265262,0.007097,0.727641,
img_02528,bad,consensus=bad;level1=bad;level2=bad;level3=bad,graded,bad,0.001934,0.998066,0.000010,0.001924,
img_02529,bad,consensus=bad;level1=bad;level2=bad;level3=bad,graded,bad,0.002294,0.997706,0.000011,0.002284,
img_02531,good,consensus=good;level1=good;level2=good;level3=good,graded,good,0.999675,0.000325,0.981273,0.018402,
img_02532,good,consensus=good;level1=good;level2=good;level3=good,graded,good,0.999187,0.000813,0.925124,0.074063,
img_02533,usable,consensus=usable;level1=good;level2=usable;level3=usable,graded,usable,0.883106,0.116894,0.339119,0.543986,
img_02534,usable,consensus=usable;level1=good;level2=usable;level3=usable,graded,usable,0.917202,0.082798,0.281196,0.636006,
img_02535,good,consensus=good;level1=good;level2=good;level3=good,graded,good,0.995618,0.004382,0.754110,0.241508,
img_02536,bad,consensus=bad;level1=bad;level2=usable;level3=bad,graded,bad,0.011670,0.988330,0.000058,0.011611,
img_02537,bad,consensus=bad;level1=bad;level2=bad;level3=bad,graded,bad,0.002530,0.997470,0.000012,0.002518,
img_02538,usable,consensus=usable;level1=usable;level2=bad;level3=usable,graded,good,0.970311,0.029689,0.514226,0.456085,
img_02539,bad,consensus=bad;level1=usable;level2=bad;level3=bad,graded,usable,0.742189,0.257811,0.060111,0.682078,
img_02540,usable,consensus=usable;level1=usable;level2=usable;level3=bad,graded,usable,0.891128,0.108872,0.146616,0.744511,
img_02543,usable,consensus=usable;level1=usable;level2=usable;level3=usable,graded,good,0.984514,0.015486,0.852025,0.132489,
img_02544,usable,consensus=usable;level1=usable;level2=good;level3=usable,graded,good,0.978709,0.021291,0.643799,0.334910,
img_02545,usable,consensus=usable;level1=usable;level2=usable;level3=usable,graded,good,0.995256,0.004744,0.906639,0.088618,
img_02546,usable,consensus=usable;level1=usable;level2=good;level3=usable,graded,good,0.999838,0.000162,0.982976,0.016862,
img_02547,bad,consensus=bad;level1=bad;level2=bad;level3=bad,graded,bad,0.140608,0.859392,0.001625,0.138982,
img_02548,usable,consensus=usable;level1=usable;level2=good;level3=usable,graded,usable,0.889040,0.110960,0.285100,0.603940,
img_02549,usable,consensus=usable;level1=usable;level2=usable;level3=bad,graded,usable,0.893843,0.106156,0.212112,0.681731,
img_02550,usable,consensus=usable;level1=usable;level2=usable;level3=bad,graded,usable,0.727872,0.272128,0.082991,0.644881,
img_02551,usable,consensus=usable;level1=usable;level2=usable;level3=usable,graded,good,0.994997,0.005003,0.733293,0.261704,
img_02552,usable,consensus=usable;level1=good;level2=usable;level3=usable,graded,good,0.992985,0.007015,0.618866,0.374119,
img_02553,usable,consensus=usable;level1=usable;level2=usable;level3=usable,graded,usable,0.985915,0.014085,0.358200,0.627714,
img_02554,usable,consensus=usable;level1=usable;level2=good;level3=usable,graded,good,0.996247,0.003753,0.703172,0.293074,
img_02555,bad,consensus=bad;level1=bad;level2=bad;level3=bad,graded,bad,0.097793,0.902207,0.000440,0.097352,
img_02556,usable,consensus=usable;level1=usable;level2=usable;level3=usable,graded,bad,0.374973,0.625027,0.039667,0.335306,
img_02557,bad,consensus=bad;level1=bad;level2=bad;level3=bad,graded,bad,0.001872,0.998128,0.000010,0.001861,
img_02559,bad,consensus=bad;level1=bad;level2=bad;level3=bad,graded,bad,0.002395,0.997605,0.000013,0.002382,
img_02560,usable,consensus=usable;level1=usable;level2=good;level3=usable,graded,good,0.996467,0.003533,0.906439,0.090028,
img_02561,usable,consensus=usable;level1=usable;level2=usable;level3=usable,graded,usable,0.971000,0.029000,0.352809,0.618191,
img_02562,bad,consensus=bad;level1=bad;level2=bad;level3=bad,graded,bad,0.055914,0.944086,0.000412,0.055501,
img_02563,usable,consensus=usable;level1=usable;level2=usable;level3=usable,graded,usable,0.962861,0.037139,0.289124,0.673737,
img_02564,usable,consensus=usable;level1=usable;level2=usable;level3=usable,graded,good,0.977125,0.022874,0.521058,0.456067,
img_02565,usable,consensus=usable;level1=good;level2=usable;level3=usable,graded,good,0.988941,0.011059,0.814694,0.174247,
img_02566,good,consensus=good;level1=good;level2=good;level3=usable,graded,good,0.993709,0.006291,0.858866,0.134842,
img_02567,usable,consensus=usable;level1=usable;level2=usable;level3=good,graded,good,0.942829,0.057171,0.611294,0.331536,
img_02568,usable,consensus=usable;level1=usable;level2=usable;level3=usable,graded,good,0.882618,0.117382,0.477269,0.405349,
img_02569,usable,consensus=usable;level1=usable;level2=usable;level3=bad,graded,usable,0.930610,0.069390,0.083210,0.847400,
img_02570,usable,consensus=usable;level1=usable;level2=usable;level3=bad,graded,usable,0.886365,0.113635,0.202510,0.683855,
img_02571,usable,consensus=usable;level1=good;level2=usable;level3=usable,graded,good,0.997594,0.002406,0.702300,0.295293,
img_02572,usable,consensus=usable;level1=good;level2=usable;level3=usable,graded,good,0.994998,0.005002,0.607858,0.387140,
img_02573,bad,consensus=bad;level1=bad;level2=bad;level3=bad,graded,bad,0.007101,0.992899,0.000039,0.007062,
img_02574,bad,consensus=bad;level1=bad;level2=bad;level3=bad,graded,bad,0.003903,0.996097,0.000026,0.003877,
img_02575,good,consensus=good;level1=good;level2=good;level3=good,graded,good,0.999878,0.000122,0.985652,0.014226,
img_02576,good,consensus=good;level1=good;level2=good;level3=good,graded,good,0.999890,0.000110,0.987159,0.012731,
img_02577,good,consensus=good;level1=good;level2=good;level3=good,graded,good,0.998568,0.001432,0.963008,0.035559,
img_02578,usable,consensus=usable;level1=usable;level2=bad;level3=usable,graded,good,0.971607,0.028393,0.684016,0.287592,
img_02579,bad,consensus=bad;level1=usable;level2=bad;level3=bad,graded,good,0.994622,0.005378,0.689552,0.305070,
img_02580,bad,consensus=bad;level1=bad;level2=bad;level3=bad,graded,usable,0.872848,0.127152,0.039000,0.833847,
img_02581,bad,consensus=bad;level1=bad;level2=bad;level3=bad,graded,bad,0.002135,0.997865,0.000012,0.002123,
img_02582,bad,consensus=bad;level1=bad;level2=bad;level3=bad,graded,bad,0.009973,0.990027,0.000087,0.009886,
img_02583,good,consensus=good;level1=good;level2=good;level3=usable,graded,usable,0.648756,0.351244,0.140923,0.507834,
img_02584,bad,consensus=bad;level1=usable;level2=bad;level3=bad,graded,bad,0.147325,0.852675,0.003605,0.143720,
img_02587,usable,consensus=usable;level1=usable;level2=usable;level3=usable,graded,usable,0.876706,0.123294,0.129323,0.747383,
img_02588,usable,consensus=usable;level1=usable;level2=usable;level3=bad,graded,usable,0.901177,0.098823,0.115648,0.785529,
img_02589,usable,consensus=usable;level1=good;level2=usable;level3=usable,graded,good,0.999824,0.000176,0.984444,0.015381,
img_02590,good,consensus=good;level1=good;level2=good;level3=good,graded,good,0.999945,0.000055,0.995474,0.004470,
img_02591,good,consensus=good;level1=good;level2=good;level3=good,graded,good,0.999957,0.000043,0.992755,0.007202,
img_02592,good,consensus=good;level1=good;level2=good;level3=good,graded,good,0.999993,0.000007,0.999072,0.000921,
img_02593,usable,consensus=usable;level1=good;level2=usable;level3=usable,graded,good,0.993650,0.006350,0.806984,0.186666,
img_02594,usable,consensus=usable;level1=usable;level2=usable;level3=bad,graded,usable,0.907530,0.092470,0.303729,0.603801,
img_02595,good,consensus=good;level1=good;level2=good;level3=usable,graded,good,0.999592,0.000408,0.977422,0.022170,
img_02597,bad,consensus=bad;level1=usable;level2=bad;level3=bad,graded,usable,0.961112,0.038888,0.276668,0.684444,
img_02599,bad,consensus=bad;level1=usable;level2=bad;level3=bad,graded,bad,0.372455,0.627545,0.003931,0.368524,
img_02600,bad,consensus=bad;level1=usable;level2=bad;level3=bad,graded,bad,0.309084,0.690916,0.008090,0.300994,
img_02601,bad,consensus=bad;level1=bad;level2=bad;level3=bad,graded,bad,0.030529,0.969471,0.000195,0.030334,
img_02602,good,consensus=good;level1=good;level2=usable;level3=good,graded,good,0.999327,0.000673,0.897911,0.101416,
img_02603,good,consensus=good;level1=good;level2=good;level3=good,graded,good,0.999318,0.000682,0.919465,0.079853,
img_02604,good,consensus=good;level1=good;level2=good;level3=good,graded,good,0.999778,0.000221,0.983724,0.016055,
img_02605,bad,consensus=bad;level1=bad;level2=bad;level3=bad,graded,usable,0.743725,0.256275,0.050152,0.693573,
img_02606,usable,consensus=usable;level1=good;level2=usable;level3=usable,graded,good,0.998531,0.001469,0.944225,0.054306,
img_02607,bad,consensus=bad;level1=bad;level2=usable;level3=bad,graded,usable,0.942145,0.057855,0.232455,0.709690,
img_02608,usable,consensus=usable;level1=usable;level2=usable;level3=usable,graded,usable,0.954627,0.045373,0.421754,0.532873,
img_02609,usable,consensus=usable;level1=usable;level2=usable;level3=bad,graded,usable,0.912149,0.087851,0.332146,0.580003,
img_02610,usable,consensus=usable;level1=usable;level2=usable;level3=usable,graded,usable,0.771437,0.228563,0.065498,0.705939,
img_02611,usable,consensus=usable;level1=usable;level2=usable;level3=usable,graded,usable,0.682811,0.317189,0.015432,0.667379,
img_02612,bad,consensus=bad;level1=bad;level2=bad;level3=bad,graded,usable,0.791674,0.208326,0.020293,0.771381,
img_02652,usable,consensus=usable;level1=usable;level2=usable;level3=good,graded,good,0.989048,0.010952,0.877451,0.111597,
img_02656,usable,consensus=usable;level1=usable;level2=usable;level3=good,graded,good,0.939625,0.060375,0.806757,0.132868,
img_02724,usable,consensus=usable;level1=good;level2=usable;level3=usable,graded,good,0.999598,0.000402,0.975901,0.023697,
img_02743,bad,consensus=bad;level1=bad;level2=bad;level3=bad,graded,bad,0.057271,0.942729,0.000438,0.056833,
img_02744,bad,consensus=bad;level1=bad;level2=bad;level3=bad,graded,bad,0.487501,0.512499,0.035952,0.451548,
img_02745,usable,consensus=usable;level1=usable;level2=usable;level3=bad,graded,good,0.975092,0.024908,0.576283,0.398809,
img_02747,bad,consensus=bad;level1=bad;level2=bad;level3=bad,graded,bad,0.001991,0.998009,0.000011,0.001979,
img_02748,usable,consensus=usable;level1=usable;level2=good;level3=usable,graded,usable,0.954567,0.045433,0.419271,0.535295,
img_02749,usable,consensus=usable;level1=usable;level2=good;level3=usable,graded,usable,0.918065,0.081935,0.260651,0.657413,
img_02750,usable,consensus=usable;level1=good;level2=usable;level3=usable,graded,usable,0.908025,0.091975,0.096580,0.811445,
img_02751,bad,consensus=bad;level1=bad;level2=usable;level3=bad,graded,usable,0.539326,0.460674,0.005906,0.533420,
img_02752,usable,consensus=usable;level1=usable;level2=usable;level3=usable,graded,usable,0.628310,0.371690,0.099037,0.529274,
img_02763,bad,consensus=bad;level1=bad;level2=bad;level3=bad,graded,bad,0.002377,0.997623,0.000012,0.002365,
img_02829,usable,consensus=usable;level1=usable;level2=usable;level3=good,graded,usable,0.976494,0.023507,0.407580,0.568914,
img_02873,bad,consensus=bad;level1=bad;level2=bad;level3=bad,graded,bad,0.002215,0.997785,0.000011,0.002205,
img_02909,bad,consensus=bad;level1=bad;level2=bad;level3=usable,graded,bad,0.097108,0.902892,0.001605,0.095502,
img_03128,usable,consensus=usable;level1=bad;level2=usable;level3=usable,graded,bad,0.009646,0.990354,0.000052,0.009594,
img_03178,usable,consensus=usable;level1=bad;level2=usable;level3=usable,graded,usable,0.541431,0.458569,0.014489,0.526941,
img_03189,usable,consensus=usable;level1=usable;level2=usable;level3=good,graded,usable,0.955761,0.044239,0.393018,0.562743,
img_03285,usable,consensus=usable;level1=usable;level2=usable;level3=good,graded,usable,0.964446,0.035554,0.463661,0.500785,
img_03322,usable,consensus=usable;level1=usable;level2=usable;level3=good,graded,usable,0.511093,0.488907,0.018411,0.492682,
img_03355,bad,consensus=bad;level1=bad;level2=bad;level3=bad,graded,bad,0.002143,0.997857,0.000011,0.002132,
img_03361,bad,consensus=bad;level1=bad;level2=bad;level3=bad,graded,bad,0.047112,0.952888,0.000468,0.046643,
img_03424,usable,consensus=usable;level1=bad;level2=usable;level3=usable,graded,good,0.939573,0.060427,0.684383,0.255190,
img_03595,good,consensus=good;level1=good;level2=good;level3=good,graded,good,0.999214,0.000787,0.944270,0.054943,
img_03716,bad,consensus=bad;level1=bad;level2=bad;level3=bad,graded,bad,0.183093,0.816907,0.010502,0.172590,
img_03718,bad,consensus=bad;level1=bad;level2=bad;level3=bad,graded,bad,0.004468,0.995532,0.000034,0.004434,
img_03723,usable,consensus=usable;level1=usable;level2=bad;level3=usable,graded,usable,0.973787,0.026213,0.076131,0.897656,
img_03727,bad,consensus=bad;level1=bad;level2=bad;level3=bad,graded,bad,0.243810,0.756190,0.003023,0.240787,
img_03745,bad,consensus=bad;level1=bad;level2=bad;level3=bad,graded,usable,0.537300,0.462700,0.044047,0.493253,
img_03750,usable,consensus=usable;level1=bad;level2=usable;level3=usable,graded,good,0.992982,0.007018,0.871483,0.121499,
img_03756,good,consensus=good;level1=usable;level2=good;level3=good,graded,good,0.999520,0.000480,0.981905,0.017615,
img_03764,usable,consensus=usable;level1=good;level2=usable;level3=usable,graded,usable,0.860470,0.139530,0.121001,0.739469,
img_03776,usable,consensus=usable;level1=usable;level2=usable;level3=good,graded,usable,0.756505,0.243495,0.101352,0.655153,
img_03779,usable,consensus=usable;level1=bad;level2=usable;level3=usable,graded,good,0.964477,0.035523,0.496400,0.468078,
img_03792,bad,consensus=bad;level1=usable;level2=bad;level3=bad,graded,bad,0.075503,0.924497,0.000345,0.075159,
img_03794,usable,consensus=usable;level1=good;level2=usable;level3=usable,graded,usable,0.789705,0.210295,0.020605,0.769100,
img_03812,bad,consensus=bad;level1=bad;level2=bad;level3=usable,graded,bad,0.314330,0.685670,0.012250,0.302080,
img_03821,usable,consensus=usable;level1=usable;level2=bad;level3=usable,graded,bad,0.200563,0.799437,0.005573,0.194989,
img_03830,bad,consensus=bad;level1=bad;level2=bad;level3=bad,graded,bad,0.141802,0.858198,0.003172,0.138630,
img_03836,bad,consensus=bad;level1=usable;level2=bad;level3=bad,graded,bad,0.010164,0.989836,0.000032,0.010132,
img_03849,good,consensus=good;level1=usable;level2=good;level3=good,graded,good,0.999001,0.000999,0.847771,0.151230,
img_03863,bad,consensus=bad;level1=usable;level2=bad;level3=bad,graded,usable,0.585309,0.414691,0.026430,0.558880,
img_03869,good,consensus=good;level1=good;level2=good;level3=good,graded,good,0.998397,0.001603,0.955178,0.043218,
img_03873,bad,consensus=bad;level1=bad;level2=bad;level3=bad,graded,bad,0.007228,0.992772,0.000045,0.007183,
img_03890,usable,consensus=usable;level1=bad;level2=usable;level3=good,graded,good,0.996356,0.003644,0.805363,0.190993,
img_03949,usable,consensus=usable;level1=usable;level2=good;level3=usable,graded,good,0.967522,0.032478,0.697567,0.269955,
img_03995,usable,consensus=usable;level1=usable;level2=usable;level3=usable,graded,usable,0.778503,0.221497,0.214056,0.564447,
img_04121,bad,consensus=bad;level1=bad;level2=bad;level3=bad,graded,bad,0.006894,0.993106,0.000023,0.006871,
img_04132,usable,consensus=usable;level1=bad;level2=usable;level3=usable,graded,bad,0.498490,0.501510,0.188022,0.310469,
img_04157,bad,consensus=bad;level1=bad;level2=bad;level3=bad,graded,bad,0.002645,0.997355,0.000013,0.002632,
img_04180,bad,consensus=bad;level1=bad;level2=bad;level3=bad,graded,bad,0.001884,0.998116,0.000010,0.001873,
img_04228,bad,consensus=bad;level1=bad;level2=bad;level3=usable,graded,usable,0.574954,0.425046,0.028776,0.546177,
img_04239,usable,consensus=usable;level1=usable;level2=usable;level3=good,graded,good,0.999942,0.000058,0.996741,0.003200,
img_04245,good,consensus=good;level1=good;level2=usable;level3=good,graded,usable,0.891913,0.108087,0.141609,0.750304,
img_04264,usable,consensus=usable;level1=usable;level2=bad;level3=usable,graded,bad,0.466567,0.533433,0.039314,0.427252,
img_04305,bad,consensus=bad;level1=bad;level2=bad;level3=good,graded,usable,0.879708,0.120292,0.080947,0.798761,
img_04366,bad,consensus=bad;level1=bad;level2=bad;level3=usable,graded,usable,0.778187,0.221813,0.017938,0.760248,
img_04416,bad,consensus=bad;level1=bad;level2=bad;level3=bad,graded,bad,0.002031,0.997969,0.000010,0.002021,
img_04448,good,consensus=good;level1=usable;level2=good;level3=good,graded,usable,0.988460,0.011540,0.479810,0.508650,
img_04507,usable,consensus=usable;level1=usable;level2=usable;level3=good,graded,bad,0.108672,0.891328,0.001428,0.107244,
img_04518,bad,consensus=bad;level1=bad;level2=bad;level3=usable,graded,usable,0.822870,0.177131,0.138032,0.684837,
img_04525,usable,consensus=usable;level1=bad;level2=usable;level3=good,graded,good,0.993345,0.006655,0.711496,0.281850,
img_04563,bad,consensus=bad;level1=bad;level2=bad;level3=usable,graded,usable,0.954898,0.045102,0.109193,0.845705,
img_04597,bad,consensus=bad;level1=bad;level2=bad;level3=bad,graded,bad,0.006983,0.993017,0.000028,0.006955,
img_04599,bad,consensus=bad;level1=usable;level2=bad;level3=bad,graded,bad,0.016369,0.983631,0.000082,0.016287,
img_04627,usable,consensus=usable;level1=usable;level2=usable;level3=usable,graded,usable,0.873667,0.126333,0.044779,0.828888,
img_04645,bad,consensus=bad;level1=bad;level2=bad;level3=usable,graded,usable,0.641330,0.358669,0.063374,0.577956,
img_04658,bad,consensus=bad;level1=bad;level2=bad;level3=usable,graded,usable,0.891547,0.108453,0.380476,0.511071,
img_04718,usable,consensus=usable;level1=bad;level2=usable;level3=usable,graded,usable,0.640734,0.359266,0.138323,0.502411,
img_04738,bad,consensus=bad;level1=usable;level2=bad;level3=bad,graded,usable,0.542491,0.457509,0.007946,0.534545,
img_04741,good,consensus=good;level1=usable;level2=good;level3=good,graded,good,0.996522,0.003478,0.870074,0.126449,
img_04750,bad,consensus=bad;level1=bad;level2=bad;level3=usable,graded,usable,0.854931,0.145069,0.178423,0.676508,
img_04758,bad,consensus=bad;level1=bad;level2=bad;level3=usable,graded,bad,0.045157,0.954843,0.000338,0.044819,
img_04772,usable,consensus=usable;level1=usable;level2=usable;level3=good,graded,good,0.756056,0.243944,0.395925,0.360131,
img_04790,bad,consensus=bad;level1=bad;level2=bad;level3=usable,graded,usable,0.522410,0.477590,0.017622,0.504789,
img_04825,usable,consensus=usable;level1=bad;level2=usable;level3=usable,graded,usable,0.947868,0.052132,0.416547,0.531321,
img_04840,bad,consensus=bad;level1=bad;level2=usable;level3=bad,graded,bad,0.490930,0.509070,0.058273,0.432657,
img_04843,bad,consensus=bad;level1=bad;level2=bad;level3=bad,graded,bad,0.032106,0.967894,0.000093,0.032013,
img_04856,bad,consensus=bad;level1=bad;level2=bad;level3=bad,graded,bad,0.045589,0.954412,0.000627,0.044962,
img_04877,usable,consensus=usable;level1=usable;level2=usable;level3=good,graded,good,0.992671,0.007329,0.926080,0.066591,
img_04884,bad,consensus=bad;level1=bad;level2=bad;level3=usable,graded,good,0.962004,0.037996,0.680954,0.281049,
img_04979,bad,consensus=bad;level1=bad;level2=bad;level3=usable,graded,usable,0.766525,0.233475,0.086656,0.679870,
img_05002,bad,consensus=bad;level1=bad;level2=bad;level3=usable,graded,bad,0.053715,0.946285,0.001377,0.052338,
img_05007,bad,consensus=bad;level1=bad;level2=bad;level3=usable,graded,usable,0.854645,0.145355,0.060388,0.794256,
img_05065,bad,consensus=bad;level1=bad;level2=bad;level3=usable,graded,usable,0.808475,0.191525,0.021540,0.786934,
img_05090,good,consensus=good;level1=good;level2=good;level3=good,graded,good,0.996040,0.003960,0.814681,0.181359,
img_05106,bad,consensus=bad;level1=bad;level2=bad;level3=usable,graded,bad,0.022357,0.977643,0.000153,0.022205,
img_05123,bad,consensus=bad;level1=bad;level2=bad;level3=usable,graded,bad,0.496631,0.503369,0.045715,0.450915,
img_05132,usable,consensus=usable;level1=bad;level2=usable;level3=usable,graded,usable,0.955436,0.044564,0.098342,0.857094,
img_05148,usable,consensus=usable;level1=usable;level2=usable;level3=good,graded,good,0.993526,0.006474,0.881043,0.112483,
img_05162,bad,consensus=bad;level1=bad;level2=bad;level3=bad,graded,bad,0.006579,0.993421,0.000032,0.006547,
img_05164,bad,consensus=bad;level1=bad;level2=bad;level3=usable,graded,good,0.949157,0.050843,0.512308,0.436850,
img_05166,usable,consensus=usable;level1=usable;level2=bad;level3=usable,graded,bad,0.129730,0.870270,0.002452,0.127279,
img_05191,usable,consensus=usable;level1=usable;level2=usable;level3=good,graded,bad,0.433781,0.566219,0.011028,0.422753,
img_05192,usable,consensus=usable;level1=bad;level2=usable;level3=usable,graded,bad,0.506064,0.493935,0.021112,0.484953,
img_05226,usable,consensus=usable;level1=usable;level2=bad;level3=usable,graded,bad,0.460411,0.539589,0.008973,0.451438,
img_05239,bad,consensus=bad;level1=bad;level2=bad;level3=bad,graded,bad,0.004138,0.995862,0.000017,0.004121,
img_05251,usable,consensus=usable;level1=bad;level2=usable;level3=usable,graded,bad,0.171329,0.828671,0.002963,0.168367,
img_05266,bad,consensus=bad;level1=bad;level2=bad;level3=good,graded,usable,0.958586,0.041414,0.077885,0.880700,
img_05293,bad,consensus=bad;level1=bad;level2=bad;level3=usable,graded,bad,0.446102,0.553898,0.281286,0.164816,
img_05299,bad,consensus=bad;level1=bad;level2=bad;level3=usable,graded,bad,0.026707,0.973293,0.000181,0.026526,
img_05300,bad,consensus=bad;level1=bad;level2=bad;level3=bad,graded,bad,0.002026,0.997974,0.000010,0.002015,
img_05415,good,consensus=good;level1=usable;level2=good;level3=good,graded,good,0.992228,0.007771,0.917725,0.074504,
img_05417,usable,consensus=usable;level1=usable;level2=usable;level3=good,graded,good,0.990255,0.009745,0.636501,0.353754,
img_05430,usable,consensus=usable;level1=usable;level2=usable;level3=bad,graded,usable,0.692829,0.307171,0.040345,0.652484,
img_05466,usable,consensus=usable;level1=usable;level2=usable;level3=usable,graded,usable,0.891624,0.108376,0.061112,0.830512,
img_05470,usable,consensus=usable;level1=bad;level2=usable;level3=usable,graded,usable,0.680207,0.319793,0.054834,0.625373,
img_05471,usable,consensus=usable;level1=usable;level2=usable;level3=good,graded,good,0.997165,0.002835,0.881208,0.115958,
img_05474,bad,consensus=bad;level1=bad;level2=bad;level3=bad,graded,bad,0.021909,0.978091,0.000125,0.021784,
img_05496,bad,consensus=bad;level1=bad;level2=bad;level3=usable,graded,bad,0.309200,0.690800,0.014251,0.294949,
img_05502,good,consensus=good;level1=usable;level2=good;level3=good,graded,usable,0.633338,0.366662,0.112343,0.520995,
img_05520,usable,consensus=usable;level1=bad;level2=usable;level3=usable,graded,usable,0.745437,0.254563,0.042268,0.703169,
img_05523,usable,consensus=usable;level1=bad;level2=usable;level3=usable,graded,good,0.950219,0.049781,0.492108,0.458111,
img_05553,good,consensus=good;level1=good;level2=good;level3=good,graded,good,0.997202,0.002798,0.789521,0.207682,
img_05564,usable,consensus=usable;level1=usable;level2=usable;level3=good,graded,good,0.999829,0.000171,0.990101,0.009729,
img_05577,bad,consensus=bad;level1=bad;level2=bad;level3=bad,graded,bad,0.002050,0.997950,0.000009,0.002041,
img_05578,bad,consensus=bad;level1=bad;level2=bad;level3=usable,graded,usable,0.978394,0.021606,0.369458,0.608936,
img_05592,bad,consensus=bad;level1=bad;level2=bad;level3=usable,graded,bad,0.241755,0.758245,0.001010,0.240745,
img_05596,good,consensus=good;level1=good;level2=good;level3=good,graded,good,0.999678,0.000322,0.971218,0.028460,
img_05618,usable,consensus=usable;level1=bad;level2=usable;level3=usable,graded,usable,0.945596,0.054404,0.301687,0.643909,
img_05624,good,consensus=good;level1=good;level2=usable;level3=good,graded,good,0.996831,0.003169,0.796149,0.200681,
img_05636,usable,consensus=usable;level1=usable;level2=bad;level3=usable,graded,usable,0.861429,0.138571,0.051308,0.810121,
img_05661,good,consensus=good;level1=usable;level2=good;level3=good,graded,good,0.991518,0.008482,0.720872,0.270646,
img_05675,bad,consensus=bad;level1=bad;level2=bad;level3=usable,graded,bad,0.002780,0.997220,0.000016,0.002765,
img_05721,bad,consensus=bad;level1=bad;level2=bad;level3=usable,graded,good,0.996339,0.003661,0.697743,0.298596,
img_05728,good,consensus=good;level1=good;level2=usable;level3=good,graded,usable,0.913033,0.086967,0.222031,0.691003,
img_05796,usable,consensus=usable;level1=usable;level2=usable;level3=good,graded,good,0.977542,0.022458,0.806681,0.170861,
img_05802,good,consensus=good;level1=good;level2=good;level3=good,graded,good,0.999994,0.000006,0.999633,0.000360,
img_05809,bad,consensus=bad;level1=bad;level2=bad;level3=usable,graded,usable,0.924010,0.075990,0.282121,0.641889,
img_05830,good,consensus=good;level1=good;level2=usable;level3=good,graded,good,0.964373,0.035627,0.731027,0.233346,
img_05837,usable,consensus=usable;level1=usable;level2=bad;level3=usable,graded,usable,0.922485,0.077515,0.337213,0.585272,
img_05844,bad,consensus=bad;level1=bad;level2=bad;level3=bad,graded,bad,0.019282,0.980718,0.000071,0.019211,
img_05856,bad,consensus=bad;level1=usable;level2=bad;level3=bad,graded,usable,0.770586,0.229414,0.131536,0.639050,
img_05862,bad,consensus=bad;level1=bad;level2=bad;level3=bad,graded,bad,0.226995,0.773005,0.007550,0.219445,
img_05880,bad,consensus=bad;level1=bad;level2=bad;level3=good,graded,usable,0.684958,0.315042,0.052395,0.632563,
img_05915,bad,consensus=bad;level1=bad;level2=bad;level3=usable,graded,bad,0.013747,0.986253,0.000087,0.013660,
img_05925,usable,consensus=usable;level1=usable;level2=usable;level3=usable,graded,usable,0.652135,0.347865,0.051416,0.600719,
img_05976,usable,consensus=usable;level1=usable;level2=good;level3=usable,graded,bad,0.417558,0.582442,0.017616,0.399942,
img_05980,good,consensus=good;level1=good;level2=good;level3=good,graded,good,0.999391,0.000609,0.941346,0.058045,
img_05982,bad,consensus=bad;level1=usable;level2=bad;level3=bad,graded,usable,0.805945,0.194055,0.017625,0.788320,
img_06018,good,consensus=good;level1=usable;level2=good;level3=good,graded,good,0.999646,0.000354,0.934692,0.064954,
img_06043,bad,consensus=bad;level1=bad;level2=bad;level3=bad,graded,bad,0.009342,0.990658,0.000039,0.009303,
img_06097,good,consensus=good;level1=good;level2=good;level3=good,graded,good,0.999988,0.000012,0.998318,0.001670,
img_06136,usable,consensus=usable;level1=bad;level2=usable;level3=usable,graded,usable,0.842112,0.157888,0.039835,0.802277,
img_06174,usable,consensus=usable;level1=usable;level2=usable;level3=usable,graded,usable,0.947577,0.052423,0.234594,0.712983,
img_06181,good,consensus=good;level1=good;level2=good;level3=good,graded,good,0.997130,0.002870,0.869739,0.127391,
img_06183,good,consensus=good;level1=good;level2=good;level3=good,graded,usable,0.990254,0.009746,0.449255,0.540999,
img_06211,good,consensus=good;level1=bad;level2=good;level3=good,graded,bad,0.295133,0.704867,0.022852,0.272281,
img_06233,usable,consensus=usable;level1=bad;level2=usable;level3=usable,graded,good,0.999660,0.000340,0.991666,0.007994,
img_06246,usable,consensus=usable;level1=usable;level2=usable;level3=good,graded,good,0.997518,0.002482,0.885637,0.111881,
img_06249,usable,consensus=usable;level1=bad;level2=usable;level3=usable,graded,good,0.998772,0.001228,0.955364,0.043408,
img_06323,bad,consensus=bad;level1=bad;level2=bad;level3=bad,graded,bad,0.004398,0.995602,0.000020,0.004378,
img_06352,bad,consensus=bad;level1=bad;level2=bad;level3=bad,graded,bad,0.002112,0.997888,0.000010,0.002102,
img_06385,good,consensus=good;level1=usable;level2=good;level3=good,graded,good,0.999994,0.000006,0.999085,0.000909,
img_06387,usable,consensus=usable;level1=good;level2=usable;level3=usable,graded,bad,0.351375,0.648625,0.024375,0.327000,
img_06436,good,consensus=good;level1=usable;level2=good;level3=good,graded,usable,0.860591,0.139409,0.366088,0.494503,
img_06456,good,consensus=good;level1=usable;level2=good;level3=good,graded,good,0.999852,0.000148,0.985341,0.014511,
img_06481,good,consensus=good;level1=usable;level2=good;level3=good,graded,good,0.997561,0.002439,0.906492,0.091068,
img_06485,usable,consensus=usable;level1=usable;level2=usable;level3=usable,graded,bad,0.179790,0.820210,0.002306,0.177483,
img_06509,good,consensus=good;level1=usable;level2=good;level3=good,graded,good,0.999216,0.000784,0.961669,0.037547,
img_06520,usable,consensus=usable;level1=usable;level2=usable;level3=good,graded,good,0.986522,0.013478,0.724117,0.262405,
img_06565,usable,consensus=usable;level1=usable;level2=usable;level3=usable,graded,good,0.997530,0.002470,0.913541,0.083989,
img_06584,bad,consensus=bad;level1=bad;level2=bad;level3=bad,graded,bad,0.071821,0.928179,0.001307,0.070514,
img_06655,usable,consensus=usable;level1=usable;level2=usable;level3=usable,graded,good,0.988981,0.011019,0.848349,0.140632,
img_06658,bad,consensus=bad;level1=bad;level2=usable;level3=bad,graded,good,0.988588,0.011412,0.678805,0.309783,
img_06659,usable,consensus=usable;level1=usable;level2=usable;level3=good,graded,good,0.954139,0.045861,0.524580,0.429559,
img_06710,good,consensus=good;level1=usable;level2=good;level3=good,graded,good,0.947212,0.052788,0.524740,0.422471,
img_06736,good,consensus=good;level1=usable;level2=good;level3=good,graded,usable,0.602088,0.397912,0.021257,0.580830,
img_06739,usable,consensus=usable;level1=usable;level2=usable;level3=usable,graded,bad,0.416662,0.583338,0.018575,0.398086,
img_06741,good,consensus=good;level1=good;level2=good;level3=good,graded,good,0.882559,0.117441,0.457015,0.425545,
img_06774,usable,consensus=usable;level1=usable;level2=bad;level3=usable,graded,usable,0.962722,0.037278,0.244149,0.718572,
img_06777,good,consensus=good;level1=good;level2=usable;level3=good,graded,good,0.968946,0.031054,0.608596,0.360350,
img_06831,usable,consensus=usable;level1=usable;level2=usable;level3=good,graded,usable,0.957329,0.042671,0.318274,0.639055,
img_06837,good,consensus=good;level1=usable;level2=good;level3=good,graded,good,0.964951,0.035049,0.724100,0.240851,
img_06897,usable,consensus=usable;level1=usable;level2=usable;level3=good,graded,good,0.981814,0.018186,0.590482,0.391332,
img_06916,good,consensus=good;level1=good;level2=usable;level3=good,graded,good,0.999752,0.000248,0.975277,0.024474,
img_06927,usable,consensus=usable;level1=usable;level2=usable;level3=good,graded,good,0.999839,0.000161,0.971571,0.028268,
img_06929,good,consensus=good;level1=good;level2=good;level3=good,graded,good,0.996197,0.003803,0.872618,0.123579,
img_06960,bad,consensus=bad;level1=bad;level2=bad;level3=usable,graded,usable,0.879664,0.120336,0.124044,0.755620,
img_06962,bad,consensus=bad;level1=bad;level2=bad;level3=usable,graded,usable,0.781031,0.218969,0.024574,0.756457,
img_07055,usable,consensus=usable;level1=usable;level2=usable;level3=good,graded,good,0.801264,0.198736,0.594880,0.206384,
img_07074,usable,consensus=usable;level1=usable;level2=usable;level3=usable,graded,usable,0.818815,0.181185,0.042320,0.776495,
img_07084,usable,consensus=usable;level1=bad;level2=usable;level3=usable,graded,bad,0.189754,0.810246,0.003265,0.186489,
img_07142,usable,consensus=usable;level1=usable;level2=bad;level3=usable,graded,usable,0.947267,0.052733,0.200860,0.746407,
img_07215,good,consensus=good;level1=good;level2=usable;level3=good,graded,good,0.999997,0.000003,0.999403,0.000594,
img_07217,usable,consensus=usable;level1=usable;level2=usable;level3=usable,graded,usable,0.535024,0.464976,0.046533,0.488491,
img_07223,usable,consensus=usable;level1=usable;level2=usable;level3=good,graded,good,0.999555,0.000445,0.949640,0.049915,
img_07226,usable,consensus=usable;level1=usable;level2=usable;level3=usable,graded,bad,0.410731,0.589269,0.021135,0.389596,
img_07244,usable,consensus=usable;level1=usable;level2=usable;level3=good,graded,good,0.999649,0.000351,0.993667,0.005982,
img_07268,usable,consensus=usable;level1=usable;level2=bad;level3=usable,graded,usable,0.867889,0.132111,0.027239,0.840649,
img_07381,bad,consensus=bad;level1=bad;level2=bad;level3=usable,graded,bad,0.516583,0.483417,0.057472,0.459111,
img_07398,usable,consensus=usable;level1=usable;level2=usable;level3=good,graded,good,0.999864,0.000136,0.986216,0.013648,
img_07406,usable,consensus=usable;level1=usable;level2=usable;level3=usable,graded,bad,0.296988,0.703012,0.012946,0.284043,
img_07422,bad,consensus=bad;level1=bad;level2=bad;level3=bad,graded,bad,0.002100,0.997900,0.000013,0.002087,
img_07428,bad,consensus=bad;level1=bad;level2=bad;level3=bad,graded,bad,0.002938,0.997062,0.000014,0.002924,
img_07434,usable,consensus=usable;level1=usable;level2=usable;level3=usable,graded,usable,0.957494,0.042506,0.160773,0.796721,
img_07474,good,consensus=good;level1=good;level2=good;level3=good,graded,good,0.997769,0.002231,0.929049,0.068720,
img_07477,usable,consensus=usable;level1=usable;level2=bad;level3=usable,graded,usable,0.764389,0.235611,0.055792,0.708597,
img_07539,usable,consensus=usable;level1=usable;level2=bad;level3=usable,graded,usable,0.612205,0.387796,0.022090,0.590115,
img_07574,bad,consensus=bad;level1=bad;level2=bad;level3=usable,graded,usable,0.679532,0.320468,0.060199,0.619332,
img_07594,usable,consensus=usable;level1=usable;level2=bad;level3=usable,graded,good,0.999903,0.000097,0.985601,0.014302,
img_07609,usable,consensus=usable;level1=usable;level2=usable;level3=good,graded,usable,0.946073,0.053927,0.457907,0.488166,
img_07636,usable,consensus=usable;level1=usable;level2=usable;level3=usable,graded,bad,0.351249,0.648751,0.017583,0.333666,
img_07711,good,consensus=good;level1=usable;level2=good;level3=good,graded,good,0.996486,0.003514,0.702863,0.293623,
img_07828,good,consensus=good;level1=usable;level2=good;level3=good,graded,good,0.984474,0.015526,0.870364,0.114110,
img_07891,bad,consensus=bad;level1=bad;level2=bad;level3=bad,graded,bad,0.003047,0.996953,0.000013,0.003034,
img_07915,usable,consensus=usable;level1=bad;level2=usable;level3=usable,graded,good,0.998012,0.001988,0.912300,0.085712,
img_07929,usable,consensus=usable;level1=usable;level2=usable;level3=good,graded,usable,0.947527,0.052473,0.458315,0.489212,
img_07953,good,consensus=good;level1=bad;level2=good;level3=good,graded,usable,0.808145,0.191855,0.176410,0.631735,
img_08063,bad,consensus=bad;level1=bad;level2=usable;level3=bad,graded,bad,0.279418,0.720582,0.002020,0.277399,
img_08084,good,consensus=good;level1=good;level2=good;level3=good,graded,good,0.993836,0.006164,0.821866,0.171970,
img_08094,good,consensus=good;level1=usable;level2=good;level3=good,graded,usable,0.990886,0.009114,0.337635,0.653251,
img_08116,good,consensus=good;level1=good;level2=good;level3=good,graded,good,0.999204,0.000796,0.929871,0.069334,
img_08804,good,consensus=good;level1=usable;level2=good;level3=good,graded,good,0.999981,0.000019,0.998204,0.001777,
img_08808,usable,consensus=usable;level1=good;level2=usable;level3=usable,graded,good,0.999913,0.000087,0.991944,0.007970,
img_08812,good,consensus=good;level1=usable;level2=good;level3=good,graded,good,0.999948,0.000052,0.997110,0.002838,
img_08820,bad,consensus=bad;level1=bad;level2=bad;level3=bad,graded,bad,0.100240,0.899760,0.000447,0.099793,
img_08821,bad,consensus=bad;level1=bad;level2=bad;level3=bad,graded,bad,0.060891,0.939109,0.000316,0.060575,
img_08830,bad,consensus=bad;level1=usable;level2=bad;level3=bad,graded,usable,0.702489,0.297511,0.012084,0.690405,
img_08838,bad,consensus=bad;level1=usable;level2=bad;level3=bad,graded,bad,0.308286,0.691714,0.036941,0.271346,
img_08839,good,consensus=good;level1=good;level2=usable;level3=good,graded,good,0.999998,0.000002,0.999661,0.000337,
img_08843,good,consensus=good;level1=good;level2=good;level3=good,graded,good,0.999987,0.000013,0.998516,0.001470,
img_08852,bad,consensus=bad;level1=usable;level2=bad;level3=bad,graded,usable,0.741719,0.258281,0.028168,0.713551,
img_08857,bad,consensus=bad;level1=usable;level2=bad;level3=bad,graded,usable,0.829085,0.170915,0.091836,0.737250,
img_08858,bad,consensus=bad;level1=bad;level2=bad;level3=usable,graded,usable,0.712208,0.287792,0.039425,0.672784,
img_08861,usable,consensus=usable;level1=usable;level2=usable;level3=usable,graded,good,0.996749,0.003251,0.912366,0.084383,
img_08868,bad,consensus=bad;level1=bad;level2=bad;level3=bad,graded,usable,0.749195,0.250805,0.029606,0.719589,
img_08869,bad,consensus=bad;level1=usable;level2=bad;level3=bad,graded,usable,0.567271,0.432729,0.007984,0.559287,
img_08914,bad,consensus=bad;level1=usable;level2=bad;level3=bad,graded,good,0.921526,0.078474,0.521617,0.399909,
img_08920,usable,consensus=usable;level1=usable;level2=usable;level3=usable,graded,good,0.999200,0.000800,0.950591,0.048609,
img_08933,bad,consensus=bad;level1=bad;level2=bad;level3=bad,graded,bad,0.013382,0.986618,0.000089,0.013293,
img_08936,bad,consensus=bad;level1=bad;level2=bad;level3=bad,graded,bad,0.013330,0.986670,0.000098,0.013232,
img_08952,bad,consensus=bad;level1=bad;level2=bad;level3=bad,graded,bad,0.392703,0.607297,0.005520,0.387183,
img_08958,usable,consensus=usable;level1=usable;level2=usable;level3=bad,graded,good,0.997831,0.002169,0.915713,0.082117,
img_09007,bad,consensus=bad;level1=bad;level2=bad;level3=bad,graded,bad,0.148120,0.851880,0.006096,0.142024,
img_09008,bad,consensus=bad;level1=bad;level2=bad;level3=bad,graded,usable,0.735328,0.264672,0.073228,0.662099,
img_09010,good,consensus=good;level1=good;level2=good;level3=good,graded,good,0.999982,0.000018,0.997929,0.002053,
img_09050,bad,consensus=bad;level1=usable;level2=bad;level3=bad,graded,bad,0.451716,0.548284,0.016219,0.435497,
img_09060,good,consensus=good;level1=good;level2=usable;level3=good,graded,good,0.994165,0.005835,0.924760,0.069405,
img_09174,bad,consensus=bad;level1=bad;level2=bad;level3=usable,graded,bad,0.005095,0.994905,0.000056,0.005039,
img_09212,usable,consensus=usable;level1=usable;level2=usable;level3=good,graded,good,0.998398,0.001603,0.948133,0.050264,
img_09239,usable,consensus=usable;level1=bad;level2=usable;level3=good,graded,good,0.999979,0.000021,0.997609,0.002370,
img_09241,bad,consensus=bad;level1=bad;level2=bad;level3=bad,graded,bad,0.014114,0.985886,0.000106,0.014008,
img_09245,bad,consensus=bad;level1=bad;level2=bad;level3=bad,graded,usable,0.742878,0.257122,0.021495,0.721383,
img_09256,bad,consensus=bad;level1=bad;level2=bad;level3=bad,graded,usable,0.807692,0.192308,0.025289,0.782403,
img_09316,bad,consensus=bad;level1=bad;level2=bad;level3=usable,graded,usable,0.814308,0.185692,0.320987,0.493321,
img_09320,bad,consensus=bad;level1=bad;level2=bad;level3=usable,graded,bad,0.386738,0.613263,0.009444,0.377294,
img_09328,bad,consensus=bad;level1=bad;level2=bad;level3=bad,graded,usable,0.903212,0.096788,0.079713,0.823499,
img_09330,good,consensus=good;level1=good;level2=good;level3=usable,graded,good,0.995073,0.004927,0.674295,0.320778,
img_09402,usable,consensus=usable;level1=usable;level2=usable;level3=usable,graded,usable,0.938000,0.062000,0.254895,0.683105,
img_09406,bad,consensus=bad;level1=usable;level2=bad;level3=bad,graded,bad,0.007911,0.992089,0.000046,0.007865,
img_09441,good,consensus=good;level1=good;level2=good;level3=good,graded,good,0.999968,0.000032,0.998076,0.001891,
img_09444,good,consensus=good;level1=good;level2=good;level3=good,graded,good,0.999994,0.000007,0.999186,0.000808,
img_09445,good,consensus=good;level1=good;level2=good;level3=good,graded,good,0.999630,0.000370,0.984730,0.014900,
img_09453,good,consensus=good;level1=good;level2=usable;level3=good,graded,good,0.999510,0.000490,0.980975,0.018535,
img_09456,bad,consensus=bad;level1=bad;level2=bad;level3=bad,graded,bad,0.003447,0.996553,0.000016,0.003431,
img_09463,bad,consensus=bad;level1=bad;level2=bad;level3=bad,graded,usable,0.817290,0.182710,0.065653,0.751637,
img_09491,good,consensus=good;level1=good;level2=good;level3=good,graded,good,0.999986,0.000014,0.998218,0.001768,
img_09495,bad,consensus=bad;level1=bad;level2=bad;level3=bad,graded,bad,0.303487,0.696513,0.023183,0.280304,
img_09499,good,consensus=good;level1=good;level2=good;level3=good,graded,good,0.999988,0.000012,0.998519,0.001469,
img_09506,good,consensus=good;level1=good;level2=good;level3=good,graded,good,0.999994,0.000006,0.998801,0.001194,
img_09510,good,consensus=good;level1=good;level2=good;level3=good,graded,good,0.999368,0.000632,0.987222,0.012146,
img_09535,good,consensus=good;level1=good;level2=good;level3=good,graded,good,0.999997,0.000003,0.999118,0.000879,
img_09537,bad,consensus=bad;level1=bad;level2=bad;level3=bad,graded,bad,0.165450,0.834549,0.005728,0.159722,
img_09549,bad,consensus=bad;level1=bad;level2=bad;level3=bad,graded,bad,0.164885,0.835115,0.011426,0.153459,
img_09559,bad,consensus=bad;level1=bad;level2=bad;level3=usable,graded,bad,0.030272,0.969728,0.000282,0.029990,
img_09565,usable,consensus=usable;level1=usable;level2=usable;level3=good,graded,good,0.989013,0.010987,0.680950,0.308063,
img_09573,good,consensus=good;level1=good;level2=good;level3=good,graded,good,0.999998,0.000002,0.999453,0.000546,
img_09578,usable,consensus=usable;level1=usable;level2=bad;level3=usable,graded,usable,0.784374,0.215626,0.065390,0.718984,
img_09585,usable,consensus=usable;level1=usable;level2=usable;level3=good,graded,good,0.994570,0.005430,0.911233,0.083336,
img_09610,usable,consensus=usable;level1=usable;level2=bad;level3=usable,graded,usable,0.959166,0.040835,0.432986,0.526179,
img_09621,good,consensus=good;level1=good;level2=good;level3=good,graded,good,0.999999,0.000001,0.999611,0.000388,
img_09622,good,consensus=good;level1=good;level2=good;level3=good,graded,good,0.999994,0.000006,0.998923,0.001071,
img_09625,good,consensus=good;level1=good;level2=usable;level3=good,graded,good,0.999056,0.000944,0.953797,0.045259,
img_09626,good,consensus=good;level1=good;level2=usable;level3=good,graded,good,0.999107,0.000893,0.940837,0.058269,
img_09644,good,consensus=good;level1=good;level2=good;level3=good,graded,good,0.999980,0.000020,0.998456,0.001524,
img_09645,usable,consensus=usable;level1=usable;level2=usable;level3=good,graded,good,0.986240,0.013760,0.697185,0.289055,
img_09649,usable,consensus=usable;level1=usable;level2=usable;level3=good,graded,good,0.960680,0.039320,0.551577,0.409103,
img_09651,usable,consensus=usable;level1=usable;level2=usable;level3=bad,graded,good,0.978659,0.021341,0.678423,0.300236,
img_09652,usable,consensus=usable;level1=usable;level2=bad;level3=usable,graded,usable,0.705874,0.294126,0.022017,0.683857,
img_09670,good,consensus=good;level1=good;level2=good;level3=good,graded,good,0.999974,0.000026,0.996922,0.003052,
img_09681,bad,consensus=bad;level1=bad;level2=bad;level3=bad,graded,bad,0.003325,0.996675,0.000020,0.003306,
img_09686,usable,consensus=usable;level1=usable;level2=usable;level3=good,graded,good,0.993284,0.006716,0.866778,0.126506,
img_09691,bad,consensus=bad;level1=bad;level2=bad;level3=bad,graded,bad,0.177927,0.822073,0.002462,0.175465,
img_09699,good,consensus=good;level1=good;level2=good;level3=good,graded,good,0.999996,0.000004,0.999291,0.000705,
img_09700,bad,consensus=bad;level1=usable;level2=bad;level3=bad,graded,good,0.993560,0.006440,0.573373,0.420187,
img_09707,good,consensus=good;level1=usable;level2=good;level3=good,graded,good,1.000000,0.000000,0.999914,0.000086,
img_09711,bad,consensus=bad;level1=usable;level2=bad;level3=bad,graded,bad,0.400525,0.599475,0.019583,0.380942,
img_09714,bad,consensus=bad;level1=usable;level2=bad;level3=bad,graded,usable,0.879370,0.120630,0.315598,0.563773,
img_09715,usable,consensus=usable;level1=usable;level2=usable;level3=usable,graded,usable,0.961674,0.038326,0.370010,0.591664,
img_09719,bad,consensus=bad;level1=usable;level2=bad;level3=bad,graded,usable,0.871620,0.128380,0.013883,0.857737,
img_09730,good,consensus=good;level1=good;level2=good;level3=good,graded,good,0.999998,0.000002,0.999524,0.000474,
img_09731,good,consensus=good;level1=good;level2=good;level3=good,graded,good,0.999945,0.000055,0.997548,0.002397,
img_09742,bad,consensus=bad;level1=bad;level2=bad;level3=good,graded,bad,0.295019,0.704981,0.015780,0.279239,
img_09746,good,consensus=good;level1=good;level2=usable;level3=good,graded,good,0.999850,0.000150,0.994220,0.005631,
img_09750,bad,consensus=bad;level1=bad;level2=bad;level3=bad,graded,bad,0.003924,0.996076,0.000022,0.003902,
img_09752,bad,consensus=bad;level1=usable;level2=bad;level3=bad,graded,usable,0.744138,0.255862,0.102291,0.641847,
img_09759,bad,consensus=bad;level1=usable;level2=bad;level3=bad,graded,usable,0.991477,0.008523,0.406638,0.584838,
img_09784,bad,consensus=bad;level1=bad;level2=bad;level3=bad,graded,usable,0.719444,0.280556,0.076929,0.642515,
img_09788,bad,consensus=bad;level1=usable;level2=bad;level3=bad,graded,bad,0.263684,0.736316,0.012746,0.250938,
img_09798,good,consensus=good;level1=good;level2=usable;level3=good,graded,good,0.999980,0.000020,0.998098,0.001882,
img_09804,good,consensus=good;level1=good;level2=usable;level3=good,graded,good,0.935294,0.064706,0.556150,0.379144,
img_09806,bad,consensus=bad;level1=bad;level2=bad;level3=bad,graded,bad,0.213709,0.786291,0.006141,0.207568,
img_09808,usable,consensus=usable;level1=good;level2=usable;level3=usable,graded,usable,0.957719,0.042281,0.368666,0.589053,
img_09827,usable,consensus=usable;level1=usable;level2=bad;level3=usable,graded,good,0.992239,0.007761,0.863766,0.128474,
img_09840,good,consensus=good;level1=good;level2=good;level3=good,graded,good,0.999997,0.000003,0.998890,0.001107,
img_09845,bad,consensus=bad;level1=bad;level2=bad;level3=bad,graded,bad,0.019278,0.980722,0.000096,0.019182,
img_09855,bad,consensus=bad;level1=bad;level2=bad;level3=bad,graded,bad,0.066274,0.933726,0.000705,0.065568,
img_09860,bad,consensus=bad;level1=bad;level2=bad;level3=bad,graded,bad,0.142643,0.857357,0.003450,0.139193,
img_09863,bad,consensus=bad;level1=bad;level2=bad;level3=bad,graded,bad,0.064530,0.935470,0.000880,0.063650,
img_09887,bad,consensus=bad;level1=bad;level2=bad;level3=bad,graded,bad,0.002523,0.997477,0.000012,0.002511,
img_09890,bad,consensus=bad;level1=bad;level2=bad;level3=bad,graded,bad,0.083479,0.916521,0.000919,0.082560,
img_09900,bad,consensus=bad;level1=bad;level2=bad;level3=bad,graded,usable,0.741074,0.258926,0.072680,0.668395,
img_09903,bad,consensus=bad;level1=bad;level2=bad;level3=bad,graded,bad,0.002863,0.997137,0.000017,0.002846,
img_09914,bad,consensus=bad;level1=bad;level2=bad;level3=bad,graded,good,0.952395,0.047605,0.672016,0.280380,
img_09930,usable,consensus=usable;level1=usable;level2=usable;level3=good,graded,good,0.999975,0.000026,0.996369,0.003606,
img_09951,usable,consensus=usable;level1=usable;level2=usable;level3=usable,graded,good,0.995839,0.004161,0.573046,0.422793,
img_09958,good,consensus=good;level1=good;level2=good;level3=good,graded,good,0.999481,0.000519,0.957759,0.041721,
img_09972,bad,consensus=bad;level1=usable;level2=bad;level3=bad,graded,usable,0.908936,0.091064,0.053273,0.855663,
img_09975,usable,consensus=usable;level1=usable;level2=usable;level3=bad,graded,usable,0.906905,0.093095,0.154522,0.752383,
img_09986,usable,consensus=usable;level1=usable;level2=usable;level3=bad,graded,usable,0.965151,0.034849,0.215741,0.749410,
img_09991,bad,consensus=bad;level1=bad;level2=bad;level3=bad,graded,bad,0.010179,0.989821,0.000054,0.010125,
img_10007,good,consensus=good;level1=good;level2=good;level3=good,graded,good,1.000000,0.000000,0.999627,0.000372,
img_10026,good,consensus=good;level1=good;level2=usable;level3=good,graded,good,0.999997,0.000003,0.999317,0.000680,
img_10029,good,consensus=good;level1=good;level2=usable;level3=good,graded,good,0.999338,0.000662,0.961961,0.037377,
img_10033,good,consensus=good;level1=good;level2=good;level3=good,graded,good,0.999986,0.000014,0.998702,0.001284,
img_10049,bad,consensus=bad;level1=usable;level2=bad;level3=bad,graded,usable,0.990638,0.009362,0.383762,0.606876,
img_10051,usable,consensus=usable;level1=usable;level2=bad;level3=usable,graded,good,0.996496,0.003504,0.737722,0.258774,
img_10069,bad,consensus=bad;level1=usable;level2=bad;level3=bad,graded,bad,0.403190,0.596810,0.006858,0.396332,
img_10083,good,consensus=good;level1=good;level2=good;level3=good,graded,good,0.999148,0.000852,0.981359,0.017789,
img_10090,bad,consensus=bad;level1=usable;level2=bad;level3=bad,graded,usable,0.970919,0.029081,0.474978,0.495941,
img_10126,bad,consensus=bad;level1=usable;level2=bad;level3=bad,graded,usable,0.931036,0.068964,0.025838,0.905198,
img_10130,good,consensus=good;level1=good;level2=good;level3=good,graded,good,0.999943,0.000057,0.990621,0.009321,
img_10143,bad,consensus=bad;level1=bad;level2=bad;level3=bad,graded,bad,0.002730,0.997270,0.000013,0.002717,
img_10145,bad,consensus=bad;level1=bad;level2=usable;level3=bad,graded,usable,0.697875,0.302125,0.039883,0.657992,
img_10156,good,consensus=good;level1=good;level2=usable;level3=good,graded,good,0.998681,0.001319,0.972552,0.026129,
img_10170,good,consensus=good;level1=good;level2=good;level3=good,graded,good,0.999998,0.000002,0.999551,0.000447,
img_10196,good,consensus=good;level1=good;level2=good;level3=good,graded,good,0.999987,0.000013,0.996503,0.003484,
img_10199,bad,consensus=bad;level1=bad;level2=bad;level3=bad,graded,bad,0.019482,0.980518,0.000121,0.019361,
img_10216,usable,consensus=usable;level1=usable;level2=usable;level3=usable,graded,usable,0.982985,0.017015,0.305452,0.677534,
img_10225,good,consensus=good;level1=good;level2=good;level3=good,graded,good,0.999983,0.000017,0.998694,0.001289,
img_10258,good,consensus=good;level1=good;level2=good;level3=good,graded,good,0.999856,0.000144,0.995269,0.004587,
img_10267,good,consensus=good;level1=good;level2=good;level3=usable,graded,good,0.999013,0.000987,0.906409,0.092604,
img_10290,good,consensus=good;level1=good;level2=good;level3=good,graded,good,0.999990,0.000010,0.998224,0.001766,
img_10295,bad,consensus=bad;level1=good;level2=bad;level3=bad,graded,usable,0.960776,0.039224,0.166829,0.793947,
img_10324,good,consensus=good;level1=good;level2=good;level3=good,graded,good,0.999982,0.000017,0.997958,0.002025,
img_10328,good,consensus=good;level1=good;level2=good;level3=good,graded,good,0.999199,0.000801,0.980126,0.019072,
img_10337,good,consensus=good;level1=good;level2=good;level3=good,graded,good,0.999432,0.000568,0.963016,0.036416,
img_10371,bad,consensus=bad;level1=bad;level2=bad;level3=bad,graded,bad,0.003489,0.996511,0.000019,0.003471,
img_10372,usable,consensus=usable;level1=usable;level2=usable;level3=usable,graded,good,0.989569,0.010431,0.852520,0.137049,
img_10396,bad,consensus=bad;level1=bad;level2=bad;level3=bad,graded,bad,0.428475,0.571525,0.036247,0.392228,
img_10404,usable,consensus=usable;level1=usable;level2=usable;level3=bad,graded,usable,0.930195,0.069805,0.372428,0.557767,
img_10408,good,consensus=good;level1=good;level2=good;level3=good,graded,good,0.999998,0.000002,0.999209,0.000788,
img_10415,usable,consensus=usable;level1=usable;level2=usable;level3=usable,graded,good,0.996952,0.003048,0.853362,0.143590,
img_10419,bad,consensus=bad;level1=bad;level2=bad;level3=bad,graded,bad,0.013079,0.986921,0.000049,0.013030,
img_10425,usable,consensus=usable;level1=usable;level2=usable;level3=usable,graded,good,0.997602,0.002398,0.917622,0.079981,
