key,subset,split,reader,native_side,outcome,resampling,artery_dice,vein_dice,vessels_dice,artery_cldice,vein_cldice,vessels_cldice,artery_betti,vein_betti,vessels_betti,said_artery_px,said_vein_px,truth_artery_px,truth_vein_px,note
enrich_enrich012enrich01220210728_001,enrich,unspecified,expert,2200,graded,"probabilities to native, bilinear, thresholded there, and these numbers were measured from the masks that run kept",,,0.801727,,,0.857285,,,227.000000,0,0,174072,208631,
enrich_enrich012enrich01220210728_002,enrich,unspecified,expert,2200,graded,"probabilities to native, bilinear, thresholded there, and these numbers were measured from the masks that run kept",,,0.812263,,,0.867098,,,226.000000,0,0,164246,201760,
enrich_enrich016enrich01620210803_003,enrich,unspecified,expert,2200,graded,"probabilities to native, bilinear, thresholded there, and these numbers were measured from the masks that run kept",,,0.801295,,,0.841892,,,186.000000,0,0,171104,178358,
enrich_enrich016enrich01620210803_005,enrich,unspecified,expert,2201,graded,"probabilities to native, bilinear, thresholded there, and these numbers were measured from the masks that run kept",,,0.797652,,,0.846932,,,194.000000,0,0,166304,176745,
enrich_enrich023enrich02320210812_001,enrich,unspecified,expert,2200,graded,"probabilities to native, bilinear, thresholded there, and these numbers were measured from the masks that run kept",,,0.798034,,,0.869606,,,252.000000,0,0,173647,172204,
enrich_enrich023enrich02320210812_002,enrich,unspecified,expert,2200,graded,"probabilities to native, bilinear, thresholded there, and these numbers were measured from the masks that run kept",,,0.825059,,,0.898216,,,207.000000,0,0,149054,146464,
enrich_enrich027enrich02720210818_001,enrich,unspecified,expert,2199,graded,"probabilities to native, bilinear, thresholded there, and these numbers were measured from the masks that run kept",,,0.837236,,,0.896794,,,199.000000,0,0,214797,243491,
enrich_enrich030enrich03020210821_001,enrich,unspecified,expert,2200,graded,"probabilities to native, bilinear, thresholded there, and these numbers were measured from the masks that run kept",,,0.817017,,,0.879211,,,259.000000,0,0,220816,225409,
enrich_enrich030enrich03020210821_002,enrich,unspecified,expert,2199,graded,"probabilities to native, bilinear, thresholded there, and these numbers were measured from the masks that run kept",,,0.838132,,,0.878140,,,210.000000,0,0,214995,214593,
enrich_enrich031enrich03120210824_001,enrich,unspecified,expert,2200,graded,"probabilities to native, bilinear, thresholded there, and these numbers were measured from the masks that run kept",,,0.829793,,,0.877260,,,186.000000,0,0,210106,227921,
enrich_enrich031enrich03120210824_002,enrich,unspecified,expert,2200,graded,"probabilities to native, bilinear, thresholded there, and these numbers were measured from the masks that run kept",,,0.817063,,,0.898302,,,268.000000,0,0,203921,245716,
enrich_enrich032enrich03220210824_001,enrich,unspecified,expert,2200,graded,"probabilities to native, bilinear, thresholded there, and these numbers were measured from the masks that run kept",,,0.817184,,,0.909492,,,313.000000,0,0,186781,198729,
enrich_enrich032enrich03220210824_002,enrich,unspecified,expert,2200,graded,"probabilities to native, bilinear, thresholded there, and these numbers were measured from the masks that run kept",,,0.841877,,,0.909545,,,211.000000,0,0,199932,202655,
enrich_enrich033enrich03320210825_001,enrich,unspecified,expert,2200,graded,"probabilities to native, bilinear, thresholded there, and these numbers were measured from the masks that run kept",,,0.800685,,,0.861945,,,272.000000,0,0,189318,191331,
enrich_enrich033enrich03320210825_007,enrich,unspecified,expert,2200,graded,"probabilities to native, bilinear, thresholded there, and these numbers were measured from the masks that run kept",,,0.783784,,,0.889505,,,236.000000,0,0,198409,213982,
enrich_enrich034enrich03420210825_001,enrich,unspecified,expert,2200,graded,"probabilities to native, bilinear, thresholded there, and these numbers were measured from the masks that run kept",,,0.810269,,,0.883582,,,273.000000,0,0,222491,226911,
enrich_enrich034enrich03420210825_003,enrich,unspecified,expert,2200,graded,"probabilities to native, bilinear, thresholded there, and these numbers were measured from the masks that run kept",,,0.808821,,,0.890080,,,238.000000,0,0,193556,202412,
enrich_enrich035enrich03520210826_001,enrich,unspecified,expert,2199,graded,"probabilities to native, bilinear, thresholded there, and these numbers were measured from the masks that run kept",,,0.841854,,,0.885701,,,254.000000,0,0,235775,228507,
enrich_enrich035enrich03520210826_002,enrich,unspecified,expert,2200,graded,"probabilities to native, bilinear, thresholded there, and these numbers were measured from the masks that run kept",,,0.831412,,,0.879247,,,284.000000,0,0,227714,243645,
enrich_enrich039enrich03920210901_001,enrich,unspecified,expert,2200,graded,"probabilities to native, bilinear, thresholded there, and these numbers were measured from the masks that run kept",,,0.801665,,,0.877214,,,225.000000,0,0,193705,177020,
enrich_enrich039enrich03920210901_002,enrich,unspecified,expert,2200,graded,"probabilities to native, bilinear, thresholded there, and these numbers were measured from the masks that run kept",,,0.823055,,,0.892507,,,213.000000,0,0,188745,174799,
enrich_enrich044enrich04420210907_003,enrich,unspecified,expert,2200,graded,"probabilities to native, bilinear, thresholded there, and these numbers were measured from the masks that run kept",,,0.831869,,,0.880240,,,233.000000,0,0,191001,209852,
enrich_enrich110enrich11020220808_001,enrich,unspecified,expert,2200,graded,"probabilities to native, bilinear, thresholded there, and these numbers were measured from the masks that run kept",,,0.814418,,,0.842672,,,174.000000,0,0,177785,180538,
enrich_enrich113enrich11320220826_001,enrich,unspecified,expert,2200,graded,"probabilities to native, bilinear, thresholded there, and these numbers were measured from the masks that run kept",,,0.811638,,,0.868788,,,206.000000,0,0,174980,186763,
enrich_enrich113enrich11320220826_002,enrich,unspecified,expert,2200,graded,"probabilities to native, bilinear, thresholded there, and these numbers were measured from the masks that run kept",,,0.816283,,,0.841870,,,234.000000,0,0,163515,186576,
enrich_enrich125enrich12520221114_001,enrich,unspecified,expert,2200,graded,"probabilities to native, bilinear, thresholded there, and these numbers were measured from the masks that run kept",,,0.805245,,,0.865256,,,257.000000,0,0,206941,209676,
enrich_enrich129enrich12920221118_002,enrich,unspecified,expert,2198,graded,"probabilities to native, bilinear, thresholded there, and these numbers were measured from the masks that run kept",,,0.828155,,,0.858849,,,153.000000,0,0,171917,179067,
enrich_enrich133enrich13320230118_001,enrich,unspecified,expert,2200,graded,"probabilities to native, bilinear, thresholded there, and these numbers were measured from the masks that run kept",,,0.782301,,,0.852821,,,234.000000,0,0,181021,193375,
enrich_enrich133enrich13320230118_002,enrich,unspecified,expert,2200,graded,"probabilities to native, bilinear, thresholded there, and these numbers were measured from the masks that run kept",,,0.806552,,,0.884805,,,201.000000,0,0,162072,152557,
enrich_enrich135enrich13520230201_002,enrich,unspecified,expert,2200,graded,"probabilities to native, bilinear, thresholded there, and these numbers were measured from the masks that run kept",,,0.816566,,,0.868383,,,163.000000,0,0,143306,152002,
enrich_enrich136enrich13620230210_002,enrich,unspecified,expert,2200,graded,"probabilities to native, bilinear, thresholded there, and these numbers were measured from the masks that run kept",,,0.815241,,,0.893453,,,155.000000,0,0,132947,144117,
enrich_enrich137enrich13720230216_002,enrich,unspecified,expert,2200,graded,"probabilities to native, bilinear, thresholded there, and these numbers were measured from the masks that run kept",,,0.836685,,,0.879057,,,139.000000,0,0,178408,154460,
enrich_enrich138enrich13820230217_002,enrich,unspecified,expert,2200,graded,"probabilities to native, bilinear, thresholded there, and these numbers were measured from the masks that run kept",,,0.790510,,,0.817943,,,270.000000,0,0,148123,165816,
enrich_enrich139enrich13920230217_002,enrich,unspecified,expert,2198,graded,"probabilities to native, bilinear, thresholded there, and these numbers were measured from the masks that run kept",,,0.814412,,,0.863546,,,203.000000,0,0,141671,168118,
enrich_enrich140enrich14020230222_001,enrich,unspecified,expert,2200,graded,"probabilities to native, bilinear, thresholded there, and these numbers were measured from the masks that run kept",,,0.804357,,,0.878106,,,271.000000,0,0,184954,233052,
enrich_enrich141enrich14120230223_005,enrich,unspecified,expert,2200,graded,"probabilities to native, bilinear, thresholded there, and these numbers were measured from the masks that run kept",,,0.796871,,,0.872896,,,259.000000,0,0,143629,179904,
enrich_enrich143enrich14320230302_003,enrich,unspecified,expert,2200,graded,"probabilities to native, bilinear, thresholded there, and these numbers were measured from the masks that run kept",,,0.793109,,,0.838998,,,287.000000,0,0,149768,166205,
enrich_enrich144enrich14420230315_004,enrich,unspecified,expert,2200,graded,"probabilities to native, bilinear, thresholded there, and these numbers were measured from the masks that run kept",,,0.827875,,,0.872509,,,215.000000,0,0,159469,188532,
enrich_enrich147enrich14720230420_004,enrich,unspecified,expert,2199,graded,"probabilities to native, bilinear, thresholded there, and these numbers were measured from the masks that run kept",,,0.785779,,,0.826901,,,162.000000,0,0,154274,147960,
enrich_enrich150enrich15020230511_002,enrich,unspecified,expert,2201,graded,"probabilities to native, bilinear, thresholded there, and these numbers were measured from the masks that run kept",,,0.817135,,,0.885386,,,320.000000,0,0,217593,233742,
enrich_enrich151enrich15120230526_003,enrich,unspecified,expert,2200,graded,"probabilities to native, bilinear, thresholded there, and these numbers were measured from the masks that run kept",,,0.827285,,,0.873474,,,251.000000,0,0,178324,172669,
enrich_enrich153enrich15320230602_005,enrich,unspecified,expert,2201,graded,"probabilities to native, bilinear, thresholded there, and these numbers were measured from the masks that run kept",,,0.848710,,,0.896943,,,155.000000,0,0,160640,152135,
enrich_enrich154enrich15420230607_005,enrich,unspecified,expert,2200,graded,"probabilities to native, bilinear, thresholded there, and these numbers were measured from the masks that run kept",,,0.838817,,,0.878150,,,207.000000,0,0,150515,180318,
enrich_enrich155enrich15520230621_004,enrich,unspecified,expert,2199,graded,"probabilities to native, bilinear, thresholded there, and these numbers were measured from the masks that run kept",,,0.826359,,,0.888290,,,177.000000,0,0,196424,184725,
enrich_enrich157enrich15720230623_005,enrich,unspecified,expert,2198,graded,"probabilities to native, bilinear, thresholded there, and these numbers were measured from the masks that run kept",,,0.831599,,,0.863062,,,267.000000,0,0,159854,203697,
enrich_enrich5enrich520210720_001,enrich,unspecified,expert,2200,graded,"probabilities to native, bilinear, thresholded there, and these numbers were measured from the masks that run kept",,,0.801105,,,0.873479,,,276.000000,0,0,204633,241753,
enrich_enrich5enrich520210720_002,enrich,unspecified,expert,2200,graded,"probabilities to native, bilinear, thresholded there, and these numbers were measured from the masks that run kept",,,0.819205,,,0.849718,,,341.000000,0,0,200881,227557,
enrich_enrich6enrich620210720_001,enrich,unspecified,expert,2198,graded,"probabilities to native, bilinear, thresholded there, and these numbers were measured from the masks that run kept",,,0.821110,,,0.900423,,,227.000000,0,0,173449,195025,
enrich_enrich7enrich720210720_001,enrich,unspecified,expert,2200,graded,"probabilities to native, bilinear, thresholded there, and these numbers were measured from the masks that run kept",,,0.829515,,,0.875243,,,235.000000,0,0,213488,205255,
enrich_enrich7enrich720210720_003,enrich,unspecified,expert,2201,graded,"probabilities to native, bilinear, thresholded there, and these numbers were measured from the masks that run kept",,,0.815850,,,0.854514,,,287.000000,0,0,215184,198015,
enrich_les047enrich04620210908_002,enrich,unspecified,expert,2200,graded,"probabilities to native, bilinear, thresholded there, and these numbers were measured from the masks that run kept",,,0.819614,,,0.889912,,,327.000000,0,0,194864,207973,
enrich_les285enrich13120230111_002,enrich,unspecified,expert,2200,graded,"probabilities to native, bilinear, thresholded there, and these numbers were measured from the masks that run kept",,,0.819425,,,0.837039,,,208.000000,0,0,132755,168612,
enrich_les285enrich13120230111_005,enrich,unspecified,expert,2200,graded,"probabilities to native, bilinear, thresholded there, and these numbers were measured from the masks that run kept",,,0.809456,,,0.855040,,,248.000000,0,0,140296,195180,
enrich_les313enrich08320220103_001,enrich,unspecified,expert,2200,graded,"probabilities to native, bilinear, thresholded there, and these numbers were measured from the masks that run kept",,,0.831325,,,0.873762,,,161.000000,0,0,153401,187998,
enrich_les326enrich08120220103_002,enrich,unspecified,expert,2200,graded,"probabilities to native, bilinear, thresholded there, and these numbers were measured from the masks that run kept",,,0.810192,,,0.857465,,,142.000000,0,0,130779,132688,
enrich_les329enrich08420220110_002,enrich,unspecified,expert,2200,graded,"probabilities to native, bilinear, thresholded there, and these numbers were measured from the masks that run kept",,,0.820628,,,0.851922,,,134.000000,0,0,133662,161937,
enrich_les345enrich07720211220_001,enrich,unspecified,expert,2200,graded,"probabilities to native, bilinear, thresholded there, and these numbers were measured from the masks that run kept",,,0.802143,,,0.877521,,,142.000000,0,0,117755,144821,
enrich_les347enrich08020211223_001,enrich,unspecified,expert,2200,graded,"probabilities to native, bilinear, thresholded there, and these numbers were measured from the masks that run kept",,,0.812546,,,0.857881,,,169.000000,0,0,134167,146095,
enrich_les353enrich09420220222_001,enrich,unspecified,expert,2200,graded,"probabilities to native, bilinear, thresholded there, and these numbers were measured from the masks that run kept",,,0.817852,,,0.842831,,,112.000000,0,0,98625,147079,
enrich_les359enrich06920211104_002,enrich,unspecified,expert,2200,graded,"probabilities to native, bilinear, thresholded there, and these numbers were measured from the masks that run kept",,,0.747232,,,0.789731,,,294.000000,0,0,100723,135450,
enrich_les372enrich07420211129_002,enrich,unspecified,expert,2200,graded,"probabilities to native, bilinear, thresholded there, and these numbers were measured from the masks that run kept",,,0.823812,,,0.896618,,,164.000000,0,0,116758,139860,
enrich_les378enrich07520211129_002,enrich,unspecified,expert,2199,graded,"probabilities to native, bilinear, thresholded there, and these numbers were measured from the masks that run kept",,,0.793583,,,0.854466,,,174.000000,0,0,111462,118344,
enrich_les380enrich07920211221_002,enrich,unspecified,expert,2200,graded,"probabilities to native, bilinear, thresholded there, and these numbers were measured from the masks that run kept",,,0.833171,,,0.902651,,,109.000000,0,0,103194,144249,
enrich_les393enrich05820211005_002,enrich,unspecified,expert,2201,graded,"probabilities to native, bilinear, thresholded there, and these numbers were measured from the masks that run kept",,,0.752625,,,0.826798,,,219.000000,0,0,115459,158383,
enrich_les39enrich12720221116_001,enrich,unspecified,expert,2201,graded,"probabilities to native, bilinear, thresholded there, and these numbers were measured from the masks that run kept",,,0.814234,,,0.878969,,,252.000000,0,0,186444,183885,
enrich_les39enrich12720221116_002,enrich,unspecified,expert,2199,graded,"probabilities to native, bilinear, thresholded there, and these numbers were measured from the masks that run kept",,,0.828224,,,0.895063,,,164.000000,0,0,160696,159502,
enrich_les409enrich06420211025_003,enrich,unspecified,expert,2199,graded,"probabilities to native, bilinear, thresholded there, and these numbers were measured from the masks that run kept",,,0.821032,,,0.857466,,,149.000000,0,0,150057,158912,
enrich_les414enrich04220210907_002,enrich,unspecified,expert,2200,graded,"probabilities to native, bilinear, thresholded there, and these numbers were measured from the masks that run kept",,,0.798912,,,0.842171,,,287.000000,0,0,143586,139619,
enrich_les418enrich05220210927_001,enrich,unspecified,expert,2198,graded,"probabilities to native, bilinear, thresholded there, and these numbers were measured from the masks that run kept",,,0.818838,,,0.869297,,,238.000000,0,0,198139,184507,
enrich_les454enrich05420210928_002,enrich,unspecified,expert,2199,graded,"probabilities to native, bilinear, thresholded there, and these numbers were measured from the masks that run kept",,,0.821492,,,0.845738,,,160.000000,0,0,143585,150875,
enrich_les457enrich04920210920_003,enrich,unspecified,expert,2201,graded,"probabilities to native, bilinear, thresholded there, and these numbers were measured from the masks that run kept",,,0.810177,,,0.856582,,,182.000000,0,0,132669,173468,
enrich_les460enrich06820211104_002,enrich,unspecified,expert,2200,graded,"probabilities to native, bilinear, thresholded there, and these numbers were measured from the masks that run kept",,,0.791758,,,0.859367,,,196.000000,0,0,124556,135525,
enrich_les467enrich06520211025_002,enrich,unspecified,expert,2200,graded,"probabilities to native, bilinear, thresholded there, and these numbers were measured from the masks that run kept",,,0.812707,,,0.852352,,,178.000000,0,0,126635,140504,
enrich_les468enrich03620210830_004,enrich,unspecified,expert,2199,graded,"probabilities to native, bilinear, thresholded there, and these numbers were measured from the masks that run kept",,,0.828110,,,0.876275,,,130.000000,0,0,138136,149027,
enrich_les486enrich00220210719_001,enrich,unspecified,expert,2201,graded,"probabilities to native, bilinear, thresholded there, and these numbers were measured from the masks that run kept",,,0.786260,,,0.853492,,,148.000000,0,0,130463,120284,
enrich_les486enrich00220210719_003,enrich,unspecified,expert,2199,graded,"probabilities to native, bilinear, thresholded there, and these numbers were measured from the masks that run kept",,,0.794991,,,0.879790,,,151.000000,0,0,119751,109865,
enrich_les487enrich11720220921_001,enrich,unspecified,expert,2200,graded,"probabilities to native, bilinear, thresholded there, and these numbers were measured from the masks that run kept",,,0.794962,,,0.864604,,,195.000000,0,0,99807,125259,
enrich_les488enrich02420210816_002,enrich,unspecified,expert,2200,graded,"probabilities to native, bilinear, thresholded there, and these numbers were measured from the masks that run kept",,,0.809102,,,0.912701,,,201.000000,0,0,164489,174381,
enrich_les489enrich00320210719_002,enrich,unspecified,expert,2199,graded,"probabilities to native, bilinear, thresholded there, and these numbers were measured from the masks that run kept",,,0.759436,,,0.788951,,,287.000000,0,0,123881,149413,
enrich_les505enrich01020210726_002,enrich,unspecified,expert,2201,graded,"probabilities to native, bilinear, thresholded there, and these numbers were measured from the masks that run kept",,,0.815589,,,0.844749,,,155.000000,0,0,163707,165877,
enrich_les506enrich00820210726_003,enrich,unspecified,expert,2200,graded,"probabilities to native, bilinear, thresholded there, and these numbers were measured from the masks that run kept",,,0.795092,,,0.861668,,,184.000000,0,0,145366,159978,
enrich_les510enrich04720210913_003,enrich,unspecified,expert,2200,graded,"probabilities to native, bilinear, thresholded there, and these numbers were measured from the masks that run kept",,,0.799926,,,0.825689,,,157.000000,0,0,152306,179826,
enrich_les512enrich01720210804_001,enrich,unspecified,expert,2200,graded,"probabilities to native, bilinear, thresholded there, and these numbers were measured from the masks that run kept",,,0.760908,,,0.842343,,,224.000000,0,0,136246,163676,
enrich_les512enrich01720210804_002,enrich,unspecified,expert,2199,graded,"probabilities to native, bilinear, thresholded there, and these numbers were measured from the masks that run kept",,,0.782860,,,0.843809,,,205.000000,0,0,130124,142326,
enrich_les514enrich01520210802_003,enrich,unspecified,expert,2200,graded,"probabilities to native, bilinear, thresholded there, and these numbers were measured from the masks that run kept",,,0.807689,,,0.863563,,,157.000000,0,0,128313,172147,
enrich_les522enrich05020210921_002,enrich,unspecified,expert,2200,graded,"probabilities to native, bilinear, thresholded there, and these numbers were measured from the masks that run kept",,,0.827161,,,0.876916,,,199.000000,0,0,134618,169900,
enrich_les524enrich01320210802_002,enrich,unspecified,expert,2199,graded,"probabilities to native, bilinear, thresholded there, and these numbers were measured from the masks that run kept",,,0.813986,,,0.870783,,,188.000000,0,0,160450,177064,
enrich_les525enrich03720210830_002,enrich,unspecified,expert,2200,graded,"probabilities to native, bilinear, thresholded there, and these numbers were measured from the masks that run kept",,,0.819661,,,0.848510,,,250.000000,0,0,156084,176878,
enrich_les531enrich02820210817_002,enrich,unspecified,expert,2200,graded,"probabilities to native, bilinear, thresholded there, and these numbers were measured from the masks that run kept",,,0.789989,,,0.838128,,,239.000000,0,0,129264,163099,
enrich_les537enrich01120210727_002,enrich,unspecified,expert,2200,graded,"probabilities to native, bilinear, thresholded there, and these numbers were measured from the masks that run kept",,,0.824825,,,0.851200,,,181.000000,0,0,149456,153931,
enrich_les556enrich08620220117_002,enrich,unspecified,expert,2200,graded,"probabilities to native, bilinear, thresholded there, and these numbers were measured from the masks that run kept",,,0.820312,,,0.899625,,,272.000000,0,0,199550,223807,
enrich_les556enrich08620220117_003,enrich,unspecified,expert,2199,graded,"probabilities to native, bilinear, thresholded there, and these numbers were measured from the masks that run kept",,,0.827844,,,0.869693,,,160.000000,0,0,203277,201296,
enrich_les562enrich04320210907_001,enrich,unspecified,expert,2200,graded,"probabilities to native, bilinear, thresholded there, and these numbers were measured from the masks that run kept",,,0.813879,,,0.888064,,,167.000000,0,0,133559,155432,
enrich_les567enrich02120210809_004,enrich,unspecified,expert,2198,graded,"probabilities to native, bilinear, thresholded there, and these numbers were measured from the masks that run kept",,,0.760590,,,0.829846,,,250.000000,0,0,111948,136254,
enrich_les577enrich11820220921_002,enrich,unspecified,expert,2200,graded,"probabilities to native, bilinear, thresholded there, and these numbers were measured from the masks that run kept",,,0.808279,,,0.884873,,,188.000000,0,0,144169,176382,
enrich_les577enrich11820220921_003,enrich,unspecified,expert,2199,graded,"probabilities to native, bilinear, thresholded there, and these numbers were measured from the masks that run kept",,,0.815893,,,0.884457,,,188.000000,0,0,160535,195516,
enrich_les586enrich08920220125_001,enrich,unspecified,expert,2198,graded,"probabilities to native, bilinear, thresholded there, and these numbers were measured from the masks that run kept",,,0.826042,,,0.859493,,,179.000000,0,0,177297,222977,
enrich_les586enrich08920220125_002,enrich,unspecified,expert,2200,graded,"probabilities to native, bilinear, thresholded there, and these numbers were measured from the masks that run kept",,,0.828276,,,0.862226,,,211.000000,0,0,176568,202074,
enrich_les595enrich09620220310_004,enrich,unspecified,expert,2199,graded,"probabilities to native, bilinear, thresholded there, and these numbers were measured from the masks that run kept",,,0.835231,,,0.865648,,,137.000000,0,0,164753,143257,
enrich_les607enrich11920221003_003,enrich,unspecified,expert,2200,graded,"probabilities to native, bilinear, thresholded there, and these numbers were measured from the masks that run kept",,,0.813309,,,0.852482,,,205.000000,0,0,158791,182333,
enrich_les616enrich09520220310_002,enrich,unspecified,expert,2200,graded,"probabilities to native, bilinear, thresholded there, and these numbers were measured from the masks that run kept",,,0.811199,,,0.865604,,,121.000000,0,0,141002,146992,
enrich_les617enrich11520220902_001,enrich,unspecified,expert,2198,graded,"probabilities to native, bilinear, thresholded there, and these numbers were measured from the masks that run kept",,,0.769503,,,0.836124,,,182.000000,0,0,129769,163483,
enrich_les617enrich11520220902_002,enrich,unspecified,expert,2200,graded,"probabilities to native, bilinear, thresholded there, and these numbers were measured from the masks that run kept",,,0.762130,,,0.824944,,,195.000000,0,0,121135,131071,
enrich_les625enrich9820220328_002,enrich,unspecified,expert,2200,graded,"probabilities to native, bilinear, thresholded there, and these numbers were measured from the masks that run kept",,,0.806226,,,0.872205,,,164.000000,0,0,153127,152292,
enrich_les644enrich09720220321_001,enrich,unspecified,expert,2199,graded,"probabilities to native, bilinear, thresholded there, and these numbers were measured from the masks that run kept",,,0.776817,,,0.840994,,,200.000000,0,0,133051,152921,
enrich_les661enrich11420220831_002,enrich,unspecified,expert,2199,graded,"probabilities to native, bilinear, thresholded there, and these numbers were measured from the masks that run kept",,,0.782461,,,0.798686,,,253.000000,0,0,152687,164664,
enrich_les664enrich10420220509_002,enrich,unspecified,expert,2199,graded,"probabilities to native, bilinear, thresholded there, and these numbers were measured from the masks that run kept",,,0.847360,,,0.893042,,,194.000000,0,0,186307,194354,
enrich_les683enrich11220220822_002,enrich,unspecified,expert,2200,graded,"probabilities to native, bilinear, thresholded there, and these numbers were measured from the masks that run kept",,,0.798290,,,0.876010,,,167.000000,0,0,168578,196568,
enrich_les687enrich10520220516_001,enrich,unspecified,expert,2201,graded,"probabilities to native, bilinear, thresholded there, and these numbers were measured from the masks that run kept",,,0.813386,,,0.885368,,,212.000000,0,0,153658,196889,
enrich_les687enrich10520220516_002,enrich,unspecified,expert,2200,graded,"probabilities to native, bilinear, thresholded there, and these numbers were measured from the masks that run kept",,,0.836659,,,0.890216,,,168.000000,0,0,148397,165829,
enrich_les700enrich10120220502_001,enrich,unspecified,expert,2199,graded,"probabilities to native, bilinear, thresholded there, and these numbers were measured from the masks that run kept",,,0.772340,,,0.816874,,,244.000000,0,0,132341,127127,
fives_100_d,fives,unspecified,expert,1418,graded,"probabilities to native, bilinear, thresholded there, and these numbers were measured from the masks that run kept",,,0.837534,,,0.863215,,,139.000000,0,0,53050,83304,
fives_105_g,fives,unspecified,expert,1418,graded,"probabilities to native, bilinear, thresholded there, and these numbers were measured from the masks that run kept",,,0.843897,,,0.867058,,,193.000000,0,0,75101,85005,
fives_106_g,fives,unspecified,expert,1417,graded,"probabilities to native, bilinear, thresholded there, and these numbers were measured from the masks that run kept",,,0.857605,,,0.864767,,,175.000000,0,0,83755,97385,
fives_107_g,fives,unspecified,expert,1417,graded,"probabilities to native, bilinear, thresholded there, and these numbers were measured from the masks that run kept",,,0.832524,,,0.868919,,,225.000000,0,0,81824,100320,
fives_109_g,fives,unspecified,expert,1418,graded,"probabilities to native, bilinear, thresholded there, and these numbers were measured from the masks that run kept",,,0.840993,,,0.898330,,,169.000000,0,0,69715,81180,
fives_110_g,fives,unspecified,expert,1417,graded,"probabilities to native, bilinear, thresholded there, and these numbers were measured from the masks that run kept",,,0.834117,,,0.875662,,,197.000000,0,0,64204,76308,
fives_112_g,fives,unspecified,expert,1417,graded,"probabilities to native, bilinear, thresholded there, and these numbers were measured from the masks that run kept",,,0.802226,,,0.803241,,,257.000000,0,0,63197,70713,
fives_115_g,fives,unspecified,expert,1418,graded,"probabilities to native, bilinear, thresholded there, and these numbers were measured from the masks that run kept",,,0.807999,,,0.840295,,,236.000000,0,0,60623,83774,
fives_116_g,fives,unspecified,expert,1419,graded,"probabilities to native, bilinear, thresholded there, and these numbers were measured from the masks that run kept",,,0.743342,,,0.733097,,,296.000000,0,0,54121,73277,
fives_117_g,fives,unspecified,expert,1418,graded,"probabilities to native, bilinear, thresholded there, and these numbers were measured from the masks that run kept",,,0.807326,,,0.843208,,,116.000000,0,0,60538,73003,
fives_118_g,fives,unspecified,expert,1421,graded,"probabilities to native, bilinear, thresholded there, and these numbers were measured from the masks that run kept",,,0.844240,,,0.923604,,,143.000000,0,0,78652,86569,
fives_120_g,fives,unspecified,expert,1417,graded,"probabilities to native, bilinear, thresholded there, and these numbers were measured from the masks that run kept",,,0.836490,,,0.839847,,,256.000000,0,0,76533,78016,
fives_124_g,fives,unspecified,expert,1418,graded,"probabilities to native, bilinear, thresholded there, and these numbers were measured from the masks that run kept",,,0.805861,,,0.796858,,,225.000000,0,0,51409,64030,
fives_125_g,fives,unspecified,expert,1417,graded,"probabilities to native, bilinear, thresholded there, and these numbers were measured from the masks that run kept",,,0.846118,,,0.843243,,,181.000000,0,0,65826,95823,
fives_126_g,fives,unspecified,expert,1421,graded,"probabilities to native, bilinear, thresholded there, and these numbers were measured from the masks that run kept",,,0.793393,,,0.873995,,,110.000000,0,0,52935,62980,
fives_128_g,fives,unspecified,expert,1418,graded,"probabilities to native, bilinear, thresholded there, and these numbers were measured from the masks that run kept",,,0.840135,,,0.880468,,,130.000000,0,0,56240,67338,
fives_12_a,fives,unspecified,expert,1422,graded,"probabilities to native, bilinear, thresholded there, and these numbers were measured from the masks that run kept",,,0.846641,,,0.899483,,,144.000000,0,0,67902,83330,
fives_131_g,fives,unspecified,expert,1420,graded,"probabilities to native, bilinear, thresholded there, and these numbers were measured from the masks that run kept",,,0.833704,,,0.879691,,,173.000000,0,0,75206,79629,
fives_132_g,fives,unspecified,expert,1418,graded,"probabilities to native, bilinear, thresholded there, and these numbers were measured from the masks that run kept",,,0.791985,,,0.814349,,,227.000000,0,0,48124,66479,
fives_134_g,fives,unspecified,expert,1419,graded,"probabilities to native, bilinear, thresholded there, and these numbers were measured from the masks that run kept",,,0.827243,,,0.862050,,,144.000000,0,0,72536,81013,
fives_139_g,fives,unspecified,expert,1421,graded,"probabilities to native, bilinear, thresholded there, and these numbers were measured from the masks that run kept",,,0.825778,,,0.859680,,,190.000000,0,0,79842,107790,
fives_13_a,fives,unspecified,expert,1422,graded,"probabilities to native, bilinear, thresholded there, and these numbers were measured from the masks that run kept",,,0.815127,,,0.882580,,,114.000000,0,0,66805,87735,
fives_140_g,fives,unspecified,expert,1417,graded,"probabilities to native, bilinear, thresholded there, and these numbers were measured from the masks that run kept",,,0.759534,,,0.790122,,,174.000000,0,0,44153,54365,
fives_141_g,fives,unspecified,expert,1418,graded,"probabilities to native, bilinear, thresholded there, and these numbers were measured from the masks that run kept",,,0.816067,,,0.882969,,,144.000000,0,0,68564,75220,
fives_14_a,fives,unspecified,expert,1421,graded,"probabilities to native, bilinear, thresholded there, and these numbers were measured from the masks that run kept",,,0.830829,,,0.905959,,,130.000000,0,0,65449,84757,
fives_151_n,fives,unspecified,expert,1419,graded,"probabilities to native, bilinear, thresholded there, and these numbers were measured from the masks that run kept",,,0.791899,,,0.779142,,,266.000000,0,0,72148,92897,
fives_156_n,fives,unspecified,expert,1421,graded,"probabilities to native, bilinear, thresholded there, and these numbers were measured from the masks that run kept",,,0.824784,,,0.837688,,,171.000000,0,0,48466,60517,
fives_157_n,fives,unspecified,expert,1416,graded,"probabilities to native, bilinear, thresholded there, and these numbers were measured from the masks that run kept",,,0.796858,,,0.823309,,,350.000000,0,0,79179,85553,
fives_15_a,fives,unspecified,expert,1419,graded,"probabilities to native, bilinear, thresholded there, and these numbers were measured from the masks that run kept",,,0.842706,,,0.893199,,,116.000000,0,0,66052,81018,
fives_160_n,fives,unspecified,expert,1418,graded,"probabilities to native, bilinear, thresholded there, and these numbers were measured from the masks that run kept",,,0.831725,,,0.867639,,,248.000000,0,0,79455,88677,
fives_161_n,fives,unspecified,expert,1418,graded,"probabilities to native, bilinear, thresholded there, and these numbers were measured from the masks that run kept",,,0.829461,,,0.838120,,,219.000000,0,0,64680,82639,
fives_162_n,fives,unspecified,expert,1419,graded,"probabilities to native, bilinear, thresholded there, and these numbers were measured from the masks that run kept",,,0.800990,,,0.824254,,,260.000000,0,0,73320,83109,
fives_163_n,fives,unspecified,expert,1418,graded,"probabilities to native, bilinear, thresholded there, and these numbers were measured from the masks that run kept",,,0.808663,,,0.817614,,,431.000000,0,0,57413,74147,
fives_164_n,fives,unspecified,expert,1417,graded,"probabilities to native, bilinear, thresholded there, and these numbers were measured from the masks that run kept",,,0.775934,,,0.793805,,,305.000000,0,0,63739,69887,
fives_165_n,fives,unspecified,expert,1418,graded,"probabilities to native, bilinear, thresholded there, and these numbers were measured from the masks that run kept",,,0.776353,,,0.813798,,,217.000000,0,0,79648,103529,
fives_166_n,fives,unspecified,expert,1418,graded,"probabilities to native, bilinear, thresholded there, and these numbers were measured from the masks that run kept",,,0.764752,,,0.783372,,,339.000000,0,0,84835,89725,
fives_167_n,fives,unspecified,expert,1418,graded,"probabilities to native, bilinear, thresholded there, and these numbers were measured from the masks that run kept",,,0.742533,,,0.750449,,,308.000000,0,0,69466,77061,
fives_168_n,fives,unspecified,expert,1419,graded,"probabilities to native, bilinear, thresholded there, and these numbers were measured from the masks that run kept",,,0.728224,,,0.758781,,,255.000000,0,0,67073,73931,
fives_169_n,fives,unspecified,expert,1417,graded,"probabilities to native, bilinear, thresholded there, and these numbers were measured from the masks that run kept",,,0.833689,,,0.886175,,,196.000000,0,0,81214,82825,
fives_16_a,fives,unspecified,expert,1422,graded,"probabilities to native, bilinear, thresholded there, and these numbers were measured from the masks that run kept",,,0.806139,,,0.883189,,,110.000000,0,0,69110,76509,
fives_170_n,fives,unspecified,expert,1417,graded,"probabilities to native, bilinear, thresholded there, and these numbers were measured from the masks that run kept",,,0.806634,,,0.850394,,,194.000000,0,0,74505,82327,
fives_172_n,fives,unspecified,expert,1419,graded,"probabilities to native, bilinear, thresholded there, and these numbers were measured from the masks that run kept",,,0.831954,,,0.892386,,,174.000000,0,0,84313,85181,
fives_176_n,fives,unspecified,expert,1420,graded,"probabilities to native, bilinear, thresholded there, and these numbers were measured from the masks that run kept",,,0.792732,,,0.831526,,,262.000000,0,0,80993,95748,
fives_17_a,fives,unspecified,expert,1419,graded,"probabilities to native, bilinear, thresholded there, and these numbers were measured from the masks that run kept",,,0.861436,,,0.918974,,,107.000000,0,0,64453,86241,
fives_1_a,fives,unspecified,expert,1419,graded,"probabilities to native, bilinear, thresholded there, and these numbers were measured from the masks that run kept",,,0.844590,,,0.868417,,,200.000000,0,0,86698,103504,
fives_22_a,fives,unspecified,expert,1424,graded,"probabilities to native, bilinear, thresholded there, and these numbers were measured from the masks that run kept",,,0.839087,,,0.926369,,,120.000000,0,0,73906,83668,
fives_23_a,fives,unspecified,expert,1424,graded,"probabilities to native, bilinear, thresholded there, and these numbers were measured from the masks that run kept",,,0.841436,,,0.926736,,,116.000000,0,0,73568,84056,
fives_25_a,fives,unspecified,expert,1421,graded,"probabilities to native, bilinear, thresholded there, and these numbers were measured from the masks that run kept",,,0.829785,,,0.894835,,,92.000000,0,0,60052,65660,
fives_26_a,fives,unspecified,expert,1422,graded,"probabilities to native, bilinear, thresholded there, and these numbers were measured from the masks that run kept",,,0.823848,,,0.887613,,,124.000000,0,0,72318,85518,
fives_28_a,fives,unspecified,expert,1421,graded,"probabilities to native, bilinear, thresholded there, and these numbers were measured from the masks that run kept",,,0.822979,,,0.857821,,,131.000000,0,0,67690,78218,
fives_2_a,fives,unspecified,expert,1418,graded,"probabilities to native, bilinear, thresholded there, and these numbers were measured from the masks that run kept",,,0.838509,,,0.887374,,,177.000000,0,0,77163,91222,
fives_30_a,fives,unspecified,expert,1419,graded,"probabilities to native, bilinear, thresholded there, and these numbers were measured from the masks that run kept",,,0.828112,,,0.863851,,,195.000000,0,0,55950,79304,
fives_33_a,fives,unspecified,expert,1420,graded,"probabilities to native, bilinear, thresholded there, and these numbers were measured from the masks that run kept",,,0.814923,,,0.887708,,,197.000000,0,0,96478,123782,
fives_34_a,fives,unspecified,expert,1421,graded,"probabilities to native, bilinear, thresholded there, and these numbers were measured from the masks that run kept",,,0.782468,,,0.842606,,,115.000000,0,0,47500,79483,
fives_35_a,fives,unspecified,expert,1419,graded,"probabilities to native, bilinear, thresholded there, and these numbers were measured from the masks that run kept",,,0.838009,,,0.912775,,,127.000000,0,0,77837,91425,
fives_36_a,fives,unspecified,expert,1420,graded,"probabilities to native, bilinear, thresholded there, and these numbers were measured from the masks that run kept",,,0.826056,,,0.877715,,,207.000000,0,0,84834,84392,
fives_39_a,fives,unspecified,expert,1422,graded,"probabilities to native, bilinear, thresholded there, and these numbers were measured from the masks that run kept",,,0.807158,,,0.845366,,,165.000000,0,0,59188,79576,
fives_3_a,fives,unspecified,expert,1418,graded,"probabilities to native, bilinear, thresholded there, and these numbers were measured from the masks that run kept",,,0.852466,,,0.908213,,,182.000000,0,0,105195,118350,
fives_58_d,fives,unspecified,expert,1421,graded,"probabilities to native, bilinear, thresholded there, and these numbers were measured from the masks that run kept",,,0.850829,,,0.891210,,,107.000000,0,0,58705,85450,
fives_59_d,fives,unspecified,expert,1420,graded,"probabilities to native, bilinear, thresholded there, and these numbers were measured from the masks that run kept",,,0.835356,,,0.875305,,,158.000000,0,0,67110,89466,
fives_67_d,fives,unspecified,expert,1417,graded,"probabilities to native, bilinear, thresholded there, and these numbers were measured from the masks that run kept",,,0.643290,,,0.633556,,,123.000000,0,0,47887,58655,
fives_68_d,fives,unspecified,expert,1418,graded,"probabilities to native, bilinear, thresholded there, and these numbers were measured from the masks that run kept",,,0.850953,,,0.893791,,,141.000000,0,0,59145,78984,
fives_69_d,fives,unspecified,expert,1421,graded,"probabilities to native, bilinear, thresholded there, and these numbers were measured from the masks that run kept",,,0.850473,,,0.902349,,,134.000000,0,0,77870,82070,
fives_70_d,fives,unspecified,expert,1419,graded,"probabilities to native, bilinear, thresholded there, and these numbers were measured from the masks that run kept",,,0.865093,,,0.908903,,,81.000000,0,0,64674,78098,
fives_72_d,fives,unspecified,expert,1418,graded,"probabilities to native, bilinear, thresholded there, and these numbers were measured from the masks that run kept",,,0.835610,,,0.850440,,,101.000000,0,0,66217,77034,
fives_73_d,fives,unspecified,expert,1422,graded,"probabilities to native, bilinear, thresholded there, and these numbers were measured from the masks that run kept",,,0.835564,,,0.886269,,,87.000000,0,0,62319,74672,
fives_77_d,fives,unspecified,expert,1419,graded,"probabilities to native, bilinear, thresholded there, and these numbers were measured from the masks that run kept",,,0.808363,,,0.875250,,,129.000000,0,0,60417,87778,
fives_79_d,fives,unspecified,expert,1420,graded,"probabilities to native, bilinear, thresholded there, and these numbers were measured from the masks that run kept",,,0.832005,,,0.844223,,,160.000000,0,0,57877,92443,
fives_80_d,fives,unspecified,expert,1419,graded,"probabilities to native, bilinear, thresholded there, and these numbers were measured from the masks that run kept",,,0.853144,,,0.844009,,,96.000000,0,0,46273,86088,
fives_81_d,fives,unspecified,expert,1420,graded,"probabilities to native, bilinear, thresholded there, and these numbers were measured from the masks that run kept",,,0.815286,,,0.876603,,,126.000000,0,0,65833,74068,
fives_84_d,fives,unspecified,expert,1421,graded,"probabilities to native, bilinear, thresholded there, and these numbers were measured from the masks that run kept",,,0.811968,,,0.856715,,,148.000000,0,0,57047,89287,
fives_86_d,fives,unspecified,expert,1419,graded,"probabilities to native, bilinear, thresholded there, and these numbers were measured from the masks that run kept",,,0.838374,,,0.849573,,,142.000000,0,0,46589,88041,
fives_87_d,fives,unspecified,expert,1420,graded,"probabilities to native, bilinear, thresholded there, and these numbers were measured from the masks that run kept",,,0.846212,,,0.835602,,,182.000000,0,0,66728,78387,
fives_89_d,fives,unspecified,expert,1421,graded,"probabilities to native, bilinear, thresholded there, and these numbers were measured from the masks that run kept",,,0.838195,,,0.880194,,,152.000000,0,0,62096,78279,
fives_92_d,fives,unspecified,expert,1420,graded,"probabilities to native, bilinear, thresholded there, and these numbers were measured from the masks that run kept",,,0.786477,,,0.778136,,,151.000000,0,0,64344,78493,
grape_grape102_os_1,grape,unspecified,expert,1420,graded,"probabilities to native, bilinear, thresholded there, and these numbers were measured from the masks that run kept",,,0.832282,,,0.876867,,,118.000000,0,0,58796,62787,
grape_grape105_od_2,grape,unspecified,expert,1420,graded,"probabilities to native, bilinear, thresholded there, and these numbers were measured from the masks that run kept",,,0.827143,,,0.849068,,,207.000000,0,0,70764,85658,
grape_grape106_os_3,grape,unspecified,expert,1409,graded,"probabilities to native, bilinear, thresholded there, and these numbers were measured from the masks that run kept",,,0.827960,,,0.882709,,,167.000000,0,0,78545,75092,
grape_grape107_os_1,grape,unspecified,expert,1420,graded,"probabilities to native, bilinear, thresholded there, and these numbers were measured from the masks that run kept",,,0.827616,,,0.894136,,,142.000000,0,0,66356,85192,
grape_grape108_od_3,grape,unspecified,expert,1422,graded,"probabilities to native, bilinear, thresholded there, and these numbers were measured from the masks that run kept",,,0.815078,,,0.875269,,,189.000000,0,0,88440,87973,
grape_grape10_od_2,grape,unspecified,expert,1419,graded,"probabilities to native, bilinear, thresholded there, and these numbers were measured from the masks that run kept",,,0.772469,,,0.787236,,,115.000000,0,0,41092,61555,
grape_grape111_od_6,grape,unspecified,expert,1409,graded,"probabilities to native, bilinear, thresholded there, and these numbers were measured from the masks that run kept",,,0.840280,,,0.899321,,,187.000000,0,0,92153,91517,
grape_grape112_od_1,grape,unspecified,expert,1418,graded,"probabilities to native, bilinear, thresholded there, and these numbers were measured from the masks that run kept",,,0.837023,,,0.857378,,,175.000000,0,0,69371,84478,
grape_grape113_os_4,grape,unspecified,expert,1419,graded,"probabilities to native, bilinear, thresholded there, and these numbers were measured from the masks that run kept",,,0.852270,,,0.891699,,,186.000000,0,0,70671,85911,
grape_grape114_os_1,grape,unspecified,expert,1421,graded,"probabilities to native, bilinear, thresholded there, and these numbers were measured from the masks that run kept",,,0.843551,,,0.878018,,,184.000000,0,0,71448,95295,
grape_grape116_os_1,grape,unspecified,expert,1421,graded,"probabilities to native, bilinear, thresholded there, and these numbers were measured from the masks that run kept",,,0.798853,,,0.833137,,,218.000000,0,0,52901,70788,
grape_grape120_od_1,grape,unspecified,expert,1422,graded,"probabilities to native, bilinear, thresholded there, and these numbers were measured from the masks that run kept",,,0.802017,,,0.885910,,,128.000000,0,0,65222,76212,
grape_grape121_os_1,grape,unspecified,expert,1420,graded,"probabilities to native, bilinear, thresholded there, and these numbers were measured from the masks that run kept",,,0.825908,,,0.834590,,,184.000000,0,0,71026,75811,
grape_grape122_os_6,grape,unspecified,expert,1408,graded,"probabilities to native, bilinear, thresholded there, and these numbers were measured from the masks that run kept",,,0.778879,,,0.816105,,,364.000000,0,0,72729,82147,
grape_grape123_os_5,grape,unspecified,expert,1408,graded,"probabilities to native, bilinear, thresholded there, and these numbers were measured from the masks that run kept",,,0.806438,,,0.845809,,,279.000000,0,0,78114,88674,
grape_grape126_os_1,grape,unspecified,expert,1419,graded,"probabilities to native, bilinear, thresholded there, and these numbers were measured from the masks that run kept",,,0.855484,,,0.906456,,,115.000000,0,0,82724,100830,
grape_grape127_os_5,grape,unspecified,expert,1418,graded,"probabilities to native, bilinear, thresholded there, and these numbers were measured from the masks that run kept",,,0.752599,,,0.792125,,,222.000000,0,0,62167,77014,
grape_grape128_od_3,grape,unspecified,expert,1410,graded,"probabilities to native, bilinear, thresholded there, and these numbers were measured from the masks that run kept",,,0.815329,,,0.877891,,,122.000000,0,0,50197,69753,
grape_grape12_os_4,grape,unspecified,expert,1418,graded,"probabilities to native, bilinear, thresholded there, and these numbers were measured from the masks that run kept",,,0.831135,,,0.888265,,,181.000000,0,0,65372,93792,
grape_grape131_od_4,grape,unspecified,expert,1409,graded,"probabilities to native, bilinear, thresholded there, and these numbers were measured from the masks that run kept",,,0.827976,,,0.893692,,,241.000000,0,0,77265,89742,
grape_grape132_od_1,grape,unspecified,expert,1417,graded,"probabilities to native, bilinear, thresholded there, and these numbers were measured from the masks that run kept",,,0.791287,,,0.833970,,,371.000000,0,0,56739,72306,
grape_grape134_od_5,grape,unspecified,expert,1408,graded,"probabilities to native, bilinear, thresholded there, and these numbers were measured from the masks that run kept",,,0.826887,,,0.875329,,,224.000000,0,0,78383,88095,
grape_grape136_os_3,grape,unspecified,expert,1409,graded,"probabilities to native, bilinear, thresholded there, and these numbers were measured from the masks that run kept",,,0.833814,,,0.891490,,,207.000000,0,0,79346,90266,
grape_grape138_od_4,grape,unspecified,expert,1408,graded,"probabilities to native, bilinear, thresholded there, and these numbers were measured from the masks that run kept",,,0.792819,,,0.821823,,,191.000000,0,0,71406,73542,
grape_grape139_od_1,grape,unspecified,expert,1420,graded,"probabilities to native, bilinear, thresholded there, and these numbers were measured from the masks that run kept",,,0.842301,,,0.928813,,,123.000000,0,0,74238,85519,
grape_grape140_od_1,grape,unspecified,expert,1420,graded,"probabilities to native, bilinear, thresholded there, and these numbers were measured from the masks that run kept",,,0.805625,,,0.812818,,,167.000000,0,0,56745,75347,
grape_grape141_od_4,grape,unspecified,expert,1418,graded,"probabilities to native, bilinear, thresholded there, and these numbers were measured from the masks that run kept",,,0.816238,,,0.863419,,,130.000000,0,0,84741,93319,
grape_grape143_od_3,grape,unspecified,expert,1419,graded,"probabilities to native, bilinear, thresholded there, and these numbers were measured from the masks that run kept",,,0.839541,,,0.895322,,,152.000000,0,0,78541,82277,
grape_grape144_os_1,grape,unspecified,expert,1418,graded,"probabilities to native, bilinear, thresholded there, and these numbers were measured from the masks that run kept",,,0.824002,,,0.875803,,,184.000000,0,0,68886,88164,
grape_grape17_os_1,grape,unspecified,expert,1418,graded,"probabilities to native, bilinear, thresholded there, and these numbers were measured from the masks that run kept",,,0.833682,,,0.900264,,,161.000000,0,0,84526,92211,
grape_grape18_od_3,grape,unspecified,expert,1409,graded,"probabilities to native, bilinear, thresholded there, and these numbers were measured from the masks that run kept",,,0.807503,,,0.904179,,,126.000000,0,0,60079,67349,
grape_grape20_od_1,grape,unspecified,expert,1419,graded,"probabilities to native, bilinear, thresholded there, and these numbers were measured from the masks that run kept",,,0.816585,,,0.867535,,,196.000000,0,0,70096,84965,
grape_grape23_od_2,grape,unspecified,expert,1421,graded,"probabilities to native, bilinear, thresholded there, and these numbers were measured from the masks that run kept",,,0.819481,,,0.893742,,,236.000000,0,0,61558,79421,
grape_grape24_od_1,grape,unspecified,expert,1421,graded,"probabilities to native, bilinear, thresholded there, and these numbers were measured from the masks that run kept",,,0.819468,,,0.892727,,,177.000000,0,0,88175,99069,
grape_grape25_os_1,grape,unspecified,expert,1419,graded,"probabilities to native, bilinear, thresholded there, and these numbers were measured from the masks that run kept",,,0.834570,,,0.912000,,,188.000000,0,0,80119,99570,
grape_grape27_od_2,grape,unspecified,expert,1419,graded,"probabilities to native, bilinear, thresholded there, and these numbers were measured from the masks that run kept",,,0.856334,,,0.923524,,,148.000000,0,0,68768,89629,
grape_grape30_od_3,grape,unspecified,expert,1409,graded,"probabilities to native, bilinear, thresholded there, and these numbers were measured from the masks that run kept",,,0.821420,,,0.884791,,,128.000000,0,0,56278,73144,
grape_grape31_os_3,grape,unspecified,expert,1409,graded,"probabilities to native, bilinear, thresholded there, and these numbers were measured from the masks that run kept",,,0.835018,,,0.878617,,,173.000000,0,0,71899,99701,
grape_grape32_od_1,grape,unspecified,expert,1417,graded,"probabilities to native, bilinear, thresholded there, and these numbers were measured from the masks that run kept",,,0.762358,,,0.780421,,,119.000000,0,0,52969,60995,
grape_grape34_os_2,grape,unspecified,expert,1419,graded,"probabilities to native, bilinear, thresholded there, and these numbers were measured from the masks that run kept",,,0.817409,,,0.889445,,,165.000000,0,0,72268,77758,
grape_grape35_od_1,grape,unspecified,expert,1419,graded,"probabilities to native, bilinear, thresholded there, and these numbers were measured from the masks that run kept",,,0.843545,,,0.898305,,,146.000000,0,0,79310,89434,
grape_grape36_os_3,grape,unspecified,expert,1408,graded,"probabilities to native, bilinear, thresholded there, and these numbers were measured from the masks that run kept",,,0.836184,,,0.898226,,,134.000000,0,0,70464,66768,
grape_grape37_od_4,grape,unspecified,expert,1409,graded,"probabilities to native, bilinear, thresholded there, and these numbers were measured from the masks that run kept",,,0.808836,,,0.892130,,,176.000000,0,0,76262,83760,
grape_grape38_od_3,grape,unspecified,expert,1419,graded,"probabilities to native, bilinear, thresholded there, and these numbers were measured from the masks that run kept",,,0.803661,,,0.863010,,,181.000000,0,0,67301,79905,
grape_grape39_od_3,grape,unspecified,expert,1418,graded,"probabilities to native, bilinear, thresholded there, and these numbers were measured from the masks that run kept",,,0.837655,,,0.890270,,,222.000000,0,0,78027,98831,
grape_grape40_od_1,grape,unspecified,expert,1421,graded,"probabilities to native, bilinear, thresholded there, and these numbers were measured from the masks that run kept",,,0.836478,,,0.896002,,,124.000000,0,0,63291,81321,
grape_grape42_od_1,grape,unspecified,expert,1419,graded,"probabilities to native, bilinear, thresholded there, and these numbers were measured from the masks that run kept",,,0.871629,,,0.908699,,,96.000000,0,0,67561,71860,
grape_grape43_od_3,grape,unspecified,expert,1419,graded,"probabilities to native, bilinear, thresholded there, and these numbers were measured from the masks that run kept",,,0.819798,,,0.891446,,,157.000000,0,0,64730,77944,
grape_grape44_os_1,grape,unspecified,expert,1420,graded,"probabilities to native, bilinear, thresholded there, and these numbers were measured from the masks that run kept",,,0.856884,,,0.880729,,,174.000000,0,0,70721,86625,
grape_grape45_od_2,grape,unspecified,expert,1418,graded,"probabilities to native, bilinear, thresholded there, and these numbers were measured from the masks that run kept",,,0.816901,,,0.847633,,,143.000000,0,0,61092,65945,
grape_grape46_od_4,grape,unspecified,expert,1420,graded,"probabilities to native, bilinear, thresholded there, and these numbers were measured from the masks that run kept",,,0.850798,,,0.903259,,,134.000000,0,0,67847,96031,
grape_grape48_od_1,grape,unspecified,expert,1418,graded,"probabilities to native, bilinear, thresholded there, and these numbers were measured from the masks that run kept",,,0.807071,,,0.831935,,,211.000000,0,0,63820,59220,
grape_grape49_os_1,grape,unspecified,expert,1423,graded,"probabilities to native, bilinear, thresholded there, and these numbers were measured from the masks that run kept",,,0.839637,,,0.879806,,,176.000000,0,0,80328,87505,
grape_grape4_os_3,grape,unspecified,expert,1408,graded,"probabilities to native, bilinear, thresholded there, and these numbers were measured from the masks that run kept",,,0.835877,,,0.854454,,,144.000000,0,0,64028,68994,
grape_grape51_od_4,grape,unspecified,expert,1409,graded,"probabilities to native, bilinear, thresholded there, and these numbers were measured from the masks that run kept",,,0.815602,,,0.881097,,,147.000000,0,0,54418,65784,
grape_grape53_os_2,grape,unspecified,expert,1420,graded,"probabilities to native, bilinear, thresholded there, and these numbers were measured from the masks that run kept",,,0.837194,,,0.904208,,,133.000000,0,0,59139,73203,
grape_grape55_od_1,grape,unspecified,expert,1420,graded,"probabilities to native, bilinear, thresholded there, and these numbers were measured from the masks that run kept",,,0.792846,,,0.845762,,,125.000000,0,0,58509,64212,
grape_grape58_od_2,grape,unspecified,expert,1420,graded,"probabilities to native, bilinear, thresholded there, and these numbers were measured from the masks that run kept",,,0.813497,,,0.863027,,,171.000000,0,0,68018,80090,
grape_grape5_os_6,grape,unspecified,expert,1409,graded,"probabilities to native, bilinear, thresholded there, and these numbers were measured from the masks that run kept",,,0.818682,,,0.864419,,,111.000000,0,0,60920,71148,
grape_grape60_os_1,grape,unspecified,expert,1420,graded,"probabilities to native, bilinear, thresholded there, and these numbers were measured from the masks that run kept",,,0.827376,,,0.835923,,,121.000000,0,0,72828,91098,
grape_grape61_os_3,grape,unspecified,expert,1420,graded,"probabilities to native, bilinear, thresholded there, and these numbers were measured from the masks that run kept",,,0.838322,,,0.889275,,,221.000000,0,0,97607,96326,
grape_grape63_od_1,grape,unspecified,expert,1418,graded,"probabilities to native, bilinear, thresholded there, and these numbers were measured from the masks that run kept",,,0.826355,,,0.862889,,,158.000000,0,0,60401,71800,
grape_grape67_os_3,grape,unspecified,expert,1421,graded,"probabilities to native, bilinear, thresholded there, and these numbers were measured from the masks that run kept",,,0.813692,,,0.882977,,,151.000000,0,0,75673,90943,
grape_grape68_os_1,grape,unspecified,expert,1421,graded,"probabilities to native, bilinear, thresholded there, and these numbers were measured from the masks that run kept",,,0.843173,,,0.916608,,,139.000000,0,0,80752,99287,
grape_grape6_od_2,grape,unspecified,expert,1420,graded,"probabilities to native, bilinear, thresholded there, and these numbers were measured from the masks that run kept",,,0.773211,,,0.816961,,,186.000000,0,0,56431,81470,
grape_grape70_od_1,grape,unspecified,expert,1421,graded,"probabilities to native, bilinear, thresholded there, and these numbers were measured from the masks that run kept",,,0.740513,,,0.785867,,,265.000000,0,0,45937,74938,
grape_grape71_os_1,grape,unspecified,expert,1422,graded,"probabilities to native, bilinear, thresholded there, and these numbers were measured from the masks that run kept",,,0.854730,,,0.887974,,,135.000000,0,0,66089,78014,
grape_grape73_os_4,grape,unspecified,expert,1409,graded,"probabilities to native, bilinear, thresholded there, and these numbers were measured from the masks that run kept",,,0.798465,,,0.864701,,,121.000000,0,0,57940,66721,
grape_grape74_os_1,grape,unspecified,expert,1419,graded,"probabilities to native, bilinear, thresholded there, and these numbers were measured from the masks that run kept",,,0.822533,,,0.841967,,,228.000000,0,0,60592,72258,
grape_grape75_od_3,grape,unspecified,expert,1417,graded,"probabilities to native, bilinear, thresholded there, and these numbers were measured from the masks that run kept",,,0.832315,,,0.879067,,,191.000000,0,0,76851,83484,
grape_grape76_os_1,grape,unspecified,expert,1421,graded,"probabilities to native, bilinear, thresholded there, and these numbers were measured from the masks that run kept",,,0.840490,,,0.912835,,,140.000000,0,0,80568,78586,
grape_grape77_os_3,grape,unspecified,expert,1420,graded,"probabilities to native, bilinear, thresholded there, and these numbers were measured from the masks that run kept",,,0.836240,,,0.912783,,,148.000000,0,0,80383,87020,
grape_grape7_os_1,grape,unspecified,expert,1421,graded,"probabilities to native, bilinear, thresholded there, and these numbers were measured from the masks that run kept",,,0.839554,,,0.930152,,,136.000000,0,0,70995,93526,
grape_grape81_os_1,grape,unspecified,expert,1421,graded,"probabilities to native, bilinear, thresholded there, and these numbers were measured from the masks that run kept",,,0.847836,,,0.859504,,,104.000000,0,0,58875,73339,
grape_grape82_os_4,grape,unspecified,expert,1419,graded,"probabilities to native, bilinear, thresholded there, and these numbers were measured from the masks that run kept",,,0.820504,,,0.906439,,,179.000000,0,0,77097,80172,
grape_grape83_os_2,grape,unspecified,expert,1420,graded,"probabilities to native, bilinear, thresholded there, and these numbers were measured from the masks that run kept",,,0.834548,,,0.889238,,,161.000000,0,0,72076,80579,
grape_grape84_os_1,grape,unspecified,expert,1421,graded,"probabilities to native, bilinear, thresholded there, and these numbers were measured from the masks that run kept",,,0.820314,,,0.880235,,,147.000000,0,0,61614,80376,
grape_grape86_os_1,grape,unspecified,expert,1421,graded,"probabilities to native, bilinear, thresholded there, and these numbers were measured from the masks that run kept",,,0.838326,,,0.880402,,,216.000000,0,0,61226,83201,
grape_grape87_od_1,grape,unspecified,expert,1425,graded,"probabilities to native, bilinear, thresholded there, and these numbers were measured from the masks that run kept",,,0.818413,,,0.902362,,,99.000000,0,0,66717,72357,
grape_grape8_od_1,grape,unspecified,expert,1422,graded,"probabilities to native, bilinear, thresholded there, and these numbers were measured from the masks that run kept",,,0.833441,,,0.893413,,,183.000000,0,0,69708,81163,
grape_grape90_od_1,grape,unspecified,expert,1420,graded,"probabilities to native, bilinear, thresholded there, and these numbers were measured from the masks that run kept",,,0.826240,,,0.845825,,,273.000000,0,0,63938,84602,
grape_grape91_od_1,grape,unspecified,expert,1419,graded,"probabilities to native, bilinear, thresholded there, and these numbers were measured from the masks that run kept",,,0.833186,,,0.901359,,,132.000000,0,0,71148,87293,
grape_grape92_od_1,grape,unspecified,expert,1419,graded,"probabilities to native, bilinear, thresholded there, and these numbers were measured from the masks that run kept",,,0.824138,,,0.883411,,,174.000000,0,0,70275,79498,
grape_grape94_od_3,grape,unspecified,expert,1420,graded,"probabilities to native, bilinear, thresholded there, and these numbers were measured from the masks that run kept",,,0.821556,,,0.878041,,,177.000000,0,0,72176,83864,
grape_grape95_os_8,grape,unspecified,expert,1419,graded,"probabilities to native, bilinear, thresholded there, and these numbers were measured from the masks that run kept",,,0.811109,,,0.831661,,,175.000000,0,0,59884,84568,
grape_grape98_os_1,grape,unspecified,expert,1421,graded,"probabilities to native, bilinear, thresholded there, and these numbers were measured from the masks that run kept",,,0.832498,,,0.917191,,,161.000000,0,0,66250,80645,
magreb_fimage10prime,magreb,unspecified,expert,1448,graded,"probabilities to native, bilinear, thresholded there, and these numbers were measured from the masks that run kept",,,0.830013,,,0.911992,,,140.000000,0,0,70350,84127,
magreb_fimage11prime,magreb,unspecified,expert,1453,graded,"probabilities to native, bilinear, thresholded there, and these numbers were measured from the masks that run kept",,,0.770590,,,0.849962,,,135.000000,0,0,51889,57004,
magreb_fimage12prime,magreb,unspecified,expert,1445,graded,"probabilities to native, bilinear, thresholded there, and these numbers were measured from the masks that run kept",,,0.825857,,,0.883229,,,208.000000,0,0,67774,96133,
magreb_fimage13prime,magreb,unspecified,expert,1450,graded,"probabilities to native, bilinear, thresholded there, and these numbers were measured from the masks that run kept",,,0.816334,,,0.915766,,,197.000000,0,0,69722,77864,
magreb_fimage14prime,magreb,unspecified,expert,1456,graded,"probabilities to native, bilinear, thresholded there, and these numbers were measured from the masks that run kept",,,0.795572,,,0.896240,,,164.000000,0,0,74457,95516,
magreb_fimage16prime,magreb,unspecified,expert,1453,graded,"probabilities to native, bilinear, thresholded there, and these numbers were measured from the masks that run kept",,,0.816460,,,0.902817,,,173.000000,0,0,69533,82984,
magreb_fimage17prime,magreb,unspecified,expert,1453,graded,"probabilities to native, bilinear, thresholded there, and these numbers were measured from the masks that run kept",,,0.799199,,,0.875567,,,211.000000,0,0,68539,80009,
magreb_fimage18prime,magreb,unspecified,expert,1450,graded,"probabilities to native, bilinear, thresholded there, and these numbers were measured from the masks that run kept",,,0.804207,,,0.906092,,,130.000000,0,0,71387,84262,
magreb_fimage1prime,magreb,unspecified,expert,1453,graded,"probabilities to native, bilinear, thresholded there, and these numbers were measured from the masks that run kept",,,0.784102,,,0.840438,,,375.000000,0,0,61666,68339,
magreb_fimage22prime,magreb,unspecified,expert,1453,graded,"probabilities to native, bilinear, thresholded there, and these numbers were measured from the masks that run kept",,,0.849570,,,0.883467,,,149.000000,0,0,72795,84119,
magreb_fimage24prime,magreb,unspecified,expert,1452,graded,"probabilities to native, bilinear, thresholded there, and these numbers were measured from the masks that run kept",,,0.806269,,,0.902738,,,164.000000,0,0,77313,82004,
magreb_fimage26prime,magreb,unspecified,expert,1411,graded,"probabilities to native, bilinear, thresholded there, and these numbers were measured from the masks that run kept",,,0.828756,,,0.842313,,,128.000000,0,0,78155,84704,
magreb_fimage27prime,magreb,unspecified,expert,1447,graded,"probabilities to native, bilinear, thresholded there, and these numbers were measured from the masks that run kept",,,0.794674,,,0.893653,,,206.000000,0,0,66149,75543,
magreb_fimage28prime,magreb,unspecified,expert,1457,graded,"probabilities to native, bilinear, thresholded there, and these numbers were measured from the masks that run kept",,,0.784722,,,0.801916,,,220.000000,0,0,59036,94905,
magreb_fimage29prime,magreb,unspecified,expert,1446,graded,"probabilities to native, bilinear, thresholded there, and these numbers were measured from the masks that run kept",,,0.801453,,,0.906421,,,151.000000,0,0,80618,80099,
magreb_fimage2prime,magreb,unspecified,expert,1448,graded,"probabilities to native, bilinear, thresholded there, and these numbers were measured from the masks that run kept",,,0.795097,,,0.877369,,,198.000000,0,0,68261,74314,
magreb_fimage30prime,magreb,unspecified,expert,1449,graded,"probabilities to native, bilinear, thresholded there, and these numbers were measured from the masks that run kept",,,0.804087,,,0.853017,,,143.000000,0,0,50040,83587,
magreb_fimage33prime,magreb,unspecified,expert,1452,graded,"probabilities to native, bilinear, thresholded there, and these numbers were measured from the masks that run kept",,,0.784553,,,0.884098,,,250.000000,0,0,61609,76184,
magreb_fimage34prime,magreb,unspecified,expert,1450,graded,"probabilities to native, bilinear, thresholded there, and these numbers were measured from the masks that run kept",,,0.840628,,,0.907456,,,124.000000,0,0,69226,77809,
magreb_fimage36prime,magreb,unspecified,expert,1452,graded,"probabilities to native, bilinear, thresholded there, and these numbers were measured from the masks that run kept",,,0.842534,,,0.888665,,,166.000000,0,0,87664,89116,
magreb_fimage37prime,magreb,unspecified,expert,1446,graded,"probabilities to native, bilinear, thresholded there, and these numbers were measured from the masks that run kept",,,0.830797,,,0.884805,,,141.000000,0,0,55956,85716,
magreb_fimage40prime,magreb,unspecified,expert,1450,graded,"probabilities to native, bilinear, thresholded there, and these numbers were measured from the masks that run kept",,,0.808603,,,0.912986,,,116.000000,0,0,70615,84045,
magreb_fimage41prime,magreb,unspecified,expert,1451,graded,"probabilities to native, bilinear, thresholded there, and these numbers were measured from the masks that run kept",,,0.816327,,,0.896788,,,193.000000,0,0,77676,89315,
magreb_fimage43prime,magreb,unspecified,expert,1453,graded,"probabilities to native, bilinear, thresholded there, and these numbers were measured from the masks that run kept",,,0.849631,,,0.887484,,,147.000000,0,0,70905,84519,
magreb_fimage44prime,magreb,unspecified,expert,1453,graded,"probabilities to native, bilinear, thresholded there, and these numbers were measured from the masks that run kept",,,0.810989,,,0.835744,,,182.000000,0,0,63883,74923,
magreb_fimage46prime,magreb,unspecified,expert,1452,graded,"probabilities to native, bilinear, thresholded there, and these numbers were measured from the masks that run kept",,,0.811853,,,0.904832,,,176.000000,0,0,77932,83001,
magreb_fimage47prime,magreb,unspecified,expert,1449,graded,"probabilities to native, bilinear, thresholded there, and these numbers were measured from the masks that run kept",,,0.856254,,,0.905057,,,153.000000,0,0,86455,92465,
magreb_fimage5prime,magreb,unspecified,expert,1452,graded,"probabilities to native, bilinear, thresholded there, and these numbers were measured from the masks that run kept",,,0.747445,,,0.838219,,,290.000000,0,0,69153,75194,
magreb_fimage6prime,magreb,unspecified,expert,1454,graded,"probabilities to native, bilinear, thresholded there, and these numbers were measured from the masks that run kept",,,0.812350,,,0.902464,,,150.000000,0,0,74234,84238,
magreb_fimage7prime,magreb,unspecified,expert,1454,graded,"probabilities to native, bilinear, thresholded there, and these numbers were measured from the masks that run kept",,,0.779252,,,0.848654,,,287.000000,0,0,64844,83562,
magreb_fimage9prime,magreb,unspecified,expert,1450,graded,"probabilities to native, bilinear, thresholded there, and these numbers were measured from the masks that run kept",,,0.772968,,,0.835825,,,137.000000,0,0,33824,64628,
magreb_mimage10prime,magreb,unspecified,expert,1425,graded,"probabilities to native, bilinear, thresholded there, and these numbers were measured from the masks that run kept",,,0.833215,,,0.896634,,,117.000000,0,0,63461,79348,
magreb_mimage11prime,magreb,unspecified,expert,1453,graded,"probabilities to native, bilinear, thresholded there, and these numbers were measured from the masks that run kept",,,0.840918,,,0.906276,,,115.000000,0,0,74379,82808,
magreb_mimage12prime,magreb,unspecified,expert,1430,graded,"probabilities to native, bilinear, thresholded there, and these numbers were measured from the masks that run kept",,,0.846560,,,0.904954,,,152.000000,0,0,76004,72915,
magreb_mimage13prime,magreb,unspecified,expert,1424,graded,"probabilities to native, bilinear, thresholded there, and these numbers were measured from the masks that run kept",,,0.814284,,,0.903274,,,217.000000,0,0,66814,84292,
magreb_mimage14prime,magreb,unspecified,expert,1428,graded,"probabilities to native, bilinear, thresholded there, and these numbers were measured from the masks that run kept",,,0.816130,,,0.905083,,,120.000000,0,0,58265,69496,
magreb_mimage15prime,magreb,unspecified,expert,1417,graded,"probabilities to native, bilinear, thresholded there, and these numbers were measured from the masks that run kept",,,0.780497,,,0.858009,,,222.000000,0,0,51042,71083,
magreb_mimage16prime,magreb,unspecified,expert,1427,graded,"probabilities to native, bilinear, thresholded there, and these numbers were measured from the masks that run kept",,,0.804777,,,0.872870,,,214.000000,0,0,55327,71882,
magreb_mimage17prime,magreb,unspecified,expert,1424,graded,"probabilities to native, bilinear, thresholded there, and these numbers were measured from the masks that run kept",,,0.760785,,,0.834145,,,294.000000,0,0,60065,68122,
magreb_mimage18prime,magreb,unspecified,expert,1425,graded,"probabilities to native, bilinear, thresholded there, and these numbers were measured from the masks that run kept",,,0.732215,,,0.825159,,,401.000000,0,0,58428,61599,
magreb_mimage19prime,magreb,unspecified,expert,1425,graded,"probabilities to native, bilinear, thresholded there, and these numbers were measured from the masks that run kept",,,0.734235,,,0.814806,,,238.000000,0,0,51616,74433,
magreb_mimage20prime,magreb,unspecified,expert,1447,graded,"probabilities to native, bilinear, thresholded there, and these numbers were measured from the masks that run kept",,,0.774226,,,0.907122,,,199.000000,0,0,66551,71293,
magreb_mimage21prime,magreb,unspecified,expert,1445,graded,"probabilities to native, bilinear, thresholded there, and these numbers were measured from the masks that run kept",,,0.763342,,,0.882098,,,283.000000,0,0,61103,76621,
magreb_mimage22prime,magreb,unspecified,expert,1423,graded,"probabilities to native, bilinear, thresholded there, and these numbers were measured from the masks that run kept",,,0.819784,,,0.913881,,,237.000000,0,0,76451,90487,
magreb_mimage23prime,magreb,unspecified,expert,1456,graded,"probabilities to native, bilinear, thresholded there, and these numbers were measured from the masks that run kept",,,0.820308,,,0.882020,,,236.000000,0,0,97191,108453,
magreb_mimage24prime,magreb,unspecified,expert,1424,graded,"probabilities to native, bilinear, thresholded there, and these numbers were measured from the masks that run kept",,,0.808925,,,0.876866,,,344.000000,0,0,104246,100279,
magreb_mimage25prime,magreb,unspecified,expert,1429,graded,"probabilities to native, bilinear, thresholded there, and these numbers were measured from the masks that run kept",,,0.842716,,,0.912872,,,179.000000,0,0,72532,87293,
magreb_mimage26prime,magreb,unspecified,expert,1423,graded,"probabilities to native, bilinear, thresholded there, and these numbers were measured from the masks that run kept",,,0.807617,,,0.888438,,,340.000000,0,0,72569,88144,
magreb_mimage29prime,magreb,unspecified,expert,1424,graded,"probabilities to native, bilinear, thresholded there, and these numbers were measured from the masks that run kept",,,0.789174,,,0.841209,,,222.000000,0,0,73430,84181,
magreb_mimage2prime,magreb,unspecified,expert,1445,graded,"probabilities to native, bilinear, thresholded there, and these numbers were measured from the masks that run kept",,,0.785390,,,0.830794,,,172.000000,0,0,52055,71374,
magreb_mimage30prime,magreb,unspecified,expert,1439,graded,"probabilities to native, bilinear, thresholded there, and these numbers were measured from the masks that run kept",,,0.733689,,,0.796099,,,118.000000,0,0,29616,61405,
magreb_mimage31prime,magreb,unspecified,expert,1445,graded,"probabilities to native, bilinear, thresholded there, and these numbers were measured from the masks that run kept",,,0.788352,,,0.836084,,,153.000000,0,0,51038,68594,
magreb_mimage32prime,magreb,unspecified,expert,1425,graded,"probabilities to native, bilinear, thresholded there, and these numbers were measured from the masks that run kept",,,0.754269,,,0.813025,,,339.000000,0,0,65497,73179,
magreb_mimage33prime,magreb,unspecified,expert,1426,graded,"probabilities to native, bilinear, thresholded there, and these numbers were measured from the masks that run kept",,,0.736439,,,0.834124,,,236.000000,0,0,46556,59138,
magreb_mimage35prime,magreb,unspecified,expert,1427,graded,"probabilities to native, bilinear, thresholded there, and these numbers were measured from the masks that run kept",,,0.813389,,,0.898923,,,108.000000,0,0,58225,67537,
magreb_mimage37prime,magreb,unspecified,expert,1432,graded,"probabilities to native, bilinear, thresholded there, and these numbers were measured from the masks that run kept",,,0.796938,,,0.859292,,,88.000000,0,0,53603,64635,
magreb_mimage38prime,magreb,unspecified,expert,1424,graded,"probabilities to native, bilinear, thresholded there, and these numbers were measured from the masks that run kept",,,0.809629,,,0.891886,,,140.000000,0,0,64867,66756,
magreb_mimage39prime,magreb,unspecified,expert,1420,graded,"probabilities to native, bilinear, thresholded there, and these numbers were measured from the masks that run kept",,,0.842165,,,0.923411,,,101.000000,0,0,55518,74314,
magreb_mimage3prime,magreb,unspecified,expert,1425,graded,"probabilities to native, bilinear, thresholded there, and these numbers were measured from the masks that run kept",,,0.841210,,,0.906422,,,137.000000,0,0,78953,85078,
magreb_mimage41prime,magreb,unspecified,expert,1426,graded,"probabilities to native, bilinear, thresholded there, and these numbers were measured from the masks that run kept",,,0.801576,,,0.875790,,,347.000000,0,0,68793,84239,
magreb_mimage42prime,magreb,unspecified,expert,1425,graded,"probabilities to native, bilinear, thresholded there, and these numbers were measured from the masks that run kept",,,0.804315,,,0.882328,,,231.000000,0,0,61582,80026,
magreb_mimage43prime,magreb,unspecified,expert,1449,graded,"probabilities to native, bilinear, thresholded there, and these numbers were measured from the masks that run kept",,,0.714473,,,0.803800,,,271.000000,0,0,51502,72634,
magreb_mimage44prime,magreb,unspecified,expert,1448,graded,"probabilities to native, bilinear, thresholded there, and these numbers were measured from the masks that run kept",,,0.782057,,,0.853452,,,231.000000,0,0,55140,74812,
magreb_mimage46prime,magreb,unspecified,expert,1452,graded,"probabilities to native, bilinear, thresholded there, and these numbers were measured from the masks that run kept",,,0.767374,,,0.846313,,,193.000000,0,0,64674,70179,
magreb_mimage4prime,magreb,unspecified,expert,1456,graded,"probabilities to native, bilinear, thresholded there, and these numbers were measured from the masks that run kept",,,0.836063,,,0.891053,,,198.000000,0,0,81852,81600,
magreb_mimage6prime,magreb,unspecified,expert,1449,graded,"probabilities to native, bilinear, thresholded there, and these numbers were measured from the masks that run kept",,,0.801996,,,0.873350,,,195.000000,0,0,54272,75303,
magreb_mimage8prime,magreb,unspecified,expert,1445,graded,"probabilities to native, bilinear, thresholded there, and these numbers were measured from the masks that run kept",,,0.773745,,,0.863774,,,145.000000,0,0,67059,82636,
magreb_mimage9prime,magreb,unspecified,expert,1428,graded,"probabilities to native, bilinear, thresholded there, and these numbers were measured from the masks that run kept",,,0.818024,,,0.883964,,,108.000000,0,0,61482,79583,
mbrset_1000_3,mbrset,unspecified,expert,1445,graded,"probabilities to native, bilinear, thresholded there, and these numbers were measured from the masks that run kept",,,0.827467,,,0.885970,,,166.000000,0,0,76045,91993,
mbrset_1005_1,mbrset,unspecified,expert,1445,graded,"probabilities to native, bilinear, thresholded there, and these numbers were measured from the masks that run kept",,,0.832519,,,0.885756,,,218.000000,0,0,82652,81140,
mbrset_1009_3,mbrset,unspecified,expert,1445,graded,"probabilities to native, bilinear, thresholded there, and these numbers were measured from the masks that run kept",,,0.846158,,,0.876809,,,217.000000,0,0,73376,106550,
mbrset_100_3,mbrset,unspecified,expert,1449,graded,"probabilities to native, bilinear, thresholded there, and these numbers were measured from the masks that run kept",,,0.744041,,,0.740435,,,172.000000,0,0,65805,79956,
mbrset_1011_3,mbrset,unspecified,expert,1445,graded,"probabilities to native, bilinear, thresholded there, and these numbers were measured from the masks that run kept",,,0.818158,,,0.868083,,,178.000000,0,0,67935,59751,
mbrset_1015_3,mbrset,unspecified,expert,1443,graded,"probabilities to native, bilinear, thresholded there, and these numbers were measured from the masks that run kept",,,0.841681,,,0.896398,,,176.000000,0,0,77592,88490,
mbrset_1016_1,mbrset,unspecified,expert,1443,graded,"probabilities to native, bilinear, thresholded there, and these numbers were measured from the masks that run kept",,,0.841509,,,0.915375,,,131.000000,0,0,72593,66310,
mbrset_1017_3,mbrset,unspecified,expert,1445,graded,"probabilities to native, bilinear, thresholded there, and these numbers were measured from the masks that run kept",,,0.787765,,,0.852448,,,163.000000,0,0,78602,82831,
mbrset_1018_1,mbrset,unspecified,expert,1446,graded,"probabilities to native, bilinear, thresholded there, and these numbers were measured from the masks that run kept",,,0.833727,,,0.868324,,,138.000000,0,0,45966,69406,
mbrset_1019_3,mbrset,unspecified,expert,1442,graded,"probabilities to native, bilinear, thresholded there, and these numbers were measured from the masks that run kept",,,0.840221,,,0.881630,,,143.000000,0,0,79408,79308,
mbrset_1020_3,mbrset,unspecified,expert,1445,graded,"probabilities to native, bilinear, thresholded there, and these numbers were measured from the masks that run kept",,,0.852906,,,0.881337,,,245.000000,0,0,66811,79686,
mbrset_1025_1,mbrset,unspecified,expert,1444,graded,"probabilities to native, bilinear, thresholded there, and these numbers were measured from the masks that run kept",,,0.807144,,,0.812827,,,123.000000,0,0,57849,75964,
mbrset_1027_3,mbrset,unspecified,expert,1445,graded,"probabilities to native, bilinear, thresholded there, and these numbers were measured from the masks that run kept",,,0.823470,,,0.862847,,,185.000000,0,0,53190,80380,
mbrset_1029_3,mbrset,unspecified,expert,1445,graded,"probabilities to native, bilinear, thresholded there, and these numbers were measured from the masks that run kept",,,0.814966,,,0.844879,,,186.000000,0,0,50998,78641,
mbrset_1031_1,mbrset,unspecified,expert,1445,graded,"probabilities to native, bilinear, thresholded there, and these numbers were measured from the masks that run kept",,,0.871831,,,0.919748,,,123.000000,0,0,78212,88227,
mbrset_1053_1,mbrset,unspecified,expert,1443,graded,"probabilities to native, bilinear, thresholded there, and these numbers were measured from the masks that run kept",,,0.832187,,,0.853441,,,153.000000,0,0,53195,94389,
mbrset_1060_1,mbrset,unspecified,expert,1445,graded,"probabilities to native, bilinear, thresholded there, and these numbers were measured from the masks that run kept",,,0.809974,,,0.864191,,,179.000000,0,0,57746,59671,
mbrset_1098_1,mbrset,unspecified,expert,1447,graded,"probabilities to native, bilinear, thresholded there, and these numbers were measured from the masks that run kept",,,0.794029,,,0.838520,,,133.000000,0,0,42220,56766,
mbrset_10_3,mbrset,unspecified,expert,1445,graded,"probabilities to native, bilinear, thresholded there, and these numbers were measured from the masks that run kept",,,0.805984,,,0.857333,,,205.000000,0,0,70129,76542,
mbrset_110_1,mbrset,unspecified,expert,1438,graded,"probabilities to native, bilinear, thresholded there, and these numbers were measured from the masks that run kept",,,0.842263,,,0.900166,,,126.000000,0,0,58901,80640,
mbrset_215_3,mbrset,unspecified,expert,1445,graded,"probabilities to native, bilinear, thresholded there, and these numbers were measured from the masks that run kept",,,0.815073,,,0.829766,,,217.000000,0,0,56863,68934,
mbrset_227_1,mbrset,unspecified,expert,1446,graded,"probabilities to native, bilinear, thresholded there, and these numbers were measured from the masks that run kept",,,0.789302,,,0.805760,,,170.000000,0,0,45330,61763,
mbrset_257_1,mbrset,unspecified,expert,1443,graded,"probabilities to native, bilinear, thresholded there, and these numbers were measured from the masks that run kept",,,0.806958,,,0.848473,,,164.000000,0,0,66101,77338,
mbrset_258_3,mbrset,unspecified,expert,1446,graded,"probabilities to native, bilinear, thresholded there, and these numbers were measured from the masks that run kept",,,0.835874,,,0.882043,,,169.000000,0,0,98034,91588,
mbrset_280_3,mbrset,unspecified,expert,1441,graded,"probabilities to native, bilinear, thresholded there, and these numbers were measured from the masks that run kept",,,0.839383,,,0.877593,,,208.000000,0,0,70262,95999,
mbrset_285_3,mbrset,unspecified,expert,1446,graded,"probabilities to native, bilinear, thresholded there, and these numbers were measured from the masks that run kept",,,0.856384,,,0.901376,,,169.000000,0,0,60952,70145,
mbrset_4_1,mbrset,unspecified,expert,1446,graded,"probabilities to native, bilinear, thresholded there, and these numbers were measured from the masks that run kept",,,0.784530,,,0.807998,,,155.000000,0,0,47581,83174,
messidor_messidor20051019_38557_0100_pp,messidor,unspecified,expert,1383,graded,"probabilities to native, bilinear, thresholded there, and these numbers were measured from the masks that run kept",,,0.818377,,,0.891729,,,197.000000,0,0,65678,93367,
messidor_messidor20051020_43808_0100_pp,messidor,unspecified,expert,1383,graded,"probabilities to native, bilinear, thresholded there, and these numbers were measured from the masks that run kept",,,0.836084,,,0.908369,,,177.000000,0,0,79278,103720,
messidor_messidor20051020_43832_0100_pp,messidor,unspecified,expert,1383,graded,"probabilities to native, bilinear, thresholded there, and these numbers were measured from the masks that run kept",,,0.856252,,,0.907414,,,149.000000,0,0,79770,101453,
messidor_messidor20051020_43882_0100_pp,messidor,unspecified,expert,1387,graded,"probabilities to native, bilinear, thresholded there, and these numbers were measured from the masks that run kept",,,0.825084,,,0.903316,,,186.000000,0,0,87165,94504,
messidor_messidor20051020_43906_0100_pp,messidor,unspecified,expert,1386,graded,"probabilities to native, bilinear, thresholded there, and these numbers were measured from the masks that run kept",,,0.817300,,,0.895036,,,168.000000,0,0,76867,84629,
messidor_messidor20051020_44261_0100_pp,messidor,unspecified,expert,1384,graded,"probabilities to native, bilinear, thresholded there, and these numbers were measured from the masks that run kept",,,0.832328,,,0.891234,,,209.000000,0,0,86963,90239,
messidor_messidor20051020_44284_0100_pp,messidor,unspecified,expert,1385,graded,"probabilities to native, bilinear, thresholded there, and these numbers were measured from the masks that run kept",,,0.829359,,,0.891968,,,189.000000,0,0,91805,90034,
messidor_messidor20051020_44338_0100_pp,messidor,unspecified,expert,1384,graded,"probabilities to native, bilinear, thresholded there, and these numbers were measured from the masks that run kept",,,0.830076,,,0.904276,,,116.000000,0,0,83300,107144,
messidor_messidor20051020_44400_0100_pp,messidor,unspecified,expert,1383,graded,"probabilities to native, bilinear, thresholded there, and these numbers were measured from the masks that run kept",,,0.819597,,,0.908229,,,113.000000,0,0,71027,88906,
messidor_messidor20051020_44636_0100_pp,messidor,unspecified,expert,1384,graded,"probabilities to native, bilinear, thresholded there, and these numbers were measured from the masks that run kept",,,0.818911,,,0.916854,,,152.000000,0,0,79728,83716,
messidor_messidor20051020_44714_0100_pp,messidor,unspecified,expert,1382,graded,"probabilities to native, bilinear, thresholded there, and these numbers were measured from the masks that run kept",,,0.822896,,,0.895365,,,239.000000,0,0,92885,102005,
messidor_messidor20051020_44762_0100_pp,messidor,unspecified,expert,1383,graded,"probabilities to native, bilinear, thresholded there, and these numbers were measured from the masks that run kept",,,0.841017,,,0.896362,,,139.000000,0,0,77488,96924,
messidor_messidor20051020_44782_0100_pp,messidor,unspecified,expert,1383,graded,"probabilities to native, bilinear, thresholded there, and these numbers were measured from the masks that run kept",,,0.844754,,,0.916410,,,182.000000,0,0,75231,90317,
messidor_messidor20051020_44901_0100_pp,messidor,unspecified,expert,1382,graded,"probabilities to native, bilinear, thresholded there, and these numbers were measured from the masks that run kept",,,0.849529,,,0.914020,,,85.000000,0,0,66950,82156,
messidor_messidor20051020_44923_0100_pp,messidor,unspecified,expert,1383,graded,"probabilities to native, bilinear, thresholded there, and these numbers were measured from the masks that run kept",,,0.832118,,,0.882025,,,149.000000,0,0,72693,87708,
messidor_messidor20051020_44982_0100_pp,messidor,unspecified,expert,1384,graded,"probabilities to native, bilinear, thresholded there, and these numbers were measured from the masks that run kept",,,0.818451,,,0.901614,,,209.000000,0,0,82707,79481,
messidor_messidor20051020_45004_0100_pp,messidor,unspecified,expert,1385,graded,"probabilities to native, bilinear, thresholded there, and these numbers were measured from the masks that run kept",,,0.810247,,,0.900829,,,131.000000,0,0,83765,86562,
messidor_messidor20051020_45050_0100_pp,messidor,unspecified,expert,1385,graded,"probabilities to native, bilinear, thresholded there, and these numbers were measured from the masks that run kept",,,0.811562,,,0.878281,,,166.000000,0,0,57404,84120,
messidor_messidor20051020_45068_0100_pp,messidor,unspecified,expert,1385,graded,"probabilities to native, bilinear, thresholded there, and these numbers were measured from the masks that run kept",,,0.817946,,,0.873122,,,155.000000,0,0,50404,81992,
messidor_messidor20051020_45137_0100_pp,messidor,unspecified,expert,1384,graded,"probabilities to native, bilinear, thresholded there, and these numbers were measured from the masks that run kept",,,0.827218,,,0.872918,,,279.000000,0,0,86553,108704,
messidor_messidor20051020_52801_0100_pp,messidor,unspecified,expert,1383,graded,"probabilities to native, bilinear, thresholded there, and these numbers were measured from the masks that run kept",,,0.837002,,,0.884864,,,168.000000,0,0,71144,101931,
messidor_messidor20051020_53062_0100_pp,messidor,unspecified,expert,1382,graded,"probabilities to native, bilinear, thresholded there, and these numbers were measured from the masks that run kept",,,0.853951,,,0.928822,,,138.000000,0,0,86789,101269,
messidor_messidor20051020_53178_0100_pp,messidor,unspecified,expert,1382,graded,"probabilities to native, bilinear, thresholded there, and these numbers were measured from the masks that run kept",,,0.855580,,,0.911773,,,164.000000,0,0,84357,101366,
messidor_messidor20051020_56592_0100_pp,messidor,unspecified,expert,1384,graded,"probabilities to native, bilinear, thresholded there, and these numbers were measured from the masks that run kept",,,0.821947,,,0.902376,,,133.000000,0,0,84599,84503,
messidor_messidor20051020_56791_0100_pp,messidor,unspecified,expert,1384,graded,"probabilities to native, bilinear, thresholded there, and these numbers were measured from the masks that run kept",,,0.847866,,,0.905372,,,155.000000,0,0,78858,97404,
messidor_messidor20051020_57157_0100_pp,messidor,unspecified,expert,1384,graded,"probabilities to native, bilinear, thresholded there, and these numbers were measured from the masks that run kept",,,0.837070,,,0.900406,,,167.000000,0,0,81268,98315,
messidor_messidor20051020_57566_0100_pp,messidor,unspecified,expert,1383,graded,"probabilities to native, bilinear, thresholded there, and these numbers were measured from the masks that run kept",,,0.829595,,,0.902340,,,239.000000,0,0,83993,100342,
messidor_messidor20051020_57622_0100_pp,messidor,unspecified,expert,1382,graded,"probabilities to native, bilinear, thresholded there, and these numbers were measured from the masks that run kept",,,0.825123,,,0.884911,,,175.000000,0,0,84238,116589,
messidor_messidor20051020_57761_0100_pp,messidor,unspecified,expert,1386,graded,"probabilities to native, bilinear, thresholded there, and these numbers were measured from the masks that run kept",,,0.819954,,,0.906794,,,165.000000,0,0,77125,94978,
messidor_messidor20051020_58065_0100_pp,messidor,unspecified,expert,1383,graded,"probabilities to native, bilinear, thresholded there, and these numbers were measured from the masks that run kept",,,0.825143,,,0.884054,,,147.000000,0,0,72246,70533,
messidor_messidor20051020_61757_0100_pp,messidor,unspecified,expert,1384,graded,"probabilities to native, bilinear, thresholded there, and these numbers were measured from the masks that run kept",,,0.853797,,,0.895367,,,208.000000,0,0,73747,104853,
messidor_messidor20051020_61804_0100_pp,messidor,unspecified,expert,1381,graded,"probabilities to native, bilinear, thresholded there, and these numbers were measured from the masks that run kept",,,0.840549,,,0.889622,,,247.000000,0,0,74802,105135,
messidor_messidor20051020_62014_0100_pp,messidor,unspecified,expert,1381,graded,"probabilities to native, bilinear, thresholded there, and these numbers were measured from the masks that run kept",,,0.853883,,,0.886019,,,100.000000,0,0,64496,71534,
messidor_messidor20051020_62337_0100_pp,messidor,unspecified,expert,1383,graded,"probabilities to native, bilinear, thresholded there, and these numbers were measured from the masks that run kept",,,0.821837,,,0.891806,,,158.000000,0,0,68502,83977,
messidor_messidor20051020_62461_0100_pp,messidor,unspecified,expert,1388,graded,"probabilities to native, bilinear, thresholded there, and these numbers were measured from the masks that run kept",,,0.818044,,,0.899125,,,216.000000,0,0,78335,80585,
messidor_messidor20051020_62510_0100_pp,messidor,unspecified,expert,1389,graded,"probabilities to native, bilinear, thresholded there, and these numbers were measured from the masks that run kept",,,0.818115,,,0.909635,,,163.000000,0,0,79033,79367,
messidor_messidor20051020_62577_0100_pp,messidor,unspecified,expert,1384,graded,"probabilities to native, bilinear, thresholded there, and these numbers were measured from the masks that run kept",,,0.824605,,,0.886731,,,203.000000,0,0,86439,105698,
messidor_messidor20051020_62615_0100_pp,messidor,unspecified,expert,1384,graded,"probabilities to native, bilinear, thresholded there, and these numbers were measured from the masks that run kept",,,0.830279,,,0.907267,,,211.000000,0,0,86071,105318,
messidor_messidor20051020_62878_0100_pp,messidor,unspecified,expert,1384,graded,"probabilities to native, bilinear, thresholded there, and these numbers were measured from the masks that run kept",,,0.830528,,,0.886283,,,175.000000,0,0,73003,86853,
messidor_messidor20051020_63045_0100_pp,messidor,unspecified,expert,1383,graded,"probabilities to native, bilinear, thresholded there, and these numbers were measured from the masks that run kept",,,0.850382,,,0.903099,,,148.000000,0,0,70094,82582,
messidor_messidor20051020_63337_0100_pp,messidor,unspecified,expert,1384,graded,"probabilities to native, bilinear, thresholded there, and these numbers were measured from the masks that run kept",,,0.808556,,,0.906324,,,168.000000,0,0,84512,82249,
messidor_messidor20051020_63711_0100_pp,messidor,unspecified,expert,1383,graded,"probabilities to native, bilinear, thresholded there, and these numbers were measured from the masks that run kept",,,0.837746,,,0.911378,,,136.000000,0,0,84533,97644,
messidor_messidor20051020_63829_0100_pp,messidor,unspecified,expert,1383,graded,"probabilities to native, bilinear, thresholded there, and these numbers were measured from the masks that run kept",,,0.839850,,,0.915231,,,143.000000,0,0,83202,97467,
messidor_messidor20051020_63936_0100_pp,messidor,unspecified,expert,1382,graded,"probabilities to native, bilinear, thresholded there, and these numbers were measured from the masks that run kept",,,0.842893,,,0.909747,,,157.000000,0,0,83697,93724,
messidor_messidor20051020_64007_0100_pp,messidor,unspecified,expert,1384,graded,"probabilities to native, bilinear, thresholded there, and these numbers were measured from the masks that run kept",,,0.830350,,,0.901720,,,172.000000,0,0,70888,98211,
messidor_messidor20051020_64388_0100_pp,messidor,unspecified,expert,1385,graded,"probabilities to native, bilinear, thresholded there, and these numbers were measured from the masks that run kept",,,0.826296,,,0.893686,,,220.000000,0,0,72862,82580,
messidor_messidor20051020_64518_0100_pp,messidor,unspecified,expert,1386,graded,"probabilities to native, bilinear, thresholded there, and these numbers were measured from the masks that run kept",,,0.828928,,,0.896782,,,153.000000,0,0,72710,93325,
messidor_messidor20051020_64570_0100_pp,messidor,unspecified,expert,1386,graded,"probabilities to native, bilinear, thresholded there, and these numbers were measured from the masks that run kept",,,0.833491,,,0.908690,,,162.000000,0,0,76549,89599,
messidor_messidor20051020_64653_0100_pp,messidor,unspecified,expert,1384,graded,"probabilities to native, bilinear, thresholded there, and these numbers were measured from the masks that run kept",,,0.827786,,,0.862699,,,159.000000,0,0,80543,106894,
messidor_messidor20051020_64703_0100_pp,messidor,unspecified,expert,1385,graded,"probabilities to native, bilinear, thresholded there, and these numbers were measured from the masks that run kept",,,0.834901,,,0.894589,,,139.000000,0,0,76846,103219,
messidor_messidor20051020_64836_0100_pp,messidor,unspecified,expert,1382,graded,"probabilities to native, bilinear, thresholded there, and these numbers were measured from the masks that run kept",,,0.824140,,,0.893008,,,139.000000,0,0,71968,90786,
messidor_messidor20051020_64945_0100_pp,messidor,unspecified,expert,1384,graded,"probabilities to native, bilinear, thresholded there, and these numbers were measured from the masks that run kept",,,0.828510,,,0.888876,,,188.000000,0,0,80684,102192,
messidor_messidor20051021_36380_0100_pp,messidor,unspecified,expert,1384,graded,"probabilities to native, bilinear, thresholded there, and these numbers were measured from the masks that run kept",,,0.816829,,,0.898735,,,138.000000,0,0,59644,82372,
messidor_messidor20051021_36476_0100_pp,messidor,unspecified,expert,1383,graded,"probabilities to native, bilinear, thresholded there, and these numbers were measured from the masks that run kept",,,0.821587,,,0.867856,,,187.000000,0,0,63658,90748,
messidor_messidor20051021_39222_0100_pp,messidor,unspecified,expert,1385,graded,"probabilities to native, bilinear, thresholded there, and these numbers were measured from the masks that run kept",,,0.832850,,,0.902681,,,127.000000,0,0,79843,92356,
messidor_messidor20051021_39314_0100_pp,messidor,unspecified,expert,1387,graded,"probabilities to native, bilinear, thresholded there, and these numbers were measured from the masks that run kept",,,0.828207,,,0.918099,,,141.000000,0,0,73558,92994,
messidor_messidor20051021_39661_0100_pp,messidor,unspecified,expert,1384,graded,"probabilities to native, bilinear, thresholded there, and these numbers were measured from the masks that run kept",,,0.836922,,,0.917295,,,190.000000,0,0,107666,97292,
messidor_messidor20051021_39719_0100_pp,messidor,unspecified,expert,1383,graded,"probabilities to native, bilinear, thresholded there, and these numbers were measured from the masks that run kept",,,0.840423,,,0.910279,,,187.000000,0,0,108331,106322,
messidor_messidor20051021_39845_0100_pp,messidor,unspecified,expert,1382,graded,"probabilities to native, bilinear, thresholded there, and these numbers were measured from the masks that run kept",,,0.826430,,,0.910181,,,212.000000,0,0,88917,94251,
messidor_messidor20051021_40018_0100_pp,messidor,unspecified,expert,1382,graded,"probabilities to native, bilinear, thresholded there, and these numbers were measured from the masks that run kept",,,0.822325,,,0.894277,,,161.000000,0,0,80000,87937,
messidor_messidor20051021_40074_0100_pp,messidor,unspecified,expert,1383,graded,"probabilities to native, bilinear, thresholded there, and these numbers were measured from the masks that run kept",,,0.823865,,,0.915583,,,121.000000,0,0,84108,83065,
messidor_messidor20051021_40248_0100_pp,messidor,unspecified,expert,1384,graded,"probabilities to native, bilinear, thresholded there, and these numbers were measured from the masks that run kept",,,0.824165,,,0.873877,,,108.000000,0,0,72946,80209,
messidor_messidor20051021_40377_0100_pp,messidor,unspecified,expert,1385,graded,"probabilities to native, bilinear, thresholded there, and these numbers were measured from the masks that run kept",,,0.812594,,,0.856049,,,252.000000,0,0,81102,90671,
messidor_messidor20051021_40450_0100_pp,messidor,unspecified,expert,1384,graded,"probabilities to native, bilinear, thresholded there, and these numbers were measured from the masks that run kept",,,0.824656,,,0.888661,,,156.000000,0,0,75878,91783,
messidor_messidor20051021_51418_0100_pp,messidor,unspecified,expert,1384,graded,"probabilities to native, bilinear, thresholded there, and these numbers were measured from the masks that run kept",,,0.848670,,,0.906797,,,110.000000,0,0,83443,103153,
messidor_messidor20051021_51561_0100_pp,messidor,unspecified,expert,1384,graded,"probabilities to native, bilinear, thresholded there, and these numbers were measured from the masks that run kept",,,0.823961,,,0.910207,,,142.000000,0,0,78638,86478,
papila_ret002od,papila,unspecified,expert,1448,graded,"probabilities to native, bilinear, thresholded there, and these numbers were measured from the masks that run kept",,,0.886254,,,0.915030,,,127.000000,0,0,87633,94156,
papila_ret004os,papila,unspecified,expert,1448,graded,"probabilities to native, bilinear, thresholded there, and these numbers were measured from the masks that run kept",,,0.885863,,,0.920650,,,128.000000,0,0,86821,87801,
papila_ret006od,papila,unspecified,expert,1448,graded,"probabilities to native, bilinear, thresholded there, and these numbers were measured from the masks that run kept",,,0.873074,,,0.915138,,,59.000000,0,0,58980,61191,
papila_ret007os,papila,unspecified,expert,1448,graded,"probabilities to native, bilinear, thresholded there, and these numbers were measured from the masks that run kept",,,0.882882,,,0.899880,,,151.000000,0,0,114380,105927,
papila_ret008od,papila,unspecified,expert,1448,graded,"probabilities to native, bilinear, thresholded there, and these numbers were measured from the masks that run kept",,,0.888829,,,0.922954,,,95.000000,0,0,78665,80007,
papila_ret015os,papila,unspecified,expert,1449,graded,"probabilities to native, bilinear, thresholded there, and these numbers were measured from the masks that run kept",,,0.819048,,,0.855505,,,108.000000,0,0,79997,92720,
papila_ret016os,papila,unspecified,expert,1447,graded,"probabilities to native, bilinear, thresholded there, and these numbers were measured from the masks that run kept",,,0.845291,,,0.882874,,,77.000000,0,0,58877,83698,
papila_ret018os,papila,unspecified,expert,1449,graded,"probabilities to native, bilinear, thresholded there, and these numbers were measured from the masks that run kept",,,0.881786,,,0.919682,,,91.000000,0,0,83083,95226,
papila_ret019os,papila,unspecified,expert,1448,graded,"probabilities to native, bilinear, thresholded there, and these numbers were measured from the masks that run kept",,,0.855706,,,0.905641,,,62.000000,0,0,72537,81618,
papila_ret020od,papila,unspecified,expert,1448,graded,"probabilities to native, bilinear, thresholded there, and these numbers were measured from the masks that run kept",,,0.784777,,,0.809707,,,71.000000,0,0,56322,59244,
papila_ret021os,papila,unspecified,expert,1448,graded,"probabilities to native, bilinear, thresholded there, and these numbers were measured from the masks that run kept",,,0.873047,,,0.900789,,,110.000000,0,0,92075,80513,
papila_ret023od,papila,unspecified,expert,1449,graded,"probabilities to native, bilinear, thresholded there, and these numbers were measured from the masks that run kept",,,0.842143,,,0.881149,,,87.000000,0,0,59584,66945,
papila_ret026od,papila,unspecified,expert,1448,graded,"probabilities to native, bilinear, thresholded there, and these numbers were measured from the masks that run kept",,,0.888674,,,0.916888,,,81.000000,0,0,70592,89091,
papila_ret038od,papila,unspecified,expert,1448,graded,"probabilities to native, bilinear, thresholded there, and these numbers were measured from the masks that run kept",,,0.878583,,,0.872126,,,141.000000,0,0,98747,99595,
papila_ret041od,papila,unspecified,expert,1448,graded,"probabilities to native, bilinear, thresholded there, and these numbers were measured from the masks that run kept",,,0.828239,,,0.851089,,,85.000000,0,0,70985,78060,
papila_ret044os,papila,unspecified,expert,1448,graded,"probabilities to native, bilinear, thresholded there, and these numbers were measured from the masks that run kept",,,0.873389,,,0.893014,,,73.000000,0,0,63796,70154,
papila_ret047od,papila,unspecified,expert,1448,graded,"probabilities to native, bilinear, thresholded there, and these numbers were measured from the masks that run kept",,,0.844339,,,0.899743,,,77.000000,0,0,64255,55544,
papila_ret048od,papila,unspecified,expert,1449,graded,"probabilities to native, bilinear, thresholded there, and these numbers were measured from the masks that run kept",,,0.837306,,,0.896783,,,152.000000,0,0,58946,74833,
papila_ret050od,papila,unspecified,expert,1448,graded,"probabilities to native, bilinear, thresholded there, and these numbers were measured from the masks that run kept",,,0.852699,,,0.889005,,,163.000000,0,0,85839,92692,
papila_ret053os,papila,unspecified,expert,1449,graded,"probabilities to native, bilinear, thresholded there, and these numbers were measured from the masks that run kept",,,0.812764,,,0.813943,,,99.000000,0,0,56008,58960,
papila_ret056os,papila,unspecified,expert,1448,graded,"probabilities to native, bilinear, thresholded there, and these numbers were measured from the masks that run kept",,,0.801822,,,0.877188,,,59.000000,0,0,54508,65552,
papila_ret057od,papila,unspecified,expert,1449,graded,"probabilities to native, bilinear, thresholded there, and these numbers were measured from the masks that run kept",,,0.825703,,,0.905468,,,85.000000,0,0,88974,93227,
papila_ret062od,papila,unspecified,expert,1448,graded,"probabilities to native, bilinear, thresholded there, and these numbers were measured from the masks that run kept",,,0.905120,,,0.926222,,,87.000000,0,0,87101,81548,
papila_ret064os,papila,unspecified,expert,1448,graded,"probabilities to native, bilinear, thresholded there, and these numbers were measured from the masks that run kept",,,0.894018,,,0.929091,,,68.000000,0,0,78273,79981,
papila_ret067os,papila,unspecified,expert,1448,graded,"probabilities to native, bilinear, thresholded there, and these numbers were measured from the masks that run kept",,,0.888962,,,0.925564,,,104.000000,0,0,92835,105463,
papila_ret073os,papila,unspecified,expert,1449,graded,"probabilities to native, bilinear, thresholded there, and these numbers were measured from the masks that run kept",,,0.881600,,,0.892133,,,70.000000,0,0,69009,62032,
papila_ret074od,papila,unspecified,expert,1448,graded,"probabilities to native, bilinear, thresholded there, and these numbers were measured from the masks that run kept",,,0.830854,,,0.887818,,,132.000000,0,0,55685,63840,
papila_ret077os,papila,unspecified,expert,1448,graded,"probabilities to native, bilinear, thresholded there, and these numbers were measured from the masks that run kept",,,0.883295,,,0.913326,,,68.000000,0,0,73518,77008,
papila_ret079od,papila,unspecified,expert,1448,graded,"probabilities to native, bilinear, thresholded there, and these numbers were measured from the masks that run kept",,,0.891343,,,0.893455,,,97.000000,0,0,94232,93107,
papila_ret081od,papila,unspecified,expert,1448,graded,"probabilities to native, bilinear, thresholded there, and these numbers were measured from the masks that run kept",,,0.858898,,,0.874993,,,107.000000,0,0,84252,94374,
papila_ret084os,papila,unspecified,expert,1448,graded,"probabilities to native, bilinear, thresholded there, and these numbers were measured from the masks that run kept",,,0.765511,,,0.787120,,,147.000000,0,0,54997,65850,
papila_ret088od,papila,unspecified,expert,1448,graded,"probabilities to native, bilinear, thresholded there, and these numbers were measured from the masks that run kept",,,0.775101,,,0.817716,,,108.000000,0,0,63764,58940,
papila_ret089od,papila,unspecified,expert,1448,graded,"probabilities to native, bilinear, thresholded there, and these numbers were measured from the masks that run kept",,,0.845661,,,0.872495,,,93.000000,0,0,59204,65531,
papila_ret090od,papila,unspecified,expert,1448,graded,"probabilities to native, bilinear, thresholded there, and these numbers were measured from the masks that run kept",,,0.820095,,,0.857594,,,99.000000,0,0,63018,62049,
papila_ret091os,papila,unspecified,expert,1448,graded,"probabilities to native, bilinear, thresholded there, and these numbers were measured from the masks that run kept",,,0.862507,,,0.858057,,,91.000000,0,0,60118,74016,
papila_ret092os,papila,unspecified,expert,1448,graded,"probabilities to native, bilinear, thresholded there, and these numbers were measured from the masks that run kept",,,0.869183,,,0.909610,,,76.000000,0,0,59945,66979,
papila_ret096od,papila,unspecified,expert,1448,graded,"probabilities to native, bilinear, thresholded there, and these numbers were measured from the masks that run kept",,,0.856442,,,0.878372,,,68.000000,0,0,66546,69463,
papila_ret101od,papila,unspecified,expert,1448,graded,"probabilities to native, bilinear, thresholded there, and these numbers were measured from the masks that run kept",,,0.880648,,,0.898461,,,96.000000,0,0,81998,89276,
papila_ret102od,papila,unspecified,expert,1448,graded,"probabilities to native, bilinear, thresholded there, and these numbers were measured from the masks that run kept",,,0.884407,,,0.913415,,,71.000000,0,0,79717,91789,
papila_ret104os,papila,unspecified,expert,1448,graded,"probabilities to native, bilinear, thresholded there, and these numbers were measured from the masks that run kept",,,0.881816,,,0.903961,,,127.000000,0,0,100280,76071,
papila_ret105os,papila,unspecified,expert,1448,graded,"probabilities to native, bilinear, thresholded there, and these numbers were measured from the masks that run kept",,,0.712287,,,0.792490,,,124.000000,0,0,60199,76176,
papila_ret113os,papila,unspecified,expert,1448,graded,"probabilities to native, bilinear, thresholded there, and these numbers were measured from the masks that run kept",,,0.863674,,,0.903571,,,136.000000,0,0,67380,76105,
papila_ret114os,papila,unspecified,expert,1448,graded,"probabilities to native, bilinear, thresholded there, and these numbers were measured from the masks that run kept",,,0.802408,,,0.825757,,,98.000000,0,0,70009,90450,
papila_ret120od,papila,unspecified,expert,1448,graded,"probabilities to native, bilinear, thresholded there, and these numbers were measured from the masks that run kept",,,0.890569,,,0.918012,,,116.000000,0,0,81773,87333,
papila_ret133od,papila,unspecified,expert,1448,graded,"probabilities to native, bilinear, thresholded there, and these numbers were measured from the masks that run kept",,,0.822586,,,0.845946,,,153.000000,0,0,79470,70513,
papila_ret140os,papila,unspecified,expert,1448,graded,"probabilities to native, bilinear, thresholded there, and these numbers were measured from the masks that run kept",,,0.878585,,,0.888952,,,93.000000,0,0,87031,79695,
papila_ret146od,papila,unspecified,expert,1448,graded,"probabilities to native, bilinear, thresholded there, and these numbers were measured from the masks that run kept",,,0.866187,,,0.886355,,,118.000000,0,0,103464,80708,
papila_ret155os,papila,unspecified,expert,1448,graded,"probabilities to native, bilinear, thresholded there, and these numbers were measured from the masks that run kept",,,0.885089,,,0.897586,,,99.000000,0,0,82222,95929,
papila_ret168os,papila,unspecified,expert,1447,graded,"probabilities to native, bilinear, thresholded there, and these numbers were measured from the masks that run kept",,,0.651643,,,0.744465,,,216.000000,0,0,75445,88935,
papila_ret171os,papila,unspecified,expert,1447,graded,"probabilities to native, bilinear, thresholded there, and these numbers were measured from the masks that run kept",,,0.805651,,,0.829844,,,77.000000,0,0,66098,58705,
papila_ret172od,papila,unspecified,expert,1448,graded,"probabilities to native, bilinear, thresholded there, and these numbers were measured from the masks that run kept",,,0.842448,,,0.855856,,,114.000000,0,0,84479,85154,
papila_ret174os,papila,unspecified,expert,1448,graded,"probabilities to native, bilinear, thresholded there, and these numbers were measured from the masks that run kept",,,0.863460,,,0.932724,,,80.000000,0,0,84847,83998,
papila_ret177os,papila,unspecified,expert,1449,graded,"probabilities to native, bilinear, thresholded there, and these numbers were measured from the masks that run kept",,,0.859006,,,0.852244,,,95.000000,0,0,85683,75501,
papila_ret178os,papila,unspecified,expert,1449,graded,"probabilities to native, bilinear, thresholded there, and these numbers were measured from the masks that run kept",,,0.877499,,,0.889136,,,284.000000,0,0,82657,78201,
papila_ret180od,papila,unspecified,expert,1448,graded,"probabilities to native, bilinear, thresholded there, and these numbers were measured from the masks that run kept",,,0.896012,,,0.902721,,,146.000000,0,0,99228,88679,
papila_ret181os,papila,unspecified,expert,1448,graded,"probabilities to native, bilinear, thresholded there, and these numbers were measured from the masks that run kept",,,0.887149,,,0.924109,,,138.000000,0,0,88189,84273,
papila_ret184od,papila,unspecified,expert,1448,graded,"probabilities to native, bilinear, thresholded there, and these numbers were measured from the masks that run kept",,,0.866260,,,0.892468,,,83.000000,0,0,69885,83332,
papila_ret193os,papila,unspecified,expert,1448,graded,"probabilities to native, bilinear, thresholded there, and these numbers were measured from the masks that run kept",,,0.851958,,,0.868344,,,64.000000,0,0,84271,81810,
papila_ret203od,papila,unspecified,expert,1449,graded,"probabilities to native, bilinear, thresholded there, and these numbers were measured from the masks that run kept",,,0.850914,,,0.904890,,,94.000000,0,0,77396,87460,
papila_ret204os,papila,unspecified,expert,1449,graded,"probabilities to native, bilinear, thresholded there, and these numbers were measured from the masks that run kept",,,0.847539,,,0.928981,,,72.000000,0,0,105059,96018,
papila_ret208od,papila,unspecified,expert,1449,graded,"probabilities to native, bilinear, thresholded there, and these numbers were measured from the masks that run kept",,,0.891328,,,0.914159,,,120.000000,0,0,87898,101566,
papila_ret225od,papila,unspecified,expert,1448,graded,"probabilities to native, bilinear, thresholded there, and these numbers were measured from the masks that run kept",,,0.826171,,,0.842270,,,75.000000,0,0,73367,82068,
papila_ret228os,papila,unspecified,expert,1449,graded,"probabilities to native, bilinear, thresholded there, and these numbers were measured from the masks that run kept",,,0.845506,,,0.917257,,,192.000000,0,0,98526,88940,
papila_ret229od,papila,unspecified,expert,1448,graded,"probabilities to native, bilinear, thresholded there, and these numbers were measured from the masks that run kept",,,0.750111,,,0.790091,,,94.000000,0,0,54170,57962,
papila_ret232os,papila,unspecified,expert,1449,graded,"probabilities to native, bilinear, thresholded there, and these numbers were measured from the masks that run kept",,,0.866522,,,0.871312,,,88.000000,0,0,76099,102924,
papila_ret233os,papila,unspecified,expert,1449,graded,"probabilities to native, bilinear, thresholded there, and these numbers were measured from the masks that run kept",,,0.854304,,,0.886960,,,85.000000,0,0,68662,79311,
papila_ret235os,papila,unspecified,expert,1448,graded,"probabilities to native, bilinear, thresholded there, and these numbers were measured from the masks that run kept",,,0.904987,,,0.912261,,,102.000000,0,0,98121,97039,
papila_ret241od,papila,unspecified,expert,1448,graded,"probabilities to native, bilinear, thresholded there, and these numbers were measured from the masks that run kept",,,0.883327,,,0.936220,,,92.000000,0,0,90480,100099,
papila_ret246od,papila,unspecified,expert,1448,graded,"probabilities to native, bilinear, thresholded there, and these numbers were measured from the masks that run kept",,,0.641499,,,0.702630,,,120.000000,0,0,71779,71902,
papila_ret248od,papila,unspecified,expert,1449,graded,"probabilities to native, bilinear, thresholded there, and these numbers were measured from the masks that run kept",,,0.842157,,,0.873731,,,174.000000,0,0,65917,64008,
papila_ret258od,papila,unspecified,expert,1448,graded,"probabilities to native, bilinear, thresholded there, and these numbers were measured from the masks that run kept",,,0.884147,,,0.908460,,,117.000000,0,0,93186,113822,
papila_ret260os,papila,unspecified,expert,1449,graded,"probabilities to native, bilinear, thresholded there, and these numbers were measured from the masks that run kept",,,0.894247,,,0.919200,,,101.000000,0,0,107456,96420,
papila_ret266od,papila,unspecified,expert,1448,graded,"probabilities to native, bilinear, thresholded there, and these numbers were measured from the masks that run kept",,,0.863843,,,0.878006,,,129.000000,0,0,73578,100635,
papila_ret269od,papila,unspecified,expert,1448,graded,"probabilities to native, bilinear, thresholded there, and these numbers were measured from the masks that run kept",,,0.905555,,,0.942530,,,87.000000,0,0,82510,88021,
papila_ret271os,papila,unspecified,expert,1447,graded,"probabilities to native, bilinear, thresholded there, and these numbers were measured from the masks that run kept",,,0.884538,,,0.908147,,,76.000000,0,0,84967,92929,
papila_ret273os,papila,unspecified,expert,1449,graded,"probabilities to native, bilinear, thresholded there, and these numbers were measured from the masks that run kept",,,0.878046,,,0.916676,,,105.000000,0,0,82555,91304,
papila_ret276od,papila,unspecified,expert,1448,graded,"probabilities to native, bilinear, thresholded there, and these numbers were measured from the masks that run kept",,,0.880130,,,0.911392,,,114.000000,0,0,87875,81734,
papila_ret277od,papila,unspecified,expert,1449,graded,"probabilities to native, bilinear, thresholded there, and these numbers were measured from the masks that run kept",,,0.873036,,,0.934872,,,109.000000,0,0,62523,65299,
trend_11_l,trend,unspecified,expert,2177,graded,"probabilities to native, bilinear, thresholded there, and these numbers were measured from the masks that run kept",,,0.747589,,,0.788115,,,136.000000,0,0,137531,128940,
trend_15_l,trend,unspecified,expert,2177,graded,"probabilities to native, bilinear, thresholded there, and these numbers were measured from the masks that run kept",,,0.733499,,,0.799863,,,176.000000,0,0,159651,172007,
trend_16_r,trend,unspecified,expert,2177,graded,"probabilities to native, bilinear, thresholded there, and these numbers were measured from the masks that run kept",,,0.816080,,,0.878189,,,135.000000,0,0,147964,143994,
trend_17_l,trend,unspecified,expert,2177,graded,"probabilities to native, bilinear, thresholded there, and these numbers were measured from the masks that run kept",,,0.815022,,,0.872076,,,134.000000,0,0,171085,162702,
trend_17_r,trend,unspecified,expert,2177,graded,"probabilities to native, bilinear, thresholded there, and these numbers were measured from the masks that run kept",,,0.796571,,,0.852787,,,145.000000,0,0,173926,163430,
trend_1_l,trend,unspecified,expert,2177,graded,"probabilities to native, bilinear, thresholded there, and these numbers were measured from the masks that run kept",,,0.696643,,,0.725178,,,210.000000,0,0,153688,161726,
trend_20_l,trend,unspecified,expert,2177,graded,"probabilities to native, bilinear, thresholded there, and these numbers were measured from the masks that run kept",,,0.716044,,,0.767327,,,136.000000,0,0,90926,127726,
trend_22_r,trend,unspecified,expert,2177,graded,"probabilities to native, bilinear, thresholded there, and these numbers were measured from the masks that run kept",,,0.824740,,,0.873945,,,134.000000,0,0,128499,165419,
trend_23_r,trend,unspecified,expert,2177,graded,"probabilities to native, bilinear, thresholded there, and these numbers were measured from the masks that run kept",,,0.791696,,,0.828842,,,126.000000,0,0,128241,150841,
trend_24_l,trend,unspecified,expert,2177,graded,"probabilities to native, bilinear, thresholded there, and these numbers were measured from the masks that run kept",,,0.754577,,,0.781583,,,148.000000,0,0,116674,144118,
trend_24_r,trend,unspecified,expert,2177,graded,"probabilities to native, bilinear, thresholded there, and these numbers were measured from the masks that run kept",,,0.761405,,,0.822103,,,116.000000,0,0,123972,142112,
trend_25_r,trend,unspecified,expert,2177,graded,"probabilities to native, bilinear, thresholded there, and these numbers were measured from the masks that run kept",,,0.713991,,,0.783248,,,179.000000,0,0,141124,163119,
trend_26_l,trend,unspecified,expert,2177,graded,"probabilities to native, bilinear, thresholded there, and these numbers were measured from the masks that run kept",,,0.807320,,,0.849867,,,154.000000,0,0,168515,180475,
trend_26_r,trend,unspecified,expert,2177,graded,"probabilities to native, bilinear, thresholded there, and these numbers were measured from the masks that run kept",,,0.710690,,,0.751244,,,184.000000,0,0,142026,147889,
trend_28_r,trend,unspecified,expert,2177,graded,"probabilities to native, bilinear, thresholded there, and these numbers were measured from the masks that run kept",,,0.772727,,,0.803470,,,250.000000,0,0,182149,221168,
trend_2_r,trend,unspecified,expert,2177,graded,"probabilities to native, bilinear, thresholded there, and these numbers were measured from the masks that run kept",,,0.717189,,,0.735788,,,198.000000,0,0,133075,145790,
trend_30_r,trend,unspecified,expert,2177,graded,"probabilities to native, bilinear, thresholded there, and these numbers were measured from the masks that run kept",,,0.676820,,,0.785442,,,189.000000,0,0,127283,177894,
trend_31_r,trend,unspecified,expert,2177,graded,"probabilities to native, bilinear, thresholded there, and these numbers were measured from the masks that run kept",,,0.663854,,,0.775274,,,139.000000,0,0,114177,160047,
trend_32_r,trend,unspecified,expert,2177,graded,"probabilities to native, bilinear, thresholded there, and these numbers were measured from the masks that run kept",,,0.658774,,,0.704162,,,236.000000,0,0,135256,142167,
trend_33_l,trend,unspecified,expert,2177,graded,"probabilities to native, bilinear, thresholded there, and these numbers were measured from the masks that run kept",,,0.817192,,,0.853161,,,186.000000,0,0,166818,207055,
trend_33_r,trend,unspecified,expert,2177,graded,"probabilities to native, bilinear, thresholded there, and these numbers were measured from the masks that run kept",,,0.767681,,,0.863059,,,159.000000,0,0,146624,192787,
trend_35_l,trend,unspecified,expert,2177,graded,"probabilities to native, bilinear, thresholded there, and these numbers were measured from the masks that run kept",,,0.789192,,,0.771165,,,206.000000,0,0,192358,164592,
trend_37_l,trend,unspecified,expert,2177,graded,"probabilities to native, bilinear, thresholded there, and these numbers were measured from the masks that run kept",,,0.796688,,,0.847319,,,167.000000,0,0,146553,167732,
trend_38_l,trend,unspecified,expert,2177,graded,"probabilities to native, bilinear, thresholded there, and these numbers were measured from the masks that run kept",,,0.773127,,,0.753165,,,221.000000,0,0,154388,194716,
trend_38_r,trend,unspecified,expert,2177,graded,"probabilities to native, bilinear, thresholded there, and these numbers were measured from the masks that run kept",,,0.792488,,,0.851369,,,188.000000,0,0,178333,178859,
trend_39_l,trend,unspecified,expert,2177,graded,"probabilities to native, bilinear, thresholded there, and these numbers were measured from the masks that run kept",,,0.767461,,,0.797635,,,216.000000,0,0,166668,182201,
trend_39_r,trend,unspecified,expert,2177,graded,"probabilities to native, bilinear, thresholded there, and these numbers were measured from the masks that run kept",,,0.774255,,,0.812606,,,207.000000,0,0,187604,183171,
trend_3_r,trend,unspecified,expert,2177,graded,"probabilities to native, bilinear, thresholded there, and these numbers were measured from the masks that run kept",,,0.792242,,,0.887986,,,160.000000,0,0,125519,174647,
trend_40_l,trend,unspecified,expert,2177,graded,"probabilities to native, bilinear, thresholded there, and these numbers were measured from the masks that run kept",,,0.665919,,,0.713898,,,218.000000,0,0,116774,120307,
trend_40_r,trend,unspecified,expert,2177,graded,"probabilities to native, bilinear, thresholded there, and these numbers were measured from the masks that run kept",,,0.717113,,,0.705798,,,176.000000,0,0,150158,139367,
trend_42_l,trend,unspecified,expert,2177,graded,"probabilities to native, bilinear, thresholded there, and these numbers were measured from the masks that run kept",,,0.774781,,,0.830131,,,122.000000,0,0,143108,156778,
trend_42_r,trend,unspecified,expert,2177,graded,"probabilities to native, bilinear, thresholded there, and these numbers were measured from the masks that run kept",,,0.788303,,,0.849391,,,132.000000,0,0,145721,167204,
trend_45_l,trend,unspecified,expert,2177,graded,"probabilities to native, bilinear, thresholded there, and these numbers were measured from the masks that run kept",,,0.651128,,,0.685184,,,203.000000,0,0,156426,150138,
trend_46_l,trend,unspecified,expert,2177,graded,"probabilities to native, bilinear, thresholded there, and these numbers were measured from the masks that run kept",,,0.763877,,,0.798878,,,126.000000,0,0,117358,149686,
trend_46_r,trend,unspecified,expert,2177,graded,"probabilities to native, bilinear, thresholded there, and these numbers were measured from the masks that run kept",,,0.747590,,,0.791752,,,198.000000,0,0,132952,164529,
trend_4_l,trend,unspecified,expert,2177,graded,"probabilities to native, bilinear, thresholded there, and these numbers were measured from the masks that run kept",,,0.700296,,,0.747802,,,123.000000,0,0,97602,121953,
trend_4_r,trend,unspecified,expert,2177,graded,"probabilities to native, bilinear, thresholded there, and these numbers were measured from the masks that run kept",,,0.739632,,,0.795029,,,184.000000,0,0,100208,122299,
trend_5_l,trend,unspecified,expert,2177,graded,"probabilities to native, bilinear, thresholded there, and these numbers were measured from the masks that run kept",,,0.781624,,,0.828165,,,139.000000,0,0,113531,177015,
trend_6_r,trend,unspecified,expert,2177,graded,"probabilities to native, bilinear, thresholded there, and these numbers were measured from the masks that run kept",,,0.810886,,,0.868616,,,136.000000,0,0,163154,196641,
trend_7_l,trend,unspecified,expert,2177,graded,"probabilities to native, bilinear, thresholded there, and these numbers were measured from the masks that run kept",,,0.770723,,,0.824219,,,201.000000,0,0,160900,182708,
trend_9_r,trend,unspecified,expert,2177,graded,"probabilities to native, bilinear, thresholded there, and these numbers were measured from the masks that run kept",,,0.780628,,,0.837084,,,138.000000,0,0,131847,179193,
trend_n10c_r,trend,unspecified,expert,2172,graded,"probabilities to native, bilinear, thresholded there, and these numbers were measured from the masks that run kept",,,0.779813,,,0.834125,,,204.000000,0,0,168482,141422,
trend_n11c_l,trend,unspecified,expert,2175,graded,"probabilities to native, bilinear, thresholded there, and these numbers were measured from the masks that run kept",,,0.824672,,,0.865719,,,150.000000,0,0,167152,177009,
trend_n11c_r,trend,unspecified,expert,2173,graded,"probabilities to native, bilinear, thresholded there, and these numbers were measured from the masks that run kept",,,0.828298,,,0.888246,,,151.000000,0,0,179139,179837,
trend_n3c_r,trend,unspecified,expert,2173,graded,"probabilities to native, bilinear, thresholded there, and these numbers were measured from the masks that run kept",,,0.811477,,,0.820302,,,239.000000,0,0,112460,134360,
trend_n4c_l,trend,unspecified,expert,2171,graded,"probabilities to native, bilinear, thresholded there, and these numbers were measured from the masks that run kept",,,0.787403,,,0.851007,,,113.000000,0,0,130811,157295,
trend_n5c_r,trend,unspecified,expert,2175,graded,"probabilities to native, bilinear, thresholded there, and these numbers were measured from the masks that run kept",,,0.760596,,,0.795355,,,192.000000,0,0,148153,191983,
trend_n9c_r,trend,unspecified,expert,2173,graded,"probabilities to native, bilinear, thresholded there, and these numbers were measured from the masks that run kept",,,0.745266,,,0.794083,,,199.000000,0,0,113589,148127,
