key,subset,split,reader,native_side,outcome,resampling,artery_dice,vein_dice,vessels_dice,artery_cldice,vein_cldice,vessels_cldice,artery_betti,vein_betti,vessels_betti,said_artery_px,said_vein_px,truth_artery_px,truth_vein_px,note
test_100_d,main,test,expert,2019,graded,"probabilities to native, bilinear, thresholded there, and these numbers were measured from the masks that run kept",,,0.885768,,,0.926885,,,77.000000,98778,158017,0,0,
test_101_g,main,test,expert,2014,graded,"probabilities to native, bilinear, thresholded there, and these numbers were measured from the masks that run kept",,,0.790194,,,0.830705,,,79.000000,40404,96520,0,0,
test_102_g,main,test,expert,2019,graded,"probabilities to native, bilinear, thresholded there, and these numbers were measured from the masks that run kept",,,0.792059,,,0.828695,,,98.000000,73799,115811,0,0,
test_103_g,main,test,expert,2018,graded,"probabilities to native, bilinear, thresholded there, and these numbers were measured from the masks that run kept",,,0.783142,,,0.846666,,,127.000000,96736,134707,0,0,
test_104_g,main,test,expert,2014,graded,"probabilities to native, bilinear, thresholded there, and these numbers were measured from the masks that run kept",,,0.839570,,,0.914850,,,96.000000,91204,131698,0,0,
test_105_g,main,test,expert,2017,graded,"probabilities to native, bilinear, thresholded there, and these numbers were measured from the masks that run kept",,,0.882411,,,0.925286,,,93.000000,135782,161749,0,0,
test_106_g,main,test,expert,2013,graded,"probabilities to native, bilinear, thresholded there, and these numbers were measured from the masks that run kept",,,0.913497,,,0.929537,,,97.000000,158023,182083,0,0,
test_107_g,main,test,expert,2013,graded,"probabilities to native, bilinear, thresholded there, and these numbers were measured from the masks that run kept",,,0.891744,,,0.926624,,,155.000000,159049,189242,0,0,
test_108_g,main,test,expert,2015,graded,"probabilities to native, bilinear, thresholded there, and these numbers were measured from the masks that run kept",,,0.738710,,,0.791984,,,50.000000,17042,52271,0,0,
test_109_g,main,test,expert,2015,graded,"probabilities to native, bilinear, thresholded there, and these numbers were measured from the masks that run kept",,,0.893834,,,0.938152,,,116.000000,141268,164182,0,0,
test_10_a,main,test,expert,2018,graded,"probabilities to native, bilinear, thresholded there, and these numbers were measured from the masks that run kept",,,0.850985,,,0.902906,,,66.000000,119656,138379,0,0,
test_110_g,main,test,expert,2018,graded,"probabilities to native, bilinear, thresholded there, and these numbers were measured from the masks that run kept",,,0.883932,,,0.936241,,,104.000000,125638,150885,0,0,
test_111_g,main,test,expert,2013,graded,"probabilities to native, bilinear, thresholded there, and these numbers were measured from the masks that run kept",,,0.818571,,,0.863884,,,84.000000,92382,115828,0,0,
test_112_g,main,test,expert,2017,graded,"probabilities to native, bilinear, thresholded there, and these numbers were measured from the masks that run kept",,,0.883694,,,0.922971,,,90.000000,129820,145805,0,0,
test_113_g,main,test,expert,2016,graded,"probabilities to native, bilinear, thresholded there, and these numbers were measured from the masks that run kept",,,0.694009,,,0.727009,,,62.000000,11748,50594,0,0,
test_114_g,main,test,expert,2014,graded,"probabilities to native, bilinear, thresholded there, and these numbers were measured from the masks that run kept",,,0.720550,,,0.820774,,,26.000000,8410,53684,0,0,
test_115_g,main,test,expert,2014,graded,"probabilities to native, bilinear, thresholded there, and these numbers were measured from the masks that run kept",,,0.868079,,,0.898240,,,108.000000,108397,162507,0,0,
test_116_g,main,test,expert,2015,graded,"probabilities to native, bilinear, thresholded there, and these numbers were measured from the masks that run kept",,,0.829774,,,0.839766,,,82.000000,90407,132603,0,0,
test_117_g,main,test,expert,2015,graded,"probabilities to native, bilinear, thresholded there, and these numbers were measured from the masks that run kept",,,0.871468,,,0.924855,,,99.000000,107913,142340,0,0,
test_118_g,main,test,expert,2018,graded,"probabilities to native, bilinear, thresholded there, and these numbers were measured from the masks that run kept",,,0.892096,,,0.921214,,,108.000000,160985,171897,0,0,
test_119_g,main,test,expert,2015,graded,"probabilities to native, bilinear, thresholded there, and these numbers were measured from the masks that run kept",,,0.603390,,,0.620565,,,41.000000,15270,28672,0,0,
test_11_a,main,test,expert,2016,graded,"probabilities to native, bilinear, thresholded there, and these numbers were measured from the masks that run kept",,,0.868725,,,0.919688,,,75.000000,145933,139059,0,0,
test_120_g,main,test,expert,2014,graded,"probabilities to native, bilinear, thresholded there, and these numbers were measured from the masks that run kept",,,0.887151,,,0.934303,,,104.000000,143240,155978,0,0,
test_121_g,main,test,expert,2015,graded,"probabilities to native, bilinear, thresholded there, and these numbers were measured from the masks that run kept",,,0.735985,,,0.798050,,,72.000000,25818,62525,0,0,
test_122_g,main,test,expert,2021,graded,"probabilities to native, bilinear, thresholded there, and these numbers were measured from the masks that run kept",,,0.000000,,,0.000000,,,7.000000,0,0,0,0,
test_123_g,main,test,expert,2019,graded,"probabilities to native, bilinear, thresholded there, and these numbers were measured from the masks that run kept",,,0.029500,,,0.038709,,,23.000000,0,1124,0,0,
test_124_g,main,test,expert,2012,graded,"probabilities to native, bilinear, thresholded there, and these numbers were measured from the masks that run kept",,,0.868962,,,0.908114,,,47.000000,89657,126482,0,0,
test_125_g,main,test,expert,2013,graded,"probabilities to native, bilinear, thresholded there, and these numbers were measured from the masks that run kept",,,0.892455,,,0.921570,,,95.000000,122369,181942,0,0,
test_126_g,main,test,expert,2016,graded,"probabilities to native, bilinear, thresholded there, and these numbers were measured from the masks that run kept",,,0.847693,,,0.906907,,,117.000000,88490,126193,0,0,
test_127_g,main,test,expert,2016,graded,"probabilities to native, bilinear, thresholded there, and these numbers were measured from the masks that run kept",,,0.813093,,,0.851070,,,90.000000,68476,105870,0,0,
test_128_g,main,test,expert,2014,graded,"probabilities to native, bilinear, thresholded there, and these numbers were measured from the masks that run kept",,,0.837256,,,0.909877,,,129.000000,104282,129681,0,0,
test_129_g,main,test,expert,2010,graded,"probabilities to native, bilinear, thresholded there, and these numbers were measured from the masks that run kept",,,0.797816,,,0.845132,,,101.000000,76731,94693,0,0,
test_12_a,main,test,expert,2019,graded,"probabilities to native, bilinear, thresholded there, and these numbers were measured from the masks that run kept",,,0.905247,,,0.956305,,,68.000000,136151,172089,0,0,
test_130_g,main,test,expert,2018,graded,"probabilities to native, bilinear, thresholded there, and these numbers were measured from the masks that run kept",,,0.856984,,,0.908100,,,137.000000,122496,149746,0,0,
test_131_g,main,test,expert,2017,graded,"probabilities to native, bilinear, thresholded there, and these numbers were measured from the masks that run kept",,,0.894971,,,0.947551,,,91.000000,143503,159465,0,0,
test_132_g,main,test,expert,2020,graded,"probabilities to native, bilinear, thresholded there, and these numbers were measured from the masks that run kept",,,0.832869,,,0.885731,,,104.000000,84143,123729,0,0,
test_133_g,main,test,expert,2014,graded,"probabilities to native, bilinear, thresholded there, and these numbers were measured from the masks that run kept",,,0.725261,,,0.699273,,,59.000000,17401,78215,0,0,
test_134_g,main,test,expert,2015,graded,"probabilities to native, bilinear, thresholded there, and these numbers were measured from the masks that run kept",,,0.866788,,,0.909738,,,106.000000,130504,150539,0,0,
test_135_g,main,test,expert,2019,graded,"probabilities to native, bilinear, thresholded there, and these numbers were measured from the masks that run kept",,,0.671306,,,0.735501,,,79.000000,38312,63182,0,0,
test_136_g,main,test,expert,2021,graded,"probabilities to native, bilinear, thresholded there, and these numbers were measured from the masks that run kept",,,0.578210,,,0.588499,,,62.000000,3107,39469,0,0,
test_137_g,main,test,expert,2021,graded,"probabilities to native, bilinear, thresholded there, and these numbers were measured from the masks that run kept",,,0.737303,,,0.669095,,,77.000000,15991,55018,0,0,
test_138_g,main,test,expert,2017,graded,"probabilities to native, bilinear, thresholded there, and these numbers were measured from the masks that run kept",,,0.708319,,,0.688316,,,22.000000,12,53080,0,0,
test_139_g,main,test,expert,2018,graded,"probabilities to native, bilinear, thresholded there, and these numbers were measured from the masks that run kept",,,0.897537,,,0.921309,,,125.000000,151525,207457,0,0,
test_13_a,main,test,expert,2018,graded,"probabilities to native, bilinear, thresholded there, and these numbers were measured from the masks that run kept",,,0.916126,,,0.953499,,,40.000000,148833,185620,0,0,
test_140_g,main,test,expert,2013,graded,"probabilities to native, bilinear, thresholded there, and these numbers were measured from the masks that run kept",,,0.830680,,,0.868320,,,87.000000,73629,93996,0,0,
test_141_g,main,test,expert,2015,graded,"probabilities to native, bilinear, thresholded there, and these numbers were measured from the masks that run kept",,,0.850488,,,0.903515,,,143.000000,120655,138328,0,0,
test_142_g,main,test,expert,2017,graded,"probabilities to native, bilinear, thresholded there, and these numbers were measured from the masks that run kept",,,0.886862,,,0.925780,,,155.000000,162173,174368,0,0,
test_143_g,main,test,expert,2017,graded,"probabilities to native, bilinear, thresholded there, and these numbers were measured from the masks that run kept",,,0.880289,,,0.931295,,,114.000000,160066,178407,0,0,
test_144_g,main,test,expert,2012,graded,"probabilities to native, bilinear, thresholded there, and these numbers were measured from the masks that run kept",,,0.777521,,,0.815942,,,84.000000,40235,84468,0,0,
test_145_g,main,test,expert,2012,graded,"probabilities to native, bilinear, thresholded there, and these numbers were measured from the masks that run kept",,,0.762465,,,0.781618,,,67.000000,37077,102282,0,0,
test_146_g,main,test,expert,2015,graded,"probabilities to native, bilinear, thresholded there, and these numbers were measured from the masks that run kept",,,0.880079,,,0.920970,,,155.000000,157889,186790,0,0,
test_147_g,main,test,expert,2016,graded,"probabilities to native, bilinear, thresholded there, and these numbers were measured from the masks that run kept",,,0.840755,,,0.913739,,,113.000000,98465,136799,0,0,
test_148_g,main,test,expert,2021,graded,"probabilities to native, bilinear, thresholded there, and these numbers were measured from the masks that run kept",,,0.836321,,,0.883031,,,55.000000,35559,84132,0,0,
test_149_g,main,test,expert,2016,graded,"probabilities to native, bilinear, thresholded there, and these numbers were measured from the masks that run kept",,,0.733615,,,0.753414,,,31.000000,7121,72024,0,0,
test_14_a,main,test,expert,2015,graded,"probabilities to native, bilinear, thresholded there, and these numbers were measured from the masks that run kept",,,0.919684,,,0.952038,,,60.000000,136537,183858,0,0,
test_150_g,main,test,expert,2014,graded,"probabilities to native, bilinear, thresholded there, and these numbers were measured from the masks that run kept",,,0.892781,,,0.942364,,,90.000000,123081,168783,0,0,
test_151_n,main,test,expert,2018,graded,"probabilities to native, bilinear, thresholded there, and these numbers were measured from the masks that run kept",,,0.834725,,,0.862976,,,176.000000,134029,167445,0,0,
test_152_n,main,test,expert,2018,graded,"probabilities to native, bilinear, thresholded there, and these numbers were measured from the masks that run kept",,,0.858449,,,0.894490,,,119.000000,139591,173069,0,0,
test_153_n,main,test,expert,2014,graded,"probabilities to native, bilinear, thresholded there, and these numbers were measured from the masks that run kept",,,0.656919,,,0.668089,,,71.000000,52346,113790,0,0,
test_154_n,main,test,expert,2018,graded,"probabilities to native, bilinear, thresholded there, and these numbers were measured from the masks that run kept",,,0.638091,,,0.591948,,,70.000000,43585,86061,0,0,
test_155_n,main,test,expert,2022,graded,"probabilities to native, bilinear, thresholded there, and these numbers were measured from the masks that run kept",,,0.807105,,,0.845548,,,79.000000,83376,106489,0,0,
test_156_n,main,test,expert,2025,graded,"probabilities to native, bilinear, thresholded there, and these numbers were measured from the masks that run kept",,,0.850080,,,0.910179,,,60.000000,96533,113425,0,0,
test_157_n,main,test,expert,2016,graded,"probabilities to native, bilinear, thresholded there, and these numbers were measured from the masks that run kept",,,0.850473,,,0.880778,,,146.000000,134365,163593,0,0,
test_158_n,main,test,expert,2013,graded,"probabilities to native, bilinear, thresholded there, and these numbers were measured from the masks that run kept",,,0.847880,,,0.887118,,,126.000000,122095,160195,0,0,
test_159_n,main,test,expert,2013,graded,"probabilities to native, bilinear, thresholded there, and these numbers were measured from the masks that run kept",,,0.890871,,,0.928733,,,95.000000,162170,157153,0,0,
test_15_a,main,test,expert,2018,graded,"probabilities to native, bilinear, thresholded there, and these numbers were measured from the masks that run kept",,,0.893161,,,0.929629,,,75.000000,125585,160728,0,0,
test_160_n,main,test,expert,2014,graded,"probabilities to native, bilinear, thresholded there, and these numbers were measured from the masks that run kept",,,0.898636,,,0.938565,,,111.000000,159139,176133,0,0,
test_161_n,main,test,expert,2013,graded,"probabilities to native, bilinear, thresholded there, and these numbers were measured from the masks that run kept",,,0.864372,,,0.914950,,,92.000000,128102,158776,0,0,
test_162_n,main,test,expert,2016,graded,"probabilities to native, bilinear, thresholded there, and these numbers were measured from the masks that run kept",,,0.868737,,,0.920949,,,89.000000,135750,158910,0,0,
test_163_n,main,test,expert,2018,graded,"probabilities to native, bilinear, thresholded there, and these numbers were measured from the masks that run kept",,,0.852433,,,0.908530,,,63.000000,116328,141363,0,0,
test_164_n,main,test,expert,2014,graded,"probabilities to native, bilinear, thresholded there, and these numbers were measured from the masks that run kept",,,0.832246,,,0.886227,,,110.000000,117211,139581,0,0,
test_165_n,main,test,expert,2014,graded,"probabilities to native, bilinear, thresholded there, and these numbers were measured from the masks that run kept",,,0.854238,,,0.891299,,,124.000000,156963,198964,0,0,
test_166_n,main,test,expert,2012,graded,"probabilities to native, bilinear, thresholded there, and these numbers were measured from the masks that run kept",,,0.856039,,,0.881139,,,169.000000,156655,164834,0,0,
test_167_n,main,test,expert,2015,graded,"probabilities to native, bilinear, thresholded there, and these numbers were measured from the masks that run kept",,,0.811346,,,0.848274,,,112.000000,128819,138925,0,0,
test_168_n,main,test,expert,2016,graded,"probabilities to native, bilinear, thresholded there, and these numbers were measured from the masks that run kept",,,0.778253,,,0.826701,,,156.000000,110035,128441,0,0,
test_169_n,main,test,expert,2014,graded,"probabilities to native, bilinear, thresholded there, and these numbers were measured from the masks that run kept",,,0.872732,,,0.923879,,,71.000000,161469,164884,0,0,
test_16_a,main,test,expert,2018,graded,"probabilities to native, bilinear, thresholded there, and these numbers were measured from the masks that run kept",,,0.880490,,,0.920043,,,54.000000,124938,170015,0,0,
test_170_n,main,test,expert,2014,graded,"probabilities to native, bilinear, thresholded there, and these numbers were measured from the masks that run kept",,,0.862281,,,0.915354,,,75.000000,148459,166673,0,0,
test_171_n,main,test,expert,2016,graded,"probabilities to native, bilinear, thresholded there, and these numbers were measured from the masks that run kept",,,0.908971,,,0.942006,,,117.000000,180123,180560,0,0,
test_172_n,main,test,expert,2013,graded,"probabilities to native, bilinear, thresholded there, and these numbers were measured from the masks that run kept",,,0.895441,,,0.935598,,,133.000000,169099,173457,0,0,
test_173_n,main,test,expert,2015,graded,"probabilities to native, bilinear, thresholded there, and these numbers were measured from the masks that run kept",,,0.862700,,,0.888817,,,101.000000,158141,160268,0,0,
test_174_n,main,test,expert,2014,graded,"probabilities to native, bilinear, thresholded there, and these numbers were measured from the masks that run kept",,,0.848760,,,0.891837,,,145.000000,159627,158220,0,0,
test_175_n,main,test,expert,2016,graded,"probabilities to native, bilinear, thresholded there, and these numbers were measured from the masks that run kept",,,0.859555,,,0.884196,,,168.000000,156705,174086,0,0,
test_176_n,main,test,expert,2014,graded,"probabilities to native, bilinear, thresholded there, and these numbers were measured from the masks that run kept",,,0.864137,,,0.910378,,,134.000000,159531,184892,0,0,
test_177_n,main,test,expert,2015,graded,"probabilities to native, bilinear, thresholded there, and these numbers were measured from the masks that run kept",,,0.866750,,,0.860432,,,151.000000,150544,185474,0,0,
test_178_n,main,test,expert,2015,graded,"probabilities to native, bilinear, thresholded there, and these numbers were measured from the masks that run kept",,,0.857069,,,0.854894,,,114.000000,156107,184824,0,0,
test_179_n,main,test,expert,2016,graded,"probabilities to native, bilinear, thresholded there, and these numbers were measured from the masks that run kept",,,0.881655,,,0.910138,,,157.000000,146051,170157,0,0,
test_17_a,main,test,expert,2014,graded,"probabilities to native, bilinear, thresholded there, and these numbers were measured from the masks that run kept",,,0.867148,,,0.941151,,,93.000000,126326,168307,0,0,
test_180_n,main,test,expert,2015,graded,"probabilities to native, bilinear, thresholded there, and these numbers were measured from the masks that run kept",,,0.870289,,,0.923905,,,105.000000,128306,143044,0,0,
test_181_n,main,test,expert,2017,graded,"probabilities to native, bilinear, thresholded there, and these numbers were measured from the masks that run kept",,,0.877043,,,0.941511,,,72.000000,130630,147141,0,0,
test_182_n,main,test,expert,2045,graded,"probabilities to native, bilinear, thresholded there, and these numbers were measured from the masks that run kept",,,0.867973,,,0.938153,,,114.000000,142037,165795,0,0,
test_183_n,main,test,expert,2020,graded,"probabilities to native, bilinear, thresholded there, and these numbers were measured from the masks that run kept",,,0.851087,,,0.904351,,,93.000000,118853,141709,0,0,
test_184_n,main,test,expert,2043,graded,"probabilities to native, bilinear, thresholded there, and these numbers were measured from the masks that run kept",,,0.857228,,,0.910183,,,115.000000,144073,152537,0,0,
test_185_n,main,test,expert,2013,graded,"probabilities to native, bilinear, thresholded there, and these numbers were measured from the masks that run kept",,,0.873114,,,0.902678,,,148.000000,137300,182181,0,0,
test_186_n,main,test,expert,2014,graded,"probabilities to native, bilinear, thresholded there, and these numbers were measured from the masks that run kept",,,0.869360,,,0.896208,,,141.000000,129932,185440,0,0,
test_187_n,main,test,expert,2013,graded,"probabilities to native, bilinear, thresholded there, and these numbers were measured from the masks that run kept",,,0.881262,,,0.905339,,,134.000000,154809,176091,0,0,
test_188_n,main,test,expert,2014,graded,"probabilities to native, bilinear, thresholded there, and these numbers were measured from the masks that run kept",,,0.853231,,,0.893707,,,192.000000,142314,185702,0,0,
test_189_n,main,test,expert,2015,graded,"probabilities to native, bilinear, thresholded there, and these numbers were measured from the masks that run kept",,,0.862857,,,0.909038,,,131.000000,131971,169084,0,0,
test_18_a,main,test,expert,2017,graded,"probabilities to native, bilinear, thresholded there, and these numbers were measured from the masks that run kept",,,0.699604,,,0.736700,,,106.000000,38664,73015,0,0,
test_190_n,main,test,expert,2013,graded,"probabilities to native, bilinear, thresholded there, and these numbers were measured from the masks that run kept",,,0.856731,,,0.900362,,,144.000000,137676,160880,0,0,
test_191_n,main,test,expert,2016,graded,"probabilities to native, bilinear, thresholded there, and these numbers were measured from the masks that run kept",,,0.842293,,,0.879059,,,152.000000,128236,149919,0,0,
test_192_n,main,test,expert,2014,graded,"probabilities to native, bilinear, thresholded there, and these numbers were measured from the masks that run kept",,,0.857533,,,0.890932,,,118.000000,150581,149564,0,0,
test_193_n,main,test,expert,2015,graded,"probabilities to native, bilinear, thresholded there, and these numbers were measured from the masks that run kept",,,0.896912,,,0.929994,,,114.000000,159600,185069,0,0,
test_194_n,main,test,expert,2021,graded,"probabilities to native, bilinear, thresholded there, and these numbers were measured from the masks that run kept",,,0.881121,,,0.918305,,,138.000000,156364,174689,0,0,
test_195_n,main,test,expert,2016,graded,"probabilities to native, bilinear, thresholded there, and these numbers were measured from the masks that run kept",,,0.886209,,,0.927313,,,111.000000,144306,190784,0,0,
test_196_n,main,test,expert,2015,graded,"probabilities to native, bilinear, thresholded there, and these numbers were measured from the masks that run kept",,,0.875101,,,0.926102,,,68.000000,127050,173889,0,0,
test_197_n,main,test,expert,2013,graded,"probabilities to native, bilinear, thresholded there, and these numbers were measured from the masks that run kept",,,0.870516,,,0.901598,,,101.000000,147248,171140,0,0,
test_198_n,main,test,expert,2014,graded,"probabilities to native, bilinear, thresholded there, and these numbers were measured from the masks that run kept",,,0.892672,,,0.929447,,,119.000000,144911,187150,0,0,
test_199_n,main,test,expert,2014,graded,"probabilities to native, bilinear, thresholded there, and these numbers were measured from the masks that run kept",,,0.904746,,,0.931321,,,114.000000,173715,185487,0,0,
test_19_a,main,test,expert,2016,graded,"probabilities to native, bilinear, thresholded there, and these numbers were measured from the masks that run kept",,,0.850232,,,0.877127,,,86.000000,99611,118920,0,0,
test_1_a,main,test,expert,2013,graded,"probabilities to native, bilinear, thresholded there, and these numbers were measured from the masks that run kept",,,0.889355,,,0.916751,,,128.000000,172071,195381,0,0,
test_200_n,main,test,expert,2016,graded,"probabilities to native, bilinear, thresholded there, and these numbers were measured from the masks that run kept",,,0.874742,,,0.897046,,,152.000000,164105,183386,0,0,
test_20_a,main,test,expert,2013,graded,"probabilities to native, bilinear, thresholded there, and these numbers were measured from the masks that run kept",,,0.915972,,,0.933657,,,115.000000,144276,209128,0,0,
test_21_a,main,test,expert,2017,graded,"probabilities to native, bilinear, thresholded there, and these numbers were measured from the masks that run kept",,,0.878323,,,0.919293,,,71.000000,123003,154845,0,0,
test_22_a,main,test,expert,2020,graded,"probabilities to native, bilinear, thresholded there, and these numbers were measured from the masks that run kept",,,0.924606,,,0.956947,,,62.000000,156979,171362,0,0,
test_23_a,main,test,expert,2021,graded,"probabilities to native, bilinear, thresholded there, and these numbers were measured from the masks that run kept",,,0.687613,,,0.684129,,,81.000000,156295,172412,0,0,
test_24_a,main,test,expert,2018,graded,"probabilities to native, bilinear, thresholded there, and these numbers were measured from the masks that run kept",,,0.800296,,,0.874419,,,67.000000,85763,89839,0,0,
test_25_a,main,test,expert,2015,graded,"probabilities to native, bilinear, thresholded there, and these numbers were measured from the masks that run kept",,,0.892530,,,0.929169,,,60.000000,113833,139022,0,0,
test_26_a,main,test,expert,2018,graded,"probabilities to native, bilinear, thresholded there, and these numbers were measured from the masks that run kept",,,0.906556,,,0.928701,,,96.000000,151560,172708,0,0,
test_27_a,main,test,expert,2016,graded,"probabilities to native, bilinear, thresholded there, and these numbers were measured from the masks that run kept",,,0.717997,,,0.748542,,,70.000000,52637,52178,0,0,
test_28_a,main,test,expert,2016,graded,"probabilities to native, bilinear, thresholded there, and these numbers were measured from the masks that run kept",,,0.906201,,,0.942824,,,62.000000,133715,163838,0,0,
test_29_a,main,test,expert,2018,graded,"probabilities to native, bilinear, thresholded there, and these numbers were measured from the masks that run kept",,,0.843667,,,0.891456,,,62.000000,99782,146308,0,0,
test_2_a,main,test,expert,2015,graded,"probabilities to native, bilinear, thresholded there, and these numbers were measured from the masks that run kept",,,0.867957,,,0.898939,,,115.000000,151364,180738,0,0,
test_30_a,main,test,expert,2013,graded,"probabilities to native, bilinear, thresholded there, and these numbers were measured from the masks that run kept",,,0.876811,,,0.895129,,,82.000000,114259,141925,0,0,
test_31_a,main,test,expert,2019,graded,"probabilities to native, bilinear, thresholded there, and these numbers were measured from the masks that run kept",,,0.900392,,,0.922120,,,121.000000,152602,181781,0,0,
test_32_a,main,test,expert,2017,graded,"probabilities to native, bilinear, thresholded there, and these numbers were measured from the masks that run kept",,,0.917996,,,0.956683,,,85.000000,145187,184459,0,0,
test_33_a,main,test,expert,2014,graded,"probabilities to native, bilinear, thresholded there, and these numbers were measured from the masks that run kept",,,0.923996,,,0.943197,,,168.000000,206911,249227,0,0,
test_34_a,main,test,expert,2017,graded,"probabilities to native, bilinear, thresholded there, and these numbers were measured from the masks that run kept",,,0.891921,,,0.944339,,,40.000000,110504,164037,0,0,
test_35_a,main,test,expert,2017,graded,"probabilities to native, bilinear, thresholded there, and these numbers were measured from the masks that run kept",,,0.908188,,,0.943057,,,122.000000,158326,180922,0,0,
test_36_a,main,test,expert,2017,graded,"probabilities to native, bilinear, thresholded there, and these numbers were measured from the masks that run kept",,,0.912319,,,0.938044,,,97.000000,166991,172585,0,0,
test_37_a,main,test,expert,2017,graded,"probabilities to native, bilinear, thresholded there, and these numbers were measured from the masks that run kept",,,0.701894,,,0.745642,,,61.000000,37757,61232,0,0,
test_38_a,main,test,expert,2014,graded,"probabilities to native, bilinear, thresholded there, and these numbers were measured from the masks that run kept",,,0.864376,,,0.917365,,,77.000000,100556,127270,0,0,
test_39_a,main,test,expert,2018,graded,"probabilities to native, bilinear, thresholded there, and these numbers were measured from the masks that run kept",,,0.891249,,,0.923459,,,73.000000,112436,154499,0,0,
test_3_a,main,test,expert,2018,graded,"probabilities to native, bilinear, thresholded there, and these numbers were measured from the masks that run kept",,,0.913890,,,0.934835,,,152.000000,205317,236701,0,0,
test_40_a,main,test,expert,2016,graded,"probabilities to native, bilinear, thresholded there, and these numbers were measured from the masks that run kept",,,0.895660,,,0.932659,,,55.000000,120729,129875,0,0,
test_41_a,main,test,expert,2019,graded,"probabilities to native, bilinear, thresholded there, and these numbers were measured from the masks that run kept",,,0.851576,,,0.862812,,,98.000000,116595,162939,0,0,
test_42_a,main,test,expert,2017,graded,"probabilities to native, bilinear, thresholded there, and these numbers were measured from the masks that run kept",,,0.829631,,,0.845684,,,141.000000,103937,156334,0,0,
test_43_a,main,test,expert,2013,graded,"probabilities to native, bilinear, thresholded there, and these numbers were measured from the masks that run kept",,,0.840814,,,0.883547,,,116.000000,98880,114031,0,0,
test_44_a,main,test,expert,2017,graded,"probabilities to native, bilinear, thresholded there, and these numbers were measured from the masks that run kept",,,0.919489,,,0.923840,,,80.000000,153003,190375,0,0,
test_45_a,main,test,expert,2018,graded,"probabilities to native, bilinear, thresholded there, and these numbers were measured from the masks that run kept",,,0.902655,,,0.938478,,,44.000000,92891,137035,0,0,
test_46_a,main,test,expert,2016,graded,"probabilities to native, bilinear, thresholded there, and these numbers were measured from the masks that run kept",,,0.867196,,,0.924014,,,54.000000,109386,135612,0,0,
test_47_a,main,test,expert,2016,graded,"probabilities to native, bilinear, thresholded there, and these numbers were measured from the masks that run kept",,,0.821406,,,0.872963,,,77.000000,64690,102900,0,0,
test_48_a,main,test,expert,2017,graded,"probabilities to native, bilinear, thresholded there, and these numbers were measured from the masks that run kept",,,0.917272,,,0.957997,,,84.000000,145187,184459,0,0,
test_49_a,main,test,expert,2016,graded,"probabilities to native, bilinear, thresholded there, and these numbers were measured from the masks that run kept",,,0.897605,,,0.950188,,,85.000000,139423,173675,0,0,
test_4_a,main,test,expert,2016,graded,"probabilities to native, bilinear, thresholded there, and these numbers were measured from the masks that run kept",,,0.874682,,,0.885594,,,90.000000,127860,153409,0,0,
test_50_a,main,test,expert,2016,graded,"probabilities to native, bilinear, thresholded there, and these numbers were measured from the masks that run kept",,,0.888850,,,0.946203,,,90.000000,123043,145718,0,0,
test_51_d,main,test,expert,2016,graded,"probabilities to native, bilinear, thresholded there, and these numbers were measured from the masks that run kept",,,0.361874,,,0.414688,,,58.000000,3875,14041,0,0,
test_52_d,main,test,expert,2017,graded,"probabilities to native, bilinear, thresholded there, and these numbers were measured from the masks that run kept",,,0.840816,,,0.908404,,,89.000000,48453,100274,0,0,
test_53_d,main,test,expert,2011,graded,"probabilities to native, bilinear, thresholded there, and these numbers were measured from the masks that run kept",,,0.829754,,,0.865751,,,77.000000,85103,117716,0,0,
test_54_d,main,test,expert,2018,graded,"probabilities to native, bilinear, thresholded there, and these numbers were measured from the masks that run kept",,,0.906091,,,0.930313,,,123.000000,152207,174626,0,0,
test_55_d,main,test,expert,2014,graded,"probabilities to native, bilinear, thresholded there, and these numbers were measured from the masks that run kept",,,0.819259,,,0.916429,,,29.000000,38473,73792,0,0,
test_56_d,main,test,expert,2013,graded,"probabilities to native, bilinear, thresholded there, and these numbers were measured from the masks that run kept",,,0.859418,,,0.910739,,,84.000000,132241,161206,0,0,
test_57_d,main,test,expert,2015,graded,"probabilities to native, bilinear, thresholded there, and these numbers were measured from the masks that run kept",,,0.625933,,,0.664774,,,62.000000,18413,39094,0,0,
test_58_d,main,test,expert,2015,graded,"probabilities to native, bilinear, thresholded there, and these numbers were measured from the masks that run kept",,,0.888764,,,0.940309,,,61.000000,114680,174679,0,0,
test_59_d,main,test,expert,2015,graded,"probabilities to native, bilinear, thresholded there, and these numbers were measured from the masks that run kept",,,0.865953,,,0.904196,,,77.000000,130540,176422,0,0,
test_5_a,main,test,expert,2015,graded,"probabilities to native, bilinear, thresholded there, and these numbers were measured from the masks that run kept",,,0.909146,,,0.903534,,,118.000000,176843,222111,0,0,
test_60_d,main,test,expert,2018,graded,"probabilities to native, bilinear, thresholded there, and these numbers were measured from the masks that run kept",,,0.880260,,,0.913875,,,62.000000,121226,159504,0,0,
test_61_d,main,test,expert,2013,graded,"probabilities to native, bilinear, thresholded there, and these numbers were measured from the masks that run kept",,,0.691831,,,0.672054,,,99.000000,43866,60151,0,0,
test_62_d,main,test,expert,2016,graded,"probabilities to native, bilinear, thresholded there, and these numbers were measured from the masks that run kept",,,0.675574,,,0.714636,,,161.000000,68695,85381,0,0,
test_63_d,main,test,expert,2013,graded,"probabilities to native, bilinear, thresholded there, and these numbers were measured from the masks that run kept",,,0.794506,,,0.828419,,,53.000000,89215,144141,0,0,
test_64_d,main,test,expert,2012,graded,"probabilities to native, bilinear, thresholded there, and these numbers were measured from the masks that run kept",,,0.893484,,,0.920396,,,69.000000,113060,169007,0,0,
test_65_d,main,test,expert,2017,graded,"probabilities to native, bilinear, thresholded there, and these numbers were measured from the masks that run kept",,,0.849646,,,0.895588,,,108.000000,92257,168777,0,0,
test_66_d,main,test,expert,2018,graded,"probabilities to native, bilinear, thresholded there, and these numbers were measured from the masks that run kept",,,0.810393,,,0.871354,,,60.000000,73071,129735,0,0,
test_67_d,main,test,expert,2011,graded,"probabilities to native, bilinear, thresholded there, and these numbers were measured from the masks that run kept",,,0.760901,,,0.811053,,,118.000000,68621,107258,0,0,
test_68_d,main,test,expert,2013,graded,"probabilities to native, bilinear, thresholded there, and these numbers were measured from the masks that run kept",,,0.838875,,,0.917710,,,76.000000,117053,152950,0,0,
test_69_d,main,test,expert,2019,graded,"probabilities to native, bilinear, thresholded there, and these numbers were measured from the masks that run kept",,,0.882996,,,0.929865,,,108.000000,150922,163532,0,0,
test_6_a,main,test,expert,2014,graded,"probabilities to native, bilinear, thresholded there, and these numbers were measured from the masks that run kept",,,0.891614,,,0.899207,,,82.000000,122897,172049,0,0,
test_70_d,main,test,expert,2015,graded,"probabilities to native, bilinear, thresholded there, and these numbers were measured from the masks that run kept",,,0.911789,,,0.947503,,,51.000000,134294,158397,0,0,
test_71_d,main,test,expert,2017,graded,"probabilities to native, bilinear, thresholded there, and these numbers were measured from the masks that run kept",,,0.773589,,,0.863227,,,74.000000,44094,80045,0,0,
test_72_d,main,test,expert,2015,graded,"probabilities to native, bilinear, thresholded there, and these numbers were measured from the masks that run kept",,,0.871441,,,0.918561,,,90.000000,117692,137124,0,0,
test_73_d,main,test,expert,2020,graded,"probabilities to native, bilinear, thresholded there, and these numbers were measured from the masks that run kept",,,0.804540,,,0.905268,,,88.000000,114010,147034,0,0,
test_74_d,main,test,expert,2020,graded,"probabilities to native, bilinear, thresholded there, and these numbers were measured from the masks that run kept",,,0.808789,,,0.889207,,,116.000000,114368,166039,0,0,
test_75_d,main,test,expert,2014,graded,"probabilities to native, bilinear, thresholded there, and these numbers were measured from the masks that run kept",,,0.807426,,,0.872323,,,113.000000,142244,162136,0,0,
test_76_d,main,test,expert,2016,graded,"probabilities to native, bilinear, thresholded there, and these numbers were measured from the masks that run kept",,,0.715807,,,0.791661,,,70.000000,56543,50904,0,0,
test_77_d,main,test,expert,2017,graded,"probabilities to native, bilinear, thresholded there, and these numbers were measured from the masks that run kept",,,0.899966,,,0.939037,,,63.000000,119225,181446,0,0,
test_78_d,main,test,expert,2018,graded,"probabilities to native, bilinear, thresholded there, and these numbers were measured from the masks that run kept",,,0.798745,,,0.856415,,,64.000000,51258,84271,0,0,
test_79_d,main,test,expert,2019,graded,"probabilities to native, bilinear, thresholded there, and these numbers were measured from the masks that run kept",,,0.880652,,,0.928137,,,87.000000,112385,172897,0,0,
test_7_a,main,test,expert,2019,graded,"probabilities to native, bilinear, thresholded there, and these numbers were measured from the masks that run kept",,,0.885868,,,0.871773,,,119.000000,138376,153020,0,0,
test_80_d,main,test,expert,2012,graded,"probabilities to native, bilinear, thresholded there, and these numbers were measured from the masks that run kept",,,0.860791,,,0.904279,,,81.000000,86453,157649,0,0,
test_81_d,main,test,expert,2015,graded,"probabilities to native, bilinear, thresholded there, and these numbers were measured from the masks that run kept",,,0.906339,,,0.944139,,,60.000000,122721,150598,0,0,
test_82_d,main,test,expert,2014,graded,"probabilities to native, bilinear, thresholded there, and these numbers were measured from the masks that run kept",,,0.726696,,,0.726845,,,105.000000,28515,72887,0,0,
test_83_d,main,test,expert,2016,graded,"probabilities to native, bilinear, thresholded there, and these numbers were measured from the masks that run kept",,,0.825287,,,0.830030,,,70.000000,75890,157606,0,0,
test_84_d,main,test,expert,2017,graded,"probabilities to native, bilinear, thresholded there, and these numbers were measured from the masks that run kept",,,0.843579,,,0.893147,,,99.000000,119008,165629,0,0,
test_85_d,main,test,expert,2014,graded,"probabilities to native, bilinear, thresholded there, and these numbers were measured from the masks that run kept",,,0.776814,,,0.842050,,,149.000000,80329,133754,0,0,
test_86_d,main,test,expert,2019,graded,"probabilities to native, bilinear, thresholded there, and these numbers were measured from the masks that run kept",,,0.854424,,,0.881047,,,101.000000,87742,166455,0,0,
test_87_d,main,test,expert,2019,graded,"probabilities to native, bilinear, thresholded there, and these numbers were measured from the masks that run kept",,,0.871287,,,0.900693,,,96.000000,122906,153806,0,0,
test_88_d,main,test,expert,2020,graded,"probabilities to native, bilinear, thresholded there, and these numbers were measured from the masks that run kept",,,0.798364,,,0.819638,,,131.000000,89813,134945,0,0,
test_89_d,main,test,expert,2016,graded,"probabilities to native, bilinear, thresholded there, and these numbers were measured from the masks that run kept",,,0.885217,,,0.931156,,,92.000000,131985,151089,0,0,
test_8_a,main,test,expert,2017,graded,"probabilities to native, bilinear, thresholded there, and these numbers were measured from the masks that run kept",,,0.829893,,,0.843975,,,101.000000,97227,124071,0,0,
test_90_d,main,test,expert,2016,graded,"probabilities to native, bilinear, thresholded there, and these numbers were measured from the masks that run kept",,,0.862655,,,0.899012,,,106.000000,106171,143638,0,0,
test_91_d,main,test,expert,2015,graded,"probabilities to native, bilinear, thresholded there, and these numbers were measured from the masks that run kept",,,0.824627,,,0.883870,,,137.000000,102011,153534,0,0,
test_92_d,main,test,expert,2017,graded,"probabilities to native, bilinear, thresholded there, and these numbers were measured from the masks that run kept",,,0.848893,,,0.872378,,,94.000000,117273,155076,0,0,
test_93_d,main,test,expert,2015,graded,"probabilities to native, bilinear, thresholded there, and these numbers were measured from the masks that run kept",,,0.855843,,,0.878839,,,103.000000,85948,169955,0,0,
test_94_d,main,test,expert,2016,graded,"probabilities to native, bilinear, thresholded there, and these numbers were measured from the masks that run kept",,,0.806091,,,0.842798,,,86.000000,68286,105155,0,0,
test_95_d,main,test,expert,2020,graded,"probabilities to native, bilinear, thresholded there, and these numbers were measured from the masks that run kept",,,0.748108,,,0.835621,,,53.000000,47991,40359,0,0,
test_96_d,main,test,expert,2014,graded,"probabilities to native, bilinear, thresholded there, and these numbers were measured from the masks that run kept",,,0.891261,,,0.909811,,,105.000000,117662,169776,0,0,
test_97_d,main,test,expert,2019,graded,"probabilities to native, bilinear, thresholded there, and these numbers were measured from the masks that run kept",,,0.829547,,,0.882953,,,91.000000,72272,160841,0,0,
test_98_d,main,test,expert,2019,graded,"probabilities to native, bilinear, thresholded there, and these numbers were measured from the masks that run kept",,,0.915076,,,0.930330,,,81.000000,116972,188563,0,0,
test_99_d,main,test,expert,2021,graded,"probabilities to native, bilinear, thresholded there, and these numbers were measured from the masks that run kept",,,0.868738,,,0.933189,,,94.000000,116194,162861,0,0,
test_9_a,main,test,expert,2018,graded,"probabilities to native, bilinear, thresholded there, and these numbers were measured from the masks that run kept",,,0.902023,,,0.937647,,,94.000000,160954,177039,0,0,
train_100_a,main,train,expert,2013,graded,"probabilities to native, bilinear, thresholded there, and these numbers were measured from the masks that run kept",,,0.870539,,,0.922577,,,94.000000,117663,141940,0,0,
train_101_a,main,train,expert,2015,graded,"probabilities to native, bilinear, thresholded there, and these numbers were measured from the masks that run kept",,,0.895681,,,0.943143,,,84.000000,120478,173012,0,0,
train_102_a,main,train,expert,2018,graded,"probabilities to native, bilinear, thresholded there, and these numbers were measured from the masks that run kept",,,0.887932,,,0.956068,,,55.000000,108448,148205,0,0,
train_103_a,main,train,expert,2015,graded,"probabilities to native, bilinear, thresholded there, and these numbers were measured from the masks that run kept",,,0.896552,,,0.943055,,,81.000000,122488,175563,0,0,
train_104_a,main,train,expert,2017,graded,"probabilities to native, bilinear, thresholded there, and these numbers were measured from the masks that run kept",,,0.910361,,,0.953943,,,59.000000,125930,179862,0,0,
train_105_a,main,train,expert,2018,graded,"probabilities to native, bilinear, thresholded there, and these numbers were measured from the masks that run kept",,,0.865713,,,0.925245,,,81.000000,110954,146538,0,0,
train_106_a,main,train,expert,2017,graded,"probabilities to native, bilinear, thresholded there, and these numbers were measured from the masks that run kept",,,0.763817,,,0.832527,,,55.000000,50462,91509,0,0,
train_107_a,main,train,expert,2014,graded,"probabilities to native, bilinear, thresholded there, and these numbers were measured from the masks that run kept",,,0.820443,,,0.877016,,,57.000000,73120,120222,0,0,
train_108_a,main,train,expert,2018,graded,"probabilities to native, bilinear, thresholded there, and these numbers were measured from the masks that run kept",,,0.832302,,,0.888507,,,41.000000,79709,106562,0,0,
train_109_a,main,train,expert,2022,graded,"probabilities to native, bilinear, thresholded there, and these numbers were measured from the masks that run kept",,,0.847485,,,0.914408,,,33.000000,68738,96464,0,0,
train_10_a,main,train,expert,2017,graded,"probabilities to native, bilinear, thresholded there, and these numbers were measured from the masks that run kept",,,0.889974,,,0.916203,,,93.000000,119685,128376,0,0,
train_110_a,main,train,expert,2018,graded,"probabilities to native, bilinear, thresholded there, and these numbers were measured from the masks that run kept",,,0.796678,,,0.833273,,,70.000000,41253,67935,0,0,
train_111_a,main,train,expert,2015,graded,"probabilities to native, bilinear, thresholded there, and these numbers were measured from the masks that run kept",,,0.846175,,,0.901726,,,36.000000,59673,77691,0,0,
train_112_a,main,train,expert,2018,graded,"probabilities to native, bilinear, thresholded there, and these numbers were measured from the masks that run kept",,,0.918329,,,0.938521,,,163.000000,208000,240396,0,0,
train_113_a,main,train,expert,2016,graded,"probabilities to native, bilinear, thresholded there, and these numbers were measured from the masks that run kept",,,0.913313,,,0.959570,,,68.000000,135738,176109,0,0,
train_114_a,main,train,expert,2016,graded,"probabilities to native, bilinear, thresholded there, and these numbers were measured from the masks that run kept",,,0.905963,,,0.952142,,,63.000000,147611,171947,0,0,
train_115_a,main,train,expert,2015,graded,"probabilities to native, bilinear, thresholded there, and these numbers were measured from the masks that run kept",,,0.930443,,,0.936035,,,83.000000,160096,189736,0,0,
train_116_a,main,train,expert,2017,graded,"probabilities to native, bilinear, thresholded there, and these numbers were measured from the masks that run kept",,,0.911529,,,0.922145,,,91.000000,156766,182788,0,0,
train_117_a,main,train,expert,2017,graded,"probabilities to native, bilinear, thresholded there, and these numbers were measured from the masks that run kept",,,0.889244,,,0.935133,,,67.000000,138113,182024,0,0,
train_118_a,main,train,expert,2016,graded,"probabilities to native, bilinear, thresholded there, and these numbers were measured from the masks that run kept",,,0.899183,,,0.935197,,,81.000000,123630,141214,0,0,
train_119_a,main,train,expert,2013,graded,"probabilities to native, bilinear, thresholded there, and these numbers were measured from the masks that run kept",,,0.908801,,,0.943312,,,87.000000,136988,154635,0,0,
train_11_a,main,train,expert,2013,graded,"probabilities to native, bilinear, thresholded there, and these numbers were measured from the masks that run kept",,,0.900578,,,0.928243,,,103.000000,143127,164872,0,0,
train_120_a,main,train,expert,2017,graded,"probabilities to native, bilinear, thresholded there, and these numbers were measured from the masks that run kept",,,0.826236,,,0.858725,,,84.000000,89233,116809,0,0,
train_121_a,main,train,expert,2015,graded,"probabilities to native, bilinear, thresholded there, and these numbers were measured from the masks that run kept",,,0.904948,,,0.920651,,,99.000000,149061,144368,0,0,
train_122_a,main,train,expert,2017,graded,"probabilities to native, bilinear, thresholded there, and these numbers were measured from the masks that run kept",,,0.881201,,,0.913070,,,69.000000,82176,138295,0,0,
train_123_a,main,train,expert,2017,graded,"probabilities to native, bilinear, thresholded there, and these numbers were measured from the masks that run kept",,,0.880310,,,0.919882,,,45.000000,99294,143946,0,0,
train_124_a,main,train,expert,2010,graded,"probabilities to native, bilinear, thresholded there, and these numbers were measured from the masks that run kept",,,0.851523,,,0.887227,,,93.000000,76594,104869,0,0,
train_125_a,main,train,expert,2015,graded,"probabilities to native, bilinear, thresholded there, and these numbers were measured from the masks that run kept",,,0.897727,,,0.917607,,,84.000000,118475,140553,0,0,
train_126_a,main,train,expert,2017,graded,"probabilities to native, bilinear, thresholded there, and these numbers were measured from the masks that run kept",,,0.871038,,,0.929980,,,59.000000,69721,92208,0,0,
train_127_a,main,train,expert,2015,graded,"probabilities to native, bilinear, thresholded there, and these numbers were measured from the masks that run kept",,,0.849539,,,0.912149,,,59.000000,96342,105056,0,0,
train_128_a,main,train,expert,2013,graded,"probabilities to native, bilinear, thresholded there, and these numbers were measured from the masks that run kept",,,0.776104,,,0.820863,,,128.000000,57369,102943,0,0,
train_129_a,main,train,expert,2015,graded,"probabilities to native, bilinear, thresholded there, and these numbers were measured from the masks that run kept",,,0.887324,,,0.899748,,,92.000000,115260,154011,0,0,
train_12_a,main,train,expert,2018,graded,"probabilities to native, bilinear, thresholded there, and these numbers were measured from the masks that run kept",,,0.901644,,,0.942106,,,53.000000,112807,138736,0,0,
train_130_a,main,train,expert,2019,graded,"probabilities to native, bilinear, thresholded there, and these numbers were measured from the masks that run kept",,,0.799390,,,0.817181,,,103.000000,61184,101513,0,0,
train_131_a,main,train,expert,2016,graded,"probabilities to native, bilinear, thresholded there, and these numbers were measured from the masks that run kept",,,0.882082,,,0.933324,,,68.000000,151836,151258,0,0,
train_132_a,main,train,expert,2019,graded,"probabilities to native, bilinear, thresholded there, and these numbers were measured from the masks that run kept",,,0.881130,,,0.915335,,,113.000000,122653,143702,0,0,
train_133_a,main,train,expert,2017,graded,"probabilities to native, bilinear, thresholded there, and these numbers were measured from the masks that run kept",,,0.934823,,,0.947579,,,61.000000,148475,196961,0,0,
train_134_a,main,train,expert,2015,graded,"probabilities to native, bilinear, thresholded there, and these numbers were measured from the masks that run kept",,,0.877006,,,0.931226,,,57.000000,124804,160448,0,0,
train_135_a,main,train,expert,2016,graded,"probabilities to native, bilinear, thresholded there, and these numbers were measured from the masks that run kept",,,0.910725,,,0.947539,,,92.000000,145151,151497,0,0,
train_136_a,main,train,expert,2013,graded,"probabilities to native, bilinear, thresholded there, and these numbers were measured from the masks that run kept",,,0.884813,,,0.909955,,,145.000000,130130,185253,0,0,
train_137_a,main,train,expert,2019,graded,"probabilities to native, bilinear, thresholded there, and these numbers were measured from the masks that run kept",,,0.904755,,,0.931963,,,97.000000,163085,182558,0,0,
train_138_a,main,train,expert,2018,graded,"probabilities to native, bilinear, thresholded there, and these numbers were measured from the masks that run kept",,,0.853786,,,0.902042,,,77.000000,103251,139121,0,0,
train_139_a,main,train,expert,2017,graded,"probabilities to native, bilinear, thresholded there, and these numbers were measured from the masks that run kept",,,0.864577,,,0.916891,,,62.000000,117305,141020,0,0,
train_13_a,main,train,expert,2018,graded,"probabilities to native, bilinear, thresholded there, and these numbers were measured from the masks that run kept",,,0.889932,,,0.915988,,,92.000000,113588,144481,0,0,
train_140_a,main,train,expert,2016,graded,"probabilities to native, bilinear, thresholded there, and these numbers were measured from the masks that run kept",,,0.883274,,,0.934508,,,62.000000,114215,142719,0,0,
train_141_a,main,train,expert,2014,graded,"probabilities to native, bilinear, thresholded there, and these numbers were measured from the masks that run kept",,,0.876585,,,0.926201,,,96.000000,126358,145958,0,0,
train_142_a,main,train,expert,2014,graded,"probabilities to native, bilinear, thresholded there, and these numbers were measured from the masks that run kept",,,0.865163,,,0.918514,,,52.000000,80612,116476,0,0,
train_143_a,main,train,expert,2012,graded,"probabilities to native, bilinear, thresholded there, and these numbers were measured from the masks that run kept",,,0.767160,,,0.839071,,,62.000000,53412,36133,0,0,
train_144_a,main,train,expert,2017,graded,"probabilities to native, bilinear, thresholded there, and these numbers were measured from the masks that run kept",,,0.797117,,,0.831726,,,45.000000,50928,79749,0,0,
train_145_a,main,train,expert,2014,graded,"probabilities to native, bilinear, thresholded there, and these numbers were measured from the masks that run kept",,,0.829530,,,0.890875,,,47.000000,79778,90029,0,0,
train_146_a,main,train,expert,2014,graded,"probabilities to native, bilinear, thresholded there, and these numbers were measured from the masks that run kept",,,0.808605,,,0.873358,,,91.000000,72973,77078,0,0,
train_147_a,main,train,expert,2013,graded,"probabilities to native, bilinear, thresholded there, and these numbers were measured from the masks that run kept",,,0.890641,,,0.946001,,,68.000000,138698,166229,0,0,
train_148_a,main,train,expert,2013,graded,"probabilities to native, bilinear, thresholded there, and these numbers were measured from the masks that run kept",,,0.890551,,,0.936417,,,80.000000,118199,146577,0,0,
train_149_a,main,train,expert,2024,graded,"probabilities to native, bilinear, thresholded there, and these numbers were measured from the masks that run kept",,,0.863988,,,0.914002,,,72.000000,98882,125376,0,0,
train_14_a,main,train,expert,2016,graded,"probabilities to native, bilinear, thresholded there, and these numbers were measured from the masks that run kept",,,0.860442,,,0.895932,,,87.000000,82909,101863,0,0,
train_150_a,main,train,expert,2015,graded,"probabilities to native, bilinear, thresholded there, and these numbers were measured from the masks that run kept",,,0.904582,,,0.937961,,,111.000000,144718,177907,0,0,
train_151_d,main,train,expert,2014,graded,"probabilities to native, bilinear, thresholded there, and these numbers were measured from the masks that run kept",,,0.836192,,,0.893674,,,51.000000,62735,106193,0,0,
train_152_d,main,train,expert,2017,graded,"probabilities to native, bilinear, thresholded there, and these numbers were measured from the masks that run kept",,,0.910793,,,0.942192,,,113.000000,147081,181905,0,0,
train_153_d,main,train,expert,2018,graded,"probabilities to native, bilinear, thresholded there, and these numbers were measured from the masks that run kept",,,0.904419,,,0.947574,,,83.000000,124216,148261,0,0,
train_154_d,main,train,expert,2020,graded,"probabilities to native, bilinear, thresholded there, and these numbers were measured from the masks that run kept",,,0.871679,,,0.909786,,,116.000000,128728,206075,0,0,
train_155_d,main,train,expert,2016,graded,"probabilities to native, bilinear, thresholded there, and these numbers were measured from the masks that run kept",,,0.804498,,,0.887840,,,48.000000,42512,45096,0,0,
train_156_d,main,train,expert,2018,graded,"probabilities to native, bilinear, thresholded there, and these numbers were measured from the masks that run kept",,,0.891117,,,0.931810,,,59.000000,130428,187473,0,0,
train_157_d,main,train,expert,2013,graded,"probabilities to native, bilinear, thresholded there, and these numbers were measured from the masks that run kept",,,0.856339,,,0.893297,,,129.000000,126960,162681,0,0,
train_158_d,main,train,expert,2017,graded,"probabilities to native, bilinear, thresholded there, and these numbers were measured from the masks that run kept",,,0.824225,,,0.874589,,,74.000000,54107,103560,0,0,
train_159_d,main,train,expert,2016,graded,"probabilities to native, bilinear, thresholded there, and these numbers were measured from the masks that run kept",,,0.869500,,,0.912276,,,70.000000,120637,165716,0,0,
train_15_a,main,train,expert,2020,graded,"probabilities to native, bilinear, thresholded there, and these numbers were measured from the masks that run kept",,,0.881707,,,0.896190,,,90.000000,157140,152229,0,0,
train_160_d,main,train,expert,2014,graded,"probabilities to native, bilinear, thresholded there, and these numbers were measured from the masks that run kept",,,0.876549,,,0.908655,,,41.000000,129818,167030,0,0,
train_161_d,main,train,expert,2020,graded,"probabilities to native, bilinear, thresholded there, and these numbers were measured from the masks that run kept",,,0.873613,,,0.901604,,,118.000000,123074,187804,0,0,
train_162_d,main,train,expert,2017,graded,"probabilities to native, bilinear, thresholded there, and these numbers were measured from the masks that run kept",,,0.910512,,,0.949235,,,42.000000,123263,147839,0,0,
train_163_d,main,train,expert,2016,graded,"probabilities to native, bilinear, thresholded there, and these numbers were measured from the masks that run kept",,,0.679756,,,0.686640,,,134.000000,31929,69448,0,0,
train_164_d,main,train,expert,2013,graded,"probabilities to native, bilinear, thresholded there, and these numbers were measured from the masks that run kept",,,0.914497,,,0.929240,,,102.000000,162479,200657,0,0,
train_165_d,main,train,expert,2020,graded,"probabilities to native, bilinear, thresholded there, and these numbers were measured from the masks that run kept",,,0.869605,,,0.922894,,,81.000000,122394,149150,0,0,
train_166_d,main,train,expert,2012,graded,"probabilities to native, bilinear, thresholded there, and these numbers were measured from the masks that run kept",,,0.850697,,,0.902757,,,58.000000,62885,133455,0,0,
train_167_d,main,train,expert,2014,graded,"probabilities to native, bilinear, thresholded there, and these numbers were measured from the masks that run kept",,,0.868025,,,0.868939,,,123.000000,81234,170220,0,0,
train_168_d,main,train,expert,2016,graded,"probabilities to native, bilinear, thresholded there, and these numbers were measured from the masks that run kept",,,0.855622,,,0.870921,,,77.000000,76476,141807,0,0,
train_169_d,main,train,expert,2020,graded,"probabilities to native, bilinear, thresholded there, and these numbers were measured from the masks that run kept",,,0.781301,,,0.851170,,,79.000000,81407,89582,0,0,
train_16_a,main,train,expert,2018,graded,"probabilities to native, bilinear, thresholded there, and these numbers were measured from the masks that run kept",,,0.871646,,,0.895525,,,105.000000,131974,163354,0,0,
train_170_d,main,train,expert,2021,graded,"probabilities to native, bilinear, thresholded there, and these numbers were measured from the masks that run kept",,,0.864041,,,0.913024,,,130.000000,148134,173614,0,0,
train_171_d,main,train,expert,2016,graded,"probabilities to native, bilinear, thresholded there, and these numbers were measured from the masks that run kept",,,0.837392,,,0.879864,,,132.000000,112061,186605,0,0,
train_172_d,main,train,expert,2020,graded,"probabilities to native, bilinear, thresholded there, and these numbers were measured from the masks that run kept",,,0.897425,,,0.919978,,,124.000000,173818,202186,0,0,
train_173_d,main,train,expert,2012,graded,"probabilities to native, bilinear, thresholded there, and these numbers were measured from the masks that run kept",,,0.842884,,,0.849816,,,69.000000,62283,118540,0,0,
train_174_d,main,train,expert,2017,graded,"probabilities to native, bilinear, thresholded there, and these numbers were measured from the masks that run kept",,,0.142641,,,0.128455,,,110.000000,110400,192574,0,0,
train_175_d,main,train,expert,2018,graded,"probabilities to native, bilinear, thresholded there, and these numbers were measured from the masks that run kept",,,0.844680,,,0.898269,,,81.000000,120292,144524,0,0,
train_176_d,main,train,expert,2015,graded,"probabilities to native, bilinear, thresholded there, and these numbers were measured from the masks that run kept",,,0.854788,,,0.914582,,,88.000000,109694,146357,0,0,
train_177_d,main,train,expert,2016,graded,"probabilities to native, bilinear, thresholded there, and these numbers were measured from the masks that run kept",,,0.913762,,,0.937181,,,115.000000,148714,174742,0,0,
train_178_d,main,train,expert,2019,graded,"probabilities to native, bilinear, thresholded there, and these numbers were measured from the masks that run kept",,,0.885061,,,0.935305,,,91.000000,128023,142544,0,0,
train_179_d,main,train,expert,2018,graded,"probabilities to native, bilinear, thresholded there, and these numbers were measured from the masks that run kept",,,0.818124,,,0.860050,,,75.000000,79210,123407,0,0,
train_17_a,main,train,expert,2014,graded,"probabilities to native, bilinear, thresholded there, and these numbers were measured from the masks that run kept",,,0.899714,,,0.930926,,,84.000000,137630,181173,0,0,
train_180_d,main,train,expert,2018,graded,"probabilities to native, bilinear, thresholded there, and these numbers were measured from the masks that run kept",,,0.875063,,,0.940003,,,76.000000,118840,134431,0,0,
train_181_d,main,train,expert,2015,graded,"probabilities to native, bilinear, thresholded there, and these numbers were measured from the masks that run kept",,,0.839406,,,0.891471,,,85.000000,102719,151476,0,0,
train_182_d,main,train,expert,2016,graded,"probabilities to native, bilinear, thresholded there, and these numbers were measured from the masks that run kept",,,0.880420,,,0.915129,,,142.000000,112398,161229,0,0,
train_183_d,main,train,expert,2015,graded,"probabilities to native, bilinear, thresholded there, and these numbers were measured from the masks that run kept",,,0.861190,,,0.889148,,,120.000000,115463,165422,0,0,
train_184_d,main,train,expert,2016,graded,"probabilities to native, bilinear, thresholded there, and these numbers were measured from the masks that run kept",,,0.874625,,,0.874539,,,91.000000,107215,160896,0,0,
train_185_d,main,train,expert,2017,graded,"probabilities to native, bilinear, thresholded there, and these numbers were measured from the masks that run kept",,,0.886684,,,0.906795,,,86.000000,117091,171014,0,0,
train_186_d,main,train,expert,2019,graded,"probabilities to native, bilinear, thresholded there, and these numbers were measured from the masks that run kept",,,0.835600,,,0.892802,,,153.000000,87481,158154,0,0,
train_187_d,main,train,expert,2016,graded,"probabilities to native, bilinear, thresholded there, and these numbers were measured from the masks that run kept",,,0.807229,,,0.851795,,,80.000000,57504,119254,0,0,
train_188_d,main,train,expert,2016,graded,"probabilities to native, bilinear, thresholded there, and these numbers were measured from the masks that run kept",,,0.869860,,,0.891593,,,119.000000,121952,196180,0,0,
train_189_d,main,train,expert,2012,graded,"probabilities to native, bilinear, thresholded there, and these numbers were measured from the masks that run kept",,,0.887371,,,0.884974,,,65.000000,102889,177890,0,0,
train_18_a,main,train,expert,2016,graded,"probabilities to native, bilinear, thresholded there, and these numbers were measured from the masks that run kept",,,0.892014,,,0.939239,,,99.000000,140383,157719,0,0,
train_190_d,main,train,expert,2018,graded,"probabilities to native, bilinear, thresholded there, and these numbers were measured from the masks that run kept",,,0.848294,,,0.897016,,,90.000000,85934,144130,0,0,
train_191_d,main,train,expert,2017,graded,"probabilities to native, bilinear, thresholded there, and these numbers were measured from the masks that run kept",,,0.914569,,,0.942786,,,109.000000,176949,207017,0,0,
train_192_d,main,train,expert,2015,graded,"probabilities to native, bilinear, thresholded there, and these numbers were measured from the masks that run kept",,,0.891433,,,0.939958,,,70.000000,129156,150854,0,0,
train_193_d,main,train,expert,2018,graded,"probabilities to native, bilinear, thresholded there, and these numbers were measured from the masks that run kept",,,0.897668,,,0.930500,,,111.000000,149069,182899,0,0,
train_194_d,main,train,expert,2016,graded,"probabilities to native, bilinear, thresholded there, and these numbers were measured from the masks that run kept",,,0.851920,,,0.897159,,,45.000000,116849,157927,0,0,
train_195_d,main,train,expert,2019,graded,"probabilities to native, bilinear, thresholded there, and these numbers were measured from the masks that run kept",,,0.896120,,,0.928263,,,84.000000,119370,172709,0,0,
train_196_d,main,train,expert,2018,graded,"probabilities to native, bilinear, thresholded there, and these numbers were measured from the masks that run kept",,,0.859691,,,0.911887,,,59.000000,108479,139056,0,0,
train_197_d,main,train,expert,2015,graded,"probabilities to native, bilinear, thresholded there, and these numbers were measured from the masks that run kept",,,0.917497,,,0.942806,,,75.000000,159172,177914,0,0,
train_198_d,main,train,expert,2017,graded,"probabilities to native, bilinear, thresholded there, and these numbers were measured from the masks that run kept",,,0.848646,,,0.925846,,,51.000000,100461,123337,0,0,
train_199_d,main,train,expert,2022,graded,"probabilities to native, bilinear, thresholded there, and these numbers were measured from the masks that run kept",,,0.836996,,,0.925173,,,50.000000,94420,136130,0,0,
train_19_a,main,train,expert,2017,graded,"probabilities to native, bilinear, thresholded there, and these numbers were measured from the masks that run kept",,,0.896358,,,0.933489,,,66.000000,148363,178224,0,0,
train_1_a,main,train,expert,2015,graded,"probabilities to native, bilinear, thresholded there, and these numbers were measured from the masks that run kept",,,0.895563,,,0.931826,,,77.000000,119195,148219,0,0,
train_200_d,main,train,expert,2016,graded,"probabilities to native, bilinear, thresholded there, and these numbers were measured from the masks that run kept",,,0.851695,,,0.903419,,,106.000000,155873,161292,0,0,
train_201_d,main,train,expert,2015,graded,"probabilities to native, bilinear, thresholded there, and these numbers were measured from the masks that run kept",,,0.811474,,,0.846527,,,38.000000,61937,97641,0,0,
train_202_d,main,train,expert,2013,graded,"probabilities to native, bilinear, thresholded there, and these numbers were measured from the masks that run kept",,,0.815241,,,0.873899,,,91.000000,95441,119804,0,0,
train_203_d,main,train,expert,2019,graded,"probabilities to native, bilinear, thresholded there, and these numbers were measured from the masks that run kept",,,0.886939,,,0.925667,,,129.000000,149742,189253,0,0,
train_204_d,main,train,expert,2016,graded,"probabilities to native, bilinear, thresholded there, and these numbers were measured from the masks that run kept",,,0.845445,,,0.897505,,,91.000000,123336,134017,0,0,
train_205_d,main,train,expert,2019,graded,"probabilities to native, bilinear, thresholded there, and these numbers were measured from the masks that run kept",,,0.869320,,,0.925893,,,111.000000,140849,151138,0,0,
train_206_d,main,train,expert,2014,graded,"probabilities to native, bilinear, thresholded there, and these numbers were measured from the masks that run kept",,,0.826004,,,0.849268,,,127.000000,101030,151980,0,0,
train_207_d,main,train,expert,2014,graded,"probabilities to native, bilinear, thresholded there, and these numbers were measured from the masks that run kept",,,0.890100,,,0.902316,,,112.000000,139606,179271,0,0,
train_208_d,main,train,expert,2016,graded,"probabilities to native, bilinear, thresholded there, and these numbers were measured from the masks that run kept",,,0.875356,,,0.921641,,,42.000000,99791,123726,0,0,
train_209_d,main,train,expert,2014,graded,"probabilities to native, bilinear, thresholded there, and these numbers were measured from the masks that run kept",,,0.794482,,,0.842348,,,96.000000,57231,137254,0,0,
train_20_a,main,train,expert,2016,graded,"probabilities to native, bilinear, thresholded there, and these numbers were measured from the masks that run kept",,,0.889502,,,0.903389,,,128.000000,142315,149149,0,0,
train_210_d,main,train,expert,2016,graded,"probabilities to native, bilinear, thresholded there, and these numbers were measured from the masks that run kept",,,0.693123,,,0.794517,,,71.000000,50424,17499,0,0,
train_211_d,main,train,expert,2016,graded,"probabilities to native, bilinear, thresholded there, and these numbers were measured from the masks that run kept",,,0.853617,,,0.902018,,,90.000000,91995,128482,0,0,
train_212_d,main,train,expert,2017,graded,"probabilities to native, bilinear, thresholded there, and these numbers were measured from the masks that run kept",,,0.774989,,,0.815749,,,156.000000,140449,184405,0,0,
train_213_d,main,train,expert,2012,graded,"probabilities to native, bilinear, thresholded there, and these numbers were measured from the masks that run kept",,,0.809750,,,0.904780,,,89.000000,124262,177472,0,0,
train_214_d,main,train,expert,2014,graded,"probabilities to native, bilinear, thresholded there, and these numbers were measured from the masks that run kept",,,0.796903,,,0.824326,,,83.000000,111619,128074,0,0,
train_215_d,main,train,expert,2018,graded,"probabilities to native, bilinear, thresholded there, and these numbers were measured from the masks that run kept",,,0.759822,,,0.802936,,,93.000000,97312,122103,0,0,
train_216_d,main,train,expert,2015,graded,"probabilities to native, bilinear, thresholded there, and these numbers were measured from the masks that run kept",,,0.812231,,,0.872774,,,86.000000,124432,154655,0,0,
train_217_d,main,train,expert,2015,graded,"probabilities to native, bilinear, thresholded there, and these numbers were measured from the masks that run kept",,,0.777228,,,0.835125,,,114.000000,137959,158246,0,0,
train_218_d,main,train,expert,2016,graded,"probabilities to native, bilinear, thresholded there, and these numbers were measured from the masks that run kept",,,0.800527,,,0.853516,,,130.000000,156990,169475,0,0,
train_219_d,main,train,expert,2014,graded,"probabilities to native, bilinear, thresholded there, and these numbers were measured from the masks that run kept",,,0.550461,,,0.588122,,,78.000000,46010,34062,0,0,
train_21_a,main,train,expert,2012,graded,"probabilities to native, bilinear, thresholded there, and these numbers were measured from the masks that run kept",,,0.874347,,,0.904997,,,78.000000,119456,159810,0,0,
train_220_d,main,train,expert,2016,graded,"probabilities to native, bilinear, thresholded there, and these numbers were measured from the masks that run kept",,,0.896616,,,0.952620,,,75.000000,140683,187896,0,0,
train_221_d,main,train,expert,2017,graded,"probabilities to native, bilinear, thresholded there, and these numbers were measured from the masks that run kept",,,0.882308,,,0.938659,,,101.000000,114314,170951,0,0,
train_222_d,main,train,expert,2014,graded,"probabilities to native, bilinear, thresholded there, and these numbers were measured from the masks that run kept",,,0.613742,,,0.647062,,,43.000000,30921,63326,0,0,
train_223_d,main,train,expert,2014,graded,"probabilities to native, bilinear, thresholded there, and these numbers were measured from the masks that run kept",,,0.852854,,,0.930366,,,49.000000,83021,113908,0,0,
train_224_d,main,train,expert,2016,graded,"probabilities to native, bilinear, thresholded there, and these numbers were measured from the masks that run kept",,,0.822037,,,0.861522,,,120.000000,67051,145736,0,0,
train_225_d,main,train,expert,2016,graded,"probabilities to native, bilinear, thresholded there, and these numbers were measured from the masks that run kept",,,0.854055,,,0.895802,,,86.000000,78939,115256,0,0,
train_226_d,main,train,expert,2016,graded,"probabilities to native, bilinear, thresholded there, and these numbers were measured from the masks that run kept",,,0.893206,,,0.938589,,,73.000000,120116,179436,0,0,
train_227_d,main,train,expert,2017,graded,"probabilities to native, bilinear, thresholded there, and these numbers were measured from the masks that run kept",,,0.898762,,,0.920757,,,131.000000,146756,185614,0,0,
train_228_d,main,train,expert,2015,graded,"probabilities to native, bilinear, thresholded there, and these numbers were measured from the masks that run kept",,,0.880905,,,0.937788,,,76.000000,87986,160270,0,0,
train_229_d,main,train,expert,2020,graded,"probabilities to native, bilinear, thresholded there, and these numbers were measured from the masks that run kept",,,0.906760,,,0.927749,,,85.000000,141961,205638,0,0,
train_22_a,main,train,expert,2018,graded,"probabilities to native, bilinear, thresholded there, and these numbers were measured from the masks that run kept",,,0.878874,,,0.917957,,,101.000000,129160,159538,0,0,
train_230_d,main,train,expert,2013,graded,"probabilities to native, bilinear, thresholded there, and these numbers were measured from the masks that run kept",,,0.890805,,,0.943708,,,60.000000,117400,177244,0,0,
train_231_d,main,train,expert,2016,graded,"probabilities to native, bilinear, thresholded there, and these numbers were measured from the masks that run kept",,,0.078826,,,0.139873,,,115.000000,1695,3452,0,0,
train_232_d,main,train,expert,2017,graded,"probabilities to native, bilinear, thresholded there, and these numbers were measured from the masks that run kept",,,0.857654,,,0.918907,,,114.000000,114915,174858,0,0,
train_233_d,main,train,expert,2014,graded,"probabilities to native, bilinear, thresholded there, and these numbers were measured from the masks that run kept",,,0.810782,,,0.821776,,,102.000000,73741,111414,0,0,
train_234_d,main,train,expert,2016,graded,"probabilities to native, bilinear, thresholded there, and these numbers were measured from the masks that run kept",,,0.813133,,,0.878736,,,69.000000,58792,105005,0,0,
train_235_d,main,train,expert,2017,graded,"probabilities to native, bilinear, thresholded there, and these numbers were measured from the masks that run kept",,,0.851611,,,0.859061,,,94.000000,90146,139745,0,0,
train_236_d,main,train,expert,2019,graded,"probabilities to native, bilinear, thresholded there, and these numbers were measured from the masks that run kept",,,0.898615,,,0.932872,,,88.000000,156626,206322,0,0,
train_237_d,main,train,expert,2021,graded,"probabilities to native, bilinear, thresholded there, and these numbers were measured from the masks that run kept",,,0.709564,,,0.740330,,,72.000000,48526,83539,0,0,
train_238_d,main,train,expert,2013,graded,"probabilities to native, bilinear, thresholded there, and these numbers were measured from the masks that run kept",,,0.837556,,,0.868374,,,113.000000,73470,152246,0,0,
train_239_d,main,train,expert,2014,graded,"probabilities to native, bilinear, thresholded there, and these numbers were measured from the masks that run kept",,,0.855563,,,0.879420,,,123.000000,74325,176693,0,0,
train_23_a,main,train,expert,2015,graded,"probabilities to native, bilinear, thresholded there, and these numbers were measured from the masks that run kept",,,0.893439,,,0.930092,,,90.000000,126096,153743,0,0,
train_240_d,main,train,expert,2016,graded,"probabilities to native, bilinear, thresholded there, and these numbers were measured from the masks that run kept",,,0.861432,,,0.895463,,,90.000000,102005,168428,0,0,
train_241_d,main,train,expert,2015,graded,"probabilities to native, bilinear, thresholded there, and these numbers were measured from the masks that run kept",,,0.782112,,,0.789202,,,54.000000,36576,99659,0,0,
train_242_d,main,train,expert,2016,graded,"probabilities to native, bilinear, thresholded there, and these numbers were measured from the masks that run kept",,,0.784295,,,0.825679,,,54.000000,58643,75830,0,0,
train_243_d,main,train,expert,2017,graded,"probabilities to native, bilinear, thresholded there, and these numbers were measured from the masks that run kept",,,0.832787,,,0.885859,,,94.000000,91404,141143,0,0,
train_244_d,main,train,expert,2017,graded,"probabilities to native, bilinear, thresholded there, and these numbers were measured from the masks that run kept",,,0.887106,,,0.901433,,,132.000000,157535,179680,0,0,
train_245_d,main,train,expert,2017,graded,"probabilities to native, bilinear, thresholded there, and these numbers were measured from the masks that run kept",,,0.835094,,,0.893217,,,107.000000,73272,150056,0,0,
train_246_d,main,train,expert,2017,graded,"probabilities to native, bilinear, thresholded there, and these numbers were measured from the masks that run kept",,,0.892695,,,0.902820,,,101.000000,97557,211523,0,0,
train_247_d,main,train,expert,2015,graded,"probabilities to native, bilinear, thresholded there, and these numbers were measured from the masks that run kept",,,0.746655,,,0.752184,,,97.000000,60520,90749,0,0,
train_248_d,main,train,expert,2016,graded,"probabilities to native, bilinear, thresholded there, and these numbers were measured from the masks that run kept",,,0.886296,,,0.929037,,,85.000000,112095,137306,0,0,
train_249_d,main,train,expert,2016,graded,"probabilities to native, bilinear, thresholded there, and these numbers were measured from the masks that run kept",,,0.829747,,,0.835658,,,127.000000,72907,144821,0,0,
train_24_a,main,train,expert,2019,graded,"probabilities to native, bilinear, thresholded there, and these numbers were measured from the masks that run kept",,,0.876789,,,0.878729,,,113.000000,139503,183144,0,0,
train_250_d,main,train,expert,2017,graded,"probabilities to native, bilinear, thresholded there, and these numbers were measured from the masks that run kept",,,0.796484,,,0.831550,,,101.000000,69535,113895,0,0,
train_251_d,main,train,expert,2015,graded,"probabilities to native, bilinear, thresholded there, and these numbers were measured from the masks that run kept",,,0.729622,,,0.783426,,,101.000000,66434,121827,0,0,
train_252_d,main,train,expert,2016,graded,"probabilities to native, bilinear, thresholded there, and these numbers were measured from the masks that run kept",,,0.768720,,,0.812017,,,78.000000,47183,117633,0,0,
train_253_d,main,train,expert,2017,graded,"probabilities to native, bilinear, thresholded there, and these numbers were measured from the masks that run kept",,,0.629796,,,0.634907,,,157.000000,37811,82194,0,0,
train_254_d,main,train,expert,2012,graded,"probabilities to native, bilinear, thresholded there, and these numbers were measured from the masks that run kept",,,0.910353,,,0.923130,,,92.000000,150811,195705,0,0,
train_255_d,main,train,expert,2019,graded,"probabilities to native, bilinear, thresholded there, and these numbers were measured from the masks that run kept",,,0.845777,,,0.890425,,,122.000000,97275,161430,0,0,
train_256_d,main,train,expert,2019,graded,"probabilities to native, bilinear, thresholded there, and these numbers were measured from the masks that run kept",,,0.597743,,,0.653836,,,71.000000,19285,22458,0,0,
train_257_d,main,train,expert,2018,graded,"probabilities to native, bilinear, thresholded there, and these numbers were measured from the masks that run kept",,,0.882928,,,0.943034,,,100.000000,121351,157294,0,0,
train_258_d,main,train,expert,2018,graded,"probabilities to native, bilinear, thresholded there, and these numbers were measured from the masks that run kept",,,0.735967,,,0.769029,,,182.000000,48089,138633,0,0,
train_259_d,main,train,expert,2014,graded,"probabilities to native, bilinear, thresholded there, and these numbers were measured from the masks that run kept",,,0.863469,,,0.938407,,,87.000000,102054,148162,0,0,
train_25_a,main,train,expert,2020,graded,"probabilities to native, bilinear, thresholded there, and these numbers were measured from the masks that run kept",,,0.923136,,,0.918445,,,174.000000,174989,187812,0,0,
train_260_d,main,train,expert,2019,graded,"probabilities to native, bilinear, thresholded there, and these numbers were measured from the masks that run kept",,,0.824920,,,0.895070,,,130.000000,76999,147794,0,0,
train_261_d,main,train,expert,2014,graded,"probabilities to native, bilinear, thresholded there, and these numbers were measured from the masks that run kept",,,0.870459,,,0.913937,,,77.000000,102788,147449,0,0,
train_262_d,main,train,expert,2018,graded,"probabilities to native, bilinear, thresholded there, and these numbers were measured from the masks that run kept",,,0.888077,,,0.935720,,,97.000000,122723,160629,0,0,
train_263_d,main,train,expert,2016,graded,"probabilities to native, bilinear, thresholded there, and these numbers were measured from the masks that run kept",,,0.901524,,,0.949844,,,80.000000,152593,190797,0,0,
train_264_d,main,train,expert,2018,graded,"probabilities to native, bilinear, thresholded there, and these numbers were measured from the masks that run kept",,,0.907156,,,0.942524,,,103.000000,142172,186502,0,0,
train_265_d,main,train,expert,2015,graded,"probabilities to native, bilinear, thresholded there, and these numbers were measured from the masks that run kept",,,0.854902,,,0.891575,,,129.000000,113224,180447,0,0,
train_266_d,main,train,expert,2015,graded,"probabilities to native, bilinear, thresholded there, and these numbers were measured from the masks that run kept",,,0.748104,,,0.777599,,,152.000000,50009,112313,0,0,
train_267_d,main,train,expert,2019,graded,"probabilities to native, bilinear, thresholded there, and these numbers were measured from the masks that run kept",,,0.821269,,,0.864573,,,67.000000,69891,92398,0,0,
train_268_d,main,train,expert,2011,graded,"probabilities to native, bilinear, thresholded there, and these numbers were measured from the masks that run kept",,,0.883047,,,0.916698,,,123.000000,124480,157600,0,0,
train_269_d,main,train,expert,2017,graded,"probabilities to native, bilinear, thresholded there, and these numbers were measured from the masks that run kept",,,0.830340,,,0.880694,,,55.000000,98708,133168,0,0,
train_26_a,main,train,expert,2015,graded,"probabilities to native, bilinear, thresholded there, and these numbers were measured from the masks that run kept",,,0.902860,,,0.918571,,,87.000000,143681,157303,0,0,
train_270_d,main,train,expert,2016,graded,"probabilities to native, bilinear, thresholded there, and these numbers were measured from the masks that run kept",,,0.561268,,,0.562688,,,37.000000,5059,41507,0,0,
train_271_d,main,train,expert,2017,graded,"probabilities to native, bilinear, thresholded there, and these numbers were measured from the masks that run kept",,,0.870563,,,0.930544,,,90.000000,132742,163356,0,0,
train_272_d,main,train,expert,2014,graded,"probabilities to native, bilinear, thresholded there, and these numbers were measured from the masks that run kept",,,0.838946,,,0.825955,,,73.000000,59230,116789,0,0,
train_273_d,main,train,expert,2019,graded,"probabilities to native, bilinear, thresholded there, and these numbers were measured from the masks that run kept",,,0.888161,,,0.930302,,,131.000000,147594,183280,0,0,
train_274_d,main,train,expert,2015,graded,"probabilities to native, bilinear, thresholded there, and these numbers were measured from the masks that run kept",,,0.888452,,,0.913796,,,49.000000,97250,178146,0,0,
train_275_d,main,train,expert,2014,graded,"probabilities to native, bilinear, thresholded there, and these numbers were measured from the masks that run kept",,,0.833800,,,0.889178,,,63.000000,93135,121687,0,0,
train_276_d,main,train,expert,2017,graded,"probabilities to native, bilinear, thresholded there, and these numbers were measured from the masks that run kept",,,0.912700,,,0.938162,,,72.000000,149666,184509,0,0,
train_277_d,main,train,expert,2013,graded,"probabilities to native, bilinear, thresholded there, and these numbers were measured from the masks that run kept",,,0.564517,,,0.526779,,,323.000000,34072,66588,0,0,
train_278_d,main,train,expert,2015,graded,"probabilities to native, bilinear, thresholded there, and these numbers were measured from the masks that run kept",,,0.762938,,,0.803722,,,62.000000,55965,90400,0,0,
train_279_d,main,train,expert,2017,graded,"probabilities to native, bilinear, thresholded there, and these numbers were measured from the masks that run kept",,,0.888497,,,0.920857,,,100.000000,147577,148206,0,0,
train_27_a,main,train,expert,2019,graded,"probabilities to native, bilinear, thresholded there, and these numbers were measured from the masks that run kept",,,0.836021,,,0.878530,,,71.000000,89488,108779,0,0,
train_280_d,main,train,expert,2012,graded,"probabilities to native, bilinear, thresholded there, and these numbers were measured from the masks that run kept",,,0.832424,,,0.878157,,,95.000000,88825,119323,0,0,
train_281_d,main,train,expert,2015,graded,"probabilities to native, bilinear, thresholded there, and these numbers were measured from the masks that run kept",,,0.837433,,,0.907559,,,61.000000,80528,87713,0,0,
train_282_d,main,train,expert,2014,graded,"probabilities to native, bilinear, thresholded there, and these numbers were measured from the masks that run kept",,,0.836031,,,0.885128,,,110.000000,73407,180720,0,0,
train_283_d,main,train,expert,2013,graded,"probabilities to native, bilinear, thresholded there, and these numbers were measured from the masks that run kept",,,0.847812,,,0.890223,,,46.000000,61940,124015,0,0,
train_284_d,main,train,expert,2013,graded,"probabilities to native, bilinear, thresholded there, and these numbers were measured from the masks that run kept",,,0.765859,,,0.828958,,,53.000000,47724,106938,0,0,
train_285_d,main,train,expert,2017,graded,"probabilities to native, bilinear, thresholded there, and these numbers were measured from the masks that run kept",,,0.834571,,,0.883648,,,45.000000,49026,82207,0,0,
train_286_d,main,train,expert,2014,graded,"probabilities to native, bilinear, thresholded there, and these numbers were measured from the masks that run kept",,,0.830383,,,0.852988,,,125.000000,110679,182918,0,0,
train_287_d,main,train,expert,2015,graded,"probabilities to native, bilinear, thresholded there, and these numbers were measured from the masks that run kept",,,0.725656,,,0.819202,,,63.000000,26671,78772,0,0,
train_288_d,main,train,expert,2018,graded,"probabilities to native, bilinear, thresholded there, and these numbers were measured from the masks that run kept",,,0.894350,,,0.919395,,,129.000000,144403,177999,0,0,
train_289_d,main,train,expert,2018,graded,"probabilities to native, bilinear, thresholded there, and these numbers were measured from the masks that run kept",,,0.792880,,,0.824341,,,147.000000,96470,152656,0,0,
train_28_a,main,train,expert,2017,graded,"probabilities to native, bilinear, thresholded there, and these numbers were measured from the masks that run kept",,,0.901750,,,0.898365,,,120.000000,175388,168206,0,0,
train_290_d,main,train,expert,2017,graded,"probabilities to native, bilinear, thresholded there, and these numbers were measured from the masks that run kept",,,0.870158,,,0.922278,,,66.000000,93700,159031,0,0,
train_291_d,main,train,expert,2016,graded,"probabilities to native, bilinear, thresholded there, and these numbers were measured from the masks that run kept",,,0.898944,,,0.931504,,,88.000000,145895,186064,0,0,
train_292_d,main,train,expert,2016,graded,"probabilities to native, bilinear, thresholded there, and these numbers were measured from the masks that run kept",,,0.892405,,,0.919016,,,144.000000,147040,177025,0,0,
train_293_d,main,train,expert,2018,graded,"probabilities to native, bilinear, thresholded there, and these numbers were measured from the masks that run kept",,,0.869760,,,0.917428,,,112.000000,110408,185878,0,0,
train_294_d,main,train,expert,2019,graded,"probabilities to native, bilinear, thresholded there, and these numbers were measured from the masks that run kept",,,0.876987,,,0.936631,,,58.000000,123447,155783,0,0,
train_295_d,main,train,expert,2018,graded,"probabilities to native, bilinear, thresholded there, and these numbers were measured from the masks that run kept",,,0.899442,,,0.938358,,,93.000000,149509,183394,0,0,
train_296_d,main,train,expert,2018,graded,"probabilities to native, bilinear, thresholded there, and these numbers were measured from the masks that run kept",,,0.850269,,,0.880129,,,82.000000,74083,159850,0,0,
train_297_d,main,train,expert,2019,graded,"probabilities to native, bilinear, thresholded there, and these numbers were measured from the masks that run kept",,,0.733074,,,0.833739,,,68.000000,38262,63124,0,0,
train_298_d,main,train,expert,2018,graded,"probabilities to native, bilinear, thresholded there, and these numbers were measured from the masks that run kept",,,0.812112,,,0.890411,,,68.000000,108566,114597,0,0,
train_299_d,main,train,expert,2014,graded,"probabilities to native, bilinear, thresholded there, and these numbers were measured from the masks that run kept",,,0.737033,,,0.772561,,,48.000000,45232,92667,0,0,
train_29_a,main,train,expert,2021,graded,"probabilities to native, bilinear, thresholded there, and these numbers were measured from the masks that run kept",,,0.703110,,,0.758599,,,75.000000,46829,53865,0,0,
train_2_a,main,train,expert,2013,graded,"probabilities to native, bilinear, thresholded there, and these numbers were measured from the masks that run kept",,,0.891184,,,0.951202,,,84.000000,135173,197421,0,0,
train_300_d,main,train,expert,2013,graded,"probabilities to native, bilinear, thresholded there, and these numbers were measured from the masks that run kept",,,0.871277,,,0.915647,,,50.000000,83830,154597,0,0,
train_301_g,main,train,expert,2015,graded,"probabilities to native, bilinear, thresholded there, and these numbers were measured from the masks that run kept",,,0.841393,,,0.893736,,,66.000000,74158,103937,0,0,
train_302_g,main,train,expert,2018,graded,"probabilities to native, bilinear, thresholded there, and these numbers were measured from the masks that run kept",,,0.828084,,,0.864608,,,94.000000,62233,107347,0,0,
train_303_g,main,train,expert,2016,graded,"probabilities to native, bilinear, thresholded there, and these numbers were measured from the masks that run kept",,,0.812598,,,0.849560,,,94.000000,64781,123988,0,0,
train_304_g,main,train,expert,2017,graded,"probabilities to native, bilinear, thresholded there, and these numbers were measured from the masks that run kept",,,0.842510,,,0.886505,,,130.000000,90595,142483,0,0,
train_305_g,main,train,expert,2014,graded,"probabilities to native, bilinear, thresholded there, and these numbers were measured from the masks that run kept",,,0.894859,,,0.931289,,,101.000000,161686,167750,0,0,
train_306_g,main,train,expert,2016,graded,"probabilities to native, bilinear, thresholded there, and these numbers were measured from the masks that run kept",,,0.840923,,,0.885253,,,122.000000,91625,122709,0,0,
train_307_g,main,train,expert,2013,graded,"probabilities to native, bilinear, thresholded there, and these numbers were measured from the masks that run kept",,,0.844516,,,0.900688,,,106.000000,90139,131558,0,0,
train_308_g,main,train,expert,2014,graded,"probabilities to native, bilinear, thresholded there, and these numbers were measured from the masks that run kept",,,0.867293,,,0.931769,,,92.000000,110132,129528,0,0,
train_309_g,main,train,expert,2013,graded,"probabilities to native, bilinear, thresholded there, and these numbers were measured from the masks that run kept",,,0.856601,,,0.930501,,,56.000000,107596,109852,0,0,
train_30_a,main,train,expert,2018,graded,"probabilities to native, bilinear, thresholded there, and these numbers were measured from the masks that run kept",,,0.907318,,,0.937499,,,105.000000,162425,170688,0,0,
train_310_g,main,train,expert,2019,graded,"probabilities to native, bilinear, thresholded there, and these numbers were measured from the masks that run kept",,,0.827033,,,0.895449,,,91.000000,70642,110305,0,0,
train_311_g,main,train,expert,2016,graded,"probabilities to native, bilinear, thresholded there, and these numbers were measured from the masks that run kept",,,0.868196,,,0.925664,,,111.000000,145982,163809,0,0,
train_312_g,main,train,expert,2013,graded,"probabilities to native, bilinear, thresholded there, and these numbers were measured from the masks that run kept",,,0.897512,,,0.929167,,,127.000000,141025,176192,0,0,
train_313_g,main,train,expert,2017,graded,"probabilities to native, bilinear, thresholded there, and these numbers were measured from the masks that run kept",,,0.877731,,,0.931744,,,122.000000,146581,171987,0,0,
train_314_g,main,train,expert,2015,graded,"probabilities to native, bilinear, thresholded there, and these numbers were measured from the masks that run kept",,,0.861745,,,0.888502,,,92.000000,132010,173133,0,0,
train_315_g,main,train,expert,2014,graded,"probabilities to native, bilinear, thresholded there, and these numbers were measured from the masks that run kept",,,0.876585,,,0.899033,,,102.000000,135582,179040,0,0,
train_316_g,main,train,expert,2013,graded,"probabilities to native, bilinear, thresholded there, and these numbers were measured from the masks that run kept",,,0.008561,,,0.021405,,,6.000000,0,250,0,0,
train_317_g,main,train,expert,2015,graded,"probabilities to native, bilinear, thresholded there, and these numbers were measured from the masks that run kept",,,0.876480,,,0.903805,,,106.000000,129490,157539,0,0,
train_318_g,main,train,expert,2015,graded,"probabilities to native, bilinear, thresholded there, and these numbers were measured from the masks that run kept",,,0.871389,,,0.931594,,,86.000000,111438,143144,0,0,
train_319_g,main,train,expert,2016,graded,"probabilities to native, bilinear, thresholded there, and these numbers were measured from the masks that run kept",,,0.782106,,,0.848799,,,51.000000,36914,65574,0,0,
train_31_a,main,train,expert,2019,graded,"probabilities to native, bilinear, thresholded there, and these numbers were measured from the masks that run kept",,,0.890107,,,0.920110,,,109.000000,135039,145103,0,0,
train_320_g,main,train,expert,2012,graded,"probabilities to native, bilinear, thresholded there, and these numbers were measured from the masks that run kept",,,0.863273,,,0.889603,,,111.000000,131206,156858,0,0,
train_321_g,main,train,expert,2013,graded,"probabilities to native, bilinear, thresholded there, and these numbers were measured from the masks that run kept",,,0.732992,,,0.775347,,,110.000000,54113,119166,0,0,
train_322_g,main,train,expert,2014,graded,"probabilities to native, bilinear, thresholded there, and these numbers were measured from the masks that run kept",,,0.813551,,,0.810289,,,180.000000,64008,141464,0,0,
train_323_g,main,train,expert,2023,graded,"probabilities to native, bilinear, thresholded there, and these numbers were measured from the masks that run kept",,,0.709305,,,0.705085,,,123.000000,26491,77427,0,0,
train_324_g,main,train,expert,2015,graded,"probabilities to native, bilinear, thresholded there, and these numbers were measured from the masks that run kept",,,0.802074,,,0.855794,,,62.000000,61659,117797,0,0,
train_325_g,main,train,expert,2017,graded,"probabilities to native, bilinear, thresholded there, and these numbers were measured from the masks that run kept",,,0.803764,,,0.828956,,,39.000000,7803,80116,0,0,
train_326_g,main,train,expert,2017,graded,"probabilities to native, bilinear, thresholded there, and these numbers were measured from the masks that run kept",,,0.773945,,,0.760039,,,50.000000,32173,81080,0,0,
train_327_g,main,train,expert,2014,graded,"probabilities to native, bilinear, thresholded there, and these numbers were measured from the masks that run kept",,,0.884590,,,0.920286,,,118.000000,134885,198771,0,0,
train_328_g,main,train,expert,2016,graded,"probabilities to native, bilinear, thresholded there, and these numbers were measured from the masks that run kept",,,0.846146,,,0.907666,,,79.000000,106073,147171,0,0,
train_329_g,main,train,expert,2014,graded,"probabilities to native, bilinear, thresholded there, and these numbers were measured from the masks that run kept",,,0.887458,,,0.914152,,,120.000000,126672,176684,0,0,
train_32_a,main,train,expert,2016,graded,"probabilities to native, bilinear, thresholded there, and these numbers were measured from the masks that run kept",,,0.905317,,,0.938494,,,84.000000,150726,179617,0,0,
train_330_g,main,train,expert,2014,graded,"probabilities to native, bilinear, thresholded there, and these numbers were measured from the masks that run kept",,,0.848506,,,0.897259,,,79.000000,62426,132149,0,0,
train_331_g,main,train,expert,2017,graded,"probabilities to native, bilinear, thresholded there, and these numbers were measured from the masks that run kept",,,0.699439,,,0.793180,,,39.000000,17154,26969,0,0,
train_332_g,main,train,expert,2013,graded,"probabilities to native, bilinear, thresholded there, and these numbers were measured from the masks that run kept",,,0.886620,,,0.945978,,,66.000000,110122,146588,0,0,
train_333_g,main,train,expert,2016,graded,"probabilities to native, bilinear, thresholded there, and these numbers were measured from the masks that run kept",,,0.821966,,,0.868977,,,124.000000,88600,88091,0,0,
train_334_g,main,train,expert,2019,graded,"probabilities to native, bilinear, thresholded there, and these numbers were measured from the masks that run kept",,,0.827805,,,0.893288,,,78.000000,102387,96694,0,0,
train_335_g,main,train,expert,2017,graded,"probabilities to native, bilinear, thresholded there, and these numbers were measured from the masks that run kept",,,0.829756,,,0.902190,,,96.000000,117920,99275,0,0,
train_336_g,main,train,expert,2014,graded,"probabilities to native, bilinear, thresholded there, and these numbers were measured from the masks that run kept",,,0.872419,,,0.915509,,,81.000000,125026,156523,0,0,
train_337_g,main,train,expert,2013,graded,"probabilities to native, bilinear, thresholded there, and these numbers were measured from the masks that run kept",,,0.836141,,,0.847708,,,118.000000,118992,155649,0,0,
train_338_g,main,train,expert,2020,graded,"probabilities to native, bilinear, thresholded there, and these numbers were measured from the masks that run kept",,,0.838216,,,0.858970,,,99.000000,139647,151348,0,0,
train_339_g,main,train,expert,2017,graded,"probabilities to native, bilinear, thresholded there, and these numbers were measured from the masks that run kept",,,0.839444,,,0.876627,,,108.000000,104301,133646,0,0,
train_33_a,main,train,expert,2017,graded,"probabilities to native, bilinear, thresholded there, and these numbers were measured from the masks that run kept",,,0.890945,,,0.923217,,,100.000000,136074,157495,0,0,
train_340_g,main,train,expert,2017,graded,"probabilities to native, bilinear, thresholded there, and these numbers were measured from the masks that run kept",,,0.859754,,,0.894218,,,89.000000,117994,139954,0,0,
train_341_g,main,train,expert,2015,graded,"probabilities to native, bilinear, thresholded there, and these numbers were measured from the masks that run kept",,,0.520433,,,0.526982,,,65.000000,15810,42409,0,0,
train_342_g,main,train,expert,2010,graded,"probabilities to native, bilinear, thresholded there, and these numbers were measured from the masks that run kept",,,0.872519,,,0.875672,,,119.000000,148615,177514,0,0,
train_343_g,main,train,expert,2010,graded,"probabilities to native, bilinear, thresholded there, and these numbers were measured from the masks that run kept",,,0.875683,,,0.883263,,,109.000000,133433,179431,0,0,
train_344_g,main,train,expert,2016,graded,"probabilities to native, bilinear, thresholded there, and these numbers were measured from the masks that run kept",,,0.884368,,,0.893962,,,141.000000,167108,187023,0,0,
train_345_g,main,train,expert,2017,graded,"probabilities to native, bilinear, thresholded there, and these numbers were measured from the masks that run kept",,,0.899139,,,0.891930,,,111.000000,178157,196471,0,0,
train_346_g,main,train,expert,2014,graded,"probabilities to native, bilinear, thresholded there, and these numbers were measured from the masks that run kept",,,0.848368,,,0.871105,,,107.000000,107767,149007,0,0,
train_347_g,main,train,expert,2018,graded,"probabilities to native, bilinear, thresholded there, and these numbers were measured from the masks that run kept",,,0.907340,,,0.952825,,,89.000000,163504,156465,0,0,
train_348_g,main,train,expert,2014,graded,"probabilities to native, bilinear, thresholded there, and these numbers were measured from the masks that run kept",,,0.879951,,,0.914035,,,116.000000,142546,159314,0,0,
train_349_g,main,train,expert,2020,graded,"probabilities to native, bilinear, thresholded there, and these numbers were measured from the masks that run kept",,,0.845477,,,0.894325,,,67.000000,64857,127880,0,0,
train_34_a,main,train,expert,2016,graded,"probabilities to native, bilinear, thresholded there, and these numbers were measured from the masks that run kept",,,0.890199,,,0.911176,,,84.000000,123630,141214,0,0,
train_350_g,main,train,expert,2017,graded,"probabilities to native, bilinear, thresholded there, and these numbers were measured from the masks that run kept",,,0.823014,,,0.869403,,,78.000000,63792,122473,0,0,
train_351_g,main,train,expert,2014,graded,"probabilities to native, bilinear, thresholded there, and these numbers were measured from the masks that run kept",,,0.899095,,,0.958438,,,66.000000,120405,163628,0,0,
train_352_g,main,train,expert,2018,graded,"probabilities to native, bilinear, thresholded there, and these numbers were measured from the masks that run kept",,,0.890210,,,0.936753,,,60.000000,131033,137716,0,0,
train_353_g,main,train,expert,2016,graded,"probabilities to native, bilinear, thresholded there, and these numbers were measured from the masks that run kept",,,0.837295,,,0.856450,,,64.000000,82000,133220,0,0,
train_354_g,main,train,expert,2017,graded,"probabilities to native, bilinear, thresholded there, and these numbers were measured from the masks that run kept",,,0.854013,,,0.903768,,,78.000000,88253,117375,0,0,
train_355_g,main,train,expert,2013,graded,"probabilities to native, bilinear, thresholded there, and these numbers were measured from the masks that run kept",,,0.866177,,,0.931287,,,83.000000,86493,131914,0,0,
train_356_g,main,train,expert,2014,graded,"probabilities to native, bilinear, thresholded there, and these numbers were measured from the masks that run kept",,,0.898794,,,0.937176,,,101.000000,134396,188767,0,0,
train_357_g,main,train,expert,2016,graded,"probabilities to native, bilinear, thresholded there, and these numbers were measured from the masks that run kept",,,0.886946,,,0.932141,,,112.000000,127784,181710,0,0,
train_358_g,main,train,expert,2017,graded,"probabilities to native, bilinear, thresholded there, and these numbers were measured from the masks that run kept",,,0.925977,,,0.946716,,,112.000000,179878,212757,0,0,
train_359_g,main,train,expert,2016,graded,"probabilities to native, bilinear, thresholded there, and these numbers were measured from the masks that run kept",,,0.920722,,,0.939097,,,103.000000,173027,204280,0,0,
train_35_a,main,train,expert,2018,graded,"probabilities to native, bilinear, thresholded there, and these numbers were measured from the masks that run kept",,,0.882352,,,0.919296,,,107.000000,142552,165074,0,0,
train_360_g,main,train,expert,2016,graded,"probabilities to native, bilinear, thresholded there, and these numbers were measured from the masks that run kept",,,0.650871,,,0.716390,,,38.000000,14546,40977,0,0,
train_361_g,main,train,expert,2016,graded,"probabilities to native, bilinear, thresholded there, and these numbers were measured from the masks that run kept",,,0.395849,,,0.441401,,,43.000000,8631,25270,0,0,
train_362_g,main,train,expert,2022,graded,"probabilities to native, bilinear, thresholded there, and these numbers were measured from the masks that run kept",,,0.829752,,,0.871509,,,106.000000,80304,123676,0,0,
train_363_g,main,train,expert,2016,graded,"probabilities to native, bilinear, thresholded there, and these numbers were measured from the masks that run kept",,,0.735190,,,0.710075,,,67.000000,44186,92175,0,0,
train_364_g,main,train,expert,2015,graded,"probabilities to native, bilinear, thresholded there, and these numbers were measured from the masks that run kept",,,0.851012,,,0.890505,,,51.000000,67171,109817,0,0,
train_365_g,main,train,expert,2016,graded,"probabilities to native, bilinear, thresholded there, and these numbers were measured from the masks that run kept",,,0.854643,,,0.886812,,,72.000000,94681,140494,0,0,
train_366_g,main,train,expert,2016,graded,"probabilities to native, bilinear, thresholded there, and these numbers were measured from the masks that run kept",,,0.860821,,,0.915847,,,33.000000,88510,116713,0,0,
train_367_g,main,train,expert,2013,graded,"probabilities to native, bilinear, thresholded there, and these numbers were measured from the masks that run kept",,,0.885854,,,0.915878,,,114.000000,139496,140750,0,0,
train_368_g,main,train,expert,2015,graded,"probabilities to native, bilinear, thresholded there, and these numbers were measured from the masks that run kept",,,0.871630,,,0.910460,,,55.000000,114555,130069,0,0,
train_369_g,main,train,expert,2013,graded,"probabilities to native, bilinear, thresholded there, and these numbers were measured from the masks that run kept",,,0.838430,,,0.860961,,,121.000000,103591,150626,0,0,
train_36_a,main,train,expert,2018,graded,"probabilities to native, bilinear, thresholded there, and these numbers were measured from the masks that run kept",,,0.877512,,,0.920305,,,162.000000,136391,191757,0,0,
train_370_g,main,train,expert,2018,graded,"probabilities to native, bilinear, thresholded there, and these numbers were measured from the masks that run kept",,,0.858471,,,0.908567,,,88.000000,106472,142422,0,0,
train_371_g,main,train,expert,2012,graded,"probabilities to native, bilinear, thresholded there, and these numbers were measured from the masks that run kept",,,0.837214,,,0.866617,,,69.000000,53592,98054,0,0,
train_372_g,main,train,expert,2014,graded,"probabilities to native, bilinear, thresholded there, and these numbers were measured from the masks that run kept",,,0.849280,,,0.871059,,,133.000000,69330,124648,0,0,
train_373_g,main,train,expert,2015,graded,"probabilities to native, bilinear, thresholded there, and these numbers were measured from the masks that run kept",,,0.673022,,,0.720315,,,74.000000,20567,53087,0,0,
train_374_g,main,train,expert,2014,graded,"probabilities to native, bilinear, thresholded there, and these numbers were measured from the masks that run kept",,,0.832185,,,0.903196,,,97.000000,107248,134732,0,0,
train_375_g,main,train,expert,2012,graded,"probabilities to native, bilinear, thresholded there, and these numbers were measured from the masks that run kept",,,0.767725,,,0.802730,,,166.000000,71647,80285,0,0,
train_376_g,main,train,expert,2014,graded,"probabilities to native, bilinear, thresholded there, and these numbers were measured from the masks that run kept",,,0.882200,,,0.927185,,,94.000000,148719,153405,0,0,
train_377_g,main,train,expert,2014,graded,"probabilities to native, bilinear, thresholded there, and these numbers were measured from the masks that run kept",,,0.885801,,,0.931333,,,120.000000,150805,166073,0,0,
train_378_g,main,train,expert,2016,graded,"probabilities to native, bilinear, thresholded there, and these numbers were measured from the masks that run kept",,,0.861698,,,0.921901,,,121.000000,135413,152726,0,0,
train_379_g,main,train,expert,2018,graded,"probabilities to native, bilinear, thresholded there, and these numbers were measured from the masks that run kept",,,0.763777,,,0.814481,,,98.000000,47748,87060,0,0,
train_37_a,main,train,expert,2017,graded,"probabilities to native, bilinear, thresholded there, and these numbers were measured from the masks that run kept",,,0.914520,,,0.936341,,,78.000000,152839,204378,0,0,
train_380_g,main,train,expert,2014,graded,"probabilities to native, bilinear, thresholded there, and these numbers were measured from the masks that run kept",,,0.786535,,,0.807066,,,81.000000,25767,64273,0,0,
train_381_g,main,train,expert,2019,graded,"probabilities to native, bilinear, thresholded there, and these numbers were measured from the masks that run kept",,,0.801227,,,0.843911,,,69.000000,32476,78305,0,0,
train_382_g,main,train,expert,2015,graded,"probabilities to native, bilinear, thresholded there, and these numbers were measured from the masks that run kept",,,0.761469,,,0.798544,,,124.000000,39538,70920,0,0,
train_383_g,main,train,expert,2014,graded,"probabilities to native, bilinear, thresholded there, and these numbers were measured from the masks that run kept",,,0.900065,,,0.946051,,,93.000000,152620,162841,0,0,
train_384_g,main,train,expert,2016,graded,"probabilities to native, bilinear, thresholded there, and these numbers were measured from the masks that run kept",,,0.767723,,,0.812198,,,70.000000,55692,79968,0,0,
train_385_g,main,train,expert,2021,graded,"probabilities to native, bilinear, thresholded there, and these numbers were measured from the masks that run kept",,,0.860543,,,0.897174,,,76.000000,68220,115785,0,0,
train_386_g,main,train,expert,2017,graded,"probabilities to native, bilinear, thresholded there, and these numbers were measured from the masks that run kept",,,0.839115,,,0.898295,,,121.000000,98369,136488,0,0,
train_387_g,main,train,expert,2015,graded,"probabilities to native, bilinear, thresholded there, and these numbers were measured from the masks that run kept",,,0.862589,,,0.892019,,,73.000000,79806,119263,0,0,
train_388_g,main,train,expert,2015,graded,"probabilities to native, bilinear, thresholded there, and these numbers were measured from the masks that run kept",,,0.848358,,,0.899870,,,92.000000,78684,112017,0,0,
train_389_g,main,train,expert,2017,graded,"probabilities to native, bilinear, thresholded there, and these numbers were measured from the masks that run kept",,,0.870567,,,0.916424,,,93.000000,140812,189804,0,0,
train_38_a,main,train,expert,2016,graded,"probabilities to native, bilinear, thresholded there, and these numbers were measured from the masks that run kept",,,0.826917,,,0.901031,,,59.000000,102112,140800,0,0,
train_390_g,main,train,expert,2017,graded,"probabilities to native, bilinear, thresholded there, and these numbers were measured from the masks that run kept",,,0.880319,,,0.934966,,,100.000000,133984,160738,0,0,
train_391_g,main,train,expert,2013,graded,"probabilities to native, bilinear, thresholded there, and these numbers were measured from the masks that run kept",,,0.888485,,,0.932354,,,72.000000,161666,168966,0,0,
train_392_g,main,train,expert,2014,graded,"probabilities to native, bilinear, thresholded there, and these numbers were measured from the masks that run kept",,,0.888192,,,0.930542,,,100.000000,154237,181885,0,0,
train_393_g,main,train,expert,2015,graded,"probabilities to native, bilinear, thresholded there, and these numbers were measured from the masks that run kept",,,0.851001,,,0.913883,,,50.000000,77309,99986,0,0,
train_394_g,main,train,expert,2013,graded,"probabilities to native, bilinear, thresholded there, and these numbers were measured from the masks that run kept",,,0.839113,,,0.892056,,,105.000000,71643,111696,0,0,
train_395_g,main,train,expert,2014,graded,"probabilities to native, bilinear, thresholded there, and these numbers were measured from the masks that run kept",,,0.852570,,,0.900572,,,104.000000,96539,136672,0,0,
train_396_g,main,train,expert,2015,graded,"probabilities to native, bilinear, thresholded there, and these numbers were measured from the masks that run kept",,,0.863872,,,0.900960,,,118.000000,140176,151902,0,0,
train_397_g,main,train,expert,2016,graded,"probabilities to native, bilinear, thresholded there, and these numbers were measured from the masks that run kept",,,0.881424,,,0.926437,,,95.000000,141328,154705,0,0,
train_398_g,main,train,expert,2014,graded,"probabilities to native, bilinear, thresholded there, and these numbers were measured from the masks that run kept",,,0.851914,,,0.896018,,,120.000000,122030,139721,0,0,
train_399_g,main,train,expert,2017,graded,"probabilities to native, bilinear, thresholded there, and these numbers were measured from the masks that run kept",,,0.754438,,,0.767540,,,98.000000,71820,82940,0,0,
train_39_a,main,train,expert,2019,graded,"probabilities to native, bilinear, thresholded there, and these numbers were measured from the masks that run kept",,,0.841332,,,0.878945,,,112.000000,122653,143702,0,0,
train_3_a,main,train,expert,2015,graded,"probabilities to native, bilinear, thresholded there, and these numbers were measured from the masks that run kept",,,0.878803,,,0.908947,,,99.000000,132498,167191,0,0,
train_400_g,main,train,expert,2023,graded,"probabilities to native, bilinear, thresholded there, and these numbers were measured from the masks that run kept",,,0.757176,,,0.746147,,,71.000000,46027,88761,0,0,
train_401_g,main,train,expert,2017,graded,"probabilities to native, bilinear, thresholded there, and these numbers were measured from the masks that run kept",,,0.706940,,,0.728209,,,34.000000,1713,41526,0,0,
train_402_g,main,train,expert,2017,graded,"probabilities to native, bilinear, thresholded there, and these numbers were measured from the masks that run kept",,,0.882724,,,0.918672,,,103.000000,185470,182106,0,0,
train_403_g,main,train,expert,2018,graded,"probabilities to native, bilinear, thresholded there, and these numbers were measured from the masks that run kept",,,0.901467,,,0.931234,,,122.000000,194467,199673,0,0,
train_404_g,main,train,expert,2023,graded,"probabilities to native, bilinear, thresholded there, and these numbers were measured from the masks that run kept",,,0.703078,,,0.804258,,,29.000000,560,24990,0,0,
train_405_g,main,train,expert,2012,graded,"probabilities to native, bilinear, thresholded there, and these numbers were measured from the masks that run kept",,,0.861699,,,0.893260,,,112.000000,110868,152006,0,0,
train_406_g,main,train,expert,2015,graded,"probabilities to native, bilinear, thresholded there, and these numbers were measured from the masks that run kept",,,0.840448,,,0.881909,,,115.000000,111487,136113,0,0,
train_407_g,main,train,expert,2018,graded,"probabilities to native, bilinear, thresholded there, and these numbers were measured from the masks that run kept",,,0.834670,,,0.905217,,,80.000000,71675,103048,0,0,
train_408_g,main,train,expert,2018,graded,"probabilities to native, bilinear, thresholded there, and these numbers were measured from the masks that run kept",,,0.877266,,,0.931915,,,94.000000,136461,166437,0,0,
train_409_g,main,train,expert,2014,graded,"probabilities to native, bilinear, thresholded there, and these numbers were measured from the masks that run kept",,,0.867908,,,0.928844,,,133.000000,127713,155251,0,0,
train_40_a,main,train,expert,2019,graded,"probabilities to native, bilinear, thresholded there, and these numbers were measured from the masks that run kept",,,0.850232,,,0.909370,,,65.000000,102744,138833,0,0,
train_410_g,main,train,expert,2014,graded,"probabilities to native, bilinear, thresholded there, and these numbers were measured from the masks that run kept",,,0.814857,,,0.852834,,,137.000000,93873,129479,0,0,
train_411_g,main,train,expert,2017,graded,"probabilities to native, bilinear, thresholded there, and these numbers were measured from the masks that run kept",,,0.864524,,,0.936928,,,101.000000,125237,152707,0,0,
train_412_g,main,train,expert,2016,graded,"probabilities to native, bilinear, thresholded there, and these numbers were measured from the masks that run kept",,,0.891411,,,0.917901,,,129.000000,170959,169754,0,0,
train_413_g,main,train,expert,2017,graded,"probabilities to native, bilinear, thresholded there, and these numbers were measured from the masks that run kept",,,0.879036,,,0.915822,,,129.000000,147997,152159,0,0,
train_414_g,main,train,expert,2018,graded,"probabilities to native, bilinear, thresholded there, and these numbers were measured from the masks that run kept",,,0.795863,,,0.851671,,,100.000000,88914,155837,0,0,
train_415_g,main,train,expert,2019,graded,"probabilities to native, bilinear, thresholded there, and these numbers were measured from the masks that run kept",,,0.834663,,,0.869364,,,89.000000,118984,139446,0,0,
train_416_g,main,train,expert,2016,graded,"probabilities to native, bilinear, thresholded there, and these numbers were measured from the masks that run kept",,,0.740917,,,0.761051,,,94.000000,43591,108417,0,0,
train_417_g,main,train,expert,2014,graded,"probabilities to native, bilinear, thresholded there, and these numbers were measured from the masks that run kept",,,0.861536,,,0.903496,,,152.000000,146579,171353,0,0,
train_418_g,main,train,expert,2013,graded,"probabilities to native, bilinear, thresholded there, and these numbers were measured from the masks that run kept",,,0.863515,,,0.892505,,,150.000000,147492,184635,0,0,
train_419_g,main,train,expert,2018,graded,"probabilities to native, bilinear, thresholded there, and these numbers were measured from the masks that run kept",,,0.883967,,,0.935119,,,84.000000,166346,172957,0,0,
train_41_a,main,train,expert,2017,graded,"probabilities to native, bilinear, thresholded there, and these numbers were measured from the masks that run kept",,,0.797539,,,0.878532,,,93.000000,70652,102716,0,0,
train_420_g,main,train,expert,2015,graded,"probabilities to native, bilinear, thresholded there, and these numbers were measured from the masks that run kept",,,0.864480,,,0.914507,,,124.000000,142671,152494,0,0,
train_421_g,main,train,expert,2016,graded,"probabilities to native, bilinear, thresholded there, and these numbers were measured from the masks that run kept",,,0.879983,,,0.934399,,,145.000000,159052,163957,0,0,
train_422_g,main,train,expert,2014,graded,"probabilities to native, bilinear, thresholded there, and these numbers were measured from the masks that run kept",,,0.896828,,,0.947520,,,104.000000,149180,190669,0,0,
train_423_g,main,train,expert,2017,graded,"probabilities to native, bilinear, thresholded there, and these numbers were measured from the masks that run kept",,,0.891093,,,0.938606,,,113.000000,128138,195048,0,0,
train_424_g,main,train,expert,2013,graded,"probabilities to native, bilinear, thresholded there, and these numbers were measured from the masks that run kept",,,0.879084,,,0.900103,,,121.000000,155507,192620,0,0,
train_425_g,main,train,expert,2015,graded,"probabilities to native, bilinear, thresholded there, and these numbers were measured from the masks that run kept",,,0.864503,,,0.911891,,,103.000000,117643,116938,0,0,
train_426_g,main,train,expert,2015,graded,"probabilities to native, bilinear, thresholded there, and these numbers were measured from the masks that run kept",,,0.888686,,,0.927646,,,74.000000,142785,143336,0,0,
train_427_g,main,train,expert,2012,graded,"probabilities to native, bilinear, thresholded there, and these numbers were measured from the masks that run kept",,,0.855773,,,0.906878,,,73.000000,101999,115544,0,0,
train_428_g,main,train,expert,2012,graded,"probabilities to native, bilinear, thresholded there, and these numbers were measured from the masks that run kept",,,0.875412,,,0.936027,,,90.000000,124716,162336,0,0,
train_429_g,main,train,expert,2014,graded,"probabilities to native, bilinear, thresholded there, and these numbers were measured from the masks that run kept",,,0.860754,,,0.892829,,,97.000000,120174,135494,0,0,
train_42_a,main,train,expert,2021,graded,"probabilities to native, bilinear, thresholded there, and these numbers were measured from the masks that run kept",,,0.896556,,,0.951334,,,102.000000,140308,183493,0,0,
train_430_g,main,train,expert,2013,graded,"probabilities to native, bilinear, thresholded there, and these numbers were measured from the masks that run kept",,,0.871653,,,0.926338,,,75.000000,121411,131058,0,0,
train_431_g,main,train,expert,2014,graded,"probabilities to native, bilinear, thresholded there, and these numbers were measured from the masks that run kept",,,0.871900,,,0.927742,,,100.000000,108046,146071,0,0,
train_432_g,main,train,expert,2019,graded,"probabilities to native, bilinear, thresholded there, and these numbers were measured from the masks that run kept",,,0.869515,,,0.936775,,,94.000000,102033,143892,0,0,
train_433_g,main,train,expert,2016,graded,"probabilities to native, bilinear, thresholded there, and these numbers were measured from the masks that run kept",,,0.865407,,,0.925666,,,94.000000,126945,152738,0,0,
train_434_g,main,train,expert,2012,graded,"probabilities to native, bilinear, thresholded there, and these numbers were measured from the masks that run kept",,,0.820637,,,0.884960,,,107.000000,87801,139092,0,0,
train_435_g,main,train,expert,2017,graded,"probabilities to native, bilinear, thresholded there, and these numbers were measured from the masks that run kept",,,0.894049,,,0.930077,,,110.000000,171772,194610,0,0,
train_436_g,main,train,expert,2015,graded,"probabilities to native, bilinear, thresholded there, and these numbers were measured from the masks that run kept",,,0.896518,,,0.948612,,,100.000000,136253,148730,0,0,
train_437_g,main,train,expert,2016,graded,"probabilities to native, bilinear, thresholded there, and these numbers were measured from the masks that run kept",,,0.886042,,,0.950292,,,60.000000,133247,145332,0,0,
train_438_g,main,train,expert,2012,graded,"probabilities to native, bilinear, thresholded there, and these numbers were measured from the masks that run kept",,,0.865472,,,0.907569,,,82.000000,113266,123593,0,0,
train_439_g,main,train,expert,2012,graded,"probabilities to native, bilinear, thresholded there, and these numbers were measured from the masks that run kept",,,0.863615,,,0.915985,,,77.000000,111007,120335,0,0,
train_43_a,main,train,expert,2017,graded,"probabilities to native, bilinear, thresholded there, and these numbers were measured from the masks that run kept",,,0.893762,,,0.926647,,,91.000000,125088,171414,0,0,
train_440_g,main,train,expert,2014,graded,"probabilities to native, bilinear, thresholded there, and these numbers were measured from the masks that run kept",,,0.872088,,,0.922476,,,103.000000,116325,134910,0,0,
train_441_g,main,train,expert,2014,graded,"probabilities to native, bilinear, thresholded there, and these numbers were measured from the masks that run kept",,,0.897531,,,0.945097,,,79.000000,121796,164622,0,0,
train_442_g,main,train,expert,2018,graded,"probabilities to native, bilinear, thresholded there, and these numbers were measured from the masks that run kept",,,0.826174,,,0.869547,,,56.000000,58357,110903,0,0,
train_443_g,main,train,expert,2016,graded,"probabilities to native, bilinear, thresholded there, and these numbers were measured from the masks that run kept",,,0.743139,,,0.826740,,,66.000000,24543,67368,0,0,
train_444_g,main,train,expert,2012,graded,"probabilities to native, bilinear, thresholded there, and these numbers were measured from the masks that run kept",,,0.889226,,,0.948196,,,68.000000,131048,167099,0,0,
train_445_g,main,train,expert,2014,graded,"probabilities to native, bilinear, thresholded there, and these numbers were measured from the masks that run kept",,,0.880711,,,0.925048,,,93.000000,129163,153805,0,0,
train_446_g,main,train,expert,2013,graded,"probabilities to native, bilinear, thresholded there, and these numbers were measured from the masks that run kept",,,0.880183,,,0.943566,,,88.000000,120613,157016,0,0,
train_449_g,main,train,expert,2014,graded,"probabilities to native, bilinear, thresholded there, and these numbers were measured from the masks that run kept",,,0.883554,,,0.940978,,,50.000000,109887,125818,0,0,
train_44_a,main,train,expert,2021,graded,"probabilities to native, bilinear, thresholded there, and these numbers were measured from the masks that run kept",,,0.805585,,,0.854461,,,92.000000,69760,109309,0,0,
train_450_g,main,train,expert,2015,graded,"probabilities to native, bilinear, thresholded there, and these numbers were measured from the masks that run kept",,,0.877625,,,0.932194,,,55.000000,106048,136249,0,0,
train_451_n,main,train,expert,2018,graded,"probabilities to native, bilinear, thresholded there, and these numbers were measured from the masks that run kept",,,0.854168,,,0.906338,,,142.000000,124942,149024,0,0,
train_452_n,main,train,expert,2016,graded,"probabilities to native, bilinear, thresholded there, and these numbers were measured from the masks that run kept",,,0.835628,,,0.902818,,,111.000000,123320,137918,0,0,
train_453_n,main,train,expert,2011,graded,"probabilities to native, bilinear, thresholded there, and these numbers were measured from the masks that run kept",,,0.859207,,,0.900199,,,109.000000,141353,185501,0,0,
train_454_n,main,train,expert,2012,graded,"probabilities to native, bilinear, thresholded there, and these numbers were measured from the masks that run kept",,,0.863311,,,0.913229,,,91.000000,129008,197617,0,0,
train_455_n,main,train,expert,2043,graded,"probabilities to native, bilinear, thresholded there, and these numbers were measured from the masks that run kept",,,0.894506,,,0.938709,,,84.000000,162182,178424,0,0,
train_456_n,main,train,expert,2013,graded,"probabilities to native, bilinear, thresholded there, and these numbers were measured from the masks that run kept",,,0.882576,,,0.930729,,,82.000000,138365,171370,0,0,
train_457_n,main,train,expert,2012,graded,"probabilities to native, bilinear, thresholded there, and these numbers were measured from the masks that run kept",,,0.883824,,,0.898864,,,182.000000,158632,177204,0,0,
train_458_n,main,train,expert,2019,graded,"probabilities to native, bilinear, thresholded there, and these numbers were measured from the masks that run kept",,,0.865425,,,0.900096,,,187.000000,151890,187029,0,0,
train_459_n,main,train,expert,2046,graded,"probabilities to native, bilinear, thresholded there, and these numbers were measured from the masks that run kept",,,0.846383,,,0.921682,,,84.000000,109486,144009,0,0,
train_45_a,main,train,expert,2018,graded,"probabilities to native, bilinear, thresholded there, and these numbers were measured from the masks that run kept",,,0.899536,,,0.941600,,,89.000000,171538,206209,0,0,
train_460_n,main,train,expert,2044,graded,"probabilities to native, bilinear, thresholded there, and these numbers were measured from the masks that run kept",,,0.836667,,,0.901170,,,92.000000,95273,161888,0,0,
train_461_n,main,train,expert,2044,graded,"probabilities to native, bilinear, thresholded there, and these numbers were measured from the masks that run kept",,,0.852716,,,0.912263,,,109.000000,126893,155015,0,0,
train_462_n,main,train,expert,2044,graded,"probabilities to native, bilinear, thresholded there, and these numbers were measured from the masks that run kept",,,0.899561,,,0.933294,,,112.000000,163794,191579,0,0,
train_463_n,main,train,expert,2043,graded,"probabilities to native, bilinear, thresholded there, and these numbers were measured from the masks that run kept",,,0.868953,,,0.921674,,,86.000000,116408,162885,0,0,
train_464_n,main,train,expert,2041,graded,"probabilities to native, bilinear, thresholded there, and these numbers were measured from the masks that run kept",,,0.873858,,,0.927413,,,79.000000,125208,175399,0,0,
train_465_n,main,train,expert,2043,graded,"probabilities to native, bilinear, thresholded there, and these numbers were measured from the masks that run kept",,,0.891286,,,0.929240,,,125.000000,144908,181386,0,0,
train_466_n,main,train,expert,2043,graded,"probabilities to native, bilinear, thresholded there, and these numbers were measured from the masks that run kept",,,0.906528,,,0.926938,,,104.000000,163582,187583,0,0,
train_467_n,main,train,expert,2043,graded,"probabilities to native, bilinear, thresholded there, and these numbers were measured from the masks that run kept",,,0.860424,,,0.933758,,,92.000000,138907,163262,0,0,
train_468_n,main,train,expert,2044,graded,"probabilities to native, bilinear, thresholded there, and these numbers were measured from the masks that run kept",,,0.829274,,,0.894365,,,123.000000,115618,147907,0,0,
train_469_n,main,train,expert,2050,graded,"probabilities to native, bilinear, thresholded there, and these numbers were measured from the masks that run kept",,,0.875809,,,0.925573,,,92.000000,134393,180116,0,0,
train_46_a,main,train,expert,2020,graded,"probabilities to native, bilinear, thresholded there, and these numbers were measured from the masks that run kept",,,0.900286,,,0.928299,,,115.000000,184219,213044,0,0,
train_470_n,main,train,expert,2042,graded,"probabilities to native, bilinear, thresholded there, and these numbers were measured from the masks that run kept",,,0.875281,,,0.928725,,,104.000000,127196,169067,0,0,
train_471_n,main,train,expert,2044,graded,"probabilities to native, bilinear, thresholded there, and these numbers were measured from the masks that run kept",,,0.876563,,,0.944117,,,105.000000,144847,158969,0,0,
train_472_n,main,train,expert,2047,graded,"probabilities to native, bilinear, thresholded there, and these numbers were measured from the masks that run kept",,,0.886596,,,0.942547,,,89.000000,165414,177453,0,0,
train_473_n,main,train,expert,2046,graded,"probabilities to native, bilinear, thresholded there, and these numbers were measured from the masks that run kept",,,0.855890,,,0.920766,,,92.000000,110455,156497,0,0,
train_474_n,main,train,expert,2048,graded,"probabilities to native, bilinear, thresholded there, and these numbers were measured from the masks that run kept",,,0.856606,,,0.946547,,,87.000000,115186,151937,0,0,
train_475_n,main,train,expert,2043,graded,"probabilities to native, bilinear, thresholded there, and these numbers were measured from the masks that run kept",,,0.870602,,,0.941225,,,78.000000,124174,167917,0,0,
train_476_n,main,train,expert,2046,graded,"probabilities to native, bilinear, thresholded there, and these numbers were measured from the masks that run kept",,,0.924137,,,0.947658,,,108.000000,185281,219135,0,0,
train_477_n,main,train,expert,2043,graded,"probabilities to native, bilinear, thresholded there, and these numbers were measured from the masks that run kept",,,0.886826,,,0.922863,,,109.000000,144356,188870,0,0,
train_478_n,main,train,expert,2042,graded,"probabilities to native, bilinear, thresholded there, and these numbers were measured from the masks that run kept",,,0.883659,,,0.942322,,,74.000000,135341,180068,0,0,
train_479_n,main,train,expert,2042,graded,"probabilities to native, bilinear, thresholded there, and these numbers were measured from the masks that run kept",,,0.873938,,,0.930035,,,89.000000,136112,175923,0,0,
train_47_a,main,train,expert,2016,graded,"probabilities to native, bilinear, thresholded there, and these numbers were measured from the masks that run kept",,,0.882472,,,0.911318,,,117.000000,146935,167957,0,0,
train_480_n,main,train,expert,2041,graded,"probabilities to native, bilinear, thresholded there, and these numbers were measured from the masks that run kept",,,0.878994,,,0.925151,,,107.000000,159517,186643,0,0,
train_481_n,main,train,expert,2046,graded,"probabilities to native, bilinear, thresholded there, and these numbers were measured from the masks that run kept",,,0.877668,,,0.931004,,,109.000000,168400,167522,0,0,
train_482_n,main,train,expert,2047,graded,"probabilities to native, bilinear, thresholded there, and these numbers were measured from the masks that run kept",,,0.885568,,,0.931619,,,83.000000,147362,167396,0,0,
train_483_n,main,train,expert,2047,graded,"probabilities to native, bilinear, thresholded there, and these numbers were measured from the masks that run kept",,,0.876318,,,0.926324,,,98.000000,166688,180105,0,0,
train_484_n,main,train,expert,2046,graded,"probabilities to native, bilinear, thresholded there, and these numbers were measured from the masks that run kept",,,0.883037,,,0.926156,,,98.000000,143807,184949,0,0,
train_485_n,main,train,expert,2043,graded,"probabilities to native, bilinear, thresholded there, and these numbers were measured from the masks that run kept",,,0.893168,,,0.949369,,,87.000000,159249,183612,0,0,
train_486_n,main,train,expert,2048,graded,"probabilities to native, bilinear, thresholded there, and these numbers were measured from the masks that run kept",,,0.883373,,,0.919846,,,124.000000,175350,199364,0,0,
train_487_n,main,train,expert,2043,graded,"probabilities to native, bilinear, thresholded there, and these numbers were measured from the masks that run kept",,,0.879185,,,0.920150,,,83.000000,144063,176544,0,0,
train_488_n,main,train,expert,2046,graded,"probabilities to native, bilinear, thresholded there, and these numbers were measured from the masks that run kept",,,0.901807,,,0.944030,,,96.000000,157681,189738,0,0,
train_489_n,main,train,expert,2045,graded,"probabilities to native, bilinear, thresholded there, and these numbers were measured from the masks that run kept",,,0.893544,,,0.920123,,,126.000000,164161,191076,0,0,
train_48_a,main,train,expert,2016,graded,"probabilities to native, bilinear, thresholded there, and these numbers were measured from the masks that run kept",,,0.872736,,,0.884161,,,116.000000,152869,157621,0,0,
train_490_n,main,train,expert,2045,graded,"probabilities to native, bilinear, thresholded there, and these numbers were measured from the masks that run kept",,,0.907714,,,0.942017,,,103.000000,172451,197828,0,0,
train_491_n,main,train,expert,2044,graded,"probabilities to native, bilinear, thresholded there, and these numbers were measured from the masks that run kept",,,0.888945,,,0.919261,,,112.000000,157505,201142,0,0,
train_492_n,main,train,expert,2044,graded,"probabilities to native, bilinear, thresholded there, and these numbers were measured from the masks that run kept",,,0.852914,,,0.904115,,,103.000000,143269,154731,0,0,
train_493_n,main,train,expert,2042,graded,"probabilities to native, bilinear, thresholded there, and these numbers were measured from the masks that run kept",,,0.876805,,,0.944240,,,67.000000,135890,163644,0,0,
train_494_n,main,train,expert,2045,graded,"probabilities to native, bilinear, thresholded there, and these numbers were measured from the masks that run kept",,,0.853044,,,0.888182,,,94.000000,121188,163343,0,0,
train_495_n,main,train,expert,2046,graded,"probabilities to native, bilinear, thresholded there, and these numbers were measured from the masks that run kept",,,0.894753,,,0.928154,,,110.000000,155723,191745,0,0,
train_496_n,main,train,expert,2044,graded,"probabilities to native, bilinear, thresholded there, and these numbers were measured from the masks that run kept",,,0.908295,,,0.945484,,,107.000000,182668,190815,0,0,
train_497_n,main,train,expert,2046,graded,"probabilities to native, bilinear, thresholded there, and these numbers were measured from the masks that run kept",,,0.849965,,,0.925893,,,90.000000,118285,157335,0,0,
train_498_n,main,train,expert,2043,graded,"probabilities to native, bilinear, thresholded there, and these numbers were measured from the masks that run kept",,,0.898782,,,0.924501,,,107.000000,150931,192656,0,0,
train_499_n,main,train,expert,2045,graded,"probabilities to native, bilinear, thresholded there, and these numbers were measured from the masks that run kept",,,0.915646,,,0.944841,,,115.000000,187244,197128,0,0,
train_49_a,main,train,expert,2014,graded,"probabilities to native, bilinear, thresholded there, and these numbers were measured from the masks that run kept",,,0.884427,,,0.904512,,,118.000000,146222,157663,0,0,
train_4_a,main,train,expert,2015,graded,"probabilities to native, bilinear, thresholded there, and these numbers were measured from the masks that run kept",,,0.896916,,,0.931235,,,69.000000,179664,188173,0,0,
train_500_n,main,train,expert,2044,graded,"probabilities to native, bilinear, thresholded there, and these numbers were measured from the masks that run kept",,,0.881280,,,0.927139,,,123.000000,137507,174100,0,0,
train_501_n,main,train,expert,2042,graded,"probabilities to native, bilinear, thresholded there, and these numbers were measured from the masks that run kept",,,0.886486,,,0.932641,,,129.000000,134894,197791,0,0,
train_502_n,main,train,expert,2045,graded,"probabilities to native, bilinear, thresholded there, and these numbers were measured from the masks that run kept",,,0.851150,,,0.912427,,,118.000000,137983,158873,0,0,
train_503_n,main,train,expert,2043,graded,"probabilities to native, bilinear, thresholded there, and these numbers were measured from the masks that run kept",,,0.911041,,,0.949186,,,91.000000,163596,207711,0,0,
train_504_n,main,train,expert,2044,graded,"probabilities to native, bilinear, thresholded there, and these numbers were measured from the masks that run kept",,,0.907993,,,0.936945,,,62.000000,162437,202002,0,0,
train_505_n,main,train,expert,2045,graded,"probabilities to native, bilinear, thresholded there, and these numbers were measured from the masks that run kept",,,0.906203,,,0.925683,,,141.000000,167544,198097,0,0,
train_506_n,main,train,expert,2044,graded,"probabilities to native, bilinear, thresholded there, and these numbers were measured from the masks that run kept",,,0.902714,,,0.938267,,,124.000000,156048,184635,0,0,
train_507_n,main,train,expert,2043,graded,"probabilities to native, bilinear, thresholded there, and these numbers were measured from the masks that run kept",,,0.895173,,,0.928271,,,101.000000,158702,181473,0,0,
train_508_n,main,train,expert,2041,graded,"probabilities to native, bilinear, thresholded there, and these numbers were measured from the masks that run kept",,,0.896244,,,0.938780,,,97.000000,160070,188196,0,0,
train_509_n,main,train,expert,2042,graded,"probabilities to native, bilinear, thresholded there, and these numbers were measured from the masks that run kept",,,0.889504,,,0.935676,,,103.000000,139650,170515,0,0,
train_50_a,main,train,expert,2016,graded,"probabilities to native, bilinear, thresholded there, and these numbers were measured from the masks that run kept",,,0.820104,,,0.834650,,,110.000000,97558,144586,0,0,
train_510_n,main,train,expert,2042,graded,"probabilities to native, bilinear, thresholded there, and these numbers were measured from the masks that run kept",,,0.847015,,,0.928058,,,86.000000,121212,168454,0,0,
train_511_n,main,train,expert,2045,graded,"probabilities to native, bilinear, thresholded there, and these numbers were measured from the masks that run kept",,,0.891143,,,0.937748,,,93.000000,154895,168728,0,0,
train_512_n,main,train,expert,2043,graded,"probabilities to native, bilinear, thresholded there, and these numbers were measured from the masks that run kept",,,0.898749,,,0.922164,,,125.000000,195050,173787,0,0,
train_513_n,main,train,expert,2044,graded,"probabilities to native, bilinear, thresholded there, and these numbers were measured from the masks that run kept",,,0.907012,,,0.936709,,,85.000000,181473,183059,0,0,
train_514_n,main,train,expert,2043,graded,"probabilities to native, bilinear, thresholded there, and these numbers were measured from the masks that run kept",,,0.888130,,,0.918318,,,133.000000,160202,183040,0,0,
train_515_n,main,train,expert,2045,graded,"probabilities to native, bilinear, thresholded there, and these numbers were measured from the masks that run kept",,,0.885792,,,0.939709,,,121.000000,157936,186233,0,0,
train_516_n,main,train,expert,2043,graded,"probabilities to native, bilinear, thresholded there, and these numbers were measured from the masks that run kept",,,0.889331,,,0.942496,,,91.000000,164252,193733,0,0,
train_517_n,main,train,expert,2045,graded,"probabilities to native, bilinear, thresholded there, and these numbers were measured from the masks that run kept",,,0.870838,,,0.922063,,,107.000000,163713,154736,0,0,
train_518_n,main,train,expert,2040,graded,"probabilities to native, bilinear, thresholded there, and these numbers were measured from the masks that run kept",,,0.851478,,,0.916493,,,128.000000,146865,145963,0,0,
train_519_n,main,train,expert,2043,graded,"probabilities to native, bilinear, thresholded there, and these numbers were measured from the masks that run kept",,,0.856178,,,0.924767,,,110.000000,149793,152964,0,0,
train_51_a,main,train,expert,2016,graded,"probabilities to native, bilinear, thresholded there, and these numbers were measured from the masks that run kept",,,0.815971,,,0.845032,,,100.000000,68558,150176,0,0,
train_520_n,main,train,expert,2044,graded,"probabilities to native, bilinear, thresholded there, and these numbers were measured from the masks that run kept",,,0.888934,,,0.940917,,,96.000000,179970,173983,0,0,
train_521_n,main,train,expert,2048,graded,"probabilities to native, bilinear, thresholded there, and these numbers were measured from the masks that run kept",,,0.891081,,,0.934207,,,120.000000,153584,187114,0,0,
train_522_n,main,train,expert,2045,graded,"probabilities to native, bilinear, thresholded there, and these numbers were measured from the masks that run kept",,,0.866323,,,0.938223,,,102.000000,140003,161337,0,0,
train_523_n,main,train,expert,2042,graded,"probabilities to native, bilinear, thresholded there, and these numbers were measured from the masks that run kept",,,0.877999,,,0.934330,,,92.000000,138146,154832,0,0,
train_524_n,main,train,expert,2042,graded,"probabilities to native, bilinear, thresholded there, and these numbers were measured from the masks that run kept",,,0.888554,,,0.948406,,,77.000000,140747,152222,0,0,
train_525_n,main,train,expert,2042,graded,"probabilities to native, bilinear, thresholded there, and these numbers were measured from the masks that run kept",,,0.839330,,,0.906705,,,68.000000,118866,137730,0,0,
train_526_n,main,train,expert,2043,graded,"probabilities to native, bilinear, thresholded there, and these numbers were measured from the masks that run kept",,,0.874936,,,0.937741,,,74.000000,122498,170802,0,0,
train_527_n,main,train,expert,2042,graded,"probabilities to native, bilinear, thresholded there, and these numbers were measured from the masks that run kept",,,0.907303,,,0.928649,,,103.000000,160734,174388,0,0,
train_528_n,main,train,expert,2043,graded,"probabilities to native, bilinear, thresholded there, and these numbers were measured from the masks that run kept",,,0.879413,,,0.935125,,,142.000000,155040,182626,0,0,
train_529_n,main,train,expert,2042,graded,"probabilities to native, bilinear, thresholded there, and these numbers were measured from the masks that run kept",,,0.866587,,,0.941164,,,82.000000,144414,152099,0,0,
train_52_a,main,train,expert,2014,graded,"probabilities to native, bilinear, thresholded there, and these numbers were measured from the masks that run kept",,,0.899245,,,0.895776,,,124.000000,175995,203191,0,0,
train_530_n,main,train,expert,2044,graded,"probabilities to native, bilinear, thresholded there, and these numbers were measured from the masks that run kept",,,0.864262,,,0.917996,,,102.000000,136106,152609,0,0,
train_531_n,main,train,expert,2042,graded,"probabilities to native, bilinear, thresholded there, and these numbers were measured from the masks that run kept",,,0.857430,,,0.912269,,,101.000000,143856,159991,0,0,
train_532_n,main,train,expert,2045,graded,"probabilities to native, bilinear, thresholded there, and these numbers were measured from the masks that run kept",,,0.892155,,,0.950825,,,100.000000,160512,186080,0,0,
train_533_n,main,train,expert,2044,graded,"probabilities to native, bilinear, thresholded there, and these numbers were measured from the masks that run kept",,,0.881961,,,0.938989,,,62.000000,131273,183111,0,0,
train_534_n,main,train,expert,2044,graded,"probabilities to native, bilinear, thresholded there, and these numbers were measured from the masks that run kept",,,0.857795,,,0.893281,,,82.000000,122632,166310,0,0,
train_535_n,main,train,expert,2041,graded,"probabilities to native, bilinear, thresholded there, and these numbers were measured from the masks that run kept",,,0.859837,,,0.928235,,,82.000000,123971,160009,0,0,
train_536_n,main,train,expert,2042,graded,"probabilities to native, bilinear, thresholded there, and these numbers were measured from the masks that run kept",,,0.854538,,,0.907032,,,87.000000,120722,171077,0,0,
train_537_n,main,train,expert,2043,graded,"probabilities to native, bilinear, thresholded there, and these numbers were measured from the masks that run kept",,,0.850149,,,0.918983,,,89.000000,113576,170413,0,0,
train_538_n,main,train,expert,2044,graded,"probabilities to native, bilinear, thresholded there, and these numbers were measured from the masks that run kept",,,0.908572,,,0.942018,,,97.000000,161435,193585,0,0,
train_539_n,main,train,expert,2044,graded,"probabilities to native, bilinear, thresholded there, and these numbers were measured from the masks that run kept",,,0.899649,,,0.926532,,,104.000000,151541,176014,0,0,
train_53_a,main,train,expert,2018,graded,"probabilities to native, bilinear, thresholded there, and these numbers were measured from the masks that run kept",,,0.878182,,,0.878514,,,79.000000,123882,168443,0,0,
train_540_n,main,train,expert,2045,graded,"probabilities to native, bilinear, thresholded there, and these numbers were measured from the masks that run kept",,,0.880006,,,0.931074,,,80.000000,142739,190464,0,0,
train_541_n,main,train,expert,2042,graded,"probabilities to native, bilinear, thresholded there, and these numbers were measured from the masks that run kept",,,0.881563,,,0.934110,,,80.000000,141768,178624,0,0,
train_542_n,main,train,expert,2044,graded,"probabilities to native, bilinear, thresholded there, and these numbers were measured from the masks that run kept",,,0.871684,,,0.924760,,,122.000000,157494,170045,0,0,
train_543_n,main,train,expert,2044,graded,"probabilities to native, bilinear, thresholded there, and these numbers were measured from the masks that run kept",,,0.895323,,,0.955415,,,75.000000,166174,177005,0,0,
train_544_n,main,train,expert,2043,graded,"probabilities to native, bilinear, thresholded there, and these numbers were measured from the masks that run kept",,,0.906164,,,0.948120,,,97.000000,166756,191705,0,0,
train_545_n,main,train,expert,2045,graded,"probabilities to native, bilinear, thresholded there, and these numbers were measured from the masks that run kept",,,0.894629,,,0.931484,,,94.000000,156064,179643,0,0,
train_546_n,main,train,expert,2043,graded,"probabilities to native, bilinear, thresholded there, and these numbers were measured from the masks that run kept",,,0.852359,,,0.923957,,,87.000000,121532,159323,0,0,
train_547_n,main,train,expert,2045,graded,"probabilities to native, bilinear, thresholded there, and these numbers were measured from the masks that run kept",,,0.877705,,,0.936872,,,124.000000,150920,162926,0,0,
train_548_n,main,train,expert,2047,graded,"probabilities to native, bilinear, thresholded there, and these numbers were measured from the masks that run kept",,,0.882270,,,0.926358,,,141.000000,142729,172920,0,0,
train_549_n,main,train,expert,2045,graded,"probabilities to native, bilinear, thresholded there, and these numbers were measured from the masks that run kept",,,0.913110,,,0.948609,,,81.000000,177714,189069,0,0,
train_54_a,main,train,expert,2016,graded,"probabilities to native, bilinear, thresholded there, and these numbers were measured from the masks that run kept",,,0.892268,,,0.896786,,,110.000000,138792,163252,0,0,
train_550_n,main,train,expert,2045,graded,"probabilities to native, bilinear, thresholded there, and these numbers were measured from the masks that run kept",,,0.898623,,,0.926323,,,117.000000,154600,186842,0,0,
train_551_n,main,train,expert,2047,graded,"probabilities to native, bilinear, thresholded there, and these numbers were measured from the masks that run kept",,,0.896222,,,0.948129,,,100.000000,171539,172229,0,0,
train_552_n,main,train,expert,2046,graded,"probabilities to native, bilinear, thresholded there, and these numbers were measured from the masks that run kept",,,0.880830,,,0.926125,,,120.000000,149424,180342,0,0,
train_553_n,main,train,expert,2045,graded,"probabilities to native, bilinear, thresholded there, and these numbers were measured from the masks that run kept",,,0.884391,,,0.932477,,,97.000000,152560,178871,0,0,
train_554_n,main,train,expert,2046,graded,"probabilities to native, bilinear, thresholded there, and these numbers were measured from the masks that run kept",,,0.885806,,,0.942006,,,125.000000,148890,176962,0,0,
train_555_n,main,train,expert,2044,graded,"probabilities to native, bilinear, thresholded there, and these numbers were measured from the masks that run kept",,,0.874810,,,0.933286,,,121.000000,156211,180929,0,0,
train_556_n,main,train,expert,2048,graded,"probabilities to native, bilinear, thresholded there, and these numbers were measured from the masks that run kept",,,0.864958,,,0.939058,,,102.000000,154072,166055,0,0,
train_557_n,main,train,expert,2044,graded,"probabilities to native, bilinear, thresholded there, and these numbers were measured from the masks that run kept",,,0.923366,,,0.953188,,,83.000000,194036,216867,0,0,
train_558_n,main,train,expert,2046,graded,"probabilities to native, bilinear, thresholded there, and these numbers were measured from the masks that run kept",,,0.913073,,,0.936798,,,96.000000,188055,211248,0,0,
train_559_n,main,train,expert,2048,graded,"probabilities to native, bilinear, thresholded there, and these numbers were measured from the masks that run kept",,,0.910023,,,0.942704,,,102.000000,164789,203263,0,0,
train_55_a,main,train,expert,2015,graded,"probabilities to native, bilinear, thresholded there, and these numbers were measured from the masks that run kept",,,0.864529,,,0.889572,,,63.000000,124804,160448,0,0,
train_560_n,main,train,expert,2046,graded,"probabilities to native, bilinear, thresholded there, and these numbers were measured from the masks that run kept",,,0.880555,,,0.936149,,,75.000000,133657,158910,0,0,
train_561_n,main,train,expert,2048,graded,"probabilities to native, bilinear, thresholded there, and these numbers were measured from the masks that run kept",,,0.884001,,,0.932434,,,114.000000,152535,161890,0,0,
train_562_n,main,train,expert,2046,graded,"probabilities to native, bilinear, thresholded there, and these numbers were measured from the masks that run kept",,,0.869852,,,0.921526,,,109.000000,143245,166120,0,0,
train_563_n,main,train,expert,2048,graded,"probabilities to native, bilinear, thresholded there, and these numbers were measured from the masks that run kept",,,0.901666,,,0.945138,,,113.000000,153380,190000,0,0,
train_564_n,main,train,expert,2044,graded,"probabilities to native, bilinear, thresholded there, and these numbers were measured from the masks that run kept",,,0.902500,,,0.937846,,,140.000000,167755,184219,0,0,
train_565_n,main,train,expert,2044,graded,"probabilities to native, bilinear, thresholded there, and these numbers were measured from the masks that run kept",,,0.868773,,,0.912135,,,121.000000,124200,182818,0,0,
train_566_n,main,train,expert,2046,graded,"probabilities to native, bilinear, thresholded there, and these numbers were measured from the masks that run kept",,,0.883247,,,0.928655,,,112.000000,132729,183746,0,0,
train_567_n,main,train,expert,2047,graded,"probabilities to native, bilinear, thresholded there, and these numbers were measured from the masks that run kept",,,0.890412,,,0.922961,,,122.000000,163966,181158,0,0,
train_568_n,main,train,expert,2043,graded,"probabilities to native, bilinear, thresholded there, and these numbers were measured from the masks that run kept",,,0.898796,,,0.937098,,,118.000000,159985,181111,0,0,
train_569_n,main,train,expert,2048,graded,"probabilities to native, bilinear, thresholded there, and these numbers were measured from the masks that run kept",,,0.910608,,,0.946963,,,98.000000,168563,203583,0,0,
train_56_a,main,train,expert,2015,graded,"probabilities to native, bilinear, thresholded there, and these numbers were measured from the masks that run kept",,,0.833692,,,0.818104,,,109.000000,93778,130767,0,0,
train_570_n,main,train,expert,2047,graded,"probabilities to native, bilinear, thresholded there, and these numbers were measured from the masks that run kept",,,0.907106,,,0.948471,,,108.000000,179344,195938,0,0,
train_571_n,main,train,expert,2048,graded,"probabilities to native, bilinear, thresholded there, and these numbers were measured from the masks that run kept",,,0.888434,,,0.941890,,,80.000000,159525,173562,0,0,
train_572_n,main,train,expert,2046,graded,"probabilities to native, bilinear, thresholded there, and these numbers were measured from the masks that run kept",,,0.887648,,,0.940285,,,117.000000,160103,157178,0,0,
train_573_n,main,train,expert,2047,graded,"probabilities to native, bilinear, thresholded there, and these numbers were measured from the masks that run kept",,,0.901328,,,0.943370,,,109.000000,167241,188023,0,0,
train_574_n,main,train,expert,2046,graded,"probabilities to native, bilinear, thresholded there, and these numbers were measured from the masks that run kept",,,0.906186,,,0.939347,,,132.000000,170668,197840,0,0,
train_575_n,main,train,expert,2048,graded,"probabilities to native, bilinear, thresholded there, and these numbers were measured from the masks that run kept",,,0.881552,,,0.938595,,,77.000000,125858,181898,0,0,
train_576_n,main,train,expert,2046,graded,"probabilities to native, bilinear, thresholded there, and these numbers were measured from the masks that run kept",,,0.882483,,,0.939112,,,115.000000,138421,187884,0,0,
train_577_n,main,train,expert,2049,graded,"probabilities to native, bilinear, thresholded there, and these numbers were measured from the masks that run kept",,,0.885536,,,0.939364,,,129.000000,156833,167335,0,0,
train_578_n,main,train,expert,2047,graded,"probabilities to native, bilinear, thresholded there, and these numbers were measured from the masks that run kept",,,0.887167,,,0.942883,,,145.000000,152482,177815,0,0,
train_579_n,main,train,expert,2044,graded,"probabilities to native, bilinear, thresholded there, and these numbers were measured from the masks that run kept",,,0.885127,,,0.938892,,,110.000000,142970,182223,0,0,
train_57_a,main,train,expert,2017,graded,"probabilities to native, bilinear, thresholded there, and these numbers were measured from the masks that run kept",,,0.840422,,,0.841694,,,110.000000,86929,128292,0,0,
train_580_n,main,train,expert,2043,graded,"probabilities to native, bilinear, thresholded there, and these numbers were measured from the masks that run kept",,,0.898887,,,0.947685,,,85.000000,151252,184306,0,0,
train_581_n,main,train,expert,2039,graded,"probabilities to native, bilinear, thresholded there, and these numbers were measured from the masks that run kept",,,0.895774,,,0.942680,,,99.000000,181068,189459,0,0,
train_582_n,main,train,expert,2044,graded,"probabilities to native, bilinear, thresholded there, and these numbers were measured from the masks that run kept",,,0.931294,,,0.950250,,,105.000000,187070,217509,0,0,
train_583_n,main,train,expert,2041,graded,"probabilities to native, bilinear, thresholded there, and these numbers were measured from the masks that run kept",,,0.898052,,,0.937784,,,97.000000,133512,189094,0,0,
train_584_n,main,train,expert,2043,graded,"probabilities to native, bilinear, thresholded there, and these numbers were measured from the masks that run kept",,,0.923862,,,0.954842,,,84.000000,156578,188378,0,0,
train_585_n,main,train,expert,2043,graded,"probabilities to native, bilinear, thresholded there, and these numbers were measured from the masks that run kept",,,0.889328,,,0.943944,,,112.000000,157551,168263,0,0,
train_586_n,main,train,expert,2045,graded,"probabilities to native, bilinear, thresholded there, and these numbers were measured from the masks that run kept",,,0.889662,,,0.947859,,,72.000000,157749,167338,0,0,
train_587_n,main,train,expert,2044,graded,"probabilities to native, bilinear, thresholded there, and these numbers were measured from the masks that run kept",,,0.844528,,,0.929165,,,106.000000,118212,144217,0,0,
train_588_n,main,train,expert,2044,graded,"probabilities to native, bilinear, thresholded there, and these numbers were measured from the masks that run kept",,,0.844803,,,0.927524,,,99.000000,115561,148217,0,0,
train_589_n,main,train,expert,2045,graded,"probabilities to native, bilinear, thresholded there, and these numbers were measured from the masks that run kept",,,0.912308,,,0.949608,,,97.000000,170302,170393,0,0,
train_58_a,main,train,expert,2017,graded,"probabilities to native, bilinear, thresholded there, and these numbers were measured from the masks that run kept",,,0.861390,,,0.917900,,,69.000000,137403,147425,0,0,
train_590_n,main,train,expert,2044,graded,"probabilities to native, bilinear, thresholded there, and these numbers were measured from the masks that run kept",,,0.908823,,,0.950263,,,85.000000,154266,207332,0,0,
train_591_n,main,train,expert,2046,graded,"probabilities to native, bilinear, thresholded there, and these numbers were measured from the masks that run kept",,,0.883865,,,0.926770,,,139.000000,157476,175564,0,0,
train_592_n,main,train,expert,2045,graded,"probabilities to native, bilinear, thresholded there, and these numbers were measured from the masks that run kept",,,0.901436,,,0.935158,,,125.000000,163186,193913,0,0,
train_593_n,main,train,expert,2045,graded,"probabilities to native, bilinear, thresholded there, and these numbers were measured from the masks that run kept",,,0.884185,,,0.949500,,,97.000000,143381,168379,0,0,
train_594_n,main,train,expert,2043,graded,"probabilities to native, bilinear, thresholded there, and these numbers were measured from the masks that run kept",,,0.874447,,,0.942526,,,120.000000,149856,142024,0,0,
train_595_n,main,train,expert,2045,graded,"probabilities to native, bilinear, thresholded there, and these numbers were measured from the masks that run kept",,,0.850782,,,0.926441,,,97.000000,111806,171100,0,0,
train_596_n,main,train,expert,2044,graded,"probabilities to native, bilinear, thresholded there, and these numbers were measured from the masks that run kept",,,0.894227,,,0.951145,,,88.000000,154581,156844,0,0,
train_597_n,main,train,expert,2046,graded,"probabilities to native, bilinear, thresholded there, and these numbers were measured from the masks that run kept",,,0.916485,,,0.946422,,,102.000000,168639,170008,0,0,
train_598_n,main,train,expert,2046,graded,"probabilities to native, bilinear, thresholded there, and these numbers were measured from the masks that run kept",,,0.883181,,,0.925199,,,112.000000,133463,160956,0,0,
train_599_n,main,train,expert,2043,graded,"probabilities to native, bilinear, thresholded there, and these numbers were measured from the masks that run kept",,,0.922179,,,0.936680,,,117.000000,189878,200404,0,0,
train_59_a,main,train,expert,2022,graded,"probabilities to native, bilinear, thresholded there, and these numbers were measured from the masks that run kept",,,0.750583,,,0.810158,,,50.000000,45715,87791,0,0,
train_5_a,main,train,expert,2016,graded,"probabilities to native, bilinear, thresholded there, and these numbers were measured from the masks that run kept",,,0.885684,,,0.910467,,,116.000000,140655,183224,0,0,
train_600_n,main,train,expert,2044,graded,"probabilities to native, bilinear, thresholded there, and these numbers were measured from the masks that run kept",,,0.900482,,,0.959501,,,79.000000,179507,182938,0,0,
train_60_a,main,train,expert,2014,graded,"probabilities to native, bilinear, thresholded there, and these numbers were measured from the masks that run kept",,,0.890270,,,0.899683,,,146.000000,111567,179965,0,0,
train_61_a,main,train,expert,2015,graded,"probabilities to native, bilinear, thresholded there, and these numbers were measured from the masks that run kept",,,0.906862,,,0.934676,,,90.000000,149061,144368,0,0,
train_62_a,main,train,expert,2020,graded,"probabilities to native, bilinear, thresholded there, and these numbers were measured from the masks that run kept",,,0.852803,,,0.907182,,,77.000000,89887,123844,0,0,
train_63_a,main,train,expert,2018,graded,"probabilities to native, bilinear, thresholded there, and these numbers were measured from the masks that run kept",,,0.885247,,,0.917387,,,66.000000,114197,140510,0,0,
train_64_a,main,train,expert,2017,graded,"probabilities to native, bilinear, thresholded there, and these numbers were measured from the masks that run kept",,,0.921857,,,0.927519,,,74.000000,138027,185162,0,0,
train_65_a,main,train,expert,2014,graded,"probabilities to native, bilinear, thresholded there, and these numbers were measured from the masks that run kept",,,0.898334,,,0.937306,,,68.000000,97758,132293,0,0,
train_66_a,main,train,expert,2017,graded,"probabilities to native, bilinear, thresholded there, and these numbers were measured from the masks that run kept",,,0.873634,,,0.936000,,,34.000000,112914,154186,0,0,
train_67_a,main,train,expert,2015,graded,"probabilities to native, bilinear, thresholded there, and these numbers were measured from the masks that run kept",,,0.848612,,,0.908447,,,63.000000,96891,145863,0,0,
train_68_a,main,train,expert,2014,graded,"probabilities to native, bilinear, thresholded there, and these numbers were measured from the masks that run kept",,,0.860701,,,0.898477,,,118.000000,108324,127958,0,0,
train_69_a,main,train,expert,2020,graded,"probabilities to native, bilinear, thresholded there, and these numbers were measured from the masks that run kept",,,0.881212,,,0.907908,,,123.000000,140008,185028,0,0,
train_6_a,main,train,expert,2015,graded,"probabilities to native, bilinear, thresholded there, and these numbers were measured from the masks that run kept",,,0.897430,,,0.930318,,,121.000000,136046,181731,0,0,
train_70_a,main,train,expert,2015,graded,"probabilities to native, bilinear, thresholded there, and these numbers were measured from the masks that run kept",,,0.750319,,,0.781704,,,109.000000,69911,102143,0,0,
train_71_a,main,train,expert,2012,graded,"probabilities to native, bilinear, thresholded there, and these numbers were measured from the masks that run kept",,,0.920220,,,0.937061,,,57.000000,155916,185020,0,0,
train_72_a,main,train,expert,2018,graded,"probabilities to native, bilinear, thresholded there, and these numbers were measured from the masks that run kept",,,0.916171,,,0.930294,,,113.000000,128612,168601,0,0,
train_73_a,main,train,expert,2015,graded,"probabilities to native, bilinear, thresholded there, and these numbers were measured from the masks that run kept",,,0.906999,,,0.937251,,,100.000000,156632,186108,0,0,
train_74_a,main,train,expert,2014,graded,"probabilities to native, bilinear, thresholded there, and these numbers were measured from the masks that run kept",,,0.884222,,,0.930030,,,102.000000,148652,159409,0,0,
train_75_a,main,train,expert,2017,graded,"probabilities to native, bilinear, thresholded there, and these numbers were measured from the masks that run kept",,,0.887741,,,0.929476,,,91.000000,119829,158068,0,0,
train_76_a,main,train,expert,2013,graded,"probabilities to native, bilinear, thresholded there, and these numbers were measured from the masks that run kept",,,0.823554,,,0.861905,,,97.000000,95232,151724,0,0,
train_77_a,main,train,expert,2019,graded,"probabilities to native, bilinear, thresholded there, and these numbers were measured from the masks that run kept",,,0.890111,,,0.926041,,,81.000000,140654,165833,0,0,
train_78_a,main,train,expert,2017,graded,"probabilities to native, bilinear, thresholded there, and these numbers were measured from the masks that run kept",,,0.881693,,,0.932094,,,72.000000,122349,150933,0,0,
train_79_a,main,train,expert,2020,graded,"probabilities to native, bilinear, thresholded there, and these numbers were measured from the masks that run kept",,,0.863074,,,0.920634,,,123.000000,117326,145126,0,0,
train_7_a,main,train,expert,2017,graded,"probabilities to native, bilinear, thresholded there, and these numbers were measured from the masks that run kept",,,0.851232,,,0.890148,,,81.000000,117810,154433,0,0,
train_80_a,main,train,expert,2016,graded,"probabilities to native, bilinear, thresholded there, and these numbers were measured from the masks that run kept",,,0.877991,,,0.920493,,,54.000000,120647,155199,0,0,
train_81_a,main,train,expert,2016,graded,"probabilities to native, bilinear, thresholded there, and these numbers were measured from the masks that run kept",,,0.902323,,,0.943595,,,63.000000,134985,168239,0,0,
train_82_a,main,train,expert,2017,graded,"probabilities to native, bilinear, thresholded there, and these numbers were measured from the masks that run kept",,,0.823434,,,0.900725,,,63.000000,87595,85471,0,0,
train_83_a,main,train,expert,2016,graded,"probabilities to native, bilinear, thresholded there, and these numbers were measured from the masks that run kept",,,0.769078,,,0.860347,,,100.000000,78060,72265,0,0,
train_84_a,main,train,expert,2020,graded,"probabilities to native, bilinear, thresholded there, and these numbers were measured from the masks that run kept",,,0.818785,,,0.885403,,,57.000000,68045,82881,0,0,
train_85_a,main,train,expert,2016,graded,"probabilities to native, bilinear, thresholded there, and these numbers were measured from the masks that run kept",,,0.833301,,,0.887129,,,75.000000,84263,100445,0,0,
train_86_a,main,train,expert,2014,graded,"probabilities to native, bilinear, thresholded there, and these numbers were measured from the masks that run kept",,,0.916289,,,0.937575,,,80.000000,147188,181675,0,0,
train_87_a,main,train,expert,2017,graded,"probabilities to native, bilinear, thresholded there, and these numbers were measured from the masks that run kept",,,0.904553,,,0.916062,,,119.000000,128114,193364,0,0,
train_88_a,main,train,expert,2014,graded,"probabilities to native, bilinear, thresholded there, and these numbers were measured from the masks that run kept",,,0.884767,,,0.918637,,,67.000000,124099,166196,0,0,
train_89_a,main,train,expert,2018,graded,"probabilities to native, bilinear, thresholded there, and these numbers were measured from the masks that run kept",,,0.818615,,,0.853950,,,97.000000,67380,113047,0,0,
train_8_a,main,train,expert,2016,graded,"probabilities to native, bilinear, thresholded there, and these numbers were measured from the masks that run kept",,,0.850995,,,0.871159,,,92.000000,110377,146494,0,0,
train_90_a,main,train,expert,2018,graded,"probabilities to native, bilinear, thresholded there, and these numbers were measured from the masks that run kept",,,0.911606,,,0.932831,,,77.000000,132979,183672,0,0,
train_91_a,main,train,expert,2014,graded,"probabilities to native, bilinear, thresholded there, and these numbers were measured from the masks that run kept",,,0.818553,,,0.887384,,,109.000000,92359,147257,0,0,
train_92_a,main,train,expert,2015,graded,"probabilities to native, bilinear, thresholded there, and these numbers were measured from the masks that run kept",,,0.883380,,,0.943729,,,71.000000,137212,177675,0,0,
train_93_a,main,train,expert,2013,graded,"probabilities to native, bilinear, thresholded there, and these numbers were measured from the masks that run kept",,,0.813968,,,0.880511,,,126.000000,67198,85516,0,0,
train_94_a,main,train,expert,2016,graded,"probabilities to native, bilinear, thresholded there, and these numbers were measured from the masks that run kept",,,0.894838,,,0.924922,,,50.000000,105582,124721,0,0,
train_95_a,main,train,expert,2013,graded,"probabilities to native, bilinear, thresholded there, and these numbers were measured from the masks that run kept",,,0.909998,,,0.938101,,,69.000000,117327,159751,0,0,
train_96_a,main,train,expert,2012,graded,"probabilities to native, bilinear, thresholded there, and these numbers were measured from the masks that run kept",,,0.814494,,,0.863055,,,90.000000,35658,94021,0,0,
train_97_a,main,train,expert,2018,graded,"probabilities to native, bilinear, thresholded there, and these numbers were measured from the masks that run kept",,,0.887327,,,0.919854,,,65.000000,123882,168443,0,0,
train_98_a,main,train,expert,2015,graded,"probabilities to native, bilinear, thresholded there, and these numbers were measured from the masks that run kept",,,0.867099,,,0.900517,,,85.000000,112994,133042,0,0,
train_99_a,main,train,expert,2010,graded,"probabilities to native, bilinear, thresholded there, and these numbers were measured from the masks that run kept",,,0.834147,,,0.866292,,,79.000000,68736,106876,0,0,
train_9_a,main,train,expert,2017,graded,"probabilities to native, bilinear, thresholded there, and these numbers were measured from the masks that run kept",,,0.863679,,,0.924381,,,77.000000,104062,141694,0,0,
