key,subset,split,reader,native_side,outcome,resampling,artery_dice,vein_dice,vessels_dice,artery_cldice,vein_cldice,vessels_cldice,artery_betti,vein_betti,vessels_betti,said_artery_px,said_vein_px,truth_artery_px,truth_vein_px,note
enrich_enrich012enrich01220210728_001,enrich,unspecified,expert,2200,graded,"probabilities to native, bilinear, thresholded there, and these numbers were measured from the masks that run kept",0.850811,0.886923,0.875282,0.826377,0.885521,0.863127,58.000000,65.000000,137.000000,158627,199612,174072,208631,
enrich_enrich012enrich01220210728_002,enrich,unspecified,expert,2200,graded,"probabilities to native, bilinear, thresholded there, and these numbers were measured from the masks that run kept",0.877428,0.888572,0.888061,0.865158,0.869370,0.874278,67.000000,68.000000,143.000000,159785,189900,164246,201760,
enrich_enrich016enrich01620210803_003,enrich,unspecified,expert,2200,graded,"probabilities to native, bilinear, thresholded there, and these numbers were measured from the masks that run kept",0.891100,0.887263,0.892408,0.879906,0.842934,0.865423,38.000000,32.000000,83.000000,165911,170862,171104,178358,
enrich_enrich016enrich01620210803_005,enrich,unspecified,expert,2201,graded,"probabilities to native, bilinear, thresholded there, and these numbers were measured from the masks that run kept",0.880815,0.876097,0.884863,0.862439,0.837283,0.858345,29.000000,56.000000,95.000000,162966,169390,166304,176745,
enrich_enrich023enrich02320210812_001,enrich,unspecified,expert,2200,graded,"probabilities to native, bilinear, thresholded there, and these numbers were measured from the masks that run kept",0.872459,0.900673,0.890443,0.848158,0.902133,0.880282,57.000000,69.000000,146.000000,164221,169123,173647,172204,
enrich_enrich023enrich02320210812_002,enrich,unspecified,expert,2200,graded,"probabilities to native, bilinear, thresholded there, and these numbers were measured from the masks that run kept",0.899592,0.893504,0.904427,0.936827,0.889379,0.924779,27.000000,42.000000,88.000000,148930,146186,149054,146464,
enrich_enrich027enrich02720210818_001,enrich,unspecified,expert,2199,graded,"probabilities to native, bilinear, thresholded there, and these numbers were measured from the masks that run kept",0.902143,0.907684,0.909477,0.903939,0.885405,0.902654,61.000000,48.000000,114.000000,219498,245340,214797,243491,
enrich_enrich030enrich03020210821_001,enrich,unspecified,expert,2200,graded,"probabilities to native, bilinear, thresholded there, and these numbers were measured from the masks that run kept",0.889406,0.892044,0.901235,0.879595,0.898671,0.905541,46.000000,50.000000,100.000000,224380,234149,220816,225409,
enrich_enrich030enrich03020210821_002,enrich,unspecified,expert,2199,graded,"probabilities to native, bilinear, thresholded there, and these numbers were measured from the masks that run kept",0.896592,0.894107,0.900832,0.896293,0.888479,0.897513,35.000000,46.000000,88.000000,214625,207428,214995,214593,
enrich_enrich031enrich03120210824_001,enrich,unspecified,expert,2200,graded,"probabilities to native, bilinear, thresholded there, and these numbers were measured from the masks that run kept",0.893081,0.883458,0.896404,0.884553,0.849925,0.885003,37.000000,57.000000,113.000000,211128,212469,210106,227921,
enrich_enrich031enrich03120210824_002,enrich,unspecified,expert,2200,graded,"probabilities to native, bilinear, thresholded there, and these numbers were measured from the masks that run kept",0.890954,0.902690,0.903812,0.909297,0.909007,0.920326,48.000000,40.000000,95.000000,207099,246537,203921,245716,
enrich_enrich032enrich03220210824_001,enrich,unspecified,expert,2200,graded,"probabilities to native, bilinear, thresholded there, and these numbers were measured from the masks that run kept",0.896065,0.905949,0.906281,0.929270,0.931216,0.937319,64.000000,55.000000,129.000000,194524,203530,186781,198729,
enrich_enrich032enrich03220210824_002,enrich,unspecified,expert,2200,graded,"probabilities to native, bilinear, thresholded there, and these numbers were measured from the masks that run kept",0.902776,0.908379,0.913171,0.918279,0.905366,0.924665,27.000000,74.000000,112.000000,195929,201522,199932,202655,
enrich_enrich033enrich03320210825_001,enrich,unspecified,expert,2200,graded,"probabilities to native, bilinear, thresholded there, and these numbers were measured from the masks that run kept",0.864840,0.881122,0.882641,0.852074,0.868046,0.876739,70.000000,56.000000,161.000000,175982,179301,189318,191331,
enrich_enrich033enrich03320210825_007,enrich,unspecified,expert,2200,graded,"probabilities to native, bilinear, thresholded there, and these numbers were measured from the masks that run kept",0.869900,0.886335,0.894818,0.873476,0.888128,0.911196,56.000000,52.000000,127.000000,204327,215589,198409,213982,
enrich_enrich034enrich03420210825_001,enrich,unspecified,expert,2200,graded,"probabilities to native, bilinear, thresholded there, and these numbers were measured from the masks that run kept",0.882017,0.901027,0.898323,0.869431,0.905630,0.896887,63.000000,73.000000,171.000000,211002,230529,222491,226911,
enrich_enrich034enrich03420210825_003,enrich,unspecified,expert,2200,graded,"probabilities to native, bilinear, thresholded there, and these numbers were measured from the masks that run kept",0.904541,0.899208,0.907049,0.947451,0.906641,0.931789,35.000000,43.000000,97.000000,204509,212104,193556,202412,
enrich_enrich035enrich03520210826_001,enrich,unspecified,expert,2199,graded,"probabilities to native, bilinear, thresholded there, and these numbers were measured from the masks that run kept",0.888164,0.906593,0.905214,0.878841,0.880955,0.896436,52.000000,65.000000,140.000000,230434,226107,235775,228507,
enrich_enrich035enrich03520210826_002,enrich,unspecified,expert,2200,graded,"probabilities to native, bilinear, thresholded there, and these numbers were measured from the masks that run kept",0.878735,0.905723,0.901817,0.852230,0.892688,0.888411,64.000000,66.000000,142.000000,224550,240278,227714,243645,
enrich_enrich039enrich03920210901_001,enrich,unspecified,expert,2200,graded,"probabilities to native, bilinear, thresholded there, and these numbers were measured from the masks that run kept",0.885055,0.876282,0.886909,0.882872,0.871686,0.885632,46.000000,91.000000,155.000000,196691,175022,193705,177020,
enrich_enrich039enrich03920210901_002,enrich,unspecified,expert,2200,graded,"probabilities to native, bilinear, thresholded there, and these numbers were measured from the masks that run kept",0.889039,0.869997,0.894041,0.897669,0.838175,0.898629,48.000000,71.000000,140.000000,198590,174717,188745,174799,
enrich_enrich044enrich04420210907_003,enrich,unspecified,expert,2200,graded,"probabilities to native, bilinear, thresholded there, and these numbers were measured from the masks that run kept",0.898073,0.913928,0.910089,0.887715,0.904741,0.901972,44.000000,52.000000,114.000000,187298,207881,191001,209852,
enrich_enrich110enrich11020220808_001,enrich,unspecified,expert,2200,graded,"probabilities to native, bilinear, thresholded there, and these numbers were measured from the masks that run kept",0.873610,0.890411,0.888237,0.868836,0.861389,0.877295,30.000000,41.000000,83.000000,170281,174096,177785,180538,
enrich_enrich113enrich11320220826_001,enrich,unspecified,expert,2200,graded,"probabilities to native, bilinear, thresholded there, and these numbers were measured from the masks that run kept",0.863812,0.882830,0.879882,0.852457,0.873188,0.876025,50.000000,68.000000,139.000000,173730,187062,174980,186763,
enrich_enrich113enrich11320220826_002,enrich,unspecified,expert,2200,graded,"probabilities to native, bilinear, thresholded there, and these numbers were measured from the masks that run kept",0.882768,0.881724,0.886348,0.868856,0.832948,0.858276,49.000000,78.000000,146.000000,161662,177193,163515,186576,
enrich_enrich125enrich12520221114_001,enrich,unspecified,expert,2200,graded,"probabilities to native, bilinear, thresholded there, and these numbers were measured from the masks that run kept",0.890085,0.883379,0.892880,0.896039,0.864218,0.888924,54.000000,48.000000,123.000000,213311,198751,206941,209676,
enrich_enrich129enrich12920221118_002,enrich,unspecified,expert,2198,graded,"probabilities to native, bilinear, thresholded there, and these numbers were measured from the masks that run kept",0.869800,0.901354,0.894472,0.875973,0.844009,0.875893,20.000000,38.000000,74.000000,163321,173933,171917,179067,
enrich_enrich133enrich13320230118_001,enrich,unspecified,expert,2200,graded,"probabilities to native, bilinear, thresholded there, and these numbers were measured from the masks that run kept",0.873122,0.875786,0.881930,0.862774,0.857469,0.872659,48.000000,80.000000,138.000000,174556,181253,181021,193375,
enrich_enrich133enrich13320230118_002,enrich,unspecified,expert,2200,graded,"probabilities to native, bilinear, thresholded there, and these numbers were measured from the masks that run kept",0.886553,0.919081,0.905445,0.911002,0.924874,0.922869,26.000000,20.000000,54.000000,172780,156480,162072,152557,
enrich_enrich135enrich13520230201_002,enrich,unspecified,expert,2200,graded,"probabilities to native, bilinear, thresholded there, and these numbers were measured from the masks that run kept",0.894005,0.883142,0.891992,0.905896,0.852712,0.883838,27.000000,40.000000,88.000000,148849,147352,143306,152002,
enrich_enrich136enrich13620230210_002,enrich,unspecified,expert,2200,graded,"probabilities to native, bilinear, thresholded there, and these numbers were measured from the masks that run kept",0.905364,0.906417,0.908364,0.928915,0.900580,0.916791,27.000000,20.000000,50.000000,139666,146171,132947,144117,
enrich_enrich137enrich13720230216_002,enrich,unspecified,expert,2200,graded,"probabilities to native, bilinear, thresholded there, and these numbers were measured from the masks that run kept",0.894055,0.907895,0.902289,0.894902,0.893713,0.895837,30.000000,15.000000,58.000000,174709,146914,178408,154460,
enrich_enrich138enrich13820230217_002,enrich,unspecified,expert,2200,graded,"probabilities to native, bilinear, thresholded there, and these numbers were measured from the masks that run kept",0.846300,0.869199,0.863722,0.828363,0.805103,0.824776,75.000000,64.000000,167.000000,134238,149479,148123,165816,
enrich_enrich139enrich13920230217_002,enrich,unspecified,expert,2198,graded,"probabilities to native, bilinear, thresholded there, and these numbers were measured from the masks that run kept",0.892737,0.889407,0.895227,0.903342,0.850953,0.882402,36.000000,64.000000,110.000000,143051,157373,141671,168118,
enrich_enrich140enrich14020230222_001,enrich,unspecified,expert,2200,graded,"probabilities to native, bilinear, thresholded there, and these numbers were measured from the masks that run kept",0.868642,0.878279,0.892405,0.883562,0.871030,0.906492,49.000000,55.000000,132.000000,189396,229029,184954,233052,
enrich_enrich141enrich14120230223_005,enrich,unspecified,expert,2200,graded,"probabilities to native, bilinear, thresholded there, and these numbers were measured from the masks that run kept",0.873036,0.885344,0.887740,0.897747,0.880772,0.898006,53.000000,45.000000,110.000000,146808,175011,143629,179904,
enrich_enrich143enrich14320230302_003,enrich,unspecified,expert,2200,graded,"probabilities to native, bilinear, thresholded there, and these numbers were measured from the masks that run kept",0.890375,0.885890,0.891644,0.900745,0.837491,0.875455,39.000000,57.000000,116.000000,154661,157869,149768,166205,
enrich_enrich144enrich14420230315_004,enrich,unspecified,expert,2200,graded,"probabilities to native, bilinear, thresholded there, and these numbers were measured from the masks that run kept",0.902034,0.909025,0.909511,0.900960,0.893578,0.902240,56.000000,52.000000,105.000000,163144,191847,159469,188532,
enrich_enrich147enrich14720230420_004,enrich,unspecified,expert,2199,graded,"probabilities to native, bilinear, thresholded there, and these numbers were measured from the masks that run kept",0.853251,0.866078,0.863910,0.841922,0.803383,0.832883,42.000000,33.000000,99.000000,143071,133802,154274,147960,
enrich_enrich150enrich15020230511_002,enrich,unspecified,expert,2201,graded,"probabilities to native, bilinear, thresholded there, and these numbers were measured from the masks that run kept",0.873880,0.893638,0.891848,0.866499,0.884809,0.888196,77.000000,92.000000,192.000000,222021,234000,217593,233742,
enrich_enrich151enrich15120230526_003,enrich,unspecified,expert,2200,graded,"probabilities to native, bilinear, thresholded there, and these numbers were measured from the masks that run kept",0.891709,0.911703,0.905996,0.900864,0.901736,0.908256,35.000000,58.000000,102.000000,183348,174126,178324,172669,
enrich_enrich153enrich15320230602_005,enrich,unspecified,expert,2201,graded,"probabilities to native, bilinear, thresholded there, and these numbers were measured from the masks that run kept",0.913281,0.926420,0.924129,0.924362,0.927891,0.933948,23.000000,33.000000,61.000000,162923,157159,160640,152135,
enrich_enrich154enrich15420230607_005,enrich,unspecified,expert,2200,graded,"probabilities to native, bilinear, thresholded there, and these numbers were measured from the masks that run kept",0.878841,0.904848,0.899352,0.884674,0.880580,0.891746,53.000000,34.000000,115.000000,152946,176584,150515,180318,
enrich_enrich155enrich15520230621_004,enrich,unspecified,expert,2199,graded,"probabilities to native, bilinear, thresholded there, and these numbers were measured from the masks that run kept",0.871780,0.878522,0.888070,0.895729,0.859973,0.897940,35.000000,56.000000,110.000000,201674,176928,196424,184725,
enrich_enrich157enrich15720230623_005,enrich,unspecified,expert,2198,graded,"probabilities to native, bilinear, thresholded there, and these numbers were measured from the masks that run kept",0.890330,0.867560,0.883280,0.897131,0.856387,0.883929,42.000000,77.000000,135.000000,156622,197859,159854,203697,
enrich_enrich5enrich520210720_001,enrich,unspecified,expert,2200,graded,"probabilities to native, bilinear, thresholded there, and these numbers were measured from the masks that run kept",0.862652,0.891061,0.888335,0.857477,0.882998,0.887615,77.000000,65.000000,166.000000,206875,236001,204633,241753,
enrich_enrich5enrich520210720_002,enrich,unspecified,expert,2200,graded,"probabilities to native, bilinear, thresholded there, and these numbers were measured from the masks that run kept",0.859834,0.868999,0.880585,0.841524,0.805176,0.852845,208.000000,66.000000,293.000000,191283,214800,200881,227557,
enrich_enrich6enrich620210720_001,enrich,unspecified,expert,2198,graded,"probabilities to native, bilinear, thresholded there, and these numbers were measured from the masks that run kept",0.897877,0.891694,0.898051,0.923122,0.901040,0.914371,51.000000,72.000000,132.000000,175463,193133,173449,195025,
enrich_enrich7enrich720210720_001,enrich,unspecified,expert,2200,graded,"probabilities to native, bilinear, thresholded there, and these numbers were measured from the masks that run kept",0.866307,0.881561,0.884153,0.855170,0.848086,0.872335,50.000000,57.000000,129.000000,210013,196421,213488,205255,
enrich_enrich7enrich720210720_003,enrich,unspecified,expert,2201,graded,"probabilities to native, bilinear, thresholded there, and these numbers were measured from the masks that run kept",0.875270,0.872968,0.882160,0.864565,0.817498,0.858741,73.000000,84.000000,182.000000,208500,184276,215184,198015,
enrich_les047enrich04620210908_002,enrich,unspecified,expert,2200,graded,"probabilities to native, bilinear, thresholded there, and these numbers were measured from the masks that run kept",0.883095,0.902863,0.896755,0.904938,0.894141,0.905929,79.000000,93.000000,186.000000,209799,213772,194864,207973,
enrich_les285enrich13120230111_002,enrich,unspecified,expert,2200,graded,"probabilities to native, bilinear, thresholded there, and these numbers were measured from the masks that run kept",0.863463,0.890715,0.882469,0.839027,0.867509,0.859529,28.000000,20.000000,59.000000,123219,154836,132755,168612,
enrich_les285enrich13120230111_005,enrich,unspecified,expert,2200,graded,"probabilities to native, bilinear, thresholded there, and these numbers were measured from the masks that run kept",0.848519,0.893254,0.879826,0.841284,0.880264,0.871250,35.000000,26.000000,83.000000,136756,196890,140296,195180,
enrich_les313enrich08320220103_001,enrich,unspecified,expert,2200,graded,"probabilities to native, bilinear, thresholded there, and these numbers were measured from the masks that run kept",0.872482,0.904799,0.894207,0.882143,0.888601,0.888683,26.000000,28.000000,64.000000,149161,186408,153401,187998,
enrich_les326enrich08120220103_002,enrich,unspecified,expert,2200,graded,"probabilities to native, bilinear, thresholded there, and these numbers were measured from the masks that run kept",0.888365,0.874738,0.885070,0.899527,0.844865,0.877492,20.000000,28.000000,56.000000,132858,130225,130779,132688,
enrich_les329enrich08420220110_002,enrich,unspecified,expert,2200,graded,"probabilities to native, bilinear, thresholded there, and these numbers were measured from the masks that run kept",0.866256,0.892690,0.883461,0.868074,0.859075,0.866902,48.000000,52.000000,113.000000,136295,154175,133662,161937,
enrich_les345enrich07720211220_001,enrich,unspecified,expert,2200,graded,"probabilities to native, bilinear, thresholded there, and these numbers were measured from the masks that run kept",0.876549,0.886505,0.890209,0.916855,0.882570,0.906310,16.000000,39.000000,66.000000,121392,143958,117755,144821,
enrich_les347enrich08020211223_001,enrich,unspecified,expert,2200,graded,"probabilities to native, bilinear, thresholded there, and these numbers were measured from the masks that run kept",0.892327,0.892785,0.895301,0.888379,0.865214,0.879752,26.000000,34.000000,75.000000,131841,141132,134167,146095,
enrich_les353enrich09420220222_001,enrich,unspecified,expert,2200,graded,"probabilities to native, bilinear, thresholded there, and these numbers were measured from the masks that run kept",0.895377,0.904645,0.902965,0.887079,0.874042,0.882280,7.000000,28.000000,42.000000,98349,143143,98625,147079,
enrich_les359enrich06920211104_002,enrich,unspecified,expert,2200,graded,"probabilities to native, bilinear, thresholded there, and these numbers were measured from the masks that run kept",0.840590,0.889122,0.873160,0.836351,0.865173,0.854251,34.000000,39.000000,88.000000,92822,128849,100723,135450,
enrich_les372enrich07420211129_002,enrich,unspecified,expert,2200,graded,"probabilities to native, bilinear, thresholded there, and these numbers were measured from the masks that run kept",0.883542,0.894697,0.911689,0.926918,0.874847,0.938716,29.000000,43.000000,77.000000,127785,134834,116758,139860,
enrich_les378enrich07520211129_002,enrich,unspecified,expert,2199,graded,"probabilities to native, bilinear, thresholded there, and these numbers were measured from the masks that run kept",0.896811,0.914394,0.909962,0.933530,0.926603,0.936929,20.000000,31.000000,53.000000,111537,114678,111462,118344,
enrich_les380enrich07920211221_002,enrich,unspecified,expert,2200,graded,"probabilities to native, bilinear, thresholded there, and these numbers were measured from the masks that run kept",0.889498,0.924465,0.913179,0.929900,0.920601,0.931125,18.000000,27.000000,44.000000,110205,146862,103194,144249,
enrich_les393enrich05820211005_002,enrich,unspecified,expert,2201,graded,"probabilities to native, bilinear, thresholded there, and these numbers were measured from the masks that run kept",0.885624,0.901838,0.905292,0.896382,0.884064,0.906560,50.000000,50.000000,111.000000,119275,154283,115459,158383,
enrich_les39enrich12720221116_001,enrich,unspecified,expert,2201,graded,"probabilities to native, bilinear, thresholded there, and these numbers were measured from the masks that run kept",0.882495,0.896702,0.893365,0.883073,0.889316,0.891410,61.000000,69.000000,142.000000,182596,179569,186444,183885,
enrich_les39enrich12720221116_002,enrich,unspecified,expert,2199,graded,"probabilities to native, bilinear, thresholded there, and these numbers were measured from the masks that run kept",0.896832,0.899246,0.900151,0.928078,0.892504,0.913203,30.000000,44.000000,86.000000,162350,153060,160696,159502,
enrich_les409enrich06420211025_003,enrich,unspecified,expert,2199,graded,"probabilities to native, bilinear, thresholded there, and these numbers were measured from the masks that run kept",0.887455,0.896934,0.893771,0.884306,0.874462,0.880962,12.000000,29.000000,50.000000,148525,155149,150057,158912,
enrich_les414enrich04220210907_002,enrich,unspecified,expert,2200,graded,"probabilities to native, bilinear, thresholded there, and these numbers were measured from the masks that run kept",0.888003,0.890249,0.897851,0.879171,0.829954,0.876361,38.000000,118.000000,162.000000,142377,136751,143586,139619,
enrich_les418enrich05220210927_001,enrich,unspecified,expert,2198,graded,"probabilities to native, bilinear, thresholded there, and these numbers were measured from the masks that run kept",0.884138,0.887474,0.893885,0.870920,0.854007,0.881257,32.000000,32.000000,89.000000,192178,176610,198139,184507,
enrich_les454enrich05420210928_002,enrich,unspecified,expert,2199,graded,"probabilities to native, bilinear, thresholded there, and these numbers were measured from the masks that run kept",0.862075,0.903496,0.886836,0.861440,0.889371,0.878676,27.000000,12.000000,59.000000,129266,143508,143585,150875,
enrich_les457enrich04920210920_003,enrich,unspecified,expert,2201,graded,"probabilities to native, bilinear, thresholded there, and these numbers were measured from the masks that run kept",0.879488,0.902389,0.896405,0.875064,0.885123,0.885118,26.000000,31.000000,70.000000,128765,165481,132669,173468,
enrich_les460enrich06820211104_002,enrich,unspecified,expert,2200,graded,"probabilities to native, bilinear, thresholded there, and these numbers were measured from the masks that run kept",0.875988,0.875400,0.880463,0.891850,0.861732,0.885431,18.000000,38.000000,61.000000,121566,132067,124556,135525,
enrich_les467enrich06520211025_002,enrich,unspecified,expert,2200,graded,"probabilities to native, bilinear, thresholded there, and these numbers were measured from the masks that run kept",0.909348,0.906436,0.910283,0.931677,0.864008,0.899543,22.000000,10.000000,48.000000,127622,138750,126635,140504,
enrich_les468enrich03620210830_004,enrich,unspecified,expert,2199,graded,"probabilities to native, bilinear, thresholded there, and these numbers were measured from the masks that run kept",0.875217,0.912818,0.898432,0.907401,0.914065,0.915601,16.000000,21.000000,44.000000,139322,151447,138136,149027,
enrich_les486enrich00220210719_001,enrich,unspecified,expert,2201,graded,"probabilities to native, bilinear, thresholded there, and these numbers were measured from the masks that run kept",0.873795,0.880005,0.884190,0.883156,0.870021,0.886778,30.000000,26.000000,64.000000,128584,117442,130463,120284,
enrich_les486enrich00220210719_003,enrich,unspecified,expert,2199,graded,"probabilities to native, bilinear, thresholded there, and these numbers were measured from the masks that run kept",0.883066,0.850376,0.880400,0.916577,0.842972,0.900959,27.000000,28.000000,64.000000,122693,103711,119751,109865,
enrich_les487enrich11720220921_001,enrich,unspecified,expert,2200,graded,"probabilities to native, bilinear, thresholded there, and these numbers were measured from the masks that run kept",0.902109,0.905393,0.905730,0.943678,0.866365,0.907100,14.000000,23.000000,43.000000,102448,119322,99807,125259,
enrich_les488enrich02420210816_002,enrich,unspecified,expert,2200,graded,"probabilities to native, bilinear, thresholded there, and these numbers were measured from the masks that run kept",0.887715,0.906635,0.906126,0.928256,0.926958,0.939043,55.000000,37.000000,101.000000,167113,175246,164489,174381,
enrich_les489enrich00320210719_002,enrich,unspecified,expert,2199,graded,"probabilities to native, bilinear, thresholded there, and these numbers were measured from the masks that run kept",0.824154,0.861541,0.853310,0.802761,0.798728,0.816840,73.000000,57.000000,148.000000,107828,130836,123881,149413,
enrich_les505enrich01020210726_002,enrich,unspecified,expert,2201,graded,"probabilities to native, bilinear, thresholded there, and these numbers were measured from the masks that run kept",0.871489,0.895597,0.888871,0.834622,0.861250,0.857986,36.000000,40.000000,95.000000,161821,160868,163707,165877,
enrich_les506enrich00820210726_003,enrich,unspecified,expert,2200,graded,"probabilities to native, bilinear, thresholded there, and these numbers were measured from the masks that run kept",0.873738,0.878139,0.882542,0.886060,0.857717,0.879661,26.000000,44.000000,82.000000,143311,151583,145366,159978,
enrich_les510enrich04720210913_003,enrich,unspecified,expert,2200,graded,"probabilities to native, bilinear, thresholded there, and these numbers were measured from the masks that run kept",0.872611,0.884926,0.885961,0.877004,0.860312,0.876187,34.000000,38.000000,84.000000,148245,172418,152306,179826,
enrich_les512enrich01720210804_001,enrich,unspecified,expert,2200,graded,"probabilities to native, bilinear, thresholded there, and these numbers were measured from the masks that run kept",0.884902,0.885407,0.895092,0.896337,0.887302,0.911061,28.000000,40.000000,81.000000,137999,156947,136246,163676,
enrich_les512enrich01720210804_002,enrich,unspecified,expert,2199,graded,"probabilities to native, bilinear, thresholded there, and these numbers were measured from the masks that run kept",0.883810,0.896370,0.894037,0.903829,0.889241,0.901266,44.000000,31.000000,90.000000,126956,136686,130124,142326,
enrich_les514enrich01520210802_003,enrich,unspecified,expert,2200,graded,"probabilities to native, bilinear, thresholded there, and these numbers were measured from the masks that run kept",0.869334,0.890095,0.889198,0.875119,0.854203,0.878253,18.000000,41.000000,77.000000,127989,166127,128313,172147,
enrich_les522enrich05020210921_002,enrich,unspecified,expert,2200,graded,"probabilities to native, bilinear, thresholded there, and these numbers were measured from the masks that run kept",0.878038,0.911223,0.899482,0.879632,0.874690,0.882555,37.000000,60.000000,107.000000,137286,171696,134618,169900,
enrich_les524enrich01320210802_002,enrich,unspecified,expert,2199,graded,"probabilities to native, bilinear, thresholded there, and these numbers were measured from the masks that run kept",0.888064,0.903046,0.900167,0.894838,0.874022,0.890867,31.000000,51.000000,100.000000,161849,170916,160450,177064,
enrich_les525enrich03720210830_002,enrich,unspecified,expert,2200,graded,"probabilities to native, bilinear, thresholded there, and these numbers were measured from the masks that run kept",0.866834,0.878762,0.880062,0.869444,0.833045,0.864703,43.000000,86.000000,156.000000,158149,166992,156084,176878,
enrich_les531enrich02820210817_002,enrich,unspecified,expert,2200,graded,"probabilities to native, bilinear, thresholded there, and these numbers were measured from the masks that run kept",0.864222,0.860346,0.864927,0.856402,0.841440,0.852708,45.000000,74.000000,135.000000,126027,156891,129264,163099,
enrich_les537enrich01120210727_002,enrich,unspecified,expert,2200,graded,"probabilities to native, bilinear, thresholded there, and these numbers were measured from the masks that run kept",0.868949,0.886377,0.882857,0.863571,0.822175,0.854212,33.000000,70.000000,124.000000,142713,143103,149456,153931,
enrich_les556enrich08620220117_002,enrich,unspecified,expert,2200,graded,"probabilities to native, bilinear, thresholded there, and these numbers were measured from the masks that run kept",0.899767,0.904720,0.910197,0.920543,0.909428,0.925559,34.000000,58.000000,101.000000,208151,227318,199550,223807,
enrich_les556enrich08620220117_003,enrich,unspecified,expert,2199,graded,"probabilities to native, bilinear, thresholded there, and these numbers were measured from the masks that run kept",0.886198,0.904393,0.901331,0.877717,0.886676,0.888378,39.000000,28.000000,85.000000,203666,199112,203277,201296,
enrich_les562enrich04320210907_001,enrich,unspecified,expert,2200,graded,"probabilities to native, bilinear, thresholded there, and these numbers were measured from the masks that run kept",0.872316,0.886111,0.894927,0.923274,0.870877,0.915938,20.000000,28.000000,63.000000,139773,149611,133559,155432,
enrich_les567enrich02120210809_004,enrich,unspecified,expert,2198,graded,"probabilities to native, bilinear, thresholded there, and these numbers were measured from the masks that run kept",0.878647,0.884099,0.886838,0.930022,0.878035,0.912021,28.000000,43.000000,83.000000,116410,133528,111948,136254,
enrich_les577enrich11820220921_002,enrich,unspecified,expert,2200,graded,"probabilities to native, bilinear, thresholded there, and these numbers were measured from the masks that run kept",0.884056,0.889447,0.892599,0.909001,0.861373,0.892756,20.000000,64.000000,113.000000,146919,169498,144169,176382,
enrich_les577enrich11820220921_003,enrich,unspecified,expert,2199,graded,"probabilities to native, bilinear, thresholded there, and these numbers were measured from the masks that run kept",0.887500,0.883661,0.894552,0.891947,0.857932,0.893733,43.000000,61.000000,112.000000,162248,187511,160535,195516,
enrich_les586enrich08920220125_001,enrich,unspecified,expert,2198,graded,"probabilities to native, bilinear, thresholded there, and these numbers were measured from the masks that run kept",0.868821,0.900205,0.892218,0.849589,0.879756,0.876193,35.000000,45.000000,95.000000,170982,218900,177297,222977,
enrich_les586enrich08920220125_002,enrich,unspecified,expert,2200,graded,"probabilities to native, bilinear, thresholded there, and these numbers were measured from the masks that run kept",0.869176,0.908128,0.894494,0.846697,0.890594,0.875401,65.000000,58.000000,129.000000,166718,201662,176568,202074,
enrich_les595enrich09620220310_004,enrich,unspecified,expert,2199,graded,"probabilities to native, bilinear, thresholded there, and these numbers were measured from the masks that run kept",0.895361,0.897870,0.900312,0.898973,0.854469,0.885008,46.000000,30.000000,85.000000,161062,138169,164753,143257,
enrich_les607enrich11920221003_003,enrich,unspecified,expert,2200,graded,"probabilities to native, bilinear, thresholded there, and these numbers were measured from the masks that run kept",0.883276,0.888646,0.890168,0.871909,0.838535,0.861307,59.000000,48.000000,115.000000,153501,170039,158791,182333,
enrich_les616enrich09520220310_002,enrich,unspecified,expert,2200,graded,"probabilities to native, bilinear, thresholded there, and these numbers were measured from the masks that run kept",0.894535,0.896698,0.898449,0.904159,0.869061,0.889131,16.000000,24.000000,53.000000,141044,140603,141002,146992,
enrich_les617enrich11520220902_001,enrich,unspecified,expert,2198,graded,"probabilities to native, bilinear, thresholded there, and these numbers were measured from the masks that run kept",0.851719,0.851561,0.861640,0.866444,0.810323,0.856805,89.000000,89.000000,193.000000,125895,152971,129769,163483,
enrich_les617enrich11520220902_002,enrich,unspecified,expert,2200,graded,"probabilities to native, bilinear, thresholded there, and these numbers were measured from the masks that run kept",0.822247,0.870570,0.859051,0.831880,0.801027,0.840410,49.000000,47.000000,109.000000,115536,124465,121135,131071,
enrich_les625enrich9820220328_002,enrich,unspecified,expert,2200,graded,"probabilities to native, bilinear, thresholded there, and these numbers were measured from the masks that run kept",0.882498,0.882261,0.885290,0.900408,0.853476,0.881019,20.000000,53.000000,85.000000,151481,143677,153127,152292,
enrich_les644enrich09720220321_001,enrich,unspecified,expert,2199,graded,"probabilities to native, bilinear, thresholded there, and these numbers were measured from the masks that run kept",0.885605,0.866386,0.879780,0.874943,0.846199,0.864316,21.000000,60.000000,88.000000,128919,140311,133051,152921,
enrich_les661enrich11420220831_002,enrich,unspecified,expert,2199,graded,"probabilities to native, bilinear, thresholded there, and these numbers were measured from the masks that run kept",0.876242,0.852965,0.871074,0.869421,0.799946,0.844379,22.000000,42.000000,106.000000,150898,148310,152687,164664,
enrich_les664enrich10420220509_002,enrich,unspecified,expert,2199,graded,"probabilities to native, bilinear, thresholded there, and these numbers were measured from the masks that run kept",0.893949,0.910419,0.908752,0.902836,0.908637,0.917181,38.000000,52.000000,106.000000,187562,194388,186307,194354,
enrich_les683enrich11220220822_002,enrich,unspecified,expert,2200,graded,"probabilities to native, bilinear, thresholded there, and these numbers were measured from the masks that run kept",0.876073,0.871328,0.885726,0.875992,0.857904,0.883131,31.000000,51.000000,107.000000,172163,191355,168578,196568,
enrich_les687enrich10520220516_001,enrich,unspecified,expert,2201,graded,"probabilities to native, bilinear, thresholded there, and these numbers were measured from the masks that run kept",0.865957,0.895362,0.887358,0.899154,0.901544,0.905962,57.000000,53.000000,127.000000,157690,193398,153658,196889,
enrich_les687enrich10520220516_002,enrich,unspecified,expert,2200,graded,"probabilities to native, bilinear, thresholded there, and these numbers were measured from the masks that run kept",0.888235,0.909284,0.902602,0.903185,0.913040,0.910759,20.000000,34.000000,64.000000,147054,166338,148397,165829,
enrich_les700enrich10120220502_001,enrich,unspecified,expert,2199,graded,"probabilities to native, bilinear, thresholded there, and these numbers were measured from the masks that run kept",0.858833,0.866575,0.867362,0.857630,0.831577,0.850048,42.000000,48.000000,102.000000,124887,114440,132341,127127,
fives_100_d,fives,unspecified,expert,1418,graded,"probabilities to native, bilinear, thresholded there, and these numbers were measured from the masks that run kept",0.852889,0.899353,0.890006,0.861526,0.882010,0.889259,19.000000,42.000000,68.000000,49254,78470,53050,83304,
fives_105_g,fives,unspecified,expert,1418,graded,"probabilities to native, bilinear, thresholded there, and these numbers were measured from the masks that run kept",0.853505,0.898132,0.884559,0.850024,0.883826,0.876886,36.000000,42.000000,93.000000,66740,79973,75101,85005,
fives_106_g,fives,unspecified,expert,1417,graded,"probabilities to native, bilinear, thresholded there, and these numbers were measured from the masks that run kept",0.891631,0.900162,0.901014,0.866370,0.863679,0.871650,47.000000,46.000000,107.000000,78810,90450,83755,97385,
fives_107_g,fives,unspecified,expert,1417,graded,"probabilities to native, bilinear, thresholded there, and these numbers were measured from the masks that run kept",0.885603,0.882959,0.890387,0.879325,0.860770,0.879379,65.000000,77.000000,156.000000,78923,93920,81824,100320,
fives_109_g,fives,unspecified,expert,1418,graded,"probabilities to native, bilinear, thresholded there, and these numbers were measured from the masks that run kept",0.901588,0.902506,0.910805,0.897786,0.903756,0.914842,46.000000,46.000000,98.000000,70085,81979,69715,81180,
fives_110_g,fives,unspecified,expert,1417,graded,"probabilities to native, bilinear, thresholded there, and these numbers were measured from the masks that run kept",0.872085,0.913728,0.899898,0.882504,0.933133,0.911327,56.000000,23.000000,97.000000,62169,74818,64204,76308,
fives_112_g,fives,unspecified,expert,1417,graded,"probabilities to native, bilinear, thresholded there, and these numbers were measured from the masks that run kept",0.835894,0.844728,0.848058,0.863931,0.856796,0.865969,37.000000,29.000000,68.000000,64056,71534,63197,70713,
fives_115_g,fives,unspecified,expert,1418,graded,"probabilities to native, bilinear, thresholded there, and these numbers were measured from the masks that run kept",0.828493,0.884409,0.868286,0.824676,0.888337,0.869859,51.000000,59.000000,119.000000,53874,80772,60623,83774,
fives_116_g,fives,unspecified,expert,1419,graded,"probabilities to native, bilinear, thresholded there, and these numbers were measured from the masks that run kept",0.776721,0.861435,0.840112,0.829813,0.870149,0.878188,23.000000,20.000000,46.000000,45539,65777,54121,73277,
fives_117_g,fives,unspecified,expert,1418,graded,"probabilities to native, bilinear, thresholded there, and these numbers were measured from the masks that run kept",0.800796,0.876002,0.856025,0.808803,0.858034,0.851291,65.000000,40.000000,120.000000,53034,70346,60538,73003,
fives_118_g,fives,unspecified,expert,1421,graded,"probabilities to native, bilinear, thresholded there, and these numbers were measured from the masks that run kept",0.917922,0.923385,0.929476,0.923617,0.928376,0.942366,46.000000,44.000000,94.000000,79686,85708,78652,86569,
fives_120_g,fives,unspecified,expert,1417,graded,"probabilities to native, bilinear, thresholded there, and these numbers were measured from the masks that run kept",0.859784,0.916367,0.893011,0.848907,0.920079,0.886783,44.000000,31.000000,88.000000,70897,77437,76533,78016,
fives_124_g,fives,unspecified,expert,1418,graded,"probabilities to native, bilinear, thresholded there, and these numbers were measured from the masks that run kept",0.818207,0.908764,0.882145,0.844775,0.923473,0.907495,20.000000,19.000000,47.000000,44354,62597,51409,64030,
fives_125_g,fives,unspecified,expert,1417,graded,"probabilities to native, bilinear, thresholded there, and these numbers were measured from the masks that run kept",0.873796,0.911234,0.898167,0.869235,0.871887,0.871052,24.000000,30.000000,61.000000,60897,90397,65826,95823,
fives_126_g,fives,unspecified,expert,1421,graded,"probabilities to native, bilinear, thresholded there, and these numbers were measured from the masks that run kept",0.796593,0.904014,0.869940,0.840990,0.904836,0.903506,34.000000,27.000000,62.000000,43232,62319,52935,62980,
fives_128_g,fives,unspecified,expert,1418,graded,"probabilities to native, bilinear, thresholded there, and these numbers were measured from the masks that run kept",0.870894,0.906412,0.895074,0.898196,0.919031,0.914491,31.000000,47.000000,80.000000,51408,64282,56240,67338,
fives_12_a,fives,unspecified,expert,1422,graded,"probabilities to native, bilinear, thresholded there, and these numbers were measured from the masks that run kept",0.894238,0.916887,0.911356,0.909256,0.919029,0.920880,25.000000,37.000000,67.000000,67165,85404,67902,83330,
fives_131_g,fives,unspecified,expert,1420,graded,"probabilities to native, bilinear, thresholded there, and these numbers were measured from the masks that run kept",0.839670,0.856965,0.892400,0.810388,0.813662,0.886625,42.000000,58.000000,109.000000,71254,79017,75206,79629,
fives_132_g,fives,unspecified,expert,1418,graded,"probabilities to native, bilinear, thresholded there, and these numbers were measured from the masks that run kept",0.771747,0.868859,0.835183,0.782919,0.862030,0.834489,66.000000,60.000000,124.000000,41141,60796,48124,66479,
fives_134_g,fives,unspecified,expert,1419,graded,"probabilities to native, bilinear, thresholded there, and these numbers were measured from the masks that run kept",0.854049,0.879522,0.874436,0.867020,0.857079,0.870250,28.000000,34.000000,74.000000,65140,74908,72536,81013,
fives_139_g,fives,unspecified,expert,1421,graded,"probabilities to native, bilinear, thresholded there, and these numbers were measured from the masks that run kept",0.872594,0.899594,0.895453,0.849067,0.859700,0.865254,51.000000,56.000000,132.000000,75190,103392,79842,107790,
fives_13_a,fives,unspecified,expert,1422,graded,"probabilities to native, bilinear, thresholded there, and these numbers were measured from the masks that run kept",0.855740,0.869978,0.879792,0.878362,0.868580,0.901319,13.000000,36.000000,63.000000,73352,91796,66805,87735,
fives_140_g,fives,unspecified,expert,1417,graded,"probabilities to native, bilinear, thresholded there, and these numbers were measured from the masks that run kept",0.753983,0.846808,0.811153,0.780901,0.843130,0.818289,34.000000,36.000000,73.000000,37077,46763,44153,54365,
fives_141_g,fives,unspecified,expert,1418,graded,"probabilities to native, bilinear, thresholded there, and these numbers were measured from the masks that run kept",0.835726,0.868985,0.866537,0.856533,0.859728,0.877143,86.000000,43.000000,146.000000,59691,68603,68564,75220,
fives_14_a,fives,unspecified,expert,1421,graded,"probabilities to native, bilinear, thresholded there, and these numbers were measured from the masks that run kept",0.887901,0.896951,0.906395,0.913269,0.902149,0.930031,32.000000,42.000000,77.000000,67674,91344,65449,84757,
fives_151_n,fives,unspecified,expert,1419,graded,"probabilities to native, bilinear, thresholded there, and these numbers were measured from the masks that run kept",0.792107,0.838835,0.836993,0.713854,0.767566,0.781640,62.000000,72.000000,146.000000,66096,83276,72148,92897,
fives_156_n,fives,unspecified,expert,1421,graded,"probabilities to native, bilinear, thresholded there, and these numbers were measured from the masks that run kept",0.875687,0.868888,0.876716,0.899503,0.855504,0.878478,21.000000,38.000000,60.000000,47968,55498,48466,60517,
fives_157_n,fives,unspecified,expert,1416,graded,"probabilities to native, bilinear, thresholded there, and these numbers were measured from the masks that run kept",0.798021,0.874638,0.850337,0.784711,0.879085,0.854669,81.000000,55.000000,151.000000,68183,81938,79179,85553,
fives_15_a,fives,unspecified,expert,1419,graded,"probabilities to native, bilinear, thresholded there, and these numbers were measured from the masks that run kept",0.857094,0.887872,0.895452,0.851546,0.862851,0.895304,41.000000,41.000000,86.000000,62599,80262,66052,81018,
fives_160_n,fives,unspecified,expert,1418,graded,"probabilities to native, bilinear, thresholded there, and these numbers were measured from the masks that run kept",0.891128,0.887444,0.897671,0.908093,0.874916,0.897866,44.000000,70.000000,129.000000,79108,87627,79455,88677,
fives_161_n,fives,unspecified,expert,1418,graded,"probabilities to native, bilinear, thresholded there, and these numbers were measured from the masks that run kept",0.861790,0.887071,0.889251,0.855984,0.860432,0.885546,47.000000,46.000000,107.000000,63646,78816,64680,82639,
fives_162_n,fives,unspecified,expert,1419,graded,"probabilities to native, bilinear, thresholded there, and these numbers were measured from the masks that run kept",0.821106,0.892565,0.864747,0.839075,0.892459,0.869788,44.000000,49.000000,104.000000,67780,78822,73320,83109,
fives_163_n,fives,unspecified,expert,1418,graded,"probabilities to native, bilinear, thresholded there, and these numbers were measured from the masks that run kept",0.863621,0.875919,0.874572,0.913030,0.858650,0.885649,39.000000,53.000000,100.000000,57663,69654,57413,74147,
fives_164_n,fives,unspecified,expert,1417,graded,"probabilities to native, bilinear, thresholded there, and these numbers were measured from the masks that run kept",0.809454,0.856034,0.843268,0.832313,0.834003,0.845497,43.000000,66.000000,121.000000,57948,68694,63739,69887,
fives_165_n,fives,unspecified,expert,1418,graded,"probabilities to native, bilinear, thresholded there, and these numbers were measured from the masks that run kept",0.831660,0.848833,0.850435,0.822045,0.851313,0.851185,55.000000,76.000000,142.000000,77748,99041,79648,103529,
fives_166_n,fives,unspecified,expert,1418,graded,"probabilities to native, bilinear, thresholded there, and these numbers were measured from the masks that run kept",0.829142,0.814692,0.827922,0.823692,0.816007,0.831816,51.000000,68.000000,129.000000,77721,82728,84835,89725,
fives_167_n,fives,unspecified,expert,1418,graded,"probabilities to native, bilinear, thresholded there, and these numbers were measured from the masks that run kept",0.805200,0.813140,0.817639,0.807182,0.785240,0.810564,35.000000,59.000000,101.000000,63599,69209,69466,77061,
fives_168_n,fives,unspecified,expert,1419,graded,"probabilities to native, bilinear, thresholded there, and these numbers were measured from the masks that run kept",0.752085,0.804722,0.791547,0.737651,0.789035,0.785445,69.000000,51.000000,131.000000,55110,64067,67073,73931,
fives_169_n,fives,unspecified,expert,1417,graded,"probabilities to native, bilinear, thresholded there, and these numbers were measured from the masks that run kept",0.868053,0.903117,0.891265,0.903989,0.930569,0.921482,33.000000,27.000000,69.000000,79843,81807,81214,82825,
fives_16_a,fives,unspecified,expert,1422,graded,"probabilities to native, bilinear, thresholded there, and these numbers were measured from the masks that run kept",0.779673,0.858869,0.864836,0.793533,0.858394,0.896289,33.000000,19.000000,49.000000,62204,84093,69110,76509,
fives_170_n,fives,unspecified,expert,1417,graded,"probabilities to native, bilinear, thresholded there, and these numbers were measured from the masks that run kept",0.859900,0.869112,0.875223,0.883403,0.872250,0.894054,22.000000,54.000000,78.000000,73968,82952,74505,82327,
fives_172_n,fives,unspecified,expert,1419,graded,"probabilities to native, bilinear, thresholded there, and these numbers were measured from the masks that run kept",0.889951,0.888234,0.904202,0.889503,0.887552,0.917761,80.000000,59.000000,141.000000,84330,85756,84313,85181,
fives_176_n,fives,unspecified,expert,1420,graded,"probabilities to native, bilinear, thresholded there, and these numbers were measured from the masks that run kept",0.860981,0.821029,0.845607,0.859560,0.833143,0.850725,48.000000,57.000000,111.000000,79129,92282,80993,95748,
fives_17_a,fives,unspecified,expert,1419,graded,"probabilities to native, bilinear, thresholded there, and these numbers were measured from the masks that run kept",0.906776,0.907167,0.916911,0.911914,0.908406,0.929484,43.000000,41.000000,95.000000,62767,83796,64453,86241,
fives_1_a,fives,unspecified,expert,1419,graded,"probabilities to native, bilinear, thresholded there, and these numbers were measured from the masks that run kept",0.884615,0.874042,0.899366,0.860816,0.844682,0.888716,67.000000,49.000000,127.000000,84927,97420,86698,103504,
fives_22_a,fives,unspecified,expert,1424,graded,"probabilities to native, bilinear, thresholded there, and these numbers were measured from the masks that run kept",0.898199,0.912216,0.909279,0.924559,0.933951,0.933957,31.000000,41.000000,79.000000,77851,85088,73906,83668,
fives_23_a,fives,unspecified,expert,1424,graded,"probabilities to native, bilinear, thresholded there, and these numbers were measured from the masks that run kept",0.900963,0.909393,0.910065,0.926616,0.927243,0.931385,31.000000,44.000000,81.000000,77739,85721,73568,84056,
fives_25_a,fives,unspecified,expert,1421,graded,"probabilities to native, bilinear, thresholded there, and these numbers were measured from the masks that run kept",0.859949,0.885609,0.890965,0.875920,0.879583,0.907486,30.000000,29.000000,68.000000,56548,68914,60052,65660,
fives_26_a,fives,unspecified,expert,1422,graded,"probabilities to native, bilinear, thresholded there, and these numbers were measured from the masks that run kept",0.900221,0.907984,0.912756,0.876953,0.891482,0.898842,70.000000,52.000000,123.000000,75408,85408,72318,85518,
fives_28_a,fives,unspecified,expert,1421,graded,"probabilities to native, bilinear, thresholded there, and these numbers were measured from the masks that run kept",0.818937,0.863447,0.875213,0.816066,0.854149,0.889324,43.000000,33.000000,79.000000,66484,81266,67690,78218,
fives_2_a,fives,unspecified,expert,1418,graded,"probabilities to native, bilinear, thresholded there, and these numbers were measured from the masks that run kept",0.893331,0.902051,0.902913,0.899585,0.907405,0.908029,44.000000,42.000000,102.000000,75103,89688,77163,91222,
fives_30_a,fives,unspecified,expert,1419,graded,"probabilities to native, bilinear, thresholded there, and these numbers were measured from the masks that run kept",0.878833,0.846424,0.872601,0.873330,0.843680,0.876338,57.000000,52.000000,108.000000,56647,70498,55950,79304,
fives_33_a,fives,unspecified,expert,1420,graded,"probabilities to native, bilinear, thresholded there, and these numbers were measured from the masks that run kept",0.864082,0.874845,0.884146,0.886499,0.880354,0.901702,66.000000,64.000000,140.000000,102922,123967,96478,123782,
fives_34_a,fives,unspecified,expert,1421,graded,"probabilities to native, bilinear, thresholded there, and these numbers were measured from the masks that run kept",0.757089,0.871325,0.838993,0.858073,0.879208,0.885481,15.000000,33.000000,49.000000,55196,81582,47500,79483,
fives_35_a,fives,unspecified,expert,1419,graded,"probabilities to native, bilinear, thresholded there, and these numbers were measured from the masks that run kept",0.901955,0.912136,0.915471,0.899712,0.910915,0.919833,50.000000,49.000000,103.000000,78510,90300,77837,91425,
fives_36_a,fives,unspecified,expert,1420,graded,"probabilities to native, bilinear, thresholded there, and these numbers were measured from the masks that run kept",0.868878,0.912470,0.900146,0.844638,0.904105,0.890355,62.000000,47.000000,123.000000,82667,85858,84834,84392,
fives_39_a,fives,unspecified,expert,1422,graded,"probabilities to native, bilinear, thresholded there, and these numbers were measured from the masks that run kept",0.839166,0.879305,0.867257,0.840592,0.860909,0.859891,29.000000,48.000000,90.000000,55259,76545,59188,79576,
fives_3_a,fives,unspecified,expert,1418,graded,"probabilities to native, bilinear, thresholded there, and these numbers were measured from the masks that run kept",0.893266,0.913671,0.912703,0.893995,0.910793,0.913282,63.000000,66.000000,136.000000,102161,117873,105195,118350,
fives_58_d,fives,unspecified,expert,1421,graded,"probabilities to native, bilinear, thresholded there, and these numbers were measured from the masks that run kept",0.883493,0.899285,0.897968,0.893492,0.908205,0.909319,32.000000,43.000000,76.000000,57065,86818,58705,85450,
fives_59_d,fives,unspecified,expert,1420,graded,"probabilities to native, bilinear, thresholded there, and these numbers were measured from the masks that run kept",0.849549,0.892416,0.884815,0.868366,0.889358,0.891521,37.000000,27.000000,81.000000,64534,87642,67110,89466,
fives_67_d,fives,unspecified,expert,1417,graded,"probabilities to native, bilinear, thresholded there, and these numbers were measured from the masks that run kept",0.701721,0.789593,0.787805,0.696489,0.719573,0.777764,30.000000,26.000000,61.000000,34861,53309,47887,58655,
fives_68_d,fives,unspecified,expert,1418,graded,"probabilities to native, bilinear, thresholded there, and these numbers were measured from the masks that run kept",0.880896,0.918623,0.905143,0.900998,0.929269,0.918749,32.000000,24.000000,61.000000,58408,75826,59145,78984,
fives_69_d,fives,unspecified,expert,1421,graded,"probabilities to native, bilinear, thresholded there, and these numbers were measured from the masks that run kept",0.905942,0.905568,0.913636,0.900910,0.885156,0.905215,38.000000,47.000000,105.000000,74833,81571,77870,82070,
fives_70_d,fives,unspecified,expert,1419,graded,"probabilities to native, bilinear, thresholded there, and these numbers were measured from the masks that run kept",0.887598,0.924265,0.916824,0.872947,0.924994,0.920079,23.000000,20.000000,47.000000,66329,79082,64674,78098,
fives_72_d,fives,unspecified,expert,1418,graded,"probabilities to native, bilinear, thresholded there, and these numbers were measured from the masks that run kept",0.860037,0.880840,0.878037,0.826189,0.863711,0.857677,28.000000,41.000000,85.000000,58187,67830,66217,77034,
fives_73_d,fives,unspecified,expert,1422,graded,"probabilities to native, bilinear, thresholded there, and these numbers were measured from the masks that run kept",0.848637,0.871408,0.887360,0.820724,0.866588,0.885821,31.000000,38.000000,75.000000,56653,72942,62319,74672,
fives_77_d,fives,unspecified,expert,1419,graded,"probabilities to native, bilinear, thresholded there, and these numbers were measured from the masks that run kept",0.830950,0.911311,0.881673,0.850396,0.921987,0.893126,31.000000,22.000000,65.000000,58613,90113,60417,87778,
fives_79_d,fives,unspecified,expert,1420,graded,"probabilities to native, bilinear, thresholded there, and these numbers were measured from the masks that run kept",0.847066,0.893948,0.883525,0.883785,0.875733,0.888574,17.000000,72.000000,93.000000,55937,85460,57877,92443,
fives_80_d,fives,unspecified,expert,1419,graded,"probabilities to native, bilinear, thresholded there, and these numbers were measured from the masks that run kept",0.847711,0.894298,0.884433,0.815712,0.877185,0.863041,29.000000,58.000000,91.000000,42486,78204,46273,86088,
fives_81_d,fives,unspecified,expert,1420,graded,"probabilities to native, bilinear, thresholded there, and these numbers were measured from the masks that run kept",0.854976,0.882167,0.882451,0.859526,0.878886,0.890798,24.000000,27.000000,54.000000,60891,74872,65833,74068,
fives_84_d,fives,unspecified,expert,1421,graded,"probabilities to native, bilinear, thresholded there, and these numbers were measured from the masks that run kept",0.852501,0.867753,0.870390,0.883693,0.870279,0.888726,28.000000,59.000000,89.000000,58303,81847,57047,89287,
fives_86_d,fives,unspecified,expert,1419,graded,"probabilities to native, bilinear, thresholded there, and these numbers were measured from the masks that run kept",0.822942,0.914753,0.891603,0.774260,0.882659,0.863614,39.000000,53.000000,96.000000,43794,82652,46589,88041,
fives_87_d,fives,unspecified,expert,1420,graded,"probabilities to native, bilinear, thresholded there, and these numbers were measured from the masks that run kept",0.868255,0.882880,0.886939,0.855579,0.828108,0.863884,28.000000,28.000000,64.000000,61034,76377,66728,78387,
fives_89_d,fives,unspecified,expert,1421,graded,"probabilities to native, bilinear, thresholded there, and these numbers were measured from the masks that run kept",0.903646,0.899869,0.905742,0.895357,0.875403,0.889324,38.000000,62.000000,101.000000,65558,75010,62096,78279,
fives_92_d,fives,unspecified,expert,1420,graded,"probabilities to native, bilinear, thresholded there, and these numbers were measured from the masks that run kept",0.824834,0.885361,0.861277,0.834171,0.859946,0.850430,36.000000,54.000000,94.000000,59002,77728,64344,78493,
grape_grape102_os_1,grape,unspecified,expert,1420,graded,"probabilities to native, bilinear, thresholded there, and these numbers were measured from the masks that run kept",0.849122,0.922980,0.895276,0.878112,0.941111,0.916345,26.000000,12.000000,40.000000,55230,62713,58796,62787,
grape_grape105_od_2,grape,unspecified,expert,1420,graded,"probabilities to native, bilinear, thresholded there, and these numbers were measured from the masks that run kept",0.842478,0.868200,0.865528,0.830068,0.846755,0.851192,36.000000,46.000000,100.000000,64081,79942,70764,85658,
grape_grape106_os_3,grape,unspecified,expert,1409,graded,"probabilities to native, bilinear, thresholded there, and these numbers were measured from the masks that run kept",0.861616,0.896909,0.887457,0.857254,0.893560,0.889157,47.000000,45.000000,106.000000,74507,71730,78545,75092,
grape_grape107_os_1,grape,unspecified,expert,1420,graded,"probabilities to native, bilinear, thresholded there, and these numbers were measured from the masks that run kept",0.870128,0.884709,0.892336,0.865326,0.881136,0.899771,42.000000,44.000000,91.000000,67599,84769,66356,85192,
grape_grape108_od_3,grape,unspecified,expert,1422,graded,"probabilities to native, bilinear, thresholded there, and these numbers were measured from the masks that run kept",0.863846,0.879167,0.880347,0.842680,0.864242,0.868402,62.000000,77.000000,150.000000,82778,82750,88440,87973,
grape_grape10_od_2,grape,unspecified,expert,1419,graded,"probabilities to native, bilinear, thresholded there, and these numbers were measured from the masks that run kept",0.806838,0.847566,0.838384,0.812414,0.832100,0.839841,35.000000,22.000000,63.000000,33607,49221,41092,61555,
grape_grape111_od_6,grape,unspecified,expert,1409,graded,"probabilities to native, bilinear, thresholded there, and these numbers were measured from the masks that run kept",0.850513,0.893181,0.884707,0.863506,0.896959,0.899966,79.000000,58.000000,147.000000,85401,91241,92153,91517,
grape_grape112_od_1,grape,unspecified,expert,1418,graded,"probabilities to native, bilinear, thresholded there, and these numbers were measured from the masks that run kept",0.883426,0.912661,0.903242,0.870395,0.905144,0.893119,58.000000,34.000000,100.000000,63480,80523,69371,84478,
grape_grape113_os_4,grape,unspecified,expert,1419,graded,"probabilities to native, bilinear, thresholded there, and these numbers were measured from the masks that run kept",0.898017,0.908674,0.909148,0.891896,0.903581,0.906763,51.000000,40.000000,98.000000,68843,82902,70671,85911,
grape_grape114_os_1,grape,unspecified,expert,1421,graded,"probabilities to native, bilinear, thresholded there, and these numbers were measured from the masks that run kept",0.874531,0.904755,0.900514,0.850061,0.889495,0.888145,79.000000,62.000000,153.000000,64339,90331,71448,95295,
grape_grape116_os_1,grape,unspecified,expert,1421,graded,"probabilities to native, bilinear, thresholded there, and these numbers were measured from the masks that run kept",0.811017,0.874466,0.865054,0.783607,0.853836,0.850680,49.000000,50.000000,106.000000,50029,65494,52901,70788,
grape_grape120_od_1,grape,unspecified,expert,1422,graded,"probabilities to native, bilinear, thresholded there, and these numbers were measured from the masks that run kept",0.825893,0.883557,0.869988,0.853547,0.906035,0.897179,32.000000,41.000000,86.000000,61637,77958,65222,76212,
grape_grape121_os_1,grape,unspecified,expert,1420,graded,"probabilities to native, bilinear, thresholded there, and these numbers were measured from the masks that run kept",0.876058,0.872630,0.877661,0.905079,0.835441,0.875345,27.000000,29.000000,68.000000,62625,66719,71026,75811,
grape_grape122_os_6,grape,unspecified,expert,1408,graded,"probabilities to native, bilinear, thresholded there, and these numbers were measured from the masks that run kept",0.825281,0.869642,0.855279,0.824183,0.877503,0.860103,67.000000,72.000000,151.000000,62963,75396,72729,82147,
grape_grape123_os_5,grape,unspecified,expert,1408,graded,"probabilities to native, bilinear, thresholded there, and these numbers were measured from the masks that run kept",0.872545,0.891543,0.887495,0.877296,0.898847,0.893220,37.000000,84.000000,137.000000,72739,85451,78114,88674,
grape_grape126_os_1,grape,unspecified,expert,1419,graded,"probabilities to native, bilinear, thresholded there, and these numbers were measured from the masks that run kept",0.882428,0.896752,0.903769,0.886585,0.888254,0.910056,54.000000,34.000000,101.000000,80129,98311,82724,100830,
grape_grape127_os_5,grape,unspecified,expert,1418,graded,"probabilities to native, bilinear, thresholded there, and these numbers were measured from the masks that run kept",0.735820,0.846685,0.806597,0.752196,0.823184,0.802536,92.000000,56.000000,155.000000,46240,67101,62167,77014,
grape_grape128_od_3,grape,unspecified,expert,1410,graded,"probabilities to native, bilinear, thresholded there, and these numbers were measured from the masks that run kept",0.875088,0.881597,0.881060,0.891070,0.884676,0.889943,21.000000,41.000000,68.000000,48264,65885,50197,69753,
grape_grape12_os_4,grape,unspecified,expert,1418,graded,"probabilities to native, bilinear, thresholded there, and these numbers were measured from the masks that run kept",0.862899,0.912815,0.897302,0.875530,0.915496,0.904822,53.000000,34.000000,91.000000,62038,91205,65372,93792,
grape_grape131_od_4,grape,unspecified,expert,1409,graded,"probabilities to native, bilinear, thresholded there, and these numbers were measured from the masks that run kept",0.861933,0.884838,0.883179,0.875038,0.887123,0.896196,94.000000,98.000000,208.000000,72814,90187,77265,89742,
grape_grape132_od_1,grape,unspecified,expert,1417,graded,"probabilities to native, bilinear, thresholded there, and these numbers were measured from the masks that run kept",0.846896,0.867954,0.868943,0.870919,0.886285,0.889031,58.000000,34.000000,101.000000,54316,68107,56739,72306,
grape_grape134_od_5,grape,unspecified,expert,1408,graded,"probabilities to native, bilinear, thresholded there, and these numbers were measured from the masks that run kept",0.874747,0.881350,0.888282,0.884721,0.871355,0.895366,86.000000,73.000000,175.000000,79841,86721,78383,88095,
grape_grape136_os_3,grape,unspecified,expert,1409,graded,"probabilities to native, bilinear, thresholded there, and these numbers were measured from the masks that run kept",0.876423,0.904507,0.898018,0.871713,0.901412,0.899000,45.000000,53.000000,112.000000,75246,87464,79346,90266,
grape_grape138_od_4,grape,unspecified,expert,1408,graded,"probabilities to native, bilinear, thresholded there, and these numbers were measured from the masks that run kept",0.866462,0.884658,0.884799,0.845467,0.872159,0.875315,60.000000,32.000000,101.000000,64907,70152,71406,73542,
grape_grape139_od_1,grape,unspecified,expert,1420,graded,"probabilities to native, bilinear, thresholded there, and these numbers were measured from the masks that run kept",0.905558,0.906906,0.918148,0.913070,0.906804,0.933251,46.000000,42.000000,102.000000,75250,86168,74238,85519,
grape_grape140_od_1,grape,unspecified,expert,1420,graded,"probabilities to native, bilinear, thresholded there, and these numbers were measured from the masks that run kept",0.808420,0.865641,0.847340,0.792103,0.831854,0.817512,56.000000,46.000000,116.000000,50291,69466,56745,75347,
grape_grape141_od_4,grape,unspecified,expert,1418,graded,"probabilities to native, bilinear, thresholded there, and these numbers were measured from the masks that run kept",0.842881,0.887329,0.877767,0.814926,0.863198,0.854590,70.000000,49.000000,140.000000,77690,91156,84741,93319,
grape_grape143_od_3,grape,unspecified,expert,1419,graded,"probabilities to native, bilinear, thresholded there, and these numbers were measured from the masks that run kept",0.862620,0.894319,0.887404,0.860065,0.893877,0.889205,61.000000,56.000000,134.000000,73934,76682,78541,82277,
grape_grape144_os_1,grape,unspecified,expert,1418,graded,"probabilities to native, bilinear, thresholded there, and these numbers were measured from the masks that run kept",0.858887,0.879299,0.876377,0.855076,0.880565,0.877692,47.000000,59.000000,126.000000,61704,81992,68886,88164,
grape_grape17_os_1,grape,unspecified,expert,1418,graded,"probabilities to native, bilinear, thresholded there, and these numbers were measured from the masks that run kept",0.894834,0.899065,0.902304,0.897636,0.907491,0.908464,51.000000,66.000000,118.000000,78188,85627,84526,92211,
grape_grape18_od_3,grape,unspecified,expert,1409,graded,"probabilities to native, bilinear, thresholded there, and these numbers were measured from the masks that run kept",0.857909,0.883597,0.881627,0.884858,0.915019,0.916708,63.000000,37.000000,111.000000,59281,71384,60079,67349,
grape_grape20_od_1,grape,unspecified,expert,1419,graded,"probabilities to native, bilinear, thresholded there, and these numbers were measured from the masks that run kept",0.856619,0.890730,0.882703,0.849223,0.901338,0.888774,47.000000,36.000000,106.000000,68339,86867,70096,84965,
grape_grape23_od_2,grape,unspecified,expert,1421,graded,"probabilities to native, bilinear, thresholded there, and these numbers were measured from the masks that run kept",0.856739,0.896613,0.888737,0.868375,0.896987,0.898918,46.000000,55.000000,125.000000,61532,77262,61558,79421,
grape_grape24_od_1,grape,unspecified,expert,1421,graded,"probabilities to native, bilinear, thresholded there, and these numbers were measured from the masks that run kept",0.845460,0.861936,0.879443,0.835123,0.849506,0.887805,66.000000,105.000000,183.000000,84751,96050,88175,99069,
grape_grape25_os_1,grape,unspecified,expert,1419,graded,"probabilities to native, bilinear, thresholded there, and these numbers were measured from the masks that run kept",0.897150,0.897632,0.907166,0.906260,0.899494,0.918787,71.000000,66.000000,155.000000,79366,96693,80119,99570,
grape_grape27_od_2,grape,unspecified,expert,1419,graded,"probabilities to native, bilinear, thresholded there, and these numbers were measured from the masks that run kept",0.898953,0.929356,0.920019,0.913206,0.948682,0.933827,56.000000,36.000000,98.000000,70058,91081,68768,89629,
grape_grape30_od_3,grape,unspecified,expert,1409,graded,"probabilities to native, bilinear, thresholded there, and these numbers were measured from the masks that run kept",0.847778,0.897323,0.882816,0.852136,0.900512,0.889573,52.000000,48.000000,107.000000,49988,68495,56278,73144,
grape_grape31_os_3,grape,unspecified,expert,1409,graded,"probabilities to native, bilinear, thresholded there, and these numbers were measured from the masks that run kept",0.866499,0.904062,0.894140,0.866791,0.892537,0.887886,61.000000,68.000000,148.000000,69343,98219,71899,99701,
grape_grape32_od_1,grape,unspecified,expert,1417,graded,"probabilities to native, bilinear, thresholded there, and these numbers were measured from the masks that run kept",0.780515,0.866962,0.839178,0.835575,0.873823,0.873366,26.000000,13.000000,41.000000,40869,52138,52969,60995,
grape_grape34_os_2,grape,unspecified,expert,1419,graded,"probabilities to native, bilinear, thresholded there, and these numbers were measured from the masks that run kept",0.858183,0.876100,0.871217,0.888447,0.896090,0.895661,54.000000,49.000000,108.000000,68907,76003,72268,77758,
grape_grape35_od_1,grape,unspecified,expert,1419,graded,"probabilities to native, bilinear, thresholded there, and these numbers were measured from the masks that run kept",0.887970,0.905006,0.904016,0.911460,0.917593,0.922111,34.000000,47.000000,86.000000,75274,86914,79310,89434,
grape_grape36_os_3,grape,unspecified,expert,1408,graded,"probabilities to native, bilinear, thresholded there, and these numbers were measured from the masks that run kept",0.899408,0.919935,0.911446,0.888386,0.939473,0.913459,45.000000,27.000000,74.000000,68245,67935,70464,66768,
grape_grape37_od_4,grape,unspecified,expert,1409,graded,"probabilities to native, bilinear, thresholded there, and these numbers were measured from the masks that run kept",0.846815,0.878598,0.870647,0.869460,0.892333,0.891216,59.000000,68.000000,137.000000,70972,80331,76262,83760,
grape_grape38_od_3,grape,unspecified,expert,1419,graded,"probabilities to native, bilinear, thresholded there, and these numbers were measured from the masks that run kept",0.847705,0.839029,0.860638,0.859045,0.822307,0.862465,48.000000,54.000000,119.000000,60451,68283,67301,79905,
grape_grape39_od_3,grape,unspecified,expert,1418,graded,"probabilities to native, bilinear, thresholded there, and these numbers were measured from the masks that run kept",0.870499,0.887656,0.890089,0.874962,0.880144,0.892994,64.000000,43.000000,127.000000,77640,92189,78027,98831,
grape_grape40_od_1,grape,unspecified,expert,1421,graded,"probabilities to native, bilinear, thresholded there, and these numbers were measured from the masks that run kept",0.846766,0.913376,0.896210,0.834197,0.924098,0.902554,56.000000,40.000000,106.000000,58268,84234,63291,81321,
grape_grape42_od_1,grape,unspecified,expert,1419,graded,"probabilities to native, bilinear, thresholded there, and these numbers were measured from the masks that run kept",0.916442,0.921178,0.924081,0.941701,0.924413,0.938143,11.000000,27.000000,52.000000,68022,71298,67561,71860,
grape_grape43_od_3,grape,unspecified,expert,1419,graded,"probabilities to native, bilinear, thresholded there, and these numbers were measured from the masks that run kept",0.851209,0.893316,0.881138,0.892169,0.897968,0.903264,41.000000,25.000000,75.000000,59068,75950,64730,77944,
grape_grape44_os_1,grape,unspecified,expert,1420,graded,"probabilities to native, bilinear, thresholded there, and these numbers were measured from the masks that run kept",0.885131,0.891384,0.897625,0.891607,0.879787,0.895710,46.000000,50.000000,112.000000,70144,81251,70721,86625,
grape_grape45_od_2,grape,unspecified,expert,1418,graded,"probabilities to native, bilinear, thresholded there, and these numbers were measured from the masks that run kept",0.867501,0.892350,0.886459,0.892242,0.874308,0.892130,20.000000,22.000000,45.000000,56720,64069,61092,65945,
grape_grape46_od_4,grape,unspecified,expert,1420,graded,"probabilities to native, bilinear, thresholded there, and these numbers were measured from the masks that run kept",0.889345,0.914385,0.909712,0.901809,0.912771,0.912000,44.000000,41.000000,102.000000,67457,93970,67847,96031,
grape_grape48_od_1,grape,unspecified,expert,1418,graded,"probabilities to native, bilinear, thresholded there, and these numbers were measured from the masks that run kept",0.815587,0.883787,0.857605,0.841881,0.887262,0.870245,38.000000,41.000000,95.000000,55689,56387,63820,59220,
grape_grape49_os_1,grape,unspecified,expert,1423,graded,"probabilities to native, bilinear, thresholded there, and these numbers were measured from the masks that run kept",0.871278,0.899514,0.891113,0.863844,0.886090,0.880951,80.000000,90.000000,181.000000,73453,81733,80328,87505,
grape_grape4_os_3,grape,unspecified,expert,1408,graded,"probabilities to native, bilinear, thresholded there, and these numbers were measured from the masks that run kept",0.861862,0.888157,0.883844,0.853989,0.870388,0.878775,31.000000,29.000000,71.000000,56337,62395,64028,68994,
grape_grape51_od_4,grape,unspecified,expert,1409,graded,"probabilities to native, bilinear, thresholded there, and these numbers were measured from the masks that run kept",0.849628,0.871551,0.866141,0.884185,0.874601,0.883689,46.000000,70.000000,124.000000,52497,59324,54418,65784,
grape_grape53_os_2,grape,unspecified,expert,1420,graded,"probabilities to native, bilinear, thresholded there, and these numbers were measured from the masks that run kept",0.874626,0.897326,0.897506,0.901668,0.896577,0.914889,39.000000,44.000000,85.000000,56300,74828,59139,73203,
grape_grape55_od_1,grape,unspecified,expert,1420,graded,"probabilities to native, bilinear, thresholded there, and these numbers were measured from the masks that run kept",0.817534,0.899157,0.866612,0.863324,0.924156,0.901045,25.000000,30.000000,58.000000,51747,63521,58509,64212,
grape_grape58_od_2,grape,unspecified,expert,1420,graded,"probabilities to native, bilinear, thresholded there, and these numbers were measured from the masks that run kept",0.833264,0.882640,0.870769,0.811743,0.863353,0.851102,49.000000,44.000000,109.000000,60311,75883,68018,80090,
grape_grape5_os_6,grape,unspecified,expert,1409,graded,"probabilities to native, bilinear, thresholded there, and these numbers were measured from the masks that run kept",0.853634,0.865328,0.871881,0.847850,0.822405,0.858514,51.000000,62.000000,117.000000,54954,66342,60920,71148,
grape_grape60_os_1,grape,unspecified,expert,1420,graded,"probabilities to native, bilinear, thresholded there, and these numbers were measured from the masks that run kept",0.828970,0.898817,0.873598,0.814405,0.892480,0.867444,29.000000,25.000000,58.000000,63119,85621,72828,91098,
grape_grape61_os_3,grape,unspecified,expert,1420,graded,"probabilities to native, bilinear, thresholded there, and these numbers were measured from the masks that run kept",0.864530,0.888452,0.884529,0.839241,0.879752,0.873227,70.000000,65.000000,157.000000,86190,89451,97607,96326,
grape_grape63_od_1,grape,unspecified,expert,1418,graded,"probabilities to native, bilinear, thresholded there, and these numbers were measured from the masks that run kept",0.842776,0.910253,0.883420,0.850439,0.908877,0.883851,27.000000,27.000000,57.000000,55777,69932,60401,71800,
grape_grape67_os_3,grape,unspecified,expert,1421,graded,"probabilities to native, bilinear, thresholded there, and these numbers were measured from the masks that run kept",0.865373,0.872910,0.873721,0.889121,0.860732,0.880773,29.000000,54.000000,99.000000,72774,84869,75673,90943,
grape_grape68_os_1,grape,unspecified,expert,1421,graded,"probabilities to native, bilinear, thresholded there, and these numbers were measured from the masks that run kept",0.888720,0.897238,0.904193,0.882138,0.903980,0.912400,30.000000,39.000000,86.000000,77462,94871,80752,99287,
grape_grape6_od_2,grape,unspecified,expert,1420,graded,"probabilities to native, bilinear, thresholded there, and these numbers were measured from the masks that run kept",0.755562,0.888692,0.843008,0.761565,0.881042,0.836713,79.000000,31.000000,117.000000,46679,77593,56431,81470,
grape_grape70_od_1,grape,unspecified,expert,1421,graded,"probabilities to native, bilinear, thresholded there, and these numbers were measured from the masks that run kept",0.689740,0.846711,0.800252,0.737532,0.846472,0.817957,92.000000,58.000000,163.000000,36929,66416,45937,74938,
grape_grape71_os_1,grape,unspecified,expert,1422,graded,"probabilities to native, bilinear, thresholded there, and these numbers were measured from the masks that run kept",0.882701,0.902210,0.901396,0.900013,0.883045,0.907436,16.000000,35.000000,59.000000,63409,75540,66089,78014,
grape_grape73_os_4,grape,unspecified,expert,1409,graded,"probabilities to native, bilinear, thresholded there, and these numbers were measured from the masks that run kept",0.820608,0.877696,0.857514,0.836830,0.905054,0.882101,33.000000,32.000000,72.000000,54211,67052,57940,66721,
grape_grape74_os_1,grape,unspecified,expert,1419,graded,"probabilities to native, bilinear, thresholded there, and these numbers were measured from the masks that run kept",0.850966,0.897601,0.881597,0.838987,0.888792,0.871382,56.000000,50.000000,109.000000,57086,69785,60592,72258,
grape_grape75_od_3,grape,unspecified,expert,1417,graded,"probabilities to native, bilinear, thresholded there, and these numbers were measured from the masks that run kept",0.873331,0.845434,0.871281,0.891955,0.830727,0.877457,46.000000,55.000000,123.000000,71331,75464,76851,83484,
grape_grape76_os_1,grape,unspecified,expert,1421,graded,"probabilities to native, bilinear, thresholded there, and these numbers were measured from the masks that run kept",0.899639,0.909565,0.908746,0.905557,0.910071,0.912638,69.000000,47.000000,125.000000,76913,75083,80568,78586,
grape_grape77_os_3,grape,unspecified,expert,1420,graded,"probabilities to native, bilinear, thresholded there, and these numbers were measured from the masks that run kept",0.884993,0.910312,0.905814,0.900205,0.918481,0.920338,43.000000,68.000000,117.000000,81207,87351,80383,87020,
grape_grape7_os_1,grape,unspecified,expert,1421,graded,"probabilities to native, bilinear, thresholded there, and these numbers were measured from the masks that run kept",0.888490,0.918138,0.912303,0.899641,0.935070,0.925930,50.000000,38.000000,94.000000,67118,93984,70995,93526,
grape_grape81_os_1,grape,unspecified,expert,1421,graded,"probabilities to native, bilinear, thresholded there, and these numbers were measured from the masks that run kept",0.879554,0.885885,0.889474,0.890686,0.862030,0.879371,25.000000,47.000000,77.000000,54778,65363,58875,73339,
grape_grape82_os_4,grape,unspecified,expert,1419,graded,"probabilities to native, bilinear, thresholded there, and these numbers were measured from the masks that run kept",0.879737,0.898909,0.897101,0.883492,0.900570,0.903184,35.000000,46.000000,87.000000,71693,78160,77097,80172,
grape_grape83_os_2,grape,unspecified,expert,1420,graded,"probabilities to native, bilinear, thresholded there, and these numbers were measured from the masks that run kept",0.882016,0.889182,0.891058,0.881898,0.878851,0.886350,39.000000,82.000000,126.000000,68282,76156,72076,80579,
grape_grape84_os_1,grape,unspecified,expert,1421,graded,"probabilities to native, bilinear, thresholded there, and these numbers were measured from the masks that run kept",0.870610,0.876699,0.881640,0.859803,0.862578,0.873512,44.000000,54.000000,107.000000,56981,74416,61614,80376,
grape_grape86_os_1,grape,unspecified,expert,1421,graded,"probabilities to native, bilinear, thresholded there, and these numbers were measured from the masks that run kept",0.850131,0.906837,0.889947,0.859952,0.906900,0.895477,36.000000,57.000000,103.000000,53848,79020,61226,83201,
grape_grape87_od_1,grape,unspecified,expert,1425,graded,"probabilities to native, bilinear, thresholded there, and these numbers were measured from the masks that run kept",0.861724,0.905628,0.893898,0.849510,0.910320,0.892647,52.000000,40.000000,97.000000,61020,70810,66717,72357,
grape_grape8_od_1,grape,unspecified,expert,1422,graded,"probabilities to native, bilinear, thresholded there, and these numbers were measured from the masks that run kept",0.868816,0.904550,0.893838,0.891919,0.908010,0.908357,57.000000,53.000000,122.000000,68480,78397,69708,81163,
grape_grape90_od_1,grape,unspecified,expert,1420,graded,"probabilities to native, bilinear, thresholded there, and these numbers were measured from the masks that run kept",0.867871,0.908304,0.894687,0.898063,0.906082,0.904419,42.000000,41.000000,92.000000,59532,80433,63938,84602,
grape_grape91_od_1,grape,unspecified,expert,1419,graded,"probabilities to native, bilinear, thresholded there, and these numbers were measured from the masks that run kept",0.877560,0.911940,0.903280,0.866717,0.909567,0.898769,49.000000,44.000000,100.000000,67010,84738,71148,87293,
grape_grape92_od_1,grape,unspecified,expert,1419,graded,"probabilities to native, bilinear, thresholded there, and these numbers were measured from the masks that run kept",0.890980,0.878495,0.889667,0.899056,0.868777,0.891427,35.000000,48.000000,85.000000,63838,72191,70275,79498,
grape_grape94_od_3,grape,unspecified,expert,1420,graded,"probabilities to native, bilinear, thresholded there, and these numbers were measured from the masks that run kept",0.836498,0.898529,0.885347,0.831752,0.890419,0.888269,51.000000,30.000000,96.000000,66899,80903,72176,83864,
grape_grape95_os_8,grape,unspecified,expert,1419,graded,"probabilities to native, bilinear, thresholded there, and these numbers were measured from the masks that run kept",0.853205,0.871576,0.869533,0.867502,0.841066,0.859852,28.000000,39.000000,79.000000,55692,74989,59884,84568,
grape_grape98_os_1,grape,unspecified,expert,1421,graded,"probabilities to native, bilinear, thresholded there, and these numbers were measured from the masks that run kept",0.874549,0.912996,0.902020,0.876109,0.939377,0.918417,29.000000,42.000000,94.000000,65427,83647,66250,80645,
magreb_fimage10prime,magreb,unspecified,expert,1448,graded,"probabilities to native, bilinear, thresholded there, and these numbers were measured from the masks that run kept",0.873174,0.890758,0.887279,0.909288,0.918971,0.919071,38.000000,29.000000,72.000000,75866,89103,70350,84127,
magreb_fimage11prime,magreb,unspecified,expert,1453,graded,"probabilities to native, bilinear, thresholded there, and these numbers were measured from the masks that run kept",0.839437,0.867663,0.865574,0.889839,0.875864,0.899927,18.000000,24.000000,54.000000,47592,56109,51889,57004,
magreb_fimage12prime,magreb,unspecified,expert,1445,graded,"probabilities to native, bilinear, thresholded there, and these numbers were measured from the masks that run kept",0.862100,0.895502,0.889106,0.901184,0.902111,0.909337,50.000000,80.000000,142.000000,65018,96110,67774,96133,
magreb_fimage13prime,magreb,unspecified,expert,1450,graded,"probabilities to native, bilinear, thresholded there, and these numbers were measured from the masks that run kept",0.887169,0.881048,0.893975,0.910006,0.903913,0.922655,48.000000,55.000000,103.000000,74379,82427,69722,77864,
magreb_fimage14prime,magreb,unspecified,expert,1456,graded,"probabilities to native, bilinear, thresholded there, and these numbers were measured from the masks that run kept",0.856733,0.872339,0.873097,0.879424,0.884806,0.895155,51.000000,74.000000,140.000000,74572,96249,74457,95516,
magreb_fimage16prime,magreb,unspecified,expert,1453,graded,"probabilities to native, bilinear, thresholded there, and these numbers were measured from the masks that run kept",0.874825,0.875609,0.881869,0.887961,0.890651,0.897812,59.000000,75.000000,149.000000,65614,79086,69533,82984,
magreb_fimage17prime,magreb,unspecified,expert,1453,graded,"probabilities to native, bilinear, thresholded there, and these numbers were measured from the masks that run kept",0.813372,0.837549,0.876890,0.804133,0.799150,0.890777,45.000000,76.000000,142.000000,72228,85586,68539,80009,
magreb_fimage18prime,magreb,unspecified,expert,1450,graded,"probabilities to native, bilinear, thresholded there, and these numbers were measured from the masks that run kept",0.871012,0.879188,0.881930,0.909651,0.901556,0.916107,27.000000,38.000000,67.000000,78914,91366,71387,84262,
magreb_fimage1prime,magreb,unspecified,expert,1453,graded,"probabilities to native, bilinear, thresholded there, and these numbers were measured from the masks that run kept",0.881251,0.882917,0.890465,0.901723,0.925893,0.926510,60.000000,35.000000,94.000000,63640,73287,61666,68339,
magreb_fimage22prime,magreb,unspecified,expert,1453,graded,"probabilities to native, bilinear, thresholded there, and these numbers were measured from the masks that run kept",0.870006,0.894186,0.893672,0.884385,0.872576,0.893446,24.000000,44.000000,74.000000,70319,84356,72795,84119,
magreb_fimage24prime,magreb,unspecified,expert,1452,graded,"probabilities to native, bilinear, thresholded there, and these numbers were measured from the masks that run kept",0.871396,0.874854,0.885311,0.902484,0.885344,0.915002,46.000000,76.000000,139.000000,80482,83475,77313,82004,
magreb_fimage26prime,magreb,unspecified,expert,1411,graded,"probabilities to native, bilinear, thresholded there, and these numbers were measured from the masks that run kept",0.866968,0.869028,0.886501,0.856240,0.839291,0.873546,48.000000,53.000000,111.000000,73027,78835,78155,84704,
magreb_fimage27prime,magreb,unspecified,expert,1447,graded,"probabilities to native, bilinear, thresholded there, and these numbers were measured from the masks that run kept",0.852841,0.877254,0.880089,0.885222,0.898017,0.912256,58.000000,81.000000,153.000000,64879,79607,66149,75543,
magreb_fimage28prime,magreb,unspecified,expert,1457,graded,"probabilities to native, bilinear, thresholded there, and these numbers were measured from the masks that run kept",0.754524,0.864505,0.833668,0.803475,0.849741,0.842641,66.000000,68.000000,147.000000,45451,85478,59036,94905,
magreb_fimage29prime,magreb,unspecified,expert,1446,graded,"probabilities to native, bilinear, thresholded there, and these numbers were measured from the masks that run kept",0.879441,0.888509,0.889851,0.915333,0.926370,0.929179,38.000000,45.000000,88.000000,86529,91825,80618,80099,
magreb_fimage2prime,magreb,unspecified,expert,1448,graded,"probabilities to native, bilinear, thresholded there, and these numbers were measured from the masks that run kept",0.835743,0.872177,0.862486,0.845303,0.903686,0.887741,64.000000,81.000000,159.000000,62339,76488,68261,74314,
magreb_fimage30prime,magreb,unspecified,expert,1449,graded,"probabilities to native, bilinear, thresholded there, and these numbers were measured from the masks that run kept",0.831948,0.888107,0.877774,0.831656,0.889175,0.882324,40.000000,25.000000,71.000000,45615,78506,50040,83587,
magreb_fimage33prime,magreb,unspecified,expert,1452,graded,"probabilities to native, bilinear, thresholded there, and these numbers were measured from the masks that run kept",0.854838,0.861086,0.870364,0.898923,0.899439,0.917617,81.000000,98.000000,180.000000,72793,84397,61609,76184,
magreb_fimage34prime,magreb,unspecified,expert,1450,graded,"probabilities to native, bilinear, thresholded there, and these numbers were measured from the masks that run kept",0.883285,0.907143,0.900880,0.882546,0.913009,0.904599,49.000000,41.000000,89.000000,72024,80940,69226,77809,
magreb_fimage36prime,magreb,unspecified,expert,1452,graded,"probabilities to native, bilinear, thresholded there, and these numbers were measured from the masks that run kept",0.900741,0.894799,0.904832,0.895219,0.879887,0.897041,39.000000,60.000000,109.000000,91413,90055,87664,89116,
magreb_fimage37prime,magreb,unspecified,expert,1446,graded,"probabilities to native, bilinear, thresholded there, and these numbers were measured from the masks that run kept",0.820316,0.888244,0.893476,0.816574,0.857555,0.900720,33.000000,37.000000,71.000000,62869,86347,55956,85716,
magreb_fimage40prime,magreb,unspecified,expert,1450,graded,"probabilities to native, bilinear, thresholded there, and these numbers were measured from the masks that run kept",0.881347,0.881742,0.887345,0.927556,0.902426,0.923838,29.000000,38.000000,69.000000,79512,91630,70615,84045,
magreb_fimage41prime,magreb,unspecified,expert,1451,graded,"probabilities to native, bilinear, thresholded there, and these numbers were measured from the masks that run kept",0.875605,0.892313,0.889054,0.894906,0.907986,0.908567,26.000000,42.000000,83.000000,78536,90716,77676,89315,
magreb_fimage43prime,magreb,unspecified,expert,1453,graded,"probabilities to native, bilinear, thresholded there, and these numbers were measured from the masks that run kept",0.878264,0.889794,0.897406,0.910823,0.870605,0.904707,21.000000,44.000000,72.000000,70319,84356,70905,84519,
magreb_fimage44prime,magreb,unspecified,expert,1453,graded,"probabilities to native, bilinear, thresholded there, and these numbers were measured from the masks that run kept",0.858427,0.873217,0.872103,0.841685,0.869934,0.866639,59.000000,34.000000,99.000000,65824,77172,63883,74923,
magreb_fimage46prime,magreb,unspecified,expert,1452,graded,"probabilities to native, bilinear, thresholded there, and these numbers were measured from the masks that run kept",0.867316,0.868687,0.878477,0.884274,0.901112,0.909172,35.000000,40.000000,77.000000,77068,83045,77932,83001,
magreb_fimage47prime,magreb,unspecified,expert,1449,graded,"probabilities to native, bilinear, thresholded there, and these numbers were measured from the masks that run kept",0.883526,0.896728,0.910390,0.902800,0.911536,0.931074,21.000000,29.000000,65.000000,82853,93520,86455,92465,
magreb_fimage5prime,magreb,unspecified,expert,1452,graded,"probabilities to native, bilinear, thresholded there, and these numbers were measured from the masks that run kept",0.790280,0.823925,0.827078,0.812288,0.833172,0.859107,43.000000,89.000000,140.000000,68993,79672,69153,75194,
magreb_fimage6prime,magreb,unspecified,expert,1454,graded,"probabilities to native, bilinear, thresholded there, and these numbers were measured from the masks that run kept",0.884832,0.891686,0.895034,0.908400,0.936686,0.932737,37.000000,32.000000,73.000000,82858,94547,74234,84238,
magreb_fimage7prime,magreb,unspecified,expert,1454,graded,"probabilities to native, bilinear, thresholded there, and these numbers were measured from the masks that run kept",0.826970,0.878190,0.861059,0.874560,0.912177,0.902834,54.000000,36.000000,97.000000,72462,91464,64844,83562,
magreb_fimage9prime,magreb,unspecified,expert,1450,graded,"probabilities to native, bilinear, thresholded there, and these numbers were measured from the masks that run kept",0.801607,0.832753,0.826107,0.849649,0.840917,0.850082,30.000000,36.000000,73.000000,38593,69090,33824,64628,
magreb_mimage10prime,magreb,unspecified,expert,1425,graded,"probabilities to native, bilinear, thresholded there, and these numbers were measured from the masks that run kept",0.888889,0.874081,0.895485,0.896623,0.851979,0.893714,28.000000,50.000000,97.000000,61567,74679,63461,79348,
magreb_mimage11prime,magreb,unspecified,expert,1453,graded,"probabilities to native, bilinear, thresholded there, and these numbers were measured from the masks that run kept",0.899932,0.920032,0.917265,0.916015,0.914547,0.924107,27.000000,33.000000,65.000000,75139,86647,74379,82808,
magreb_mimage12prime,magreb,unspecified,expert,1430,graded,"probabilities to native, bilinear, thresholded there, and these numbers were measured from the masks that run kept",0.902115,0.889150,0.906541,0.922525,0.871210,0.913524,31.000000,42.000000,85.000000,76349,74095,76004,72915,
magreb_mimage13prime,magreb,unspecified,expert,1424,graded,"probabilities to native, bilinear, thresholded there, and these numbers were measured from the masks that run kept",0.856011,0.878805,0.875041,0.889867,0.909635,0.909669,45.000000,71.000000,130.000000,66752,90946,66814,84292,
magreb_mimage14prime,magreb,unspecified,expert,1428,graded,"probabilities to native, bilinear, thresholded there, and these numbers were measured from the masks that run kept",0.841279,0.877947,0.875834,0.898757,0.894600,0.922428,26.000000,34.000000,69.000000,60062,68665,58265,69496,
magreb_mimage15prime,magreb,unspecified,expert,1417,graded,"probabilities to native, bilinear, thresholded there, and these numbers were measured from the masks that run kept",0.847799,0.873663,0.868076,0.870148,0.909437,0.896718,65.000000,70.000000,146.000000,52216,74520,51042,71083,
magreb_mimage16prime,magreb,unspecified,expert,1427,graded,"probabilities to native, bilinear, thresholded there, and these numbers were measured from the masks that run kept",0.822252,0.867011,0.866509,0.826246,0.868617,0.884729,60.000000,82.000000,149.000000,53552,76416,55327,71882,
magreb_mimage17prime,magreb,unspecified,expert,1424,graded,"probabilities to native, bilinear, thresholded there, and these numbers were measured from the masks that run kept",0.814073,0.800232,0.814288,0.846676,0.854118,0.860467,65.000000,62.000000,132.000000,61440,64377,60065,68122,
magreb_mimage18prime,magreb,unspecified,expert,1425,graded,"probabilities to native, bilinear, thresholded there, and these numbers were measured from the masks that run kept",0.836686,0.869075,0.862277,0.872383,0.926971,0.911263,73.000000,70.000000,152.000000,63001,71745,58428,61599,
magreb_mimage19prime,magreb,unspecified,expert,1425,graded,"probabilities to native, bilinear, thresholded there, and these numbers were measured from the masks that run kept",0.839725,0.815329,0.844892,0.871860,0.823531,0.873146,45.000000,96.000000,146.000000,57172,74253,51616,74433,
magreb_mimage20prime,magreb,unspecified,expert,1447,graded,"probabilities to native, bilinear, thresholded there, and these numbers were measured from the masks that run kept",0.863358,0.856319,0.863766,0.910574,0.919038,0.920369,61.000000,47.000000,113.000000,71876,81017,66551,71293,
magreb_mimage21prime,magreb,unspecified,expert,1445,graded,"probabilities to native, bilinear, thresholded there, and these numbers were measured from the masks that run kept",0.834199,0.852888,0.854180,0.889963,0.917107,0.916202,51.000000,50.000000,112.000000,64668,82978,61103,76621,
magreb_mimage22prime,magreb,unspecified,expert,1423,graded,"probabilities to native, bilinear, thresholded there, and these numbers were measured from the masks that run kept",0.875404,0.901149,0.899203,0.902822,0.926999,0.925961,59.000000,68.000000,138.000000,74380,90240,76451,90487,
magreb_mimage23prime,magreb,unspecified,expert,1456,graded,"probabilities to native, bilinear, thresholded there, and these numbers were measured from the masks that run kept",0.891067,0.901859,0.904239,0.902753,0.871161,0.899207,42.000000,83.000000,138.000000,98985,105412,97191,108453,
magreb_mimage24prime,magreb,unspecified,expert,1424,graded,"probabilities to native, bilinear, thresholded there, and these numbers were measured from the masks that run kept",0.887692,0.909691,0.906809,0.906694,0.929396,0.926923,58.000000,36.000000,102.000000,106255,106998,104246,100279,
magreb_mimage25prime,magreb,unspecified,expert,1429,graded,"probabilities to native, bilinear, thresholded there, and these numbers were measured from the masks that run kept",0.889972,0.909521,0.908500,0.898417,0.923724,0.922585,64.000000,61.000000,135.000000,72340,85332,72532,87293,
magreb_mimage26prime,magreb,unspecified,expert,1423,graded,"probabilities to native, bilinear, thresholded there, and these numbers were measured from the masks that run kept",0.879966,0.893804,0.894016,0.898167,0.928791,0.919928,73.000000,63.000000,150.000000,72223,95149,72569,88144,
magreb_mimage29prime,magreb,unspecified,expert,1424,graded,"probabilities to native, bilinear, thresholded there, and these numbers were measured from the masks that run kept",0.832025,0.849495,0.851497,0.823100,0.859474,0.856215,43.000000,84.000000,157.000000,61727,80112,73430,84181,
magreb_mimage2prime,magreb,unspecified,expert,1445,graded,"probabilities to native, bilinear, thresholded there, and these numbers were measured from the masks that run kept",0.813928,0.839942,0.834138,0.850727,0.862703,0.864328,50.000000,96.000000,151.000000,51878,71643,52055,71374,
magreb_mimage30prime,magreb,unspecified,expert,1439,graded,"probabilities to native, bilinear, thresholded there, and these numbers were measured from the masks that run kept",0.681244,0.815584,0.794557,0.692732,0.828840,0.815458,24.000000,41.000000,81.000000,29153,64517,29616,61405,
magreb_mimage31prime,magreb,unspecified,expert,1445,graded,"probabilities to native, bilinear, thresholded there, and these numbers were measured from the masks that run kept",0.813017,0.841755,0.835339,0.847869,0.860706,0.864423,61.000000,64.000000,128.000000,51907,71644,51038,68594,
magreb_mimage32prime,magreb,unspecified,expert,1425,graded,"probabilities to native, bilinear, thresholded there, and these numbers were measured from the masks that run kept",0.846020,0.827349,0.842988,0.857346,0.842557,0.860101,51.000000,71.000000,130.000000,61968,66658,65497,73179,
magreb_mimage33prime,magreb,unspecified,expert,1426,graded,"probabilities to native, bilinear, thresholded there, and these numbers were measured from the masks that run kept",0.817347,0.776009,0.825824,0.824280,0.791025,0.861956,20.000000,35.000000,57.000000,46484,56974,46556,59138,
magreb_mimage35prime,magreb,unspecified,expert,1427,graded,"probabilities to native, bilinear, thresholded there, and these numbers were measured from the masks that run kept",0.855409,0.870004,0.870535,0.916989,0.858877,0.899153,22.000000,47.000000,85.000000,61762,67559,58225,67537,
magreb_mimage37prime,magreb,unspecified,expert,1432,graded,"probabilities to native, bilinear, thresholded there, and these numbers were measured from the masks that run kept",0.812375,0.847521,0.838123,0.847730,0.852650,0.862407,26.000000,43.000000,72.000000,49704,60759,53603,64635,
magreb_mimage38prime,magreb,unspecified,expert,1424,graded,"probabilities to native, bilinear, thresholded there, and these numbers were measured from the masks that run kept",0.857677,0.884753,0.894862,0.894044,0.883476,0.922503,24.000000,53.000000,84.000000,63608,71477,64867,66756,
magreb_mimage39prime,magreb,unspecified,expert,1420,graded,"probabilities to native, bilinear, thresholded there, and these numbers were measured from the masks that run kept",0.889981,0.913017,0.912162,0.920177,0.918954,0.932353,33.000000,40.000000,89.000000,56408,76669,55518,74314,
magreb_mimage3prime,magreb,unspecified,expert,1425,graded,"probabilities to native, bilinear, thresholded there, and these numbers were measured from the masks that run kept",0.896294,0.899746,0.900738,0.920673,0.920505,0.920436,28.000000,31.000000,74.000000,82416,89598,78953,85078,
magreb_mimage41prime,magreb,unspecified,expert,1426,graded,"probabilities to native, bilinear, thresholded there, and these numbers were measured from the masks that run kept",0.859184,0.897833,0.896444,0.852621,0.911517,0.907983,79.000000,62.000000,139.000000,68393,87597,68793,84239,
magreb_mimage42prime,magreb,unspecified,expert,1425,graded,"probabilities to native, bilinear, thresholded there, and these numbers were measured from the masks that run kept",0.873248,0.871424,0.876956,0.894696,0.891462,0.898654,87.000000,95.000000,190.000000,64286,80463,61582,80026,
magreb_mimage43prime,magreb,unspecified,expert,1449,graded,"probabilities to native, bilinear, thresholded there, and these numbers were measured from the masks that run kept",0.797425,0.852462,0.833180,0.833456,0.862558,0.852064,42.000000,78.000000,122.000000,54148,80764,51502,72634,
magreb_mimage44prime,magreb,unspecified,expert,1448,graded,"probabilities to native, bilinear, thresholded there, and these numbers were measured from the masks that run kept",0.816137,0.848920,0.839063,0.884176,0.878381,0.884817,51.000000,38.000000,97.000000,57944,77174,55140,74812,
magreb_mimage46prime,magreb,unspecified,expert,1452,graded,"probabilities to native, bilinear, thresholded there, and these numbers were measured from the masks that run kept",0.818756,0.834592,0.845193,0.819125,0.861969,0.867986,78.000000,67.000000,147.000000,62519,75116,64674,70179,
magreb_mimage4prime,magreb,unspecified,expert,1456,graded,"probabilities to native, bilinear, thresholded there, and these numbers were measured from the masks that run kept",0.862046,0.864528,0.876989,0.885015,0.880121,0.897178,34.000000,34.000000,73.000000,84000,87151,81852,81600,
magreb_mimage6prime,magreb,unspecified,expert,1449,graded,"probabilities to native, bilinear, thresholded there, and these numbers were measured from the masks that run kept",0.876230,0.860499,0.875400,0.907139,0.878563,0.902835,32.000000,68.000000,111.000000,63172,79542,54272,75303,
magreb_mimage8prime,magreb,unspecified,expert,1445,graded,"probabilities to native, bilinear, thresholded there, and these numbers were measured from the masks that run kept",0.861606,0.842951,0.860217,0.885134,0.864054,0.889105,21.000000,38.000000,63.000000,72123,83739,67059,82636,
magreb_mimage9prime,magreb,unspecified,expert,1428,graded,"probabilities to native, bilinear, thresholded there, and these numbers were measured from the masks that run kept",0.897861,0.897414,0.901901,0.944402,0.920264,0.934650,12.000000,29.000000,41.000000,67812,84669,61482,79583,
mbrset_1000_3,mbrset,unspecified,expert,1445,graded,"probabilities to native, bilinear, thresholded there, and these numbers were measured from the masks that run kept",0.864943,0.867329,0.896763,0.862499,0.878418,0.908534,78.000000,102.000000,176.000000,74573,81625,76045,91993,
mbrset_1005_1,mbrset,unspecified,expert,1445,graded,"probabilities to native, bilinear, thresholded there, and these numbers were measured from the masks that run kept",0.855071,0.875233,0.895086,0.872822,0.882901,0.915047,91.000000,86.000000,182.000000,77882,78854,82652,81140,
mbrset_1009_3,mbrset,unspecified,expert,1445,graded,"probabilities to native, bilinear, thresholded there, and these numbers were measured from the masks that run kept",0.807264,0.833159,0.882345,0.807588,0.842253,0.888971,57.000000,117.000000,178.000000,77784,92814,73376,106550,
mbrset_100_3,mbrset,unspecified,expert,1449,graded,"probabilities to native, bilinear, thresholded there, and these numbers were measured from the masks that run kept",0.831473,0.808714,0.842711,0.893615,0.768108,0.857610,46.000000,65.000000,118.000000,54716,67075,65805,79956,
mbrset_1011_3,mbrset,unspecified,expert,1445,graded,"probabilities to native, bilinear, thresholded there, and these numbers were measured from the masks that run kept",0.855572,0.844530,0.884610,0.858169,0.831170,0.892625,57.000000,96.000000,155.000000,69545,56522,67935,59751,
mbrset_1015_3,mbrset,unspecified,expert,1443,graded,"probabilities to native, bilinear, thresholded there, and these numbers were measured from the masks that run kept",0.861027,0.879297,0.890478,0.870175,0.865174,0.903944,58.000000,77.000000,140.000000,69307,79692,77592,88490,
mbrset_1016_1,mbrset,unspecified,expert,1443,graded,"probabilities to native, bilinear, thresholded there, and these numbers were measured from the masks that run kept",0.886543,0.871775,0.893970,0.917705,0.893423,0.929127,33.000000,82.000000,114.000000,65336,66371,72593,66310,
mbrset_1017_3,mbrset,unspecified,expert,1445,graded,"probabilities to native, bilinear, thresholded there, and these numbers were measured from the masks that run kept",0.693436,0.805114,0.815333,0.725685,0.829431,0.846797,76.000000,90.000000,174.000000,75330,72742,78602,82831,
mbrset_1018_1,mbrset,unspecified,expert,1446,graded,"probabilities to native, bilinear, thresholded there, and these numbers were measured from the masks that run kept",0.789500,0.817095,0.864737,0.767446,0.806222,0.871708,42.000000,58.000000,96.000000,46870,56687,45966,69406,
mbrset_1019_3,mbrset,unspecified,expert,1442,graded,"probabilities to native, bilinear, thresholded there, and these numbers were measured from the masks that run kept",0.882004,0.873110,0.889515,0.878793,0.857513,0.884242,63.000000,69.000000,137.000000,77013,76670,79408,79308,
mbrset_1020_3,mbrset,unspecified,expert,1445,graded,"probabilities to native, bilinear, thresholded there, and these numbers were measured from the masks that run kept",0.887951,0.888634,0.892123,0.901193,0.853807,0.881716,71.000000,109.000000,183.000000,62311,73171,66811,79686,
mbrset_1025_1,mbrset,unspecified,expert,1444,graded,"probabilities to native, bilinear, thresholded there, and these numbers were measured from the masks that run kept",0.693512,0.725769,0.813480,0.653854,0.688976,0.807682,41.000000,46.000000,86.000000,55343,60512,57849,75964,
mbrset_1027_3,mbrset,unspecified,expert,1445,graded,"probabilities to native, bilinear, thresholded there, and these numbers were measured from the masks that run kept",0.782534,0.823985,0.880087,0.771931,0.858697,0.892198,56.000000,71.000000,131.000000,61504,64443,53190,80380,
mbrset_1029_3,mbrset,unspecified,expert,1445,graded,"probabilities to native, bilinear, thresholded there, and these numbers were measured from the masks that run kept",0.723027,0.824376,0.810668,0.745228,0.839358,0.836310,36.000000,84.000000,143.000000,42827,62678,50998,78641,
mbrset_1031_1,mbrset,unspecified,expert,1445,graded,"probabilities to native, bilinear, thresholded there, and these numbers were measured from the masks that run kept",0.888679,0.927147,0.919318,0.888175,0.954831,0.932049,30.000000,34.000000,66.000000,68840,87771,78212,88227,
mbrset_1053_1,mbrset,unspecified,expert,1443,graded,"probabilities to native, bilinear, thresholded there, and these numbers were measured from the masks that run kept",0.822795,0.873519,0.890882,0.865671,0.874564,0.914877,25.000000,64.000000,93.000000,54883,80435,53195,94389,
mbrset_1060_1,mbrset,unspecified,expert,1445,graded,"probabilities to native, bilinear, thresholded there, and these numbers were measured from the masks that run kept",0.702353,0.784839,0.830708,0.774375,0.833433,0.886896,58.000000,43.000000,97.000000,45020,57395,57746,59671,
mbrset_1098_1,mbrset,unspecified,expert,1447,graded,"probabilities to native, bilinear, thresholded there, and these numbers were measured from the masks that run kept",0.460317,0.522862,0.778844,0.454226,0.557945,0.790778,48.000000,79.000000,128.000000,49582,33690,42220,56766,
mbrset_10_3,mbrset,unspecified,expert,1445,graded,"probabilities to native, bilinear, thresholded there, and these numbers were measured from the masks that run kept",0.736190,0.783621,0.847910,0.751189,0.824585,0.865583,50.000000,66.000000,115.000000,72500,62783,70129,76542,
mbrset_110_1,mbrset,unspecified,expert,1438,graded,"probabilities to native, bilinear, thresholded there, and these numbers were measured from the masks that run kept",0.818535,0.848213,0.876477,0.806712,0.828079,0.887163,47.000000,103.000000,146.000000,54829,70855,58901,80640,
mbrset_215_3,mbrset,unspecified,expert,1445,graded,"probabilities to native, bilinear, thresholded there, and these numbers were measured from the masks that run kept",0.798795,0.805811,0.857128,0.796750,0.843557,0.875325,51.000000,58.000000,112.000000,53025,53395,56863,68934,
mbrset_227_1,mbrset,unspecified,expert,1446,graded,"probabilities to native, bilinear, thresholded there, and these numbers were measured from the masks that run kept",0.556686,0.621239,0.815794,0.583077,0.556257,0.812633,60.000000,68.000000,127.000000,55700,41846,45330,61763,
mbrset_257_1,mbrset,unspecified,expert,1443,graded,"probabilities to native, bilinear, thresholded there, and these numbers were measured from the masks that run kept",0.813786,0.828396,0.867049,0.784741,0.860869,0.874746,69.000000,58.000000,125.000000,68647,70048,66101,77338,
mbrset_258_3,mbrset,unspecified,expert,1446,graded,"probabilities to native, bilinear, thresholded there, and these numbers were measured from the masks that run kept",0.855929,0.873388,0.895164,0.849534,0.864348,0.901057,59.000000,68.000000,127.000000,91442,90677,98034,91588,
mbrset_280_3,mbrset,unspecified,expert,1441,graded,"probabilities to native, bilinear, thresholded there, and these numbers were measured from the masks that run kept",0.869339,0.865740,0.894534,0.871355,0.852047,0.901299,79.000000,71.000000,158.000000,69895,90177,70262,95999,
mbrset_285_3,mbrset,unspecified,expert,1446,graded,"probabilities to native, bilinear, thresholded there, and these numbers were measured from the masks that run kept",0.838582,0.859883,0.881222,0.885997,0.879738,0.909196,57.000000,67.000000,127.000000,58211,60089,60952,70145,
mbrset_4_1,mbrset,unspecified,expert,1446,graded,"probabilities to native, bilinear, thresholded there, and these numbers were measured from the masks that run kept",0.644496,0.749045,0.818466,0.629367,0.749883,0.831990,35.000000,82.000000,121.000000,53484,72766,47581,83174,
messidor_messidor20051019_38557_0100_pp,messidor,unspecified,expert,1383,graded,"probabilities to native, bilinear, thresholded there, and these numbers were measured from the masks that run kept",0.863807,0.875024,0.876175,0.870984,0.906703,0.896631,63.000000,50.000000,119.000000,67435,97222,65678,93367,
messidor_messidor20051020_43808_0100_pp,messidor,unspecified,expert,1383,graded,"probabilities to native, bilinear, thresholded there, and these numbers were measured from the masks that run kept",0.888678,0.905203,0.906901,0.890885,0.909628,0.912732,43.000000,47.000000,100.000000,77681,102636,79278,103720,
messidor_messidor20051020_43832_0100_pp,messidor,unspecified,expert,1383,graded,"probabilities to native, bilinear, thresholded there, and these numbers were measured from the masks that run kept",0.894279,0.913153,0.909423,0.894099,0.926504,0.914305,41.000000,40.000000,96.000000,76282,99602,79770,101453,
messidor_messidor20051020_43882_0100_pp,messidor,unspecified,expert,1387,graded,"probabilities to native, bilinear, thresholded there, and these numbers were measured from the masks that run kept",0.861086,0.880033,0.883486,0.861698,0.884866,0.894411,55.000000,60.000000,133.000000,82516,92214,87165,94504,
messidor_messidor20051020_43906_0100_pp,messidor,unspecified,expert,1386,graded,"probabilities to native, bilinear, thresholded there, and these numbers were measured from the masks that run kept",0.893125,0.880661,0.894683,0.910021,0.891393,0.910959,66.000000,108.000000,187.000000,77322,85273,76867,84629,
messidor_messidor20051020_44261_0100_pp,messidor,unspecified,expert,1384,graded,"probabilities to native, bilinear, thresholded there, and these numbers were measured from the masks that run kept",0.883279,0.888985,0.891759,0.872661,0.880710,0.882841,76.000000,61.000000,161.000000,77943,82882,86963,90239,
messidor_messidor20051020_44284_0100_pp,messidor,unspecified,expert,1385,graded,"probabilities to native, bilinear, thresholded there, and these numbers were measured from the masks that run kept",0.886477,0.877475,0.892792,0.879406,0.865189,0.891235,44.000000,69.000000,136.000000,84802,84950,91805,90034,
messidor_messidor20051020_44338_0100_pp,messidor,unspecified,expert,1384,graded,"probabilities to native, bilinear, thresholded there, and these numbers were measured from the masks that run kept",0.863747,0.880383,0.890957,0.855132,0.858666,0.893836,39.000000,60.000000,110.000000,79838,106120,83300,107144,
messidor_messidor20051020_44400_0100_pp,messidor,unspecified,expert,1383,graded,"probabilities to native, bilinear, thresholded there, and these numbers were measured from the masks that run kept",0.859305,0.872655,0.880431,0.894332,0.894779,0.918877,43.000000,40.000000,89.000000,78012,93794,71027,88906,
messidor_messidor20051020_44636_0100_pp,messidor,unspecified,expert,1384,graded,"probabilities to native, bilinear, thresholded there, and these numbers were measured from the masks that run kept",0.903375,0.902124,0.907479,0.928231,0.921436,0.930355,45.000000,59.000000,114.000000,82911,88052,79728,83716,
messidor_messidor20051020_44714_0100_pp,messidor,unspecified,expert,1382,graded,"probabilities to native, bilinear, thresholded there, and these numbers were measured from the masks that run kept",0.884026,0.882680,0.893333,0.890871,0.874333,0.898352,56.000000,71.000000,148.000000,94519,96325,92885,102005,
messidor_messidor20051020_44762_0100_pp,messidor,unspecified,expert,1383,graded,"probabilities to native, bilinear, thresholded there, and these numbers were measured from the masks that run kept",0.884279,0.893958,0.894246,0.897054,0.898270,0.904756,59.000000,47.000000,122.000000,78456,96830,77488,96924,
messidor_messidor20051020_44782_0100_pp,messidor,unspecified,expert,1383,graded,"probabilities to native, bilinear, thresholded there, and these numbers were measured from the masks that run kept",0.898880,0.899651,0.906199,0.911357,0.920920,0.927492,43.000000,57.000000,112.000000,78754,92974,75231,90317,
messidor_messidor20051020_44901_0100_pp,messidor,unspecified,expert,1382,graded,"probabilities to native, bilinear, thresholded there, and these numbers were measured from the masks that run kept",0.890815,0.901047,0.907125,0.889672,0.910517,0.916365,35.000000,55.000000,98.000000,66072,84155,66950,82156,
messidor_messidor20051020_44923_0100_pp,messidor,unspecified,expert,1383,graded,"probabilities to native, bilinear, thresholded there, and these numbers were measured from the masks that run kept",0.892152,0.894988,0.899348,0.884060,0.894418,0.897098,51.000000,55.000000,124.000000,69442,84272,72693,87708,
messidor_messidor20051020_44982_0100_pp,messidor,unspecified,expert,1384,graded,"probabilities to native, bilinear, thresholded there, and these numbers were measured from the masks that run kept",0.890084,0.890988,0.895412,0.911108,0.896332,0.909631,52.000000,63.000000,121.000000,85266,83309,82707,79481,
messidor_messidor20051020_45004_0100_pp,messidor,unspecified,expert,1385,graded,"probabilities to native, bilinear, thresholded there, and these numbers were measured from the masks that run kept",0.876695,0.882157,0.890766,0.889121,0.871927,0.902524,45.000000,55.000000,108.000000,82117,84165,83765,86562,
messidor_messidor20051020_45050_0100_pp,messidor,unspecified,expert,1385,graded,"probabilities to native, bilinear, thresholded there, and these numbers were measured from the masks that run kept",0.845428,0.895900,0.881595,0.860399,0.882513,0.879732,69.000000,86.000000,167.000000,52668,80885,57404,84120,
messidor_messidor20051020_45068_0100_pp,messidor,unspecified,expert,1385,graded,"probabilities to native, bilinear, thresholded there, and these numbers were measured from the masks that run kept",0.851993,0.876476,0.877641,0.850366,0.845855,0.865072,53.000000,93.000000,159.000000,45348,76180,50404,81992,
messidor_messidor20051020_45137_0100_pp,messidor,unspecified,expert,1384,graded,"probabilities to native, bilinear, thresholded there, and these numbers were measured from the masks that run kept",0.881747,0.899258,0.898784,0.872816,0.882045,0.887730,64.000000,123.000000,208.000000,76564,102341,86553,108704,
messidor_messidor20051020_52801_0100_pp,messidor,unspecified,expert,1383,graded,"probabilities to native, bilinear, thresholded there, and these numbers were measured from the masks that run kept",0.868677,0.893788,0.890617,0.848078,0.893698,0.886876,78.000000,59.000000,157.000000,67644,100137,71144,101931,
messidor_messidor20051020_53062_0100_pp,messidor,unspecified,expert,1382,graded,"probabilities to native, bilinear, thresholded there, and these numbers were measured from the masks that run kept",0.907847,0.928800,0.922449,0.920752,0.938323,0.932651,63.000000,57.000000,129.000000,89408,103070,86789,101269,
messidor_messidor20051020_53178_0100_pp,messidor,unspecified,expert,1382,graded,"probabilities to native, bilinear, thresholded there, and these numbers were measured from the masks that run kept",0.912921,0.910682,0.917397,0.913672,0.903801,0.918395,67.000000,57.000000,142.000000,84111,98706,84357,101366,
messidor_messidor20051020_56592_0100_pp,messidor,unspecified,expert,1384,graded,"probabilities to native, bilinear, thresholded there, and these numbers were measured from the masks that run kept",0.875938,0.884324,0.894605,0.872521,0.884910,0.901741,60.000000,70.000000,146.000000,80657,81789,84599,84503,
messidor_messidor20051020_56791_0100_pp,messidor,unspecified,expert,1384,graded,"probabilities to native, bilinear, thresholded there, and these numbers were measured from the masks that run kept",0.877262,0.903535,0.899944,0.871296,0.907608,0.904732,73.000000,43.000000,134.000000,76375,94770,78858,97404,
messidor_messidor20051020_57157_0100_pp,messidor,unspecified,expert,1384,graded,"probabilities to native, bilinear, thresholded there, and these numbers were measured from the masks that run kept",0.869642,0.872429,0.888329,0.867314,0.864548,0.897507,54.000000,63.000000,133.000000,76873,96541,81268,98315,
messidor_messidor20051020_57566_0100_pp,messidor,unspecified,expert,1383,graded,"probabilities to native, bilinear, thresholded there, and these numbers were measured from the masks that run kept",0.885090,0.904453,0.904754,0.906690,0.908380,0.921463,64.000000,79.000000,151.000000,88098,105190,83993,100342,
messidor_messidor20051020_57622_0100_pp,messidor,unspecified,expert,1382,graded,"probabilities to native, bilinear, thresholded there, and these numbers were measured from the masks that run kept",0.862767,0.896786,0.888762,0.851833,0.875246,0.875245,54.000000,71.000000,146.000000,79811,118156,84238,116589,
messidor_messidor20051020_57761_0100_pp,messidor,unspecified,expert,1386,graded,"probabilities to native, bilinear, thresholded there, and these numbers were measured from the masks that run kept",0.877763,0.893640,0.892946,0.900270,0.925728,0.921377,28.000000,38.000000,79.000000,76584,95300,77125,94978,
messidor_messidor20051020_58065_0100_pp,messidor,unspecified,expert,1383,graded,"probabilities to native, bilinear, thresholded there, and these numbers were measured from the masks that run kept",0.879815,0.878342,0.887200,0.882257,0.882880,0.893673,46.000000,57.000000,115.000000,72398,67575,72246,70533,
messidor_messidor20051020_61757_0100_pp,messidor,unspecified,expert,1384,graded,"probabilities to native, bilinear, thresholded there, and these numbers were measured from the masks that run kept",0.883799,0.904759,0.903352,0.863468,0.898229,0.894639,75.000000,54.000000,144.000000,69161,101812,73747,104853,
messidor_messidor20051020_61804_0100_pp,messidor,unspecified,expert,1381,graded,"probabilities to native, bilinear, thresholded there, and these numbers were measured from the masks that run kept",0.845255,0.891319,0.886884,0.822750,0.881696,0.883849,68.000000,86.000000,172.000000,69649,101130,74802,105135,
messidor_messidor20051020_62014_0100_pp,messidor,unspecified,expert,1381,graded,"probabilities to native, bilinear, thresholded there, and these numbers were measured from the masks that run kept",0.881640,0.901479,0.904138,0.876718,0.880656,0.896507,30.000000,44.000000,81.000000,60344,68740,64496,71534,
messidor_messidor20051020_62337_0100_pp,messidor,unspecified,expert,1383,graded,"probabilities to native, bilinear, thresholded there, and these numbers were measured from the masks that run kept",0.880363,0.891587,0.893654,0.888112,0.875963,0.891462,46.000000,62.000000,120.000000,66899,81954,68502,83977,
messidor_messidor20051020_62461_0100_pp,messidor,unspecified,expert,1388,graded,"probabilities to native, bilinear, thresholded there, and these numbers were measured from the masks that run kept",0.896010,0.888021,0.897072,0.908384,0.896882,0.908325,50.000000,51.000000,110.000000,76324,78891,78335,80585,
messidor_messidor20051020_62510_0100_pp,messidor,unspecified,expert,1389,graded,"probabilities to native, bilinear, thresholded there, and these numbers were measured from the masks that run kept",0.901769,0.883742,0.901100,0.914829,0.886131,0.913522,41.000000,54.000000,104.000000,75714,74171,79033,79367,
messidor_messidor20051020_62577_0100_pp,messidor,unspecified,expert,1384,graded,"probabilities to native, bilinear, thresholded there, and these numbers were measured from the masks that run kept",0.868433,0.895223,0.890211,0.871037,0.896993,0.891506,46.000000,66.000000,130.000000,84660,105952,86439,105698,
messidor_messidor20051020_62615_0100_pp,messidor,unspecified,expert,1384,graded,"probabilities to native, bilinear, thresholded there, and these numbers were measured from the masks that run kept",0.895714,0.902248,0.907207,0.911516,0.893956,0.914322,44.000000,75.000000,131.000000,86158,107885,86071,105318,
messidor_messidor20051020_62878_0100_pp,messidor,unspecified,expert,1384,graded,"probabilities to native, bilinear, thresholded there, and these numbers were measured from the masks that run kept",0.888617,0.897789,0.899829,0.885330,0.890656,0.896374,49.000000,53.000000,112.000000,70960,87130,73003,86853,
messidor_messidor20051020_63045_0100_pp,messidor,unspecified,expert,1383,graded,"probabilities to native, bilinear, thresholded there, and these numbers were measured from the masks that run kept",0.909573,0.901890,0.911042,0.912715,0.887380,0.908436,28.000000,44.000000,80.000000,70174,84995,70094,82582,
messidor_messidor20051020_63337_0100_pp,messidor,unspecified,expert,1384,graded,"probabilities to native, bilinear, thresholded there, and these numbers were measured from the masks that run kept",0.903100,0.876611,0.897124,0.925082,0.870983,0.910724,29.000000,70.000000,108.000000,85529,81810,84512,82249,
messidor_messidor20051020_63711_0100_pp,messidor,unspecified,expert,1383,graded,"probabilities to native, bilinear, thresholded there, and these numbers were measured from the masks that run kept",0.883571,0.888526,0.897820,0.884252,0.893521,0.908426,64.000000,59.000000,132.000000,81251,93270,84533,97644,
messidor_messidor20051020_63829_0100_pp,messidor,unspecified,expert,1383,graded,"probabilities to native, bilinear, thresholded there, and these numbers were measured from the masks that run kept",0.885483,0.901980,0.903192,0.896565,0.918480,0.917042,67.000000,73.000000,159.000000,79437,97484,83202,97467,
messidor_messidor20051020_63936_0100_pp,messidor,unspecified,expert,1382,graded,"probabilities to native, bilinear, thresholded there, and these numbers were measured from the masks that run kept",0.905490,0.915401,0.916072,0.902959,0.925342,0.921997,40.000000,45.000000,92.000000,82253,96538,83697,93724,
messidor_messidor20051020_64007_0100_pp,messidor,unspecified,expert,1384,graded,"probabilities to native, bilinear, thresholded there, and these numbers were measured from the masks that run kept",0.877471,0.904576,0.899473,0.877417,0.919586,0.908965,38.000000,50.000000,101.000000,71731,102462,70888,98211,
messidor_messidor20051020_64388_0100_pp,messidor,unspecified,expert,1385,graded,"probabilities to native, bilinear, thresholded there, and these numbers were measured from the masks that run kept",0.907474,0.893258,0.904634,0.920785,0.909829,0.919299,58.000000,53.000000,113.000000,76253,84767,72862,82580,
messidor_messidor20051020_64518_0100_pp,messidor,unspecified,expert,1386,graded,"probabilities to native, bilinear, thresholded there, and these numbers were measured from the masks that run kept",0.875087,0.885399,0.886507,0.871040,0.887144,0.887666,54.000000,69.000000,143.000000,66115,87956,72710,93325,
messidor_messidor20051020_64570_0100_pp,messidor,unspecified,expert,1386,graded,"probabilities to native, bilinear, thresholded there, and these numbers were measured from the masks that run kept",0.885160,0.902030,0.898996,0.905859,0.911713,0.913015,39.000000,73.000000,118.000000,71727,86322,76549,89599,
messidor_messidor20051020_64653_0100_pp,messidor,unspecified,expert,1384,graded,"probabilities to native, bilinear, thresholded there, and these numbers were measured from the masks that run kept",0.848263,0.888717,0.881698,0.828565,0.862494,0.863751,56.000000,62.000000,153.000000,73480,99723,80543,106894,
messidor_messidor20051020_64703_0100_pp,messidor,unspecified,expert,1385,graded,"probabilities to native, bilinear, thresholded there, and these numbers were measured from the masks that run kept",0.871647,0.902271,0.896861,0.860143,0.890980,0.891902,62.000000,56.000000,136.000000,73263,98554,76846,103219,
messidor_messidor20051020_64836_0100_pp,messidor,unspecified,expert,1382,graded,"probabilities to native, bilinear, thresholded there, and these numbers were measured from the masks that run kept",0.886453,0.901041,0.899125,0.908957,0.891437,0.904541,23.000000,25.000000,59.000000,69075,84398,71968,90786,
messidor_messidor20051020_64945_0100_pp,messidor,unspecified,expert,1384,graded,"probabilities to native, bilinear, thresholded there, and these numbers were measured from the masks that run kept",0.875083,0.883249,0.886627,0.879726,0.884880,0.892133,51.000000,60.000000,130.000000,80839,97806,80684,102192,
messidor_messidor20051021_36380_0100_pp,messidor,unspecified,expert,1384,graded,"probabilities to native, bilinear, thresholded there, and these numbers were measured from the masks that run kept",0.830636,0.900134,0.877067,0.855692,0.930755,0.903262,58.000000,54.000000,134.000000,58451,86805,59644,82372,
messidor_messidor20051021_36476_0100_pp,messidor,unspecified,expert,1383,graded,"probabilities to native, bilinear, thresholded there, and these numbers were measured from the masks that run kept",0.853251,0.887191,0.880376,0.852553,0.886038,0.881764,65.000000,93.000000,164.000000,59750,88395,63658,90748,
messidor_messidor20051021_39222_0100_pp,messidor,unspecified,expert,1385,graded,"probabilities to native, bilinear, thresholded there, and these numbers were measured from the masks that run kept",0.885086,0.904295,0.903465,0.889878,0.899177,0.907009,42.000000,35.000000,81.000000,82139,93977,79843,92356,
messidor_messidor20051021_39314_0100_pp,messidor,unspecified,expert,1387,graded,"probabilities to native, bilinear, thresholded there, and these numbers were measured from the masks that run kept",0.905758,0.909665,0.913747,0.923985,0.922743,0.931792,58.000000,53.000000,112.000000,83155,99468,73558,92994,
messidor_messidor20051021_39661_0100_pp,messidor,unspecified,expert,1384,graded,"probabilities to native, bilinear, thresholded there, and these numbers were measured from the masks that run kept",0.904336,0.911232,0.914166,0.908523,0.925175,0.925889,58.000000,59.000000,120.000000,103249,98151,107666,97292,
messidor_messidor20051021_39719_0100_pp,messidor,unspecified,expert,1383,graded,"probabilities to native, bilinear, thresholded there, and these numbers were measured from the masks that run kept",0.904583,0.906822,0.913251,0.904015,0.895297,0.909757,50.000000,78.000000,146.000000,101737,101088,108331,106322,
messidor_messidor20051021_39845_0100_pp,messidor,unspecified,expert,1382,graded,"probabilities to native, bilinear, thresholded there, and these numbers were measured from the masks that run kept",0.882275,0.872842,0.890080,0.895941,0.869782,0.902432,89.000000,88.000000,201.000000,82329,85376,88917,94251,
messidor_messidor20051021_40018_0100_pp,messidor,unspecified,expert,1382,graded,"probabilities to native, bilinear, thresholded there, and these numbers were measured from the masks that run kept",0.899871,0.872060,0.893661,0.900436,0.852248,0.891471,63.000000,46.000000,123.000000,80523,82315,80000,87937,
messidor_messidor20051021_40074_0100_pp,messidor,unspecified,expert,1383,graded,"probabilities to native, bilinear, thresholded there, and these numbers were measured from the masks that run kept",0.888670,0.914722,0.905044,0.900637,0.932458,0.918946,57.000000,27.000000,95.000000,83439,85137,84108,83065,
messidor_messidor20051021_40248_0100_pp,messidor,unspecified,expert,1384,graded,"probabilities to native, bilinear, thresholded there, and these numbers were measured from the masks that run kept",0.866816,0.879631,0.878639,0.867798,0.898392,0.889900,53.000000,41.000000,102.000000,68745,78494,72946,80209,
messidor_messidor20051021_40377_0100_pp,messidor,unspecified,expert,1385,graded,"probabilities to native, bilinear, thresholded there, and these numbers were measured from the masks that run kept",0.865352,0.872349,0.883622,0.827611,0.841221,0.855442,91.000000,102.000000,215.000000,75098,91928,81102,90671,
messidor_messidor20051021_40450_0100_pp,messidor,unspecified,expert,1384,graded,"probabilities to native, bilinear, thresholded there, and these numbers were measured from the masks that run kept",0.891653,0.896765,0.901407,0.880619,0.874508,0.888623,59.000000,72.000000,142.000000,74232,92582,75878,91783,
messidor_messidor20051021_51418_0100_pp,messidor,unspecified,expert,1384,graded,"probabilities to native, bilinear, thresholded there, and these numbers were measured from the masks that run kept",0.883021,0.903588,0.902335,0.892986,0.902714,0.909990,41.000000,35.000000,77.000000,80809,100079,83443,103153,
messidor_messidor20051021_51561_0100_pp,messidor,unspecified,expert,1384,graded,"probabilities to native, bilinear, thresholded there, and these numbers were measured from the masks that run kept",0.888745,0.895590,0.899211,0.907973,0.896437,0.913029,62.000000,50.000000,116.000000,84590,89109,78638,86478,
papila_ret002od,papila,unspecified,expert,1448,graded,"probabilities to native, bilinear, thresholded there, and these numbers were measured from the masks that run kept",0.882320,0.896289,0.903103,0.924332,0.917927,0.928191,23.000000,18.000000,41.000000,85472,92507,87633,94156,
papila_ret004os,papila,unspecified,expert,1448,graded,"probabilities to native, bilinear, thresholded there, and these numbers were measured from the masks that run kept",0.928959,0.914118,0.923789,0.961265,0.921739,0.942504,12.000000,17.000000,31.000000,84769,88697,86821,87801,
papila_ret006od,papila,unspecified,expert,1448,graded,"probabilities to native, bilinear, thresholded there, and these numbers were measured from the masks that run kept",0.901677,0.928074,0.917908,0.941346,0.949436,0.946472,21.000000,16.000000,38.000000,54584,64062,58980,61191,
papila_ret007os,papila,unspecified,expert,1448,graded,"probabilities to native, bilinear, thresholded there, and these numbers were measured from the masks that run kept",0.891577,0.903738,0.910517,0.878181,0.896475,0.897574,38.000000,36.000000,80.000000,110379,105703,114380,105927,
papila_ret008od,papila,unspecified,expert,1448,graded,"probabilities to native, bilinear, thresholded there, and these numbers were measured from the masks that run kept",0.922828,0.925938,0.926470,0.954917,0.929090,0.944710,19.000000,44.000000,68.000000,80136,84788,78665,80007,
papila_ret015os,papila,unspecified,expert,1449,graded,"probabilities to native, bilinear, thresholded there, and these numbers were measured from the masks that run kept",0.822073,0.861336,0.867094,0.833719,0.891712,0.898407,12.000000,9.000000,21.000000,76595,90356,79997,92720,
papila_ret016os,papila,unspecified,expert,1447,graded,"probabilities to native, bilinear, thresholded there, and these numbers were measured from the masks that run kept",0.882894,0.895743,0.893267,0.928295,0.937436,0.934729,14.000000,10.000000,17.000000,59076,82180,58877,83698,
papila_ret018os,papila,unspecified,expert,1449,graded,"probabilities to native, bilinear, thresholded there, and these numbers were measured from the masks that run kept",0.923506,0.913927,0.924868,0.931157,0.926965,0.933537,29.000000,27.000000,58.000000,85949,99422,83083,95226,
papila_ret019os,papila,unspecified,expert,1448,graded,"probabilities to native, bilinear, thresholded there, and these numbers were measured from the masks that run kept",0.879806,0.895704,0.892237,0.920180,0.933114,0.930560,8.000000,9.000000,22.000000,65798,76787,72537,81618,
papila_ret020od,papila,unspecified,expert,1448,graded,"probabilities to native, bilinear, thresholded there, and these numbers were measured from the masks that run kept",0.876606,0.881754,0.886092,0.899560,0.868480,0.890450,8.000000,20.000000,30.000000,52986,56117,56322,59244,
papila_ret021os,papila,unspecified,expert,1448,graded,"probabilities to native, bilinear, thresholded there, and these numbers were measured from the masks that run kept",0.888733,0.895590,0.905522,0.893603,0.882323,0.910889,26.000000,28.000000,52.000000,89838,85237,92075,80513,
papila_ret023od,papila,unspecified,expert,1449,graded,"probabilities to native, bilinear, thresholded there, and these numbers were measured from the masks that run kept",0.868052,0.856768,0.868077,0.896621,0.883660,0.893626,12.000000,20.000000,34.000000,63381,65539,59584,66945,
papila_ret026od,papila,unspecified,expert,1448,graded,"probabilities to native, bilinear, thresholded there, and these numbers were measured from the masks that run kept",0.896846,0.895798,0.910333,0.898740,0.915562,0.923929,21.000000,16.000000,35.000000,76227,89398,70592,89091,
papila_ret038od,papila,unspecified,expert,1448,graded,"probabilities to native, bilinear, thresholded there, and these numbers were measured from the masks that run kept",0.904480,0.915498,0.915959,0.853233,0.913679,0.893539,41.000000,30.000000,80.000000,97757,103737,98747,99595,
papila_ret041od,papila,unspecified,expert,1448,graded,"probabilities to native, bilinear, thresholded there, and these numbers were measured from the masks that run kept",0.853869,0.831943,0.867770,0.841339,0.812556,0.871351,21.000000,25.000000,47.000000,65851,76655,70985,78060,
papila_ret044os,papila,unspecified,expert,1448,graded,"probabilities to native, bilinear, thresholded there, and these numbers were measured from the masks that run kept",0.887499,0.903722,0.903426,0.938991,0.896013,0.929244,5.000000,4.000000,13.000000,62016,74479,63796,70154,
papila_ret047od,papila,unspecified,expert,1448,graded,"probabilities to native, bilinear, thresholded there, and these numbers were measured from the masks that run kept",0.903248,0.908032,0.913391,0.929950,0.907555,0.936634,10.000000,25.000000,34.000000,63712,57104,64255,55544,
papila_ret048od,papila,unspecified,expert,1449,graded,"probabilities to native, bilinear, thresholded there, and these numbers were measured from the masks that run kept",0.874335,0.902695,0.894739,0.928824,0.946017,0.942304,13.000000,26.000000,42.000000,62607,80380,58946,74833,
papila_ret050od,papila,unspecified,expert,1448,graded,"probabilities to native, bilinear, thresholded there, and these numbers were measured from the masks that run kept",0.850457,0.871989,0.870972,0.886495,0.890004,0.896220,19.000000,93.000000,117.000000,79150,83019,85839,92692,
papila_ret053os,papila,unspecified,expert,1449,graded,"probabilities to native, bilinear, thresholded there, and these numbers were measured from the masks that run kept",0.888908,0.856277,0.878392,0.925198,0.840617,0.894140,10.000000,7.000000,25.000000,57601,55267,56008,58960,
papila_ret056os,papila,unspecified,expert,1448,graded,"probabilities to native, bilinear, thresholded there, and these numbers were measured from the masks that run kept",0.799162,0.864951,0.840598,0.856381,0.960269,0.916637,6.000000,6.000000,14.000000,40952,56011,54508,65552,
papila_ret057od,papila,unspecified,expert,1449,graded,"probabilities to native, bilinear, thresholded there, and these numbers were measured from the masks that run kept",0.842302,0.828911,0.836934,0.944702,0.922612,0.933448,9.000000,18.000000,32.000000,72550,73078,88974,93227,
papila_ret062od,papila,unspecified,expert,1448,graded,"probabilities to native, bilinear, thresholded there, and these numbers were measured from the masks that run kept",0.926602,0.903930,0.919833,0.948963,0.902775,0.930189,11.000000,33.000000,48.000000,88735,85007,87101,81548,
papila_ret064os,papila,unspecified,expert,1448,graded,"probabilities to native, bilinear, thresholded there, and these numbers were measured from the masks that run kept",0.923871,0.903295,0.918736,0.967651,0.922505,0.947982,6.000000,18.000000,25.000000,75571,79639,78273,79981,
papila_ret067os,papila,unspecified,expert,1448,graded,"probabilities to native, bilinear, thresholded there, and these numbers were measured from the masks that run kept",0.923535,0.910378,0.922433,0.941297,0.910016,0.935179,32.000000,26.000000,62.000000,97841,103169,92835,105463,
papila_ret073os,papila,unspecified,expert,1449,graded,"probabilities to native, bilinear, thresholded there, and these numbers were measured from the masks that run kept",0.912081,0.904868,0.911110,0.927822,0.914024,0.923139,18.000000,18.000000,39.000000,66389,62322,69009,62032,
papila_ret074od,papila,unspecified,expert,1448,graded,"probabilities to native, bilinear, thresholded there, and these numbers were measured from the masks that run kept",0.890393,0.880074,0.894144,0.938296,0.896340,0.926576,23.000000,9.000000,39.000000,57155,67049,55685,63840,
papila_ret077os,papila,unspecified,expert,1448,graded,"probabilities to native, bilinear, thresholded there, and these numbers were measured from the masks that run kept",0.888870,0.923639,0.910440,0.903417,0.929648,0.919631,12.000000,18.000000,32.000000,69792,77442,73518,77008,
papila_ret079od,papila,unspecified,expert,1448,graded,"probabilities to native, bilinear, thresholded there, and these numbers were measured from the masks that run kept",0.898453,0.907357,0.910633,0.896703,0.908600,0.912170,21.000000,11.000000,40.000000,95828,94819,94232,93107,
papila_ret081od,papila,unspecified,expert,1448,graded,"probabilities to native, bilinear, thresholded there, and these numbers were measured from the masks that run kept",0.833195,0.877552,0.883209,0.815666,0.838521,0.878753,32.000000,31.000000,67.000000,79016,96188,84252,94374,
papila_ret084os,papila,unspecified,expert,1448,graded,"probabilities to native, bilinear, thresholded there, and these numbers were measured from the masks that run kept",0.837263,0.837660,0.865632,0.832539,0.821499,0.882915,10.000000,20.000000,29.000000,49558,59153,54997,65850,
papila_ret088od,papila,unspecified,expert,1448,graded,"probabilities to native, bilinear, thresholded there, and these numbers were measured from the masks that run kept",0.865795,0.897589,0.891649,0.897239,0.896451,0.913844,11.000000,13.000000,29.000000,56403,63078,63764,58940,
papila_ret089od,papila,unspecified,expert,1448,graded,"probabilities to native, bilinear, thresholded there, and these numbers were measured from the masks that run kept",0.885152,0.853988,0.875741,0.906828,0.839120,0.881163,38.000000,18.000000,64.000000,53084,59616,59204,65531,
papila_ret090od,papila,unspecified,expert,1448,graded,"probabilities to native, bilinear, thresholded there, and these numbers were measured from the masks that run kept",0.881811,0.909157,0.896932,0.925523,0.952976,0.938205,8.000000,17.000000,27.000000,56003,61054,63018,62049,
papila_ret091os,papila,unspecified,expert,1448,graded,"probabilities to native, bilinear, thresholded there, and these numbers were measured from the masks that run kept",0.869058,0.887539,0.886312,0.896857,0.833772,0.869331,14.000000,29.000000,41.000000,55032,72204,60118,74016,
papila_ret092os,papila,unspecified,expert,1448,graded,"probabilities to native, bilinear, thresholded there, and these numbers were measured from the masks that run kept",0.907874,0.922921,0.920243,0.951314,0.969563,0.963137,6.000000,12.000000,15.000000,61085,74214,59945,66979,
papila_ret096od,papila,unspecified,expert,1448,graded,"probabilities to native, bilinear, thresholded there, and these numbers were measured from the masks that run kept",0.908031,0.903987,0.907522,0.936401,0.890100,0.913535,5.000000,15.000000,21.000000,66260,68873,66546,69463,
papila_ret101od,papila,unspecified,expert,1448,graded,"probabilities to native, bilinear, thresholded there, and these numbers were measured from the masks that run kept",0.925985,0.898442,0.914106,0.965910,0.872105,0.918691,10.000000,22.000000,32.000000,86048,92069,81998,89276,
papila_ret102od,papila,unspecified,expert,1448,graded,"probabilities to native, bilinear, thresholded there, and these numbers were measured from the masks that run kept",0.879765,0.928775,0.913110,0.870627,0.934961,0.920133,22.000000,20.000000,46.000000,74024,94760,79717,91789,
papila_ret104os,papila,unspecified,expert,1448,graded,"probabilities to native, bilinear, thresholded there, and these numbers were measured from the masks that run kept",0.900002,0.908910,0.912943,0.906378,0.915563,0.923875,25.000000,22.000000,51.000000,96693,75559,100280,76071,
papila_ret105os,papila,unspecified,expert,1448,graded,"probabilities to native, bilinear, thresholded there, and these numbers were measured from the masks that run kept",0.830739,0.858517,0.852123,0.857275,0.886476,0.882262,6.000000,16.000000,24.000000,57241,70824,60199,76176,
papila_ret113os,papila,unspecified,expert,1448,graded,"probabilities to native, bilinear, thresholded there, and these numbers were measured from the masks that run kept",0.862088,0.890051,0.882848,0.890126,0.927317,0.913685,25.000000,22.000000,59.000000,61623,74592,67380,76105,
papila_ret114os,papila,unspecified,expert,1448,graded,"probabilities to native, bilinear, thresholded there, and these numbers were measured from the masks that run kept",0.812914,0.857400,0.849478,0.817181,0.892431,0.874871,21.000000,23.000000,45.000000,62224,87383,70009,90450,
papila_ret120od,papila,unspecified,expert,1448,graded,"probabilities to native, bilinear, thresholded there, and these numbers were measured from the masks that run kept",0.908694,0.901425,0.915933,0.907846,0.893163,0.925317,15.000000,26.000000,41.000000,78818,84415,81773,87333,
papila_ret133od,papila,unspecified,expert,1448,graded,"probabilities to native, bilinear, thresholded there, and these numbers were measured from the masks that run kept",0.907400,0.832239,0.878068,0.927624,0.799977,0.871527,13.000000,51.000000,75.000000,74590,65210,79470,70513,
papila_ret140os,papila,unspecified,expert,1448,graded,"probabilities to native, bilinear, thresholded there, and these numbers were measured from the masks that run kept",0.893649,0.880008,0.901248,0.889897,0.852693,0.902672,25.000000,35.000000,57.000000,85267,77499,87031,79695,
papila_ret146od,papila,unspecified,expert,1448,graded,"probabilities to native, bilinear, thresholded there, and these numbers were measured from the masks that run kept",0.895937,0.893931,0.901881,0.919496,0.889600,0.924744,20.000000,15.000000,41.000000,99798,81159,103464,80708,
papila_ret155os,papila,unspecified,expert,1448,graded,"probabilities to native, bilinear, thresholded there, and these numbers were measured from the masks that run kept",0.912749,0.913604,0.915912,0.927278,0.898690,0.913515,33.000000,13.000000,51.000000,84435,99624,82222,95929,
papila_ret168os,papila,unspecified,expert,1447,graded,"probabilities to native, bilinear, thresholded there, and these numbers were measured from the masks that run kept",0.817960,0.822172,0.834164,0.850881,0.882576,0.866749,89.000000,9.000000,103.000000,66244,70849,75445,88935,
papila_ret171os,papila,unspecified,expert,1447,graded,"probabilities to native, bilinear, thresholded there, and these numbers were measured from the masks that run kept",0.855044,0.865258,0.872023,0.901653,0.841348,0.895722,15.000000,29.000000,53.000000,62824,55795,66098,58705,
papila_ret172od,papila,unspecified,expert,1448,graded,"probabilities to native, bilinear, thresholded there, and these numbers were measured from the masks that run kept",0.860088,0.873585,0.874568,0.875209,0.866684,0.878348,24.000000,35.000000,68.000000,77330,82113,84479,85154,
papila_ret174os,papila,unspecified,expert,1448,graded,"probabilities to native, bilinear, thresholded there, and these numbers were measured from the masks that run kept",0.888630,0.894207,0.896194,0.935656,0.931661,0.937042,17.000000,20.000000,37.000000,84535,79727,84847,83998,
papila_ret177os,papila,unspecified,expert,1449,graded,"probabilities to native, bilinear, thresholded there, and these numbers were measured from the masks that run kept",0.872085,0.842369,0.884147,0.856798,0.808532,0.885472,4.000000,21.000000,29.000000,79505,76525,85683,75501,
papila_ret178os,papila,unspecified,expert,1449,graded,"probabilities to native, bilinear, thresholded there, and these numbers were measured from the masks that run kept",0.895663,0.912562,0.912515,0.921421,0.931370,0.940120,23.000000,10.000000,34.000000,79165,85744,82657,78201,
papila_ret180od,papila,unspecified,expert,1448,graded,"probabilities to native, bilinear, thresholded there, and these numbers were measured from the masks that run kept",0.910991,0.919100,0.926861,0.908778,0.901220,0.923760,26.000000,27.000000,56.000000,98607,93001,99228,88679,
papila_ret181os,papila,unspecified,expert,1448,graded,"probabilities to native, bilinear, thresholded there, and these numbers were measured from the masks that run kept",0.918287,0.916040,0.923746,0.938977,0.929359,0.939896,25.000000,35.000000,63.000000,85615,85593,88189,84273,
papila_ret184od,papila,unspecified,expert,1448,graded,"probabilities to native, bilinear, thresholded there, and these numbers were measured from the masks that run kept",0.863619,0.884426,0.889842,0.913845,0.902893,0.920367,11.000000,18.000000,36.000000,64100,82891,69885,83332,
papila_ret193os,papila,unspecified,expert,1448,graded,"probabilities to native, bilinear, thresholded there, and these numbers were measured from the masks that run kept",0.842054,0.902343,0.882448,0.829778,0.914909,0.887413,17.000000,11.000000,28.000000,73973,83544,84271,81810,
papila_ret203od,papila,unspecified,expert,1449,graded,"probabilities to native, bilinear, thresholded there, and these numbers were measured from the masks that run kept",0.875260,0.841113,0.875802,0.885128,0.870048,0.907416,14.000000,32.000000,48.000000,78416,78494,77396,87460,
papila_ret204os,papila,unspecified,expert,1449,graded,"probabilities to native, bilinear, thresholded there, and these numbers were measured from the masks that run kept",0.870804,0.841745,0.866383,0.940402,0.904445,0.943620,11.000000,23.000000,30.000000,97177,80829,105059,96018,
papila_ret208od,papila,unspecified,expert,1449,graded,"probabilities to native, bilinear, thresholded there, and these numbers were measured from the masks that run kept",0.921959,0.928079,0.928146,0.924527,0.932268,0.927606,30.000000,26.000000,56.000000,82986,99044,87898,101566,
papila_ret225od,papila,unspecified,expert,1448,graded,"probabilities to native, bilinear, thresholded there, and these numbers were measured from the masks that run kept",0.885393,0.895634,0.894013,0.880040,0.915285,0.901110,11.000000,16.000000,36.000000,76022,82747,73367,82068,
papila_ret228os,papila,unspecified,expert,1449,graded,"probabilities to native, bilinear, thresholded there, and these numbers were measured from the masks that run kept",0.892987,0.889805,0.905630,0.919057,0.906044,0.928056,30.000000,53.000000,85.000000,97049,90632,98526,88940,
papila_ret229od,papila,unspecified,expert,1448,graded,"probabilities to native, bilinear, thresholded there, and these numbers were measured from the masks that run kept",0.810535,0.909554,0.868268,0.809842,0.960219,0.891599,12.000000,12.000000,28.000000,43405,62308,54170,57962,
papila_ret232os,papila,unspecified,expert,1449,graded,"probabilities to native, bilinear, thresholded there, and these numbers were measured from the masks that run kept",0.854576,0.873122,0.893203,0.896541,0.879762,0.929393,10.000000,12.000000,25.000000,77528,93809,76099,102924,
papila_ret233os,papila,unspecified,expert,1449,graded,"probabilities to native, bilinear, thresholded there, and these numbers were measured from the masks that run kept",0.843045,0.822823,0.862641,0.848116,0.792572,0.885851,24.000000,15.000000,36.000000,66026,73643,68662,79311,
papila_ret235os,papila,unspecified,expert,1448,graded,"probabilities to native, bilinear, thresholded there, and these numbers were measured from the masks that run kept",0.920355,0.929895,0.929234,0.937852,0.926913,0.934930,19.000000,27.000000,50.000000,99242,98282,98121,97039,
papila_ret241od,papila,unspecified,expert,1448,graded,"probabilities to native, bilinear, thresholded there, and these numbers were measured from the masks that run kept",0.921000,0.899979,0.912644,0.952401,0.934270,0.944800,10.000000,22.000000,35.000000,91457,97070,90480,100099,
papila_ret246od,papila,unspecified,expert,1448,graded,"probabilities to native, bilinear, thresholded there, and these numbers were measured from the masks that run kept",0.789111,0.871459,0.837473,0.826478,0.909875,0.868910,9.000000,14.000000,25.000000,54586,66427,71779,71902,
papila_ret248od,papila,unspecified,expert,1449,graded,"probabilities to native, bilinear, thresholded there, and these numbers were measured from the masks that run kept",0.864634,0.884185,0.880487,0.847324,0.904436,0.883039,19.000000,19.000000,39.000000,56470,62798,65917,64008,
papila_ret258od,papila,unspecified,expert,1448,graded,"probabilities to native, bilinear, thresholded there, and these numbers were measured from the masks that run kept",0.892359,0.892757,0.909469,0.883322,0.877083,0.912191,22.000000,30.000000,68.000000,90052,105810,93186,113822,
papila_ret260os,papila,unspecified,expert,1449,graded,"probabilities to native, bilinear, thresholded there, and these numbers were measured from the masks that run kept",0.934474,0.916800,0.935319,0.945922,0.929137,0.952070,19.000000,35.000000,55.000000,106459,99097,107456,96420,
papila_ret266od,papila,unspecified,expert,1448,graded,"probabilities to native, bilinear, thresholded there, and these numbers were measured from the masks that run kept",0.859858,0.895025,0.891875,0.860076,0.900014,0.900547,36.000000,23.000000,60.000000,75407,99317,73578,100635,
papila_ret269od,papila,unspecified,expert,1448,graded,"probabilities to native, bilinear, thresholded there, and these numbers were measured from the masks that run kept",0.912344,0.925000,0.921976,0.912788,0.960988,0.939420,23.000000,18.000000,43.000000,80764,93125,82510,88021,
papila_ret271os,papila,unspecified,expert,1447,graded,"probabilities to native, bilinear, thresholded there, and these numbers were measured from the masks that run kept",0.877412,0.907703,0.908963,0.885834,0.932783,0.923040,21.000000,18.000000,46.000000,77912,93881,84967,92929,
papila_ret273os,papila,unspecified,expert,1449,graded,"probabilities to native, bilinear, thresholded there, and these numbers were measured from the masks that run kept",0.885311,0.900866,0.906091,0.891720,0.909480,0.922934,26.000000,27.000000,60.000000,80443,93043,82555,91304,
papila_ret276od,papila,unspecified,expert,1448,graded,"probabilities to native, bilinear, thresholded there, and these numbers were measured from the masks that run kept",0.922995,0.899164,0.915925,0.950924,0.881597,0.921989,27.000000,39.000000,68.000000,89515,83495,87875,81734,
papila_ret277od,papila,unspecified,expert,1449,graded,"probabilities to native, bilinear, thresholded there, and these numbers were measured from the masks that run kept",0.907250,0.923596,0.917786,0.959524,0.961729,0.961659,9.000000,10.000000,19.000000,64615,67482,62523,65299,
trend_11_l,trend,unspecified,expert,2177,graded,"probabilities to native, bilinear, thresholded there, and these numbers were measured from the masks that run kept",0.688243,0.775800,0.787968,0.670161,0.758985,0.798211,44.000000,34.000000,86.000000,116507,149869,137531,128940,
trend_15_l,trend,unspecified,expert,2177,graded,"probabilities to native, bilinear, thresholded there, and these numbers were measured from the masks that run kept",0.721872,0.758424,0.765791,0.710988,0.763701,0.782385,69.000000,43.000000,122.000000,136684,182175,159651,172007,
trend_16_r,trend,unspecified,expert,2177,graded,"probabilities to native, bilinear, thresholded there, and these numbers were measured from the masks that run kept",0.828128,0.830132,0.848088,0.855744,0.831227,0.870485,30.000000,33.000000,67.000000,134956,155344,147964,143994,
trend_17_l,trend,unspecified,expert,2177,graded,"probabilities to native, bilinear, thresholded there, and these numbers were measured from the masks that run kept",0.828720,0.842243,0.845272,0.840441,0.830051,0.848441,49.000000,45.000000,101.000000,157926,162641,171085,162702,
trend_17_r,trend,unspecified,expert,2177,graded,"probabilities to native, bilinear, thresholded there, and these numbers were measured from the masks that run kept",0.844494,0.846846,0.853199,0.852079,0.871669,0.871742,53.000000,25.000000,80.000000,175372,170279,173926,163430,
trend_1_l,trend,unspecified,expert,2177,graded,"probabilities to native, bilinear, thresholded there, and these numbers were measured from the masks that run kept",0.697091,0.746084,0.738916,0.665838,0.722191,0.715441,39.000000,47.000000,125.000000,155956,164744,153688,161726,
trend_20_l,trend,unspecified,expert,2177,graded,"probabilities to native, bilinear, thresholded there, and these numbers were measured from the masks that run kept",0.741943,0.781369,0.774259,0.746015,0.779312,0.778915,37.000000,46.000000,86.000000,81683,121429,90926,127726,
trend_22_r,trend,unspecified,expert,2177,graded,"probabilities to native, bilinear, thresholded there, and these numbers were measured from the masks that run kept",0.803702,0.864775,0.845309,0.818843,0.849244,0.846395,32.000000,28.000000,75.000000,112787,158943,128499,165419,
trend_23_r,trend,unspecified,expert,2177,graded,"probabilities to native, bilinear, thresholded there, and these numbers were measured from the masks that run kept",0.785625,0.822734,0.822957,0.765456,0.829066,0.822166,19.000000,24.000000,60.000000,112319,160081,128241,150841,
trend_24_l,trend,unspecified,expert,2177,graded,"probabilities to native, bilinear, thresholded there, and these numbers were measured from the masks that run kept",0.768655,0.763578,0.773524,0.776284,0.796998,0.796985,18.000000,20.000000,42.000000,109940,145694,116674,144118,
trend_24_r,trend,unspecified,expert,2177,graded,"probabilities to native, bilinear, thresholded there, and these numbers were measured from the masks that run kept",0.804548,0.791321,0.810196,0.878748,0.803068,0.852117,28.000000,12.000000,47.000000,130479,140858,123972,142112,
trend_25_r,trend,unspecified,expert,2177,graded,"probabilities to native, bilinear, thresholded there, and these numbers were measured from the masks that run kept",0.728795,0.706228,0.753355,0.742106,0.724180,0.786507,50.000000,38.000000,106.000000,144037,156302,141124,163119,
trend_26_l,trend,unspecified,expert,2177,graded,"probabilities to native, bilinear, thresholded there, and these numbers were measured from the masks that run kept",0.794581,0.844667,0.833958,0.781497,0.835733,0.826078,45.000000,45.000000,105.000000,141802,175379,168515,180475,
trend_26_r,trend,unspecified,expert,2177,graded,"probabilities to native, bilinear, thresholded there, and these numbers were measured from the masks that run kept",0.730233,0.784276,0.767533,0.701401,0.764599,0.746026,40.000000,23.000000,100.000000,134324,158118,142026,147889,
trend_28_r,trend,unspecified,expert,2177,graded,"probabilities to native, bilinear, thresholded there, and these numbers were measured from the masks that run kept",0.778627,0.805785,0.803240,0.759412,0.756935,0.776968,77.000000,40.000000,148.000000,158263,182523,182149,221168,
trend_2_r,trend,unspecified,expert,2177,graded,"probabilities to native, bilinear, thresholded there, and these numbers were measured from the masks that run kept",0.772588,0.756645,0.775544,0.741732,0.719224,0.753725,52.000000,29.000000,101.000000,122712,137130,133075,145790,
trend_30_r,trend,unspecified,expert,2177,graded,"probabilities to native, bilinear, thresholded there, and these numbers were measured from the masks that run kept",0.668361,0.726330,0.734666,0.735106,0.751871,0.790508,59.000000,54.000000,137.000000,167881,207264,127283,177894,
trend_31_r,trend,unspecified,expert,2177,graded,"probabilities to native, bilinear, thresholded there, and these numbers were measured from the masks that run kept",0.606305,0.721037,0.693017,0.684872,0.770914,0.763404,51.000000,28.000000,100.000000,147744,186565,114177,160047,
trend_32_r,trend,unspecified,expert,2177,graded,"probabilities to native, bilinear, thresholded there, and these numbers were measured from the masks that run kept",0.681198,0.694655,0.708929,0.678310,0.705799,0.728981,71.000000,77.000000,179.000000,139011,153027,135256,142167,
trend_33_l,trend,unspecified,expert,2177,graded,"probabilities to native, bilinear, thresholded there, and these numbers were measured from the masks that run kept",0.809046,0.843197,0.835001,0.776818,0.849173,0.826565,43.000000,28.000000,103.000000,139449,196903,166818,207055,
trend_33_r,trend,unspecified,expert,2177,graded,"probabilities to native, bilinear, thresholded there, and these numbers were measured from the masks that run kept",0.750704,0.827346,0.808044,0.784207,0.837620,0.840201,60.000000,50.000000,134.000000,151688,204082,146624,192787,
trend_35_l,trend,unspecified,expert,2177,graded,"probabilities to native, bilinear, thresholded there, and these numbers were measured from the masks that run kept",0.820284,0.807376,0.835577,0.763706,0.763435,0.799879,47.000000,47.000000,113.000000,164589,156054,192358,164592,
trend_37_l,trend,unspecified,expert,2177,graded,"probabilities to native, bilinear, thresholded there, and these numbers were measured from the masks that run kept",0.813636,0.810645,0.832085,0.818696,0.785900,0.841936,36.000000,45.000000,89.000000,139034,167359,146553,167732,
trend_38_l,trend,unspecified,expert,2177,graded,"probabilities to native, bilinear, thresholded there, and these numbers were measured from the masks that run kept",0.790122,0.820672,0.822455,0.808653,0.788797,0.819016,45.000000,53.000000,124.000000,122802,168262,154388,194716,
trend_38_r,trend,unspecified,expert,2177,graded,"probabilities to native, bilinear, thresholded there, and these numbers were measured from the masks that run kept",0.784266,0.839934,0.821355,0.793006,0.835687,0.825403,43.000000,32.000000,93.000000,159050,175338,178333,178859,
trend_39_l,trend,unspecified,expert,2177,graded,"probabilities to native, bilinear, thresholded there, and these numbers were measured from the masks that run kept",0.816852,0.829934,0.843129,0.817489,0.852755,0.869211,48.000000,55.000000,115.000000,166839,197870,166668,182201,
trend_39_r,trend,unspecified,expert,2177,graded,"probabilities to native, bilinear, thresholded there, and these numbers were measured from the masks that run kept",0.854510,0.843982,0.861738,0.852495,0.864117,0.875399,79.000000,55.000000,147.000000,188691,199707,187604,183171,
trend_3_r,trend,unspecified,expert,2177,graded,"probabilities to native, bilinear, thresholded there, and these numbers were measured from the masks that run kept",0.776147,0.824700,0.833268,0.815010,0.847511,0.876938,33.000000,40.000000,79.000000,136501,187647,125519,174647,
trend_40_l,trend,unspecified,expert,2177,graded,"probabilities to native, bilinear, thresholded there, and these numbers were measured from the masks that run kept",0.750580,0.755917,0.773480,0.797034,0.813277,0.822359,32.000000,24.000000,64.000000,131498,137581,116774,120307,
trend_40_r,trend,unspecified,expert,2177,graded,"probabilities to native, bilinear, thresholded there, and these numbers were measured from the masks that run kept",0.789951,0.744554,0.793729,0.747966,0.686810,0.752319,30.000000,65.000000,113.000000,130229,129132,150158,139367,
trend_42_l,trend,unspecified,expert,2177,graded,"probabilities to native, bilinear, thresholded there, and these numbers were measured from the masks that run kept",0.792322,0.802734,0.812979,0.835891,0.765187,0.815769,45.000000,39.000000,87.000000,144419,160874,143108,156778,
trend_42_r,trend,unspecified,expert,2177,graded,"probabilities to native, bilinear, thresholded there, and these numbers were measured from the masks that run kept",0.831328,0.819027,0.838567,0.850902,0.796645,0.845894,37.000000,46.000000,101.000000,140077,146942,145721,167204,
trend_45_l,trend,unspecified,expert,2177,graded,"probabilities to native, bilinear, thresholded there, and these numbers were measured from the masks that run kept",0.690252,0.671852,0.715326,0.675001,0.717162,0.746842,32.000000,41.000000,91.000000,154985,178354,156426,150138,
trend_46_l,trend,unspecified,expert,2177,graded,"probabilities to native, bilinear, thresholded there, and these numbers were measured from the masks that run kept",0.686957,0.726784,0.820415,0.633753,0.717391,0.816849,25.000000,21.000000,54.000000,121865,145381,117358,149686,
trend_46_r,trend,unspecified,expert,2177,graded,"probabilities to native, bilinear, thresholded there, and these numbers were measured from the masks that run kept",0.771576,0.754969,0.784752,0.725107,0.699634,0.752767,49.000000,83.000000,129.000000,122551,151023,132952,164529,
trend_4_l,trend,unspecified,expert,2177,graded,"probabilities to native, bilinear, thresholded there, and these numbers were measured from the masks that run kept",0.687474,0.748845,0.742259,0.630357,0.708528,0.704593,37.000000,39.000000,94.000000,82882,112544,97602,121953,
trend_4_r,trend,unspecified,expert,2177,graded,"probabilities to native, bilinear, thresholded there, and these numbers were measured from the masks that run kept",0.721634,0.760540,0.782349,0.730866,0.778285,0.800819,51.000000,57.000000,108.000000,85831,125596,100208,122299,
trend_5_l,trend,unspecified,expert,2177,graded,"probabilities to native, bilinear, thresholded there, and these numbers were measured from the masks that run kept",0.774402,0.797564,0.804526,0.764991,0.757553,0.793401,35.000000,45.000000,85.000000,119911,166170,113531,177015,
trend_6_r,trend,unspecified,expert,2177,graded,"probabilities to native, bilinear, thresholded there, and these numbers were measured from the masks that run kept",0.781294,0.819107,0.815346,0.819632,0.826354,0.842442,32.000000,35.000000,66.000000,135814,171677,163154,196641,
trend_7_l,trend,unspecified,expert,2177,graded,"probabilities to native, bilinear, thresholded there, and these numbers were measured from the masks that run kept",0.771913,0.823829,0.821234,0.759710,0.811325,0.812351,43.000000,45.000000,115.000000,143707,177755,160900,182708,
trend_9_r,trend,unspecified,expert,2177,graded,"probabilities to native, bilinear, thresholded there, and these numbers were measured from the masks that run kept",0.784768,0.798998,0.812556,0.812367,0.778303,0.823127,21.000000,20.000000,57.000000,123900,171639,131847,179193,
trend_n10c_r,trend,unspecified,expert,2172,graded,"probabilities to native, bilinear, thresholded there, and these numbers were measured from the masks that run kept",0.800328,0.806356,0.838213,0.812761,0.786178,0.840061,37.000000,47.000000,96.000000,145694,155690,168482,141422,
trend_n11c_l,trend,unspecified,expert,2175,graded,"probabilities to native, bilinear, thresholded there, and these numbers were measured from the masks that run kept",0.841030,0.834291,0.869635,0.827097,0.821412,0.877099,30.000000,41.000000,85.000000,159426,196820,167152,177009,
trend_n11c_r,trend,unspecified,expert,2173,graded,"probabilities to native, bilinear, thresholded there, and these numbers were measured from the masks that run kept",0.855852,0.856908,0.875575,0.872010,0.869994,0.901269,34.000000,42.000000,82.000000,179734,182755,179139,179837,
trend_n3c_r,trend,unspecified,expert,2173,graded,"probabilities to native, bilinear, thresholded there, and these numbers were measured from the masks that run kept",0.806924,0.822009,0.829584,0.790390,0.788308,0.813701,39.000000,108.000000,157.000000,95515,120805,112460,134360,
trend_n4c_l,trend,unspecified,expert,2171,graded,"probabilities to native, bilinear, thresholded there, and these numbers were measured from the masks that run kept",0.729539,0.752955,0.822570,0.699856,0.754388,0.849965,42.000000,21.000000,75.000000,123906,170366,130811,157295,
trend_n5c_r,trend,unspecified,expert,2175,graded,"probabilities to native, bilinear, thresholded there, and these numbers were measured from the masks that run kept",0.772187,0.783092,0.801624,0.774838,0.763405,0.794114,36.000000,48.000000,104.000000,160648,196339,148153,191983,
trend_n9c_r,trend,unspecified,expert,2173,graded,"probabilities to native, bilinear, thresholded there, and these numbers were measured from the masks that run kept",0.731723,0.780473,0.797682,0.684474,0.776470,0.790192,42.000000,43.000000,103.000000,116449,163010,113589,148127,
