key,subset,split,reader,native_side,outcome,resampling,artery_dice,artery_cldice,vein_dice,vein_cldice,vessels_dice,vessels_cldice,said_artery_px,said_vein_px,truth_artery_px,truth_vein_px,note
enrich_enrich012enrich01220210728_001,enrich,unspecified,expert,2200,graded,"probabilities to native, bilinear, then thresholded",0.576860,0.484478,0.661500,0.585935,0.662103,0.591093,111401,188415,174072,208631,
enrich_enrich012enrich01220210728_002,enrich,unspecified,expert,2200,graded,"probabilities to native, bilinear, then thresholded",0.559683,0.503998,0.635649,0.550187,0.673220,0.615891,99650,215395,164246,201760,
enrich_enrich016enrich01620210803_003,enrich,unspecified,expert,2200,graded,"probabilities to native, bilinear, then thresholded",0.428897,0.384903,0.589915,0.501230,0.550657,0.482034,59497,186403,171104,178358,
enrich_enrich016enrich01620210803_005,enrich,unspecified,expert,2201,graded,"probabilities to native, bilinear, then thresholded",0.462419,0.392120,0.583779,0.485165,0.560680,0.476500,69400,174439,166304,176745,
enrich_enrich023enrich02320210812_001,enrich,unspecified,expert,2200,graded,"probabilities to native, bilinear, then thresholded",0.529752,0.440298,0.618685,0.520356,0.647388,0.547998,86267,164022,173647,172204,
enrich_enrich023enrich02320210812_002,enrich,unspecified,expert,2200,graded,"probabilities to native, bilinear, then thresholded",0.545094,0.498669,0.610620,0.504526,0.629921,0.550228,76474,135600,149054,146464,
enrich_enrich027enrich02720210818_001,enrich,unspecified,expert,2199,graded,"probabilities to native, bilinear, then thresholded",0.587754,0.557575,0.706041,0.649778,0.740217,0.709500,136826,264417,214797,243491,
enrich_enrich030enrich03020210821_001,enrich,unspecified,expert,2200,graded,"probabilities to native, bilinear, then thresholded",0.506580,0.415857,0.630309,0.589694,0.684232,0.639276,99714,222984,220816,225409,
enrich_enrich030enrich03020210821_002,enrich,unspecified,expert,2199,graded,"probabilities to native, bilinear, then thresholded",0.567356,0.465474,0.670057,0.597094,0.666152,0.598672,110226,222704,214995,214593,
enrich_enrich031enrich03120210824_001,enrich,unspecified,expert,2200,graded,"probabilities to native, bilinear, then thresholded",0.563840,0.519097,0.673438,0.575358,0.669006,0.603323,116320,213860,210106,227921,
enrich_enrich031enrich03120210824_002,enrich,unspecified,expert,2200,graded,"probabilities to native, bilinear, then thresholded",0.556904,0.506649,0.674466,0.627543,0.663591,0.618733,115118,227488,203921,245716,
enrich_enrich032enrich03220210824_001,enrich,unspecified,expert,2200,graded,"probabilities to native, bilinear, then thresholded",0.614529,0.607618,0.680921,0.645670,0.730144,0.744829,152435,233500,186781,198729,
enrich_enrich032enrich03220210824_002,enrich,unspecified,expert,2200,graded,"probabilities to native, bilinear, then thresholded",0.617221,0.597568,0.684828,0.623414,0.713957,0.690038,143216,227307,199932,202655,
enrich_enrich033enrich03320210825_001,enrich,unspecified,expert,2200,graded,"probabilities to native, bilinear, then thresholded",0.558392,0.501198,0.665458,0.603525,0.663230,0.608711,117427,193177,189318,191331,
enrich_enrich033enrich03320210825_007,enrich,unspecified,expert,2200,graded,"probabilities to native, bilinear, then thresholded",0.530148,0.486858,0.637685,0.609592,0.656726,0.636063,110320,250134,198409,213982,
enrich_enrich034enrich03420210825_001,enrich,unspecified,expert,2200,graded,"probabilities to native, bilinear, then thresholded",0.587258,0.514839,0.643327,0.575756,0.683593,0.634041,138822,249189,222491,226911,
enrich_enrich034enrich03420210825_003,enrich,unspecified,expert,2200,graded,"probabilities to native, bilinear, then thresholded",0.662420,0.661495,0.691759,0.635922,0.734793,0.717369,153200,221224,193556,202412,
enrich_enrich035enrich03520210826_001,enrich,unspecified,expert,2199,graded,"probabilities to native, bilinear, then thresholded",0.599922,0.518075,0.698162,0.585504,0.710374,0.642527,143911,224689,235775,228507,
enrich_enrich035enrich03520210826_002,enrich,unspecified,expert,2200,graded,"probabilities to native, bilinear, then thresholded",0.602722,0.552832,0.706558,0.646354,0.730540,0.677929,169587,238569,227714,243645,
enrich_enrich039enrich03920210901_001,enrich,unspecified,expert,2200,graded,"probabilities to native, bilinear, then thresholded",0.519058,0.443238,0.637152,0.578390,0.664435,0.629075,91689,192986,193705,177020,
enrich_enrich039enrich03920210901_002,enrich,unspecified,expert,2200,graded,"probabilities to native, bilinear, then thresholded",0.608400,0.564117,0.671032,0.580815,0.694034,0.643674,118530,174144,188745,174799,
enrich_enrich044enrich04420210907_003,enrich,unspecified,expert,2200,graded,"probabilities to native, bilinear, then thresholded",0.616227,0.564308,0.703982,0.615698,0.688163,0.620819,113718,207687,191001,209852,
enrich_enrich110enrich11020220808_001,enrich,unspecified,expert,2200,graded,"probabilities to native, bilinear, then thresholded",0.505963,0.512539,0.676673,0.599777,0.669090,0.640768,83321,170580,177785,180538,
enrich_enrich113enrich11320220826_001,enrich,unspecified,expert,2200,graded,"probabilities to native, bilinear, then thresholded",0.554585,0.495947,0.683851,0.601713,0.669997,0.604058,99896,173026,174980,186763,
enrich_enrich113enrich11320220826_002,enrich,unspecified,expert,2200,graded,"probabilities to native, bilinear, then thresholded",0.344055,0.294072,0.559715,0.436994,0.493774,0.394831,43365,171581,163515,186576,
enrich_enrich125enrich12520221114_001,enrich,unspecified,expert,2200,graded,"probabilities to native, bilinear, then thresholded",0.053460,0.055330,0.446154,0.352308,0.304560,0.247836,6227,124998,206941,209676,
enrich_enrich129enrich12920221118_002,enrich,unspecified,expert,2198,graded,"probabilities to native, bilinear, then thresholded",0.204782,0.176299,0.581728,0.468913,0.456445,0.364737,22866,151039,171917,179067,
enrich_enrich133enrich13320230118_001,enrich,unspecified,expert,2200,graded,"probabilities to native, bilinear, then thresholded",0.513958,0.455940,0.594872,0.534560,0.658935,0.622218,112719,205800,181021,193375,
enrich_enrich133enrich13320230118_002,enrich,unspecified,expert,2200,graded,"probabilities to native, bilinear, then thresholded",0.452361,0.436401,0.585291,0.550070,0.606383,0.599608,88710,159599,162072,152557,
enrich_enrich135enrich13520230201_002,enrich,unspecified,expert,2200,graded,"probabilities to native, bilinear, then thresholded",0.263556,0.294855,0.560177,0.465477,0.465269,0.419150,24810,120226,143306,152002,
enrich_enrich136enrich13620230210_002,enrich,unspecified,expert,2200,graded,"probabilities to native, bilinear, then thresholded",0.494569,0.480017,0.595144,0.600886,0.637582,0.651758,76852,152722,132947,144117,
enrich_enrich137enrich13720230216_002,enrich,unspecified,expert,2200,graded,"probabilities to native, bilinear, then thresholded",0.441459,0.426385,0.648270,0.591847,0.610078,0.584054,67667,169001,178408,154460,
enrich_enrich138enrich13820230217_002,enrich,unspecified,expert,2200,graded,"probabilities to native, bilinear, then thresholded",0.447633,0.352756,0.564309,0.459367,0.591520,0.508494,62478,188146,148123,165816,
enrich_enrich139enrich13920230217_002,enrich,unspecified,expert,2198,graded,"probabilities to native, bilinear, then thresholded",0.430050,0.393786,0.525591,0.438956,0.536919,0.473382,58264,169559,141671,168118,
enrich_enrich140enrich14020230222_001,enrich,unspecified,expert,2200,graded,"probabilities to native, bilinear, then thresholded",0.169868,0.159916,0.364042,0.301306,0.339236,0.307048,27034,137850,184954,233052,
enrich_enrich141enrich14120230223_005,enrich,unspecified,expert,2200,graded,"probabilities to native, bilinear, then thresholded",0.272999,0.213008,0.541120,0.460571,0.507059,0.440701,28247,191873,143629,179904,
enrich_enrich143enrich14320230302_003,enrich,unspecified,expert,2200,graded,"probabilities to native, bilinear, then thresholded",0.134720,0.109561,0.487871,0.370627,0.392553,0.301919,13460,156085,149768,166205,
enrich_enrich144enrich14420230315_004,enrich,unspecified,expert,2200,graded,"probabilities to native, bilinear, then thresholded",0.488751,0.448107,0.608296,0.531018,0.590735,0.537338,70112,200736,159469,188532,
enrich_enrich147enrich14720230420_004,enrich,unspecified,expert,2199,graded,"probabilities to native, bilinear, then thresholded",0.483614,0.428336,0.607497,0.494309,0.600382,0.527974,80343,128746,154274,147960,
enrich_enrich150enrich15020230511_002,enrich,unspecified,expert,2201,graded,"probabilities to native, bilinear, then thresholded",0.682908,0.661029,0.724183,0.719815,0.752994,0.745971,210157,271531,217593,233742,
enrich_enrich151enrich15120230526_003,enrich,unspecified,expert,2200,graded,"probabilities to native, bilinear, then thresholded",0.093833,0.067731,0.308637,0.289063,0.230757,0.201158,10736,103150,178324,172669,
enrich_enrich153enrich15320230602_005,enrich,unspecified,expert,2201,graded,"probabilities to native, bilinear, then thresholded",0.215917,0.182266,0.504728,0.438611,0.425792,0.367463,23792,127588,160640,152135,
enrich_enrich154enrich15420230607_005,enrich,unspecified,expert,2200,graded,"probabilities to native, bilinear, then thresholded",0.366257,0.348254,0.683036,0.596329,0.601452,0.529369,49705,156777,150515,180318,
enrich_enrich155enrich15520230621_004,enrich,unspecified,expert,2199,graded,"probabilities to native, bilinear, then thresholded",0.476120,0.436518,0.574999,0.498488,0.570742,0.521140,84371,196507,196424,184725,
enrich_enrich157enrich15720230623_005,enrich,unspecified,expert,2198,graded,"probabilities to native, bilinear, then thresholded",0.079621,0.095382,0.258239,0.216093,0.200652,0.176252,9598,106853,159854,203697,
enrich_enrich5enrich520210720_001,enrich,unspecified,expert,2200,graded,"probabilities to native, bilinear, then thresholded",0.619168,0.584616,0.705097,0.686654,0.736110,0.720483,162140,273010,204633,241753,
enrich_enrich5enrich520210720_002,enrich,unspecified,expert,2200,graded,"probabilities to native, bilinear, then thresholded",0.527716,0.504147,0.622864,0.524895,0.642177,0.597047,125965,188264,200881,227557,
enrich_enrich6enrich620210720_001,enrich,unspecified,expert,2198,graded,"probabilities to native, bilinear, then thresholded",0.567540,0.511228,0.672634,0.614367,0.654366,0.601591,99018,194851,173449,195025,
enrich_enrich7enrich720210720_001,enrich,unspecified,expert,2200,graded,"probabilities to native, bilinear, then thresholded",0.532319,0.421666,0.659050,0.567147,0.656645,0.572820,121176,216112,213488,205255,
enrich_enrich7enrich720210720_003,enrich,unspecified,expert,2201,graded,"probabilities to native, bilinear, then thresholded",0.510416,0.434592,0.608988,0.513451,0.632639,0.558924,99465,239435,215184,198015,
enrich_les047enrich04620210908_002,enrich,unspecified,expert,2200,graded,"probabilities to native, bilinear, then thresholded",0.397827,0.365107,0.644484,0.589700,0.613765,0.572469,69879,190150,194864,207973,
enrich_les285enrich13120230111_002,enrich,unspecified,expert,2200,graded,"probabilities to native, bilinear, then thresholded",0.407386,0.366776,0.613118,0.557679,0.582719,0.530652,53044,169052,132755,168612,
enrich_les285enrich13120230111_005,enrich,unspecified,expert,2200,graded,"probabilities to native, bilinear, then thresholded",0.450194,0.364085,0.653757,0.588581,0.648261,0.585552,64487,207872,140296,195180,
enrich_les313enrich08320220103_001,enrich,unspecified,expert,2200,graded,"probabilities to native, bilinear, then thresholded",0.079406,0.082488,0.317284,0.292768,0.244852,0.232988,9987,83481,153401,187998,
enrich_les326enrich08120220103_002,enrich,unspecified,expert,2200,graded,"probabilities to native, bilinear, then thresholded",0.181741,0.136706,0.453862,0.373883,0.359537,0.287140,15935,124020,130779,132688,
enrich_les329enrich08420220110_002,enrich,unspecified,expert,2200,graded,"probabilities to native, bilinear, then thresholded",0.292849,0.304949,0.525153,0.439963,0.472996,0.426783,38126,136871,133662,161937,
enrich_les345enrich07720211220_001,enrich,unspecified,expert,2200,graded,"probabilities to native, bilinear, then thresholded",0.433214,0.413972,0.600508,0.564613,0.570227,0.539800,51718,154119,117755,144821,
enrich_les347enrich08020211223_001,enrich,unspecified,expert,2200,graded,"probabilities to native, bilinear, then thresholded",0.449423,0.459664,0.630212,0.568575,0.568843,0.534034,56998,127210,134167,146095,
enrich_les353enrich09420220222_001,enrich,unspecified,expert,2200,graded,"probabilities to native, bilinear, then thresholded",0.454833,0.427664,0.488076,0.367605,0.503949,0.428458,44267,120314,98625,147079,
enrich_les359enrich06920211104_002,enrich,unspecified,expert,2200,graded,"probabilities to native, bilinear, then thresholded",0.420757,0.414087,0.614691,0.580565,0.670745,0.654551,56489,175028,100723,135450,
enrich_les372enrich07420211129_002,enrich,unspecified,expert,2200,graded,"probabilities to native, bilinear, then thresholded",0.236070,0.242782,0.430488,0.383694,0.411137,0.384712,27657,126921,116758,139860,
enrich_les378enrich07520211129_002,enrich,unspecified,expert,2199,graded,"probabilities to native, bilinear, then thresholded",0.468481,0.504197,0.531822,0.545291,0.587122,0.633708,69049,119732,111462,118344,
enrich_les380enrich07920211221_002,enrich,unspecified,expert,2200,graded,"probabilities to native, bilinear, then thresholded",0.410897,0.407741,0.605529,0.554868,0.572816,0.532523,47968,172459,103194,144249,
enrich_les393enrich05820211005_002,enrich,unspecified,expert,2201,graded,"probabilities to native, bilinear, then thresholded",0.441140,0.443644,0.602438,0.554357,0.718966,0.717617,74476,199755,115459,158383,
enrich_les39enrich12720221116_001,enrich,unspecified,expert,2201,graded,"probabilities to native, bilinear, then thresholded",0.577553,0.509611,0.661405,0.620191,0.687111,0.646146,121680,204367,186444,183885,
enrich_les39enrich12720221116_002,enrich,unspecified,expert,2199,graded,"probabilities to native, bilinear, then thresholded",0.407863,0.372751,0.502529,0.411281,0.510381,0.459648,60682,121799,160696,159502,
enrich_les409enrich06420211025_003,enrich,unspecified,expert,2199,graded,"probabilities to native, bilinear, then thresholded",0.348478,0.306989,0.546731,0.494272,0.494634,0.441554,39516,125875,150057,158912,
enrich_les414enrich04220210907_002,enrich,unspecified,expert,2200,graded,"probabilities to native, bilinear, then thresholded",0.624045,0.612974,0.696276,0.650631,0.704122,0.684255,104255,162896,143586,139619,
enrich_les418enrich05220210927_001,enrich,unspecified,expert,2198,graded,"probabilities to native, bilinear, then thresholded",0.179266,0.159357,0.518706,0.385510,0.402606,0.313486,30259,136457,198139,184507,
enrich_les454enrich05420210928_002,enrich,unspecified,expert,2199,graded,"probabilities to native, bilinear, then thresholded",0.397973,0.365974,0.549368,0.483560,0.514480,0.468719,53931,136277,143585,150875,
enrich_les457enrich04920210920_003,enrich,unspecified,expert,2201,graded,"probabilities to native, bilinear, then thresholded",0.555475,0.561698,0.658468,0.635809,0.650677,0.642558,94189,154946,132669,173468,
enrich_les460enrich06820211104_002,enrich,unspecified,expert,2200,graded,"probabilities to native, bilinear, then thresholded",0.239865,0.177907,0.489993,0.461080,0.418142,0.373677,22785,149712,124556,135525,
enrich_les467enrich06520211025_002,enrich,unspecified,expert,2200,graded,"probabilities to native, bilinear, then thresholded",0.475536,0.472877,0.586079,0.538805,0.592846,0.571263,60291,186278,126635,140504,
enrich_les468enrich03620210830_004,enrich,unspecified,expert,2199,graded,"probabilities to native, bilinear, then thresholded",0.128966,0.129889,0.436662,0.429388,0.338736,0.315024,15812,112420,138136,149027,
enrich_les486enrich00220210719_001,enrich,unspecified,expert,2201,graded,"probabilities to native, bilinear, then thresholded",0.334872,0.251147,0.560668,0.465606,0.502185,0.425975,42379,125901,130463,120284,
enrich_les486enrich00220210719_003,enrich,unspecified,expert,2199,graded,"probabilities to native, bilinear, then thresholded",0.324559,0.278575,0.484974,0.447546,0.482465,0.459266,30200,121298,119751,109865,
enrich_les487enrich11720220921_001,enrich,unspecified,expert,2200,graded,"probabilities to native, bilinear, then thresholded",0.611824,0.672503,0.710958,0.677577,0.730413,0.765705,88574,151275,99807,125259,
enrich_les488enrich02420210816_002,enrich,unspecified,expert,2200,graded,"probabilities to native, bilinear, then thresholded",0.263529,0.249456,0.609073,0.526056,0.525241,0.456480,29175,187073,164489,174381,
enrich_les489enrich00320210719_002,enrich,unspecified,expert,2199,graded,"probabilities to native, bilinear, then thresholded",0.480731,0.436690,0.629202,0.562035,0.644397,0.584625,70918,169518,123881,149413,
enrich_les505enrich01020210726_002,enrich,unspecified,expert,2201,graded,"probabilities to native, bilinear, then thresholded",0.498967,0.439817,0.621770,0.575211,0.631582,0.591098,83520,161080,163707,165877,
enrich_les506enrich00820210726_003,enrich,unspecified,expert,2200,graded,"probabilities to native, bilinear, then thresholded",0.228469,0.174338,0.507655,0.415928,0.447161,0.364359,24635,165298,145366,159978,
enrich_les510enrich04720210913_003,enrich,unspecified,expert,2200,graded,"probabilities to native, bilinear, then thresholded",0.512282,0.513509,0.656322,0.581840,0.631164,0.590747,90166,140922,152306,179826,
enrich_les512enrich01720210804_001,enrich,unspecified,expert,2200,graded,"probabilities to native, bilinear, then thresholded",0.550681,0.507850,0.633146,0.624666,0.682552,0.674541,93553,191629,136246,163676,
enrich_les512enrich01720210804_002,enrich,unspecified,expert,2199,graded,"probabilities to native, bilinear, then thresholded",0.479119,0.497505,0.611172,0.567805,0.628765,0.622460,74005,159350,130124,142326,
enrich_les514enrich01520210802_003,enrich,unspecified,expert,2200,graded,"probabilities to native, bilinear, then thresholded",0.282359,0.266005,0.607026,0.534219,0.523782,0.457800,30655,148844,128313,172147,
enrich_les522enrich05020210921_002,enrich,unspecified,expert,2200,graded,"probabilities to native, bilinear, then thresholded",0.599010,0.606416,0.699279,0.642330,0.680968,0.659779,87308,154480,134618,169900,
enrich_les524enrich01320210802_002,enrich,unspecified,expert,2199,graded,"probabilities to native, bilinear, then thresholded",0.508037,0.486278,0.606341,0.511270,0.610392,0.550244,71864,192362,160450,177064,
enrich_les525enrich03720210830_002,enrich,unspecified,expert,2200,graded,"probabilities to native, bilinear, then thresholded",0.511914,0.454528,0.671649,0.557187,0.635829,0.553052,81413,178900,156084,176878,
enrich_les531enrich02820210817_002,enrich,unspecified,expert,2200,graded,"probabilities to native, bilinear, then thresholded",0.123481,0.101715,0.497366,0.431469,0.415905,0.358349,16265,160409,129264,163099,
enrich_les537enrich01120210727_002,enrich,unspecified,expert,2200,graded,"probabilities to native, bilinear, then thresholded",0.489815,0.431205,0.633649,0.463883,0.608557,0.501100,68071,151241,149456,153931,
enrich_les556enrich08620220117_002,enrich,unspecified,expert,2200,graded,"probabilities to native, bilinear, then thresholded",0.003512,0.006074,0.252747,0.250697,0.160111,0.158457,351,92138,199550,223807,
enrich_les556enrich08620220117_003,enrich,unspecified,expert,2199,graded,"probabilities to native, bilinear, then thresholded",0.455469,0.419711,0.555931,0.476717,0.551577,0.495979,93033,183457,203277,201296,
enrich_les562enrich04320210907_001,enrich,unspecified,expert,2200,graded,"probabilities to native, bilinear, then thresholded",0.151028,0.172418,0.522606,0.501392,0.438996,0.427108,15182,141174,133559,155432,
enrich_les567enrich02120210809_004,enrich,unspecified,expert,2198,graded,"probabilities to native, bilinear, then thresholded",0.557139,0.573297,0.615048,0.603476,0.658506,0.687889,79322,168018,111948,136254,
enrich_les577enrich11820220921_002,enrich,unspecified,expert,2200,graded,"probabilities to native, bilinear, then thresholded",0.513665,0.476172,0.640474,0.548984,0.649399,0.586439,82037,201288,144169,176382,
enrich_les577enrich11820220921_003,enrich,unspecified,expert,2199,graded,"probabilities to native, bilinear, then thresholded",0.576555,0.556524,0.679348,0.639913,0.678626,0.655035,116448,218516,160535,195516,
enrich_les586enrich08920220125_001,enrich,unspecified,expert,2198,graded,"probabilities to native, bilinear, then thresholded",0.515576,0.453607,0.719020,0.641453,0.688829,0.626287,88216,220513,177297,222977,
enrich_les586enrich08920220125_002,enrich,unspecified,expert,2200,graded,"probabilities to native, bilinear, then thresholded",0.481917,0.431771,0.660202,0.601071,0.640882,0.583217,85145,211663,176568,202074,
enrich_les595enrich09620220310_004,enrich,unspecified,expert,2199,graded,"probabilities to native, bilinear, then thresholded",0.446654,0.441098,0.642984,0.614216,0.582918,0.554345,72585,131347,164753,143257,
enrich_les607enrich11920221003_003,enrich,unspecified,expert,2200,graded,"probabilities to native, bilinear, then thresholded",0.552772,0.532443,0.685683,0.626507,0.669509,0.623868,95531,197265,158791,182333,
enrich_les616enrich09520220310_002,enrich,unspecified,expert,2200,graded,"probabilities to native, bilinear, then thresholded",0.372867,0.342990,0.550117,0.454424,0.513425,0.451180,43455,129062,141002,146992,
enrich_les617enrich11520220902_001,enrich,unspecified,expert,2198,graded,"probabilities to native, bilinear, then thresholded",0.512307,0.493980,0.627921,0.568886,0.625956,0.588064,85387,160558,129769,163483,
enrich_les617enrich11520220902_002,enrich,unspecified,expert,2200,graded,"probabilities to native, bilinear, then thresholded",0.452365,0.408655,0.617065,0.586772,0.617056,0.593506,67708,175221,121135,131071,
enrich_les625enrich9820220328_002,enrich,unspecified,expert,2200,graded,"probabilities to native, bilinear, then thresholded",0.426331,0.388703,0.619056,0.548472,0.575300,0.515190,59248,170700,153127,152292,
enrich_les644enrich09720220321_001,enrich,unspecified,expert,2199,graded,"probabilities to native, bilinear, then thresholded",0.400833,0.378169,0.586349,0.510232,0.587088,0.527123,56085,150857,133051,152921,
enrich_les661enrich11420220831_002,enrich,unspecified,expert,2199,graded,"probabilities to native, bilinear, then thresholded",0.334407,0.292111,0.463497,0.352531,0.433420,0.354133,38326,152136,152687,164664,
enrich_les664enrich10420220509_002,enrich,unspecified,expert,2199,graded,"probabilities to native, bilinear, then thresholded",0.392541,0.396877,0.544130,0.468215,0.521346,0.494905,74007,151938,186307,194354,
enrich_les683enrich11220220822_002,enrich,unspecified,expert,2200,graded,"probabilities to native, bilinear, then thresholded",0.507894,0.484239,0.615260,0.616721,0.687220,0.673708,113410,227305,168578,196568,
enrich_les687enrich10520220516_001,enrich,unspecified,expert,2201,graded,"probabilities to native, bilinear, then thresholded",0.490322,0.466538,0.701819,0.657467,0.674277,0.643074,87245,198586,153658,196889,
enrich_les687enrich10520220516_002,enrich,unspecified,expert,2200,graded,"probabilities to native, bilinear, then thresholded",0.424056,0.428243,0.629126,0.594318,0.600493,0.587895,68612,166168,148397,165829,
enrich_les700enrich10120220502_001,enrich,unspecified,expert,2199,graded,"probabilities to native, bilinear, then thresholded",0.441343,0.396746,0.556160,0.497920,0.583827,0.549343,61948,168029,132341,127127,
fives_100_d,fives,unspecified,expert,1418,graded,"probabilities to native, bilinear, then thresholded",0.361630,0.368010,0.671379,0.651817,0.658015,0.656788,28138,59724,53050,83304,
fives_105_g,fives,unspecified,expert,1418,graded,"probabilities to native, bilinear, then thresholded",0.459594,0.447217,0.658088,0.606610,0.621334,0.598476,33608,90479,75101,85005,
fives_106_g,fives,unspecified,expert,1417,graded,"probabilities to native, bilinear, then thresholded",0.685162,0.631239,0.759919,0.703024,0.788198,0.756031,63346,96454,83755,97385,
fives_107_g,fives,unspecified,expert,1417,graded,"probabilities to native, bilinear, then thresholded",0.682720,0.693531,0.738297,0.711048,0.758297,0.757226,68258,98161,81824,100320,
fives_109_g,fives,unspecified,expert,1418,graded,"probabilities to native, bilinear, then thresholded",0.680361,0.710336,0.662499,0.668696,0.720550,0.755934,51794,122295,69715,81180,
fives_110_g,fives,unspecified,expert,1417,graded,"probabilities to native, bilinear, then thresholded",0.503796,0.473182,0.620559,0.626350,0.636556,0.649534,33145,105570,64204,76308,
fives_112_g,fives,unspecified,expert,1417,graded,"probabilities to native, bilinear, then thresholded",0.304759,0.285861,0.344912,0.323736,0.393649,0.401635,13493,56044,63197,70713,
fives_115_g,fives,unspecified,expert,1418,graded,"probabilities to native, bilinear, then thresholded",0.497319,0.508954,0.696952,0.658600,0.674427,0.660805,35420,80530,60623,83774,
fives_116_g,fives,unspecified,expert,1419,graded,"probabilities to native, bilinear, then thresholded",0.122027,0.121298,0.164816,0.136518,0.159951,0.149491,5407,26337,54121,73277,
fives_117_g,fives,unspecified,expert,1418,graded,"probabilities to native, bilinear, then thresholded",0.437347,0.435876,0.678539,0.622803,0.678174,0.654758,32770,63449,60538,73003,
fives_118_g,fives,unspecified,expert,1421,graded,"probabilities to native, bilinear, then thresholded",0.729133,0.747609,0.756178,0.799625,0.799429,0.850584,71776,107134,78652,86569,
fives_120_g,fives,unspecified,expert,1417,graded,"probabilities to native, bilinear, then thresholded",0.482240,0.504494,0.650037,0.637017,0.623467,0.626222,38924,85670,76533,78016,
fives_124_g,fives,unspecified,expert,1418,graded,"probabilities to native, bilinear, then thresholded",0.127921,0.135950,0.408188,0.403496,0.327687,0.334281,4782,52975,51409,64030,
fives_125_g,fives,unspecified,expert,1417,graded,"probabilities to native, bilinear, then thresholded",0.430835,0.446347,0.611919,0.565182,0.576629,0.561607,23475,90110,65826,95823,
fives_126_g,fives,unspecified,expert,1421,graded,"probabilities to native, bilinear, then thresholded",0.190609,0.252335,0.588193,0.588316,0.536147,0.590880,19622,34352,52935,62980,
fives_128_g,fives,unspecified,expert,1418,graded,"probabilities to native, bilinear, then thresholded",0.381786,0.408645,0.617413,0.580234,0.596009,0.603929,24994,56537,56240,67338,
fives_12_a,fives,unspecified,expert,1422,graded,"probabilities to native, bilinear, then thresholded",0.601297,0.640330,0.765213,0.748206,0.747413,0.775236,44495,78821,67902,83330,
fives_131_g,fives,unspecified,expert,1420,graded,"probabilities to native, bilinear, then thresholded",0.681278,0.669836,0.670994,0.644344,0.747788,0.762372,64684,101252,75206,79629,
fives_132_g,fives,unspecified,expert,1418,graded,"probabilities to native, bilinear, then thresholded",0.121136,0.119406,0.577383,0.565324,0.509334,0.504142,5386,85396,48124,66479,
fives_134_g,fives,unspecified,expert,1419,graded,"probabilities to native, bilinear, then thresholded",0.539635,0.531798,0.650512,0.583918,0.645732,0.615988,37442,84635,72536,81013,
fives_139_g,fives,unspecified,expert,1421,graded,"probabilities to native, bilinear, then thresholded",0.652911,0.647020,0.767833,0.771618,0.769540,0.782055,57166,120791,79842,107790,
fives_13_a,fives,unspecified,expert,1422,graded,"probabilities to native, bilinear, then thresholded",0.572541,0.592717,0.630120,0.611089,0.704280,0.737483,59352,66134,66805,87735,
fives_140_g,fives,unspecified,expert,1417,graded,"probabilities to native, bilinear, then thresholded",0.220420,0.227866,0.629409,0.632514,0.528160,0.531492,8991,43171,44153,54365,
fives_141_g,fives,unspecified,expert,1418,graded,"probabilities to native, bilinear, then thresholded",0.454339,0.470232,0.650285,0.645787,0.624813,0.636561,28795,87118,68564,75220,
fives_14_a,fives,unspecified,expert,1421,graded,"probabilities to native, bilinear, then thresholded",0.672029,0.741970,0.724420,0.758291,0.792293,0.848209,70572,83568,65449,84757,
fives_151_n,fives,unspecified,expert,1419,graded,"probabilities to native, bilinear, then thresholded",0.524912,0.451621,0.606391,0.533259,0.626902,0.569679,42317,77165,72148,92897,
fives_156_n,fives,unspecified,expert,1421,graded,"probabilities to native, bilinear, then thresholded",0.558815,0.521519,0.578653,0.497497,0.609050,0.557043,30748,54457,48466,60517,
fives_157_n,fives,unspecified,expert,1416,graded,"probabilities to native, bilinear, then thresholded",0.381480,0.348689,0.562228,0.533540,0.566135,0.560937,33414,81607,79179,85553,
fives_15_a,fives,unspecified,expert,1419,graded,"probabilities to native, bilinear, then thresholded",0.574902,0.604898,0.737687,0.750469,0.775759,0.808633,50848,82474,66052,81018,
fives_160_n,fives,unspecified,expert,1418,graded,"probabilities to native, bilinear, then thresholded",0.616162,0.602098,0.714951,0.694847,0.742231,0.745321,54487,98449,79455,88677,
fives_161_n,fives,unspecified,expert,1418,graded,"probabilities to native, bilinear, then thresholded",0.639210,0.639566,0.670458,0.612599,0.700491,0.680873,42493,89518,64680,82639,
fives_162_n,fives,unspecified,expert,1419,graded,"probabilities to native, bilinear, then thresholded",0.516980,0.499811,0.623845,0.569957,0.637137,0.608651,40990,89312,73320,83109,
fives_163_n,fives,unspecified,expert,1418,graded,"probabilities to native, bilinear, then thresholded",0.510675,0.499613,0.568146,0.512456,0.583310,0.552891,33451,80968,57413,74147,
fives_164_n,fives,unspecified,expert,1417,graded,"probabilities to native, bilinear, then thresholded",0.345752,0.302643,0.471540,0.450597,0.487123,0.470757,23954,68010,63739,69887,
fives_165_n,fives,unspecified,expert,1418,graded,"probabilities to native, bilinear, then thresholded",0.481632,0.491066,0.522668,0.501595,0.621961,0.619089,52237,83611,79648,103529,
fives_166_n,fives,unspecified,expert,1418,graded,"probabilities to native, bilinear, then thresholded",0.491790,0.462071,0.526925,0.470482,0.602698,0.572517,50361,69049,84835,89725,
fives_167_n,fives,unspecified,expert,1418,graded,"probabilities to native, bilinear, then thresholded",0.415757,0.380305,0.426110,0.382932,0.477272,0.456861,28981,45452,69466,77061,
fives_168_n,fives,unspecified,expert,1419,graded,"probabilities to native, bilinear, then thresholded",0.400066,0.379937,0.453799,0.408694,0.500629,0.487562,36600,52050,67073,73931,
fives_169_n,fives,unspecified,expert,1417,graded,"probabilities to native, bilinear, then thresholded",0.331189,0.359350,0.553259,0.520542,0.508783,0.521664,22920,82555,81214,82825,
fives_16_a,fives,unspecified,expert,1422,graded,"probabilities to native, bilinear, then thresholded",0.573480,0.595458,0.729450,0.703757,0.746346,0.775299,56373,72321,69110,76509,
fives_170_n,fives,unspecified,expert,1417,graded,"probabilities to native, bilinear, then thresholded",0.257339,0.257414,0.467881,0.421800,0.434490,0.431570,13752,60158,74505,82327,
fives_172_n,fives,unspecified,expert,1419,graded,"probabilities to native, bilinear, then thresholded",0.634119,0.646459,0.677573,0.691878,0.789485,0.835185,75414,94965,84313,85181,
fives_176_n,fives,unspecified,expert,1420,graded,"probabilities to native, bilinear, then thresholded",0.551859,0.547776,0.428761,0.455093,0.588311,0.609119,57093,58268,80993,95748,
fives_17_a,fives,unspecified,expert,1419,graded,"probabilities to native, bilinear, then thresholded",0.500413,0.538062,0.736310,0.692683,0.697143,0.705160,32471,76799,64453,86241,
fives_1_a,fives,unspecified,expert,1419,graded,"probabilities to native, bilinear, then thresholded",0.566126,0.574288,0.657196,0.599951,0.687062,0.679035,59485,102538,86698,103504,
fives_22_a,fives,unspecified,expert,1424,graded,"probabilities to native, bilinear, then thresholded",0.703985,0.750507,0.747288,0.770261,0.776168,0.834569,73992,85972,73906,83668,
fives_23_a,fives,unspecified,expert,1424,graded,"probabilities to native, bilinear, then thresholded",0.703863,0.759179,0.732940,0.735153,0.770229,0.817963,76609,82506,73568,84056,
fives_25_a,fives,unspecified,expert,1421,graded,"probabilities to native, bilinear, then thresholded",0.500519,0.520461,0.670129,0.635990,0.677557,0.692531,38146,46393,60052,65660,
fives_26_a,fives,unspecified,expert,1422,graded,"probabilities to native, bilinear, then thresholded",0.715449,0.740305,0.739668,0.765240,0.799359,0.839092,75058,98497,72318,85518,
fives_28_a,fives,unspecified,expert,1421,graded,"probabilities to native, bilinear, then thresholded",0.519284,0.526896,0.692158,0.658810,0.688868,0.702461,44191,56416,67690,78218,
fives_2_a,fives,unspecified,expert,1418,graded,"probabilities to native, bilinear, then thresholded",0.672474,0.665920,0.718462,0.691768,0.741043,0.744426,59107,102027,77163,91222,
fives_30_a,fives,unspecified,expert,1419,graded,"probabilities to native, bilinear, then thresholded",0.628460,0.631223,0.668702,0.672992,0.723872,0.748303,46023,58943,55950,79304,
fives_33_a,fives,unspecified,expert,1420,graded,"probabilities to native, bilinear, then thresholded",0.673943,0.716376,0.713222,0.736986,0.778364,0.827540,109682,126914,96478,123782,
fives_34_a,fives,unspecified,expert,1421,graded,"probabilities to native, bilinear, then thresholded",0.446978,0.497728,0.603590,0.599662,0.660429,0.691737,40558,46828,47500,79483,
fives_35_a,fives,unspecified,expert,1419,graded,"probabilities to native, bilinear, then thresholded",0.723645,0.716433,0.755813,0.765595,0.785125,0.818563,67400,94232,77837,91425,
fives_36_a,fives,unspecified,expert,1420,graded,"probabilities to native, bilinear, then thresholded",0.654276,0.646554,0.730101,0.745986,0.767590,0.789491,76691,88532,84834,84392,
fives_39_a,fives,unspecified,expert,1422,graded,"probabilities to native, bilinear, then thresholded",0.436324,0.452264,0.589384,0.527130,0.637586,0.628658,41705,49318,59188,79576,
fives_3_a,fives,unspecified,expert,1418,graded,"probabilities to native, bilinear, then thresholded",0.640876,0.656493,0.742500,0.740682,0.785703,0.809210,88418,123495,105195,118350,
fives_58_d,fives,unspecified,expert,1421,graded,"probabilities to native, bilinear, then thresholded",0.396613,0.445264,0.621048,0.610674,0.680406,0.705989,45815,55824,58705,85450,
fives_59_d,fives,unspecified,expert,1420,graded,"probabilities to native, bilinear, then thresholded",0.377481,0.405876,0.608957,0.599377,0.656130,0.670880,46872,52150,67110,89466,
fives_67_d,fives,unspecified,expert,1417,graded,"probabilities to native, bilinear, then thresholded",0.404949,0.374226,0.473382,0.436420,0.532196,0.516731,28083,29481,47887,58655,
fives_68_d,fives,unspecified,expert,1418,graded,"probabilities to native, bilinear, then thresholded",0.389501,0.370391,0.586274,0.572847,0.552584,0.555647,21666,76561,59145,78984,
fives_69_d,fives,unspecified,expert,1421,graded,"probabilities to native, bilinear, then thresholded",0.679542,0.700940,0.758438,0.748362,0.774930,0.794196,61883,84852,77870,82070,
fives_70_d,fives,unspecified,expert,1419,graded,"probabilities to native, bilinear, then thresholded",0.640779,0.660977,0.744280,0.727249,0.762286,0.790783,55074,67718,64674,78098,
fives_72_d,fives,unspecified,expert,1418,graded,"probabilities to native, bilinear, then thresholded",0.480425,0.466426,0.650653,0.587264,0.621191,0.595627,28162,57265,66217,77034,
fives_73_d,fives,unspecified,expert,1422,graded,"probabilities to native, bilinear, then thresholded",0.502243,0.510043,0.743242,0.729152,0.700896,0.719670,28402,78815,62319,74672,
fives_77_d,fives,unspecified,expert,1419,graded,"probabilities to native, bilinear, then thresholded",0.541210,0.574228,0.740028,0.772578,0.740920,0.781996,53986,87772,60417,87778,
fives_79_d,fives,unspecified,expert,1420,graded,"probabilities to native, bilinear, then thresholded",0.321020,0.360625,0.705143,0.670487,0.642506,0.639072,22255,63724,57877,92443,
fives_80_d,fives,unspecified,expert,1419,graded,"probabilities to native, bilinear, then thresholded",0.396069,0.357687,0.578881,0.528692,0.576318,0.548349,20786,58256,46273,86088,
fives_81_d,fives,unspecified,expert,1420,graded,"probabilities to native, bilinear, then thresholded",0.561470,0.587975,0.633802,0.643372,0.742582,0.752893,66117,57440,65833,74068,
fives_84_d,fives,unspecified,expert,1421,graded,"probabilities to native, bilinear, then thresholded",0.440429,0.476931,0.642238,0.642256,0.682303,0.694187,39250,60838,57047,89287,
fives_86_d,fives,unspecified,expert,1419,graded,"probabilities to native, bilinear, then thresholded",0.326239,0.249229,0.698708,0.658200,0.637118,0.603210,16604,91542,46589,88041,
fives_87_d,fives,unspecified,expert,1420,graded,"probabilities to native, bilinear, then thresholded",0.470625,0.452265,0.693713,0.614162,0.660049,0.631620,26548,67287,66728,78387,
fives_89_d,fives,unspecified,expert,1421,graded,"probabilities to native, bilinear, then thresholded",0.608793,0.625359,0.677323,0.660338,0.728265,0.738189,44193,103965,62096,78279,
fives_92_d,fives,unspecified,expert,1420,graded,"probabilities to native, bilinear, then thresholded",0.423998,0.380153,0.709802,0.660469,0.637448,0.591114,28232,59785,64344,78493,
grape_grape102_os_1,grape,unspecified,expert,1420,graded,"probabilities to native, bilinear, then thresholded",0.404966,0.427745,0.647631,0.634183,0.635289,0.660325,32382,45571,58796,62787,
grape_grape105_od_2,grape,unspecified,expert,1420,graded,"probabilities to native, bilinear, then thresholded",0.564566,0.546503,0.681535,0.635201,0.710596,0.693617,47858,63382,70764,85658,
grape_grape106_os_3,grape,unspecified,expert,1409,graded,"probabilities to native, bilinear, then thresholded",0.563711,0.507731,0.672426,0.635440,0.692516,0.668439,49070,68207,78545,75092,
grape_grape107_os_1,grape,unspecified,expert,1420,graded,"probabilities to native, bilinear, then thresholded",0.669637,0.656471,0.714110,0.707108,0.748788,0.754698,56636,85902,66356,85192,
grape_grape108_od_3,grape,unspecified,expert,1422,graded,"probabilities to native, bilinear, then thresholded",0.653961,0.637703,0.681241,0.689553,0.750622,0.773045,79414,101352,88440,87973,
grape_grape10_od_2,grape,unspecified,expert,1419,graded,"probabilities to native, bilinear, then thresholded",0.150017,0.134395,0.289513,0.304761,0.292452,0.311324,8569,47421,41092,61555,
grape_grape111_od_6,grape,unspecified,expert,1409,graded,"probabilities to native, bilinear, then thresholded",0.498076,0.440574,0.630142,0.596348,0.666432,0.663069,56214,83834,92153,91517,
grape_grape112_od_1,grape,unspecified,expert,1418,graded,"probabilities to native, bilinear, then thresholded",0.527678,0.490812,0.688434,0.657291,0.654407,0.630160,32460,95574,69371,84478,
grape_grape113_os_4,grape,unspecified,expert,1419,graded,"probabilities to native, bilinear, then thresholded",0.589574,0.602165,0.756626,0.764225,0.727633,0.755484,40070,89071,70671,85911,
grape_grape114_os_1,grape,unspecified,expert,1421,graded,"probabilities to native, bilinear, then thresholded",0.636322,0.610393,0.717451,0.690624,0.749009,0.740973,55824,108627,71448,95295,
grape_grape116_os_1,grape,unspecified,expert,1421,graded,"probabilities to native, bilinear, then thresholded",0.513848,0.517200,0.657596,0.654455,0.688991,0.705021,40870,73994,52901,70788,
grape_grape120_od_1,grape,unspecified,expert,1422,graded,"probabilities to native, bilinear, then thresholded",0.498013,0.528144,0.695217,0.718495,0.689824,0.729285,40442,75099,65222,76212,
grape_grape121_os_1,grape,unspecified,expert,1420,graded,"probabilities to native, bilinear, then thresholded",0.269704,0.293225,0.477351,0.419390,0.427019,0.412808,15239,64815,71026,75811,
grape_grape122_os_6,grape,unspecified,expert,1408,graded,"probabilities to native, bilinear, then thresholded",0.377822,0.369750,0.564862,0.525504,0.556919,0.539039,34512,49209,72729,82147,
grape_grape123_os_5,grape,unspecified,expert,1408,graded,"probabilities to native, bilinear, then thresholded",0.508477,0.458867,0.595727,0.568274,0.603105,0.577044,36019,77157,78114,88674,
grape_grape126_os_1,grape,unspecified,expert,1419,graded,"probabilities to native, bilinear, then thresholded",0.595871,0.626483,0.727815,0.701498,0.731764,0.749842,57219,87902,82724,100830,
grape_grape127_os_5,grape,unspecified,expert,1418,graded,"probabilities to native, bilinear, then thresholded",0.348133,0.335257,0.660219,0.631529,0.599196,0.584664,24702,71567,62167,77014,
grape_grape128_od_3,grape,unspecified,expert,1410,graded,"probabilities to native, bilinear, then thresholded",0.342267,0.324646,0.573513,0.532618,0.533177,0.514294,14244,60720,50197,69753,
grape_grape12_os_4,grape,unspecified,expert,1418,graded,"probabilities to native, bilinear, then thresholded",0.630315,0.661790,0.765380,0.821475,0.746069,0.793855,49193,108105,65372,93792,
grape_grape131_od_4,grape,unspecified,expert,1409,graded,"probabilities to native, bilinear, then thresholded",0.485803,0.454692,0.664163,0.672011,0.652895,0.665031,41277,77491,77265,89742,
grape_grape132_od_1,grape,unspecified,expert,1417,graded,"probabilities to native, bilinear, then thresholded",0.515433,0.482996,0.576315,0.585716,0.588694,0.586532,30737,87964,56739,72306,
grape_grape134_od_5,grape,unspecified,expert,1408,graded,"probabilities to native, bilinear, then thresholded",0.525161,0.484752,0.626243,0.592782,0.643041,0.621785,44288,70441,78383,88095,
grape_grape136_os_3,grape,unspecified,expert,1409,graded,"probabilities to native, bilinear, then thresholded",0.603523,0.594854,0.731239,0.703532,0.716894,0.708227,51910,85176,79346,90266,
grape_grape138_od_4,grape,unspecified,expert,1408,graded,"probabilities to native, bilinear, then thresholded",0.539681,0.491141,0.590493,0.497607,0.631187,0.592263,43247,52827,71406,73542,
grape_grape139_od_1,grape,unspecified,expert,1420,graded,"probabilities to native, bilinear, then thresholded",0.711211,0.768714,0.748542,0.789746,0.782614,0.845939,77790,95780,74238,85519,
grape_grape140_od_1,grape,unspecified,expert,1420,graded,"probabilities to native, bilinear, then thresholded",0.436388,0.417595,0.674261,0.619634,0.676744,0.634357,32428,59571,56745,75347,
grape_grape141_od_4,grape,unspecified,expert,1418,graded,"probabilities to native, bilinear, then thresholded",0.626593,0.568191,0.700465,0.662938,0.749875,0.720812,68877,94816,84741,93319,
grape_grape143_od_3,grape,unspecified,expert,1419,graded,"probabilities to native, bilinear, then thresholded",0.623275,0.609436,0.676884,0.676644,0.728545,0.738806,65174,71250,78541,82277,
grape_grape144_os_1,grape,unspecified,expert,1418,graded,"probabilities to native, bilinear, then thresholded",0.626506,0.617980,0.694560,0.721433,0.726662,0.744930,56262,83873,68886,88164,
grape_grape17_os_1,grape,unspecified,expert,1418,graded,"probabilities to native, bilinear, then thresholded",0.678182,0.669583,0.703205,0.703792,0.759432,0.776115,66979,102125,84526,92211,
grape_grape18_od_3,grape,unspecified,expert,1409,graded,"probabilities to native, bilinear, then thresholded",0.426280,0.427432,0.659117,0.687153,0.630703,0.659410,31673,57682,60079,67349,
grape_grape20_od_1,grape,unspecified,expert,1419,graded,"probabilities to native, bilinear, then thresholded",0.657132,0.657264,0.749017,0.776305,0.752225,0.782196,58067,86110,70096,84965,
grape_grape23_od_2,grape,unspecified,expert,1421,graded,"probabilities to native, bilinear, then thresholded",0.616922,0.644276,0.750358,0.757443,0.732501,0.762437,46005,80676,61558,79421,
grape_grape24_od_1,grape,unspecified,expert,1421,graded,"probabilities to native, bilinear, then thresholded",0.619425,0.575428,0.657109,0.667196,0.732717,0.763627,67098,114512,88175,99069,
grape_grape25_os_1,grape,unspecified,expert,1419,graded,"probabilities to native, bilinear, then thresholded",0.684584,0.716632,0.761356,0.765867,0.779970,0.821199,81068,98658,80119,99570,
grape_grape27_od_2,grape,unspecified,expert,1419,graded,"probabilities to native, bilinear, then thresholded",0.686728,0.722349,0.781338,0.844931,0.790058,0.856451,60835,106153,68768,89629,
grape_grape30_od_3,grape,unspecified,expert,1409,graded,"probabilities to native, bilinear, then thresholded",0.310811,0.294811,0.502529,0.417188,0.517023,0.484741,24073,36796,56278,73144,
grape_grape31_os_3,grape,unspecified,expert,1409,graded,"probabilities to native, bilinear, then thresholded",0.512826,0.523899,0.683819,0.632580,0.665621,0.639509,40841,73924,71899,99701,
grape_grape32_od_1,grape,unspecified,expert,1417,graded,"probabilities to native, bilinear, then thresholded",0.119994,0.118830,0.386111,0.347144,0.328598,0.313989,9034,45679,52969,60995,
grape_grape34_os_2,grape,unspecified,expert,1419,graded,"probabilities to native, bilinear, then thresholded",0.418071,0.431442,0.572500,0.590097,0.588624,0.619182,39737,55842,72268,77758,
grape_grape35_od_1,grape,unspecified,expert,1419,graded,"probabilities to native, bilinear, then thresholded",0.585448,0.586849,0.730539,0.734540,0.702112,0.713561,45596,95142,79310,89434,
grape_grape36_os_3,grape,unspecified,expert,1408,graded,"probabilities to native, bilinear, then thresholded",0.585878,0.528066,0.662663,0.655651,0.709630,0.695704,44990,71426,70464,66768,
grape_grape37_od_4,grape,unspecified,expert,1409,graded,"probabilities to native, bilinear, then thresholded",0.451884,0.450189,0.608747,0.587791,0.618784,0.627749,35510,67738,76262,83760,
grape_grape38_od_3,grape,unspecified,expert,1419,graded,"probabilities to native, bilinear, then thresholded",0.579187,0.608396,0.650384,0.669735,0.697447,0.734899,46455,80634,67301,79905,
grape_grape39_od_3,grape,unspecified,expert,1418,graded,"probabilities to native, bilinear, then thresholded",0.650105,0.632055,0.746489,0.735984,0.760423,0.773426,65762,93472,78027,98831,
grape_grape40_od_1,grape,unspecified,expert,1421,graded,"probabilities to native, bilinear, then thresholded",0.592968,0.621437,0.742809,0.766919,0.745950,0.782735,49990,78677,63291,81321,
grape_grape42_od_1,grape,unspecified,expert,1419,graded,"probabilities to native, bilinear, then thresholded",0.606877,0.622790,0.774464,0.767844,0.728643,0.748596,41433,67568,67561,71860,
grape_grape43_od_3,grape,unspecified,expert,1419,graded,"probabilities to native, bilinear, then thresholded",0.486501,0.504148,0.694515,0.708381,0.692833,0.711227,37276,73350,64730,77944,
grape_grape44_os_1,grape,unspecified,expert,1420,graded,"probabilities to native, bilinear, then thresholded",0.539956,0.539476,0.629488,0.568563,0.640207,0.635882,36936,79580,70721,86625,
grape_grape45_od_2,grape,unspecified,expert,1418,graded,"probabilities to native, bilinear, then thresholded",0.516390,0.541146,0.508086,0.482471,0.579472,0.585686,35885,58160,61092,65945,
grape_grape46_od_4,grape,unspecified,expert,1420,graded,"probabilities to native, bilinear, then thresholded",0.565081,0.584493,0.756685,0.738064,0.734560,0.739059,40495,89806,67847,96031,
grape_grape48_od_1,grape,unspecified,expert,1418,graded,"probabilities to native, bilinear, then thresholded",0.422817,0.438021,0.585486,0.546867,0.569848,0.563152,27165,63830,63820,59220,
grape_grape49_os_1,grape,unspecified,expert,1423,graded,"probabilities to native, bilinear, then thresholded",0.626717,0.606448,0.734227,0.727506,0.728015,0.727421,54891,86896,80328,87505,
grape_grape4_os_3,grape,unspecified,expert,1408,graded,"probabilities to native, bilinear, then thresholded",0.339179,0.313309,0.568416,0.534740,0.511545,0.484988,18831,58089,64028,68994,
grape_grape51_od_4,grape,unspecified,expert,1409,graded,"probabilities to native, bilinear, then thresholded",0.285226,0.289874,0.465684,0.418728,0.454263,0.434471,15253,62844,54418,65784,
grape_grape53_os_2,grape,unspecified,expert,1420,graded,"probabilities to native, bilinear, then thresholded",0.511426,0.534713,0.658621,0.626090,0.678806,0.684820,40547,53987,59139,73203,
grape_grape55_od_1,grape,unspecified,expert,1420,graded,"probabilities to native, bilinear, then thresholded",0.169385,0.226884,0.649153,0.643555,0.547863,0.577463,17814,40848,58509,64212,
grape_grape58_od_2,grape,unspecified,expert,1420,graded,"probabilities to native, bilinear, then thresholded",0.598156,0.596072,0.736640,0.724530,0.717625,0.712008,48266,77227,68018,80090,
grape_grape5_os_6,grape,unspecified,expert,1409,graded,"probabilities to native, bilinear, then thresholded",0.506277,0.477987,0.657520,0.597658,0.664376,0.637199,38729,55972,60920,71148,
grape_grape60_os_1,grape,unspecified,expert,1420,graded,"probabilities to native, bilinear, then thresholded",0.452351,0.446691,0.756419,0.743676,0.671894,0.663498,28191,79868,72828,91098,
grape_grape61_os_3,grape,unspecified,expert,1420,graded,"probabilities to native, bilinear, then thresholded",0.587305,0.549979,0.655492,0.601207,0.731798,0.723074,80229,79853,97607,96326,
grape_grape63_od_1,grape,unspecified,expert,1418,graded,"probabilities to native, bilinear, then thresholded",0.442968,0.466922,0.739257,0.728662,0.666122,0.669448,26165,63222,60401,71800,
grape_grape67_os_3,grape,unspecified,expert,1421,graded,"probabilities to native, bilinear, then thresholded",0.601578,0.600095,0.705349,0.693257,0.709481,0.712124,54877,77229,75673,90943,
grape_grape68_os_1,grape,unspecified,expert,1421,graded,"probabilities to native, bilinear, then thresholded",0.732531,0.759954,0.753449,0.774196,0.783094,0.830741,88019,103933,80752,99287,
grape_grape6_od_2,grape,unspecified,expert,1420,graded,"probabilities to native, bilinear, then thresholded",0.377176,0.412025,0.700993,0.705711,0.672786,0.675457,34386,71239,56431,81470,
grape_grape70_od_1,grape,unspecified,expert,1421,graded,"probabilities to native, bilinear, then thresholded",0.115590,0.123993,0.527437,0.554106,0.457303,0.456720,7995,75006,45937,74938,
grape_grape71_os_1,grape,unspecified,expert,1422,graded,"probabilities to native, bilinear, then thresholded",0.481369,0.465801,0.696046,0.637286,0.678599,0.662211,32214,86705,66089,78014,
grape_grape73_os_4,grape,unspecified,expert,1409,graded,"probabilities to native, bilinear, then thresholded",0.409768,0.410634,0.550228,0.553275,0.563107,0.569054,30344,38777,57940,66721,
grape_grape74_os_1,grape,unspecified,expert,1419,graded,"probabilities to native, bilinear, then thresholded",0.469770,0.417107,0.567214,0.547244,0.575640,0.559059,24918,81578,60592,72258,
grape_grape75_od_3,grape,unspecified,expert,1417,graded,"probabilities to native, bilinear, then thresholded",0.572593,0.594342,0.654305,0.617088,0.679983,0.685847,50206,59113,76851,83484,
grape_grape76_os_1,grape,unspecified,expert,1421,graded,"probabilities to native, bilinear, then thresholded",0.617169,0.624228,0.647427,0.632710,0.721143,0.736523,57096,104922,80568,78586,
grape_grape77_os_3,grape,unspecified,expert,1420,graded,"probabilities to native, bilinear, then thresholded",0.694066,0.756044,0.745947,0.781585,0.764638,0.828067,82319,94194,80383,87020,
grape_grape7_os_1,grape,unspecified,expert,1421,graded,"probabilities to native, bilinear, then thresholded",0.637044,0.658628,0.762479,0.802017,0.763211,0.808477,56541,106524,70995,93526,
grape_grape81_os_1,grape,unspecified,expert,1421,graded,"probabilities to native, bilinear, then thresholded",0.568037,0.588369,0.667953,0.612447,0.675355,0.655510,31950,79079,58875,73339,
grape_grape82_os_4,grape,unspecified,expert,1419,graded,"probabilities to native, bilinear, then thresholded",0.681572,0.713209,0.723826,0.781057,0.758509,0.828718,75515,100363,77097,80172,
grape_grape83_os_2,grape,unspecified,expert,1420,graded,"probabilities to native, bilinear, then thresholded",0.648925,0.652661,0.728930,0.731987,0.728444,0.747832,53319,80671,72076,80579,
grape_grape84_os_1,grape,unspecified,expert,1421,graded,"probabilities to native, bilinear, then thresholded",0.681567,0.705623,0.722693,0.722906,0.738884,0.759191,57667,78062,61614,80376,
grape_grape86_os_1,grape,unspecified,expert,1421,graded,"probabilities to native, bilinear, then thresholded",0.321442,0.367420,0.644134,0.602755,0.586430,0.580393,18496,90766,61226,83201,
grape_grape87_od_1,grape,unspecified,expert,1425,graded,"probabilities to native, bilinear, then thresholded",0.663912,0.642506,0.719164,0.742399,0.754414,0.786511,55016,87601,66717,72357,
grape_grape8_od_1,grape,unspecified,expert,1422,graded,"probabilities to native, bilinear, then thresholded",0.529927,0.573261,0.732217,0.751981,0.700330,0.735950,43349,93695,69708,81163,
grape_grape90_od_1,grape,unspecified,expert,1420,graded,"probabilities to native, bilinear, then thresholded",0.473438,0.471292,0.643590,0.611413,0.671528,0.663693,35471,75475,63938,84602,
grape_grape91_od_1,grape,unspecified,expert,1419,graded,"probabilities to native, bilinear, then thresholded",0.642052,0.634312,0.723164,0.733800,0.721869,0.732150,47942,100219,71148,87293,
grape_grape92_od_1,grape,unspecified,expert,1419,graded,"probabilities to native, bilinear, then thresholded",0.604994,0.610375,0.696168,0.651246,0.721804,0.723861,46374,74867,70275,79498,
grape_grape94_od_3,grape,unspecified,expert,1420,graded,"probabilities to native, bilinear, then thresholded",0.604783,0.610732,0.730107,0.727708,0.741327,0.747981,58628,77126,72176,83864,
grape_grape95_os_8,grape,unspecified,expert,1419,graded,"probabilities to native, bilinear, then thresholded",0.444566,0.430491,0.678149,0.634025,0.644618,0.613529,28058,73881,59884,84568,
grape_grape98_os_1,grape,unspecified,expert,1421,graded,"probabilities to native, bilinear, then thresholded",0.664137,0.694944,0.741606,0.792559,0.766116,0.839623,73414,91476,66250,80645,
magreb_fimage10prime,magreb,unspecified,expert,1448,graded,"probabilities to native, bilinear, then thresholded",0.661612,0.648128,0.707499,0.713511,0.784919,0.813948,64312,98655,70350,84127,
magreb_fimage11prime,magreb,unspecified,expert,1453,graded,"probabilities to native, bilinear, then thresholded",0.412689,0.446281,0.603897,0.601357,0.587773,0.606128,18789,41132,51889,57004,
magreb_fimage12prime,magreb,unspecified,expert,1445,graded,"probabilities to native, bilinear, then thresholded",0.484486,0.518233,0.665443,0.639386,0.673924,0.686303,39358,73892,67774,96133,
magreb_fimage13prime,magreb,unspecified,expert,1450,graded,"probabilities to native, bilinear, then thresholded",0.660987,0.675434,0.681914,0.726532,0.744201,0.799472,62795,96413,69722,77864,
magreb_fimage14prime,magreb,unspecified,expert,1456,graded,"probabilities to native, bilinear, then thresholded",0.653089,0.691022,0.694471,0.706585,0.728469,0.772879,73192,100351,74457,95516,
magreb_fimage16prime,magreb,unspecified,expert,1453,graded,"probabilities to native, bilinear, then thresholded",0.618672,0.643635,0.686386,0.706315,0.695906,0.723283,58994,82806,69533,82984,
magreb_fimage17prime,magreb,unspecified,expert,1453,graded,"probabilities to native, bilinear, then thresholded",0.623130,0.643396,0.701661,0.661102,0.757602,0.789879,74574,81864,68539,80009,
magreb_fimage18prime,magreb,unspecified,expert,1450,graded,"probabilities to native, bilinear, then thresholded",0.668687,0.748509,0.700208,0.719846,0.763243,0.836101,81393,100306,71387,84262,
magreb_fimage1prime,magreb,unspecified,expert,1453,graded,"probabilities to native, bilinear, then thresholded",0.678102,0.708442,0.696836,0.772454,0.743865,0.814804,61690,81903,61666,68339,
magreb_fimage22prime,magreb,unspecified,expert,1453,graded,"probabilities to native, bilinear, then thresholded",0.614799,0.597013,0.723731,0.690781,0.730260,0.717853,53822,72641,72795,84119,
magreb_fimage24prime,magreb,unspecified,expert,1452,graded,"probabilities to native, bilinear, then thresholded",0.558715,0.576908,0.635222,0.636425,0.686895,0.718548,51325,80037,77313,82004,
magreb_fimage26prime,magreb,unspecified,expert,1411,graded,"probabilities to native, bilinear, then thresholded",0.572838,0.616548,0.546611,0.512769,0.628540,0.657720,54249,54071,78155,84704,
magreb_fimage27prime,magreb,unspecified,expert,1447,graded,"probabilities to native, bilinear, then thresholded",0.568598,0.576565,0.647357,0.691571,0.716608,0.766834,63971,76852,66149,75543,
magreb_fimage28prime,magreb,unspecified,expert,1457,graded,"probabilities to native, bilinear, then thresholded",0.414721,0.436565,0.573604,0.557367,0.568070,0.574812,30470,51276,59036,94905,
magreb_fimage29prime,magreb,unspecified,expert,1446,graded,"probabilities to native, bilinear, then thresholded",0.657756,0.675981,0.719965,0.746638,0.782895,0.833292,79791,97504,80618,80099,
magreb_fimage2prime,magreb,unspecified,expert,1448,graded,"probabilities to native, bilinear, then thresholded",0.561462,0.532798,0.636846,0.655748,0.688911,0.714486,51366,76165,68261,74314,
magreb_fimage30prime,magreb,unspecified,expert,1449,graded,"probabilities to native, bilinear, then thresholded",0.273900,0.278535,0.667287,0.594548,0.670646,0.654676,27105,65695,50040,83587,
magreb_fimage33prime,magreb,unspecified,expert,1452,graded,"probabilities to native, bilinear, then thresholded",0.646123,0.672625,0.698447,0.748190,0.727876,0.782002,58916,93776,61609,76184,
magreb_fimage34prime,magreb,unspecified,expert,1450,graded,"probabilities to native, bilinear, then thresholded",0.602890,0.616021,0.698872,0.670521,0.751301,0.740970,49794,95204,69226,77809,
magreb_fimage36prime,magreb,unspecified,expert,1452,graded,"probabilities to native, bilinear, then thresholded",0.644495,0.654767,0.681433,0.642074,0.790682,0.795421,78491,86458,87664,89116,
magreb_fimage37prime,magreb,unspecified,expert,1446,graded,"probabilities to native, bilinear, then thresholded",0.492802,0.498167,0.654914,0.618558,0.698248,0.699737,38098,70558,55956,85716,
magreb_fimage40prime,magreb,unspecified,expert,1450,graded,"probabilities to native, bilinear, then thresholded",0.659622,0.722401,0.694468,0.703458,0.765785,0.825616,69259,96018,70615,84045,
magreb_fimage41prime,magreb,unspecified,expert,1451,graded,"probabilities to native, bilinear, then thresholded",0.695339,0.754812,0.721629,0.717081,0.773495,0.816660,82899,91185,77676,89315,
magreb_fimage43prime,magreb,unspecified,expert,1453,graded,"probabilities to native, bilinear, then thresholded",0.624291,0.631134,0.717180,0.676228,0.731561,0.726573,53822,72641,70905,84519,
magreb_fimage44prime,magreb,unspecified,expert,1453,graded,"probabilities to native, bilinear, then thresholded",0.639923,0.636776,0.682497,0.631450,0.726522,0.728964,61954,59583,63883,74923,
magreb_fimage46prime,magreb,unspecified,expert,1452,graded,"probabilities to native, bilinear, then thresholded",0.624731,0.612520,0.682106,0.696749,0.716659,0.735763,63889,73570,77932,83001,
magreb_fimage47prime,magreb,unspecified,expert,1449,graded,"probabilities to native, bilinear, then thresholded",0.470036,0.526233,0.624070,0.595727,0.676164,0.703919,47288,78394,86455,92465,
magreb_fimage5prime,magreb,unspecified,expert,1452,graded,"probabilities to native, bilinear, then thresholded",0.582135,0.627503,0.623281,0.673836,0.696207,0.765780,68870,101994,69153,75194,
magreb_fimage6prime,magreb,unspecified,expert,1454,graded,"probabilities to native, bilinear, then thresholded",0.674931,0.694836,0.731423,0.752742,0.789886,0.835553,76700,96399,74234,84238,
magreb_fimage7prime,magreb,unspecified,expert,1454,graded,"probabilities to native, bilinear, then thresholded",0.658635,0.714468,0.749137,0.774324,0.767366,0.820581,70542,106817,64844,83562,
magreb_fimage9prime,magreb,unspecified,expert,1450,graded,"probabilities to native, bilinear, then thresholded",0.350403,0.367190,0.633386,0.614823,0.610456,0.606474,15405,67222,33824,64628,
magreb_mimage10prime,magreb,unspecified,expert,1425,graded,"probabilities to native, bilinear, then thresholded",0.631590,0.653901,0.664132,0.584946,0.749454,0.761390,68308,67665,63461,79348,
magreb_mimage11prime,magreb,unspecified,expert,1453,graded,"probabilities to native, bilinear, then thresholded",0.634772,0.649102,0.724210,0.647715,0.745419,0.736014,66626,87474,74379,82808,
magreb_mimage12prime,magreb,unspecified,expert,1430,graded,"probabilities to native, bilinear, then thresholded",0.612044,0.643126,0.604146,0.507589,0.704080,0.718353,57885,67114,76004,72915,
magreb_mimage13prime,magreb,unspecified,expert,1424,graded,"probabilities to native, bilinear, then thresholded",0.652723,0.689961,0.725754,0.787453,0.727769,0.781081,63327,96648,66814,84292,
magreb_mimage14prime,magreb,unspecified,expert,1428,graded,"probabilities to native, bilinear, then thresholded",0.369897,0.400040,0.613665,0.542015,0.572486,0.553668,19562,64398,58265,69496,
magreb_mimage15prime,magreb,unspecified,expert,1417,graded,"probabilities to native, bilinear, then thresholded",0.595548,0.604866,0.694360,0.731721,0.717830,0.756511,47620,74994,51042,71083,
magreb_mimage16prime,magreb,unspecified,expert,1427,graded,"probabilities to native, bilinear, then thresholded",0.576371,0.580170,0.662610,0.672949,0.699246,0.723948,50695,66175,55327,71882,
magreb_mimage17prime,magreb,unspecified,expert,1424,graded,"probabilities to native, bilinear, then thresholded",0.537907,0.499780,0.562484,0.538774,0.655988,0.663604,43202,76522,60065,68122,
magreb_mimage18prime,magreb,unspecified,expert,1425,graded,"probabilities to native, bilinear, then thresholded",0.515507,0.450458,0.605549,0.613313,0.671975,0.673344,36077,79790,58428,61599,
magreb_mimage19prime,magreb,unspecified,expert,1425,graded,"probabilities to native, bilinear, then thresholded",0.538388,0.582051,0.603779,0.591928,0.668403,0.688519,47179,71902,51616,74433,
magreb_mimage20prime,magreb,unspecified,expert,1447,graded,"probabilities to native, bilinear, then thresholded",0.668779,0.705941,0.670882,0.759358,0.701998,0.776745,63187,89221,66551,71293,
magreb_mimage21prime,magreb,unspecified,expert,1445,graded,"probabilities to native, bilinear, then thresholded",0.609253,0.648721,0.662458,0.753812,0.686770,0.761488,53342,93346,61103,76621,
magreb_mimage22prime,magreb,unspecified,expert,1423,graded,"probabilities to native, bilinear, then thresholded",0.555696,0.555266,0.682295,0.701258,0.696361,0.719624,45695,84405,76451,90487,
magreb_mimage23prime,magreb,unspecified,expert,1456,graded,"probabilities to native, bilinear, then thresholded",0.490756,0.549744,0.566902,0.530445,0.668407,0.693529,63940,88244,97191,108453,
magreb_mimage24prime,magreb,unspecified,expert,1424,graded,"probabilities to native, bilinear, then thresholded",0.708343,0.743879,0.751703,0.748312,0.798593,0.846027,99853,109591,104246,100279,
magreb_mimage25prime,magreb,unspecified,expert,1429,graded,"probabilities to native, bilinear, then thresholded",0.653411,0.634031,0.738877,0.737699,0.751524,0.757546,55813,80919,72532,87293,
magreb_mimage26prime,magreb,unspecified,expert,1423,graded,"probabilities to native, bilinear, then thresholded",0.602807,0.578213,0.717992,0.713474,0.748495,0.767948,59908,88922,72569,88144,
magreb_mimage29prime,magreb,unspecified,expert,1424,graded,"probabilities to native, bilinear, then thresholded",0.358588,0.351757,0.327347,0.332205,0.415800,0.443640,30260,27792,73430,84181,
magreb_mimage2prime,magreb,unspecified,expert,1445,graded,"probabilities to native, bilinear, then thresholded",0.270945,0.243621,0.608439,0.575250,0.594879,0.585616,23119,58874,52055,71374,
magreb_mimage30prime,magreb,unspecified,expert,1439,graded,"probabilities to native, bilinear, then thresholded",0.265160,0.203378,0.457069,0.373839,0.471104,0.407843,12781,55667,29616,61405,
magreb_mimage31prime,magreb,unspecified,expert,1445,graded,"probabilities to native, bilinear, then thresholded",0.277153,0.247402,0.610039,0.582529,0.597296,0.582079,23080,58834,51038,68594,
magreb_mimage32prime,magreb,unspecified,expert,1425,graded,"probabilities to native, bilinear, then thresholded",0.475750,0.425988,0.456683,0.391867,0.611947,0.579456,43535,37966,65497,73179,
magreb_mimage33prime,magreb,unspecified,expert,1426,graded,"probabilities to native, bilinear, then thresholded",0.596227,0.640960,0.607169,0.584612,0.685131,0.735716,34393,46951,46556,59138,
magreb_mimage35prime,magreb,unspecified,expert,1427,graded,"probabilities to native, bilinear, then thresholded",0.475138,0.546573,0.623357,0.564603,0.572262,0.574949,25174,45018,58225,67537,
magreb_mimage37prime,magreb,unspecified,expert,1432,graded,"probabilities to native, bilinear, then thresholded",0.370152,0.349791,0.624306,0.544751,0.573006,0.530672,18146,44555,53603,64635,
magreb_mimage38prime,magreb,unspecified,expert,1424,graded,"probabilities to native, bilinear, then thresholded",0.589079,0.630227,0.718705,0.638247,0.720823,0.720787,39866,67530,64867,66756,
magreb_mimage39prime,magreb,unspecified,expert,1420,graded,"probabilities to native, bilinear, then thresholded",0.645887,0.686153,0.723218,0.765100,0.738102,0.791762,48525,81863,55518,74314,
magreb_mimage3prime,magreb,unspecified,expert,1425,graded,"probabilities to native, bilinear, then thresholded",0.528300,0.518814,0.700147,0.642111,0.706456,0.691926,45571,73683,78953,85078,
magreb_mimage41prime,magreb,unspecified,expert,1426,graded,"probabilities to native, bilinear, then thresholded",0.636005,0.636155,0.718477,0.727415,0.752074,0.773761,56338,94514,68793,84239,
magreb_mimage42prime,magreb,unspecified,expert,1425,graded,"probabilities to native, bilinear, then thresholded",0.622062,0.659748,0.698117,0.741768,0.724950,0.769534,53011,89364,61582,80026,
magreb_mimage43prime,magreb,unspecified,expert,1449,graded,"probabilities to native, bilinear, then thresholded",0.536598,0.531603,0.646533,0.610529,0.652914,0.641076,36385,84119,51502,72634,
magreb_mimage44prime,magreb,unspecified,expert,1448,graded,"probabilities to native, bilinear, then thresholded",0.492327,0.478017,0.643352,0.600660,0.621190,0.596926,29243,80599,55140,74812,
magreb_mimage46prime,magreb,unspecified,expert,1452,graded,"probabilities to native, bilinear, then thresholded",0.506533,0.496867,0.518158,0.480942,0.580610,0.563228,49826,50074,64674,70179,
magreb_mimage4prime,magreb,unspecified,expert,1456,graded,"probabilities to native, bilinear, then thresholded",0.584350,0.561337,0.685843,0.660599,0.741142,0.734918,63732,78390,81852,81600,
magreb_mimage6prime,magreb,unspecified,expert,1449,graded,"probabilities to native, bilinear, then thresholded",0.620828,0.652646,0.675587,0.654934,0.726818,0.759959,46400,83519,54272,75303,
magreb_mimage8prime,magreb,unspecified,expert,1445,graded,"probabilities to native, bilinear, then thresholded",0.523030,0.567440,0.516961,0.483462,0.641321,0.661792,44185,77674,67059,82636,
magreb_mimage9prime,magreb,unspecified,expert,1428,graded,"probabilities to native, bilinear, then thresholded",0.471133,0.516797,0.550390,0.521272,0.622221,0.649356,30891,67429,61482,79583,
mbrset_1000_3,mbrset,unspecified,expert,1445,graded,"probabilities to native, bilinear, then thresholded",0.420677,0.449642,0.479155,0.475493,0.585289,0.609430,51302,42473,76045,91993,
mbrset_1005_1,mbrset,unspecified,expert,1445,graded,"probabilities to native, bilinear, then thresholded",0.238598,0.266210,0.272965,0.319299,0.346127,0.391407,20618,22309,82652,81140,
mbrset_1009_3,mbrset,unspecified,expert,1445,graded,"probabilities to native, bilinear, then thresholded",0.453754,0.433108,0.310175,0.305013,0.436593,0.447843,35476,28103,73376,106550,
mbrset_100_3,mbrset,unspecified,expert,1449,graded,"probabilities to native, bilinear, then thresholded",0.136629,0.105736,0.143398,0.141497,0.167405,0.164255,9201,13602,65805,79956,
mbrset_1011_3,mbrset,unspecified,expert,1445,graded,"probabilities to native, bilinear, then thresholded",0.536097,0.547393,0.323203,0.342817,0.571214,0.617197,48350,22612,67935,59751,
mbrset_1015_3,mbrset,unspecified,expert,1443,graded,"probabilities to native, bilinear, then thresholded",0.551571,0.589029,0.630508,0.616535,0.651123,0.681062,43785,71378,77592,88490,
mbrset_1016_1,mbrset,unspecified,expert,1443,graded,"probabilities to native, bilinear, then thresholded",0.498855,0.486938,0.516566,0.525646,0.580401,0.590963,35731,36972,72593,66310,
mbrset_1017_3,mbrset,unspecified,expert,1445,graded,"probabilities to native, bilinear, then thresholded",0.380775,0.361176,0.359840,0.334567,0.501835,0.498131,35103,38912,78602,82831,
mbrset_1018_1,mbrset,unspecified,expert,1446,graded,"probabilities to native, bilinear, then thresholded",0.414928,0.413598,0.436907,0.343035,0.542494,0.523779,26437,30217,45966,69406,
mbrset_1019_3,mbrset,unspecified,expert,1442,graded,"probabilities to native, bilinear, then thresholded",0.479698,0.476346,0.562371,0.551462,0.570325,0.571642,35385,49454,79408,79308,
mbrset_1020_3,mbrset,unspecified,expert,1445,graded,"probabilities to native, bilinear, then thresholded",0.497486,0.469694,0.527735,0.498303,0.611929,0.606359,39588,49121,66811,79686,
mbrset_1025_1,mbrset,unspecified,expert,1444,graded,"probabilities to native, bilinear, then thresholded",0.440334,0.450867,0.508493,0.442387,0.605806,0.604946,36484,48903,57849,75964,
mbrset_1027_3,mbrset,unspecified,expert,1445,graded,"probabilities to native, bilinear, then thresholded",0.396726,0.374038,0.409100,0.403421,0.536771,0.539330,35864,34262,53190,80380,
mbrset_1029_3,mbrset,unspecified,expert,1445,graded,"probabilities to native, bilinear, then thresholded",0.325863,0.339288,0.359068,0.365008,0.407243,0.442207,20842,24309,50998,78641,
mbrset_1031_1,mbrset,unspecified,expert,1445,graded,"probabilities to native, bilinear, then thresholded",0.573618,0.590706,0.633478,0.634038,0.661718,0.681251,41582,86333,78212,88227,
mbrset_1053_1,mbrset,unspecified,expert,1443,graded,"probabilities to native, bilinear, then thresholded",0.486847,0.473360,0.425500,0.450372,0.503214,0.544848,36521,54551,53195,94389,
mbrset_1060_1,mbrset,unspecified,expert,1445,graded,"probabilities to native, bilinear, then thresholded",0.277351,0.301926,0.378545,0.361817,0.466760,0.473172,19636,46842,57746,59671,
mbrset_1098_1,mbrset,unspecified,expert,1447,graded,"probabilities to native, bilinear, then thresholded",0.351952,0.389731,0.436389,0.407481,0.600561,0.608821,31256,26192,42220,56766,
mbrset_10_3,mbrset,unspecified,expert,1445,graded,"probabilities to native, bilinear, then thresholded",0.391487,0.368607,0.412940,0.347959,0.487959,0.465454,29670,36409,70129,76542,
mbrset_110_1,mbrset,unspecified,expert,1438,graded,"probabilities to native, bilinear, then thresholded",0.262400,0.271037,0.211593,0.223547,0.332039,0.373655,18317,19666,58901,80640,
mbrset_215_3,mbrset,unspecified,expert,1445,graded,"probabilities to native, bilinear, then thresholded",0.357187,0.352567,0.297118,0.299501,0.390090,0.400040,15704,22013,56863,68934,
mbrset_227_1,mbrset,unspecified,expert,1446,graded,"probabilities to native, bilinear, then thresholded",0.445097,0.420250,0.438420,0.371338,0.525050,0.505991,24138,24068,45330,61763,
mbrset_257_1,mbrset,unspecified,expert,1443,graded,"probabilities to native, bilinear, then thresholded",0.266033,0.294181,0.473068,0.479935,0.464253,0.492020,18445,39457,66101,77338,
mbrset_258_3,mbrset,unspecified,expert,1446,graded,"probabilities to native, bilinear, then thresholded",0.544402,0.612796,0.601897,0.576757,0.633686,0.684578,57737,63608,98034,91588,
mbrset_280_3,mbrset,unspecified,expert,1441,graded,"probabilities to native, bilinear, then thresholded",0.567260,0.582844,0.524418,0.523273,0.615548,0.654449,55652,51292,70262,95999,
mbrset_285_3,mbrset,unspecified,expert,1446,graded,"probabilities to native, bilinear, then thresholded",0.593246,0.625498,0.650024,0.637087,0.671121,0.693356,37749,45580,60952,70145,
mbrset_4_1,mbrset,unspecified,expert,1446,graded,"probabilities to native, bilinear, then thresholded",0.302702,0.296397,0.329720,0.339490,0.456574,0.461703,22336,29449,47581,83174,
messidor_messidor20051019_38557_0100_pp,messidor,unspecified,expert,1383,graded,"probabilities to native, bilinear, then thresholded",0.673678,0.698346,0.704167,0.753437,0.748849,0.797784,72480,94296,65678,93367,
messidor_messidor20051020_43808_0100_pp,messidor,unspecified,expert,1383,graded,"probabilities to native, bilinear, then thresholded",0.676224,0.681123,0.708696,0.722291,0.751561,0.786376,75295,116651,79278,103720,
messidor_messidor20051020_43832_0100_pp,messidor,unspecified,expert,1383,graded,"probabilities to native, bilinear, then thresholded",0.711252,0.711266,0.731883,0.730867,0.761380,0.777125,74167,115180,79770,101453,
messidor_messidor20051020_43882_0100_pp,messidor,unspecified,expert,1387,graded,"probabilities to native, bilinear, then thresholded",0.683386,0.735260,0.705066,0.725227,0.761727,0.831286,110047,112637,87165,94504,
messidor_messidor20051020_43906_0100_pp,messidor,unspecified,expert,1386,graded,"probabilities to native, bilinear, then thresholded",0.711243,0.792410,0.703316,0.757253,0.754817,0.838123,98682,102550,76867,84629,
messidor_messidor20051020_44261_0100_pp,messidor,unspecified,expert,1384,graded,"probabilities to native, bilinear, then thresholded",0.673281,0.659808,0.701799,0.685150,0.763490,0.772475,87101,84284,86963,90239,
messidor_messidor20051020_44284_0100_pp,messidor,unspecified,expert,1385,graded,"probabilities to native, bilinear, then thresholded",0.754732,0.750069,0.741418,0.740272,0.779535,0.790204,89258,95087,91805,90034,
messidor_messidor20051020_44338_0100_pp,messidor,unspecified,expert,1384,graded,"probabilities to native, bilinear, then thresholded",0.648834,0.608770,0.691615,0.606895,0.769216,0.751861,76596,96053,83300,107144,
messidor_messidor20051020_44400_0100_pp,messidor,unspecified,expert,1383,graded,"probabilities to native, bilinear, then thresholded",0.600820,0.600761,0.674009,0.628320,0.761071,0.797323,69927,94047,71027,88906,
messidor_messidor20051020_44636_0100_pp,messidor,unspecified,expert,1384,graded,"probabilities to native, bilinear, then thresholded",0.677970,0.696945,0.645561,0.685811,0.735756,0.794888,79869,111491,79728,83716,
messidor_messidor20051020_44714_0100_pp,messidor,unspecified,expert,1382,graded,"probabilities to native, bilinear, then thresholded",0.710985,0.716548,0.738535,0.728799,0.780699,0.797240,92081,101655,92885,102005,
messidor_messidor20051020_44762_0100_pp,messidor,unspecified,expert,1383,graded,"probabilities to native, bilinear, then thresholded",0.724410,0.765054,0.755257,0.790136,0.773670,0.817953,81781,107454,77488,96924,
messidor_messidor20051020_44782_0100_pp,messidor,unspecified,expert,1383,graded,"probabilities to native, bilinear, then thresholded",0.727168,0.768810,0.738849,0.804037,0.774256,0.847921,82155,114488,75231,90317,
messidor_messidor20051020_44901_0100_pp,messidor,unspecified,expert,1382,graded,"probabilities to native, bilinear, then thresholded",0.747226,0.771605,0.753516,0.801025,0.780598,0.831074,65714,93474,66950,82156,
messidor_messidor20051020_44923_0100_pp,messidor,unspecified,expert,1383,graded,"probabilities to native, bilinear, then thresholded",0.692753,0.718586,0.737291,0.750418,0.759199,0.789887,72285,90908,72693,87708,
messidor_messidor20051020_44982_0100_pp,messidor,unspecified,expert,1384,graded,"probabilities to native, bilinear, then thresholded",0.697955,0.723691,0.715853,0.745413,0.772137,0.823806,79994,98237,82707,79481,
messidor_messidor20051020_45004_0100_pp,messidor,unspecified,expert,1385,graded,"probabilities to native, bilinear, then thresholded",0.669281,0.699996,0.683676,0.669180,0.757326,0.795265,81986,96124,83765,86562,
messidor_messidor20051020_45050_0100_pp,messidor,unspecified,expert,1385,graded,"probabilities to native, bilinear, then thresholded",0.648414,0.682856,0.744010,0.712748,0.747603,0.770129,63309,85195,57404,84120,
messidor_messidor20051020_45068_0100_pp,messidor,unspecified,expert,1385,graded,"probabilities to native, bilinear, then thresholded",0.655069,0.711508,0.710430,0.648700,0.744650,0.766187,61059,76191,50404,81992,
messidor_messidor20051020_45137_0100_pp,messidor,unspecified,expert,1384,graded,"probabilities to native, bilinear, then thresholded",0.726589,0.759194,0.750693,0.748737,0.788551,0.819905,102068,115257,86553,108704,
messidor_messidor20051020_52801_0100_pp,messidor,unspecified,expert,1383,graded,"probabilities to native, bilinear, then thresholded",0.687561,0.687889,0.761511,0.777062,0.777002,0.800367,75752,104892,71144,101931,
messidor_messidor20051020_53062_0100_pp,messidor,unspecified,expert,1382,graded,"probabilities to native, bilinear, then thresholded",0.699089,0.706311,0.729673,0.710871,0.771833,0.789097,84863,115853,86789,101269,
messidor_messidor20051020_53178_0100_pp,messidor,unspecified,expert,1382,graded,"probabilities to native, bilinear, then thresholded",0.695288,0.686572,0.683551,0.669855,0.726211,0.730833,75079,105021,84357,101366,
messidor_messidor20051020_56592_0100_pp,messidor,unspecified,expert,1384,graded,"probabilities to native, bilinear, then thresholded",0.697465,0.724400,0.710880,0.759639,0.760594,0.815037,88809,96062,84599,84503,
messidor_messidor20051020_56791_0100_pp,messidor,unspecified,expert,1384,graded,"probabilities to native, bilinear, then thresholded",0.695064,0.680689,0.755945,0.757355,0.785061,0.810913,80736,101203,78858,97404,
messidor_messidor20051020_57157_0100_pp,messidor,unspecified,expert,1384,graded,"probabilities to native, bilinear, then thresholded",0.714693,0.756013,0.744280,0.755058,0.785880,0.825033,91816,102741,81268,98315,
messidor_messidor20051020_57566_0100_pp,messidor,unspecified,expert,1383,graded,"probabilities to native, bilinear, then thresholded",0.715577,0.757931,0.743657,0.758597,0.789094,0.844748,96077,111285,83993,100342,
messidor_messidor20051020_57622_0100_pp,messidor,unspecified,expert,1382,graded,"probabilities to native, bilinear, then thresholded",0.669928,0.681417,0.763546,0.751425,0.783502,0.795423,93390,122299,84238,116589,
messidor_messidor20051020_57761_0100_pp,messidor,unspecified,expert,1386,graded,"probabilities to native, bilinear, then thresholded",0.681085,0.722109,0.723682,0.755989,0.765590,0.824352,79158,95672,77125,94978,
messidor_messidor20051020_58065_0100_pp,messidor,unspecified,expert,1383,graded,"probabilities to native, bilinear, then thresholded",0.631719,0.604678,0.682197,0.671160,0.729648,0.746192,59018,62927,72246,70533,
messidor_messidor20051020_61757_0100_pp,messidor,unspecified,expert,1384,graded,"probabilities to native, bilinear, then thresholded",0.697634,0.690548,0.768016,0.784887,0.789040,0.808560,73442,104817,73747,104853,
messidor_messidor20051020_61804_0100_pp,messidor,unspecified,expert,1381,graded,"probabilities to native, bilinear, then thresholded",0.668335,0.687671,0.753793,0.749922,0.771673,0.794500,76685,106512,74802,105135,
messidor_messidor20051020_62014_0100_pp,messidor,unspecified,expert,1381,graded,"probabilities to native, bilinear, then thresholded",0.515104,0.504964,0.605475,0.586318,0.608321,0.599961,31737,82484,64496,71534,
messidor_messidor20051020_62337_0100_pp,messidor,unspecified,expert,1383,graded,"probabilities to native, bilinear, then thresholded",0.683750,0.703715,0.699225,0.658353,0.771246,0.804075,77180,78151,68502,83977,
messidor_messidor20051020_62461_0100_pp,messidor,unspecified,expert,1388,graded,"probabilities to native, bilinear, then thresholded",0.698170,0.734814,0.692016,0.692537,0.761006,0.808387,82431,84943,78335,80585,
messidor_messidor20051020_62510_0100_pp,messidor,unspecified,expert,1389,graded,"probabilities to native, bilinear, then thresholded",0.724876,0.767050,0.699236,0.705092,0.773946,0.824070,84479,84343,79033,79367,
messidor_messidor20051020_62577_0100_pp,messidor,unspecified,expert,1384,graded,"probabilities to native, bilinear, then thresholded",0.649447,0.627217,0.734263,0.704415,0.767840,0.775360,88787,106926,86439,105698,
messidor_messidor20051020_62615_0100_pp,messidor,unspecified,expert,1384,graded,"probabilities to native, bilinear, then thresholded",0.715785,0.741253,0.754586,0.760144,0.788833,0.823264,92164,114458,86071,105318,
messidor_messidor20051020_62878_0100_pp,messidor,unspecified,expert,1384,graded,"probabilities to native, bilinear, then thresholded",0.675948,0.677451,0.708007,0.651709,0.775866,0.774863,75896,78069,73003,86853,
messidor_messidor20051020_63045_0100_pp,messidor,unspecified,expert,1383,graded,"probabilities to native, bilinear, then thresholded",0.715426,0.747707,0.725916,0.702196,0.781451,0.800668,74139,86432,70094,82582,
messidor_messidor20051020_63337_0100_pp,messidor,unspecified,expert,1384,graded,"probabilities to native, bilinear, then thresholded",0.736146,0.789624,0.708623,0.741832,0.764735,0.823182,90687,97813,84512,82249,
messidor_messidor20051020_63711_0100_pp,messidor,unspecified,expert,1383,graded,"probabilities to native, bilinear, then thresholded",0.730582,0.763432,0.729376,0.753355,0.775141,0.822451,89709,107515,84533,97644,
messidor_messidor20051020_63829_0100_pp,messidor,unspecified,expert,1383,graded,"probabilities to native, bilinear, then thresholded",0.708269,0.738555,0.739186,0.787556,0.767066,0.817620,85762,113400,83202,97467,
messidor_messidor20051020_63936_0100_pp,messidor,unspecified,expert,1382,graded,"probabilities to native, bilinear, then thresholded",0.693950,0.671221,0.739033,0.731876,0.771766,0.778101,71219,105504,83697,93724,
messidor_messidor20051020_64007_0100_pp,messidor,unspecified,expert,1384,graded,"probabilities to native, bilinear, then thresholded",0.640806,0.669217,0.698749,0.651611,0.750314,0.767340,79638,97410,70888,98211,
messidor_messidor20051020_64388_0100_pp,messidor,unspecified,expert,1385,graded,"probabilities to native, bilinear, then thresholded",0.732182,0.793340,0.733715,0.803729,0.777424,0.858177,85085,95800,72862,82580,
messidor_messidor20051020_64518_0100_pp,messidor,unspecified,expert,1386,graded,"probabilities to native, bilinear, then thresholded",0.689150,0.684718,0.729292,0.735757,0.762939,0.782062,67483,92979,72710,93325,
messidor_messidor20051020_64570_0100_pp,messidor,unspecified,expert,1386,graded,"probabilities to native, bilinear, then thresholded",0.719388,0.749949,0.746866,0.786656,0.765886,0.810856,71424,98282,76549,89599,
messidor_messidor20051020_64653_0100_pp,messidor,unspecified,expert,1384,graded,"probabilities to native, bilinear, then thresholded",0.648108,0.632273,0.672169,0.640759,0.697722,0.684991,60412,126833,80543,106894,
messidor_messidor20051020_64703_0100_pp,messidor,unspecified,expert,1385,graded,"probabilities to native, bilinear, then thresholded",0.661206,0.630038,0.684305,0.667494,0.718830,0.711941,60267,125980,76846,103219,
messidor_messidor20051020_64836_0100_pp,messidor,unspecified,expert,1382,graded,"probabilities to native, bilinear, then thresholded",0.656405,0.675642,0.665003,0.650540,0.712022,0.724674,56142,110350,71968,90786,
messidor_messidor20051020_64945_0100_pp,messidor,unspecified,expert,1384,graded,"probabilities to native, bilinear, then thresholded",0.704649,0.729173,0.718037,0.751869,0.750985,0.794668,88833,112978,80684,102192,
messidor_messidor20051021_36380_0100_pp,messidor,unspecified,expert,1384,graded,"probabilities to native, bilinear, then thresholded",0.587006,0.634209,0.730668,0.760593,0.741474,0.787239,57009,82822,59644,82372,
messidor_messidor20051021_36476_0100_pp,messidor,unspecified,expert,1383,graded,"probabilities to native, bilinear, then thresholded",0.662319,0.679308,0.746803,0.779541,0.742424,0.771086,54862,100518,63658,90748,
messidor_messidor20051021_39222_0100_pp,messidor,unspecified,expert,1385,graded,"probabilities to native, bilinear, then thresholded",0.690380,0.737035,0.751572,0.739876,0.774899,0.812754,76807,94620,79843,92356,
messidor_messidor20051021_39314_0100_pp,messidor,unspecified,expert,1387,graded,"probabilities to native, bilinear, then thresholded",0.733173,0.757537,0.757761,0.792181,0.791853,0.845912,78859,107750,73558,92994,
messidor_messidor20051021_39661_0100_pp,messidor,unspecified,expert,1384,graded,"probabilities to native, bilinear, then thresholded",0.686014,0.695912,0.686628,0.682418,0.813687,0.850296,113032,104963,107666,97292,
messidor_messidor20051021_39719_0100_pp,messidor,unspecified,expert,1383,graded,"probabilities to native, bilinear, then thresholded",0.751627,0.770024,0.745455,0.741373,0.798518,0.821599,112430,110131,108331,106322,
messidor_messidor20051021_39845_0100_pp,messidor,unspecified,expert,1382,graded,"probabilities to native, bilinear, then thresholded",0.660178,0.670973,0.671769,0.682990,0.730475,0.762571,80822,105657,88917,94251,
messidor_messidor20051021_40018_0100_pp,messidor,unspecified,expert,1382,graded,"probabilities to native, bilinear, then thresholded",0.680535,0.705997,0.692059,0.677894,0.764607,0.789991,71854,98579,80000,87937,
messidor_messidor20051021_40074_0100_pp,messidor,unspecified,expert,1383,graded,"probabilities to native, bilinear, then thresholded",0.715988,0.742507,0.728000,0.754506,0.775278,0.827435,84540,102347,84108,83065,
messidor_messidor20051021_40248_0100_pp,messidor,unspecified,expert,1384,graded,"probabilities to native, bilinear, then thresholded",0.624598,0.620315,0.679879,0.668292,0.732205,0.747775,68220,66317,72946,80209,
messidor_messidor20051021_40377_0100_pp,messidor,unspecified,expert,1385,graded,"probabilities to native, bilinear, then thresholded",0.701689,0.668579,0.729473,0.680533,0.770281,0.750906,74437,92845,81102,90671,
messidor_messidor20051021_40450_0100_pp,messidor,unspecified,expert,1384,graded,"probabilities to native, bilinear, then thresholded",0.738415,0.745329,0.755414,0.739108,0.786218,0.800568,74964,90832,75878,91783,
messidor_messidor20051021_51418_0100_pp,messidor,unspecified,expert,1384,graded,"probabilities to native, bilinear, then thresholded",0.596853,0.614171,0.713466,0.667268,0.715218,0.710059,56568,101280,83443,103153,
messidor_messidor20051021_51561_0100_pp,messidor,unspecified,expert,1384,graded,"probabilities to native, bilinear, then thresholded",0.719401,0.743047,0.734377,0.757142,0.788456,0.846174,82927,106088,78638,86478,
papila_ret002od,papila,unspecified,expert,1448,graded,"probabilities to native, bilinear, then thresholded",0.193585,0.195398,0.453363,0.425678,0.373095,0.371390,11135,49345,87633,94156,
papila_ret004os,papila,unspecified,expert,1448,graded,"probabilities to native, bilinear, then thresholded",0.353500,0.395780,0.508945,0.544774,0.489806,0.556093,28698,45227,86821,87801,
papila_ret006od,papila,unspecified,expert,1448,graded,"probabilities to native, bilinear, then thresholded",0.001423,0.002719,0.090794,0.122207,0.056778,0.076891,42,22295,58980,61191,
papila_ret007os,papila,unspecified,expert,1448,graded,"probabilities to native, bilinear, then thresholded",0.495112,0.480071,0.585921,0.565365,0.621358,0.632971,50116,72930,114380,105927,
papila_ret008od,papila,unspecified,expert,1448,graded,"probabilities to native, bilinear, then thresholded",0.000000,0.000000,0.036806,0.047566,0.021924,0.027896,0,27910,78665,80007,
papila_ret015os,papila,unspecified,expert,1449,graded,"probabilities to native, bilinear, then thresholded",0.410188,0.441610,0.553493,0.586494,0.540268,0.588000,33156,45475,79997,92720,
papila_ret016os,papila,unspecified,expert,1447,graded,"probabilities to native, bilinear, then thresholded",0.000000,0.000000,0.007850,0.011554,0.005110,0.007693,0,20510,58877,83698,
papila_ret018os,papila,unspecified,expert,1449,graded,"probabilities to native, bilinear, then thresholded",0.273655,0.320705,0.332214,0.402129,0.346506,0.412509,15428,45569,83083,95226,
papila_ret019os,papila,unspecified,expert,1448,graded,"probabilities to native, bilinear, then thresholded",0.036281,0.076029,0.158452,0.236515,0.106447,0.163450,1385,8239,72537,81618,
papila_ret020od,papila,unspecified,expert,1448,graded,"probabilities to native, bilinear, then thresholded",0.000000,0.000000,0.056883,0.088301,0.034846,0.049901,0,24577,56322,59244,
papila_ret021os,papila,unspecified,expert,1448,graded,"probabilities to native, bilinear, then thresholded",0.287950,0.314892,0.649012,0.627291,0.535875,0.539308,19854,51580,92075,80513,
papila_ret023od,papila,unspecified,expert,1449,graded,"probabilities to native, bilinear, then thresholded",0.437482,0.484232,0.412642,0.437743,0.504906,0.576740,31894,26303,59584,66945,
papila_ret026od,papila,unspecified,expert,1448,graded,"probabilities to native, bilinear, then thresholded",0.289068,0.345222,0.523823,0.549774,0.460025,0.507787,14440,47371,70592,89091,
papila_ret038od,papila,unspecified,expert,1448,graded,"probabilities to native, bilinear, then thresholded",0.420238,0.400328,0.541685,0.483428,0.571008,0.547573,39132,68174,98747,99595,
papila_ret041od,papila,unspecified,expert,1448,graded,"probabilities to native, bilinear, then thresholded",0.126789,0.143041,0.260309,0.261732,0.259152,0.287117,5520,31141,70985,78060,
papila_ret044os,papila,unspecified,expert,1448,graded,"probabilities to native, bilinear, then thresholded",0.037867,0.047139,0.411567,0.432988,0.279401,0.309730,2331,26569,63796,70154,
papila_ret047od,papila,unspecified,expert,1448,graded,"probabilities to native, bilinear, then thresholded",0.330585,0.380122,0.519993,0.505721,0.468644,0.507189,18695,28684,64255,55544,
papila_ret048od,papila,unspecified,expert,1449,graded,"probabilities to native, bilinear, then thresholded",0.125186,0.165591,0.240096,0.271862,0.225404,0.278027,4735,19879,58946,74833,
papila_ret050od,papila,unspecified,expert,1448,graded,"probabilities to native, bilinear, then thresholded",0.334759,0.396890,0.372972,0.420095,0.375779,0.436614,21695,29494,85839,92692,
papila_ret053os,papila,unspecified,expert,1449,graded,"probabilities to native, bilinear, then thresholded",0.000000,0.000000,0.000496,0.000000,0.001015,0.001094,0,25694,56008,58960,
papila_ret056os,papila,unspecified,expert,1448,graded,"probabilities to native, bilinear, then thresholded",0.000000,0.000000,0.062543,0.080746,0.039623,0.049898,0,22675,54508,65552,
papila_ret057od,papila,unspecified,expert,1449,graded,"probabilities to native, bilinear, then thresholded",0.242799,0.355420,0.482332,0.486960,0.417453,0.496686,16051,46743,88974,93227,
papila_ret062od,papila,unspecified,expert,1448,graded,"probabilities to native, bilinear, then thresholded",0.025886,0.020532,0.054006,0.082707,0.050626,0.067223,1209,20477,87101,81548,
papila_ret064os,papila,unspecified,expert,1448,graded,"probabilities to native, bilinear, then thresholded",0.202601,0.321358,0.514864,0.547819,0.445502,0.534618,12842,37048,78273,79981,
papila_ret067os,papila,unspecified,expert,1448,graded,"probabilities to native, bilinear, then thresholded",0.274941,0.262981,0.442001,0.415331,0.421549,0.437028,19662,58790,92835,105463,
papila_ret073os,papila,unspecified,expert,1449,graded,"probabilities to native, bilinear, then thresholded",0.000000,0.000000,0.016246,0.017485,0.009730,0.010520,0,22173,69009,62032,
papila_ret074od,papila,unspecified,expert,1448,graded,"probabilities to native, bilinear, then thresholded",0.079420,0.113159,0.349088,0.356066,0.282325,0.320486,5383,29930,55685,63840,
papila_ret077os,papila,unspecified,expert,1448,graded,"probabilities to native, bilinear, then thresholded",0.100048,0.122192,0.462104,0.446278,0.324600,0.323366,5364,44112,73518,77008,
papila_ret079od,papila,unspecified,expert,1448,graded,"probabilities to native, bilinear, then thresholded",0.091451,0.136674,0.172623,0.186918,0.165382,0.210994,6325,22683,94232,93107,
papila_ret081od,papila,unspecified,expert,1448,graded,"probabilities to native, bilinear, then thresholded",0.363872,0.441836,0.583448,0.533440,0.514179,0.525561,24693,55528,84252,94374,
papila_ret084os,papila,unspecified,expert,1448,graded,"probabilities to native, bilinear, then thresholded",0.000000,0.000000,0.012756,0.028104,0.007487,0.017801,0,7528,54997,65850,
papila_ret088od,papila,unspecified,expert,1448,graded,"probabilities to native, bilinear, then thresholded",0.025240,0.040227,0.080257,0.106209,0.055181,0.072604,815,18661,63764,58940,
papila_ret089od,papila,unspecified,expert,1448,graded,"probabilities to native, bilinear, then thresholded",0.264232,0.321103,0.517316,0.493455,0.461005,0.483610,13346,33739,59204,65531,
papila_ret090od,papila,unspecified,expert,1448,graded,"probabilities to native, bilinear, then thresholded",0.113324,0.136240,0.397045,0.422958,0.289418,0.324916,5282,22833,63018,62049,
papila_ret091os,papila,unspecified,expert,1448,graded,"probabilities to native, bilinear, then thresholded",0.044466,0.063604,0.198457,0.199895,0.140137,0.155351,1367,17369,60118,74016,
papila_ret092os,papila,unspecified,expert,1448,graded,"probabilities to native, bilinear, then thresholded",0.357086,0.406946,0.596840,0.616857,0.528456,0.552511,15723,41881,59945,66979,
papila_ret096od,papila,unspecified,expert,1448,graded,"probabilities to native, bilinear, then thresholded",0.046016,0.062229,0.154477,0.170729,0.115093,0.137853,1734,28338,66546,69463,
papila_ret101od,papila,unspecified,expert,1448,graded,"probabilities to native, bilinear, then thresholded",0.032974,0.048622,0.146866,0.169555,0.103651,0.125985,1402,32604,81998,89276,
papila_ret102od,papila,unspecified,expert,1448,graded,"probabilities to native, bilinear, then thresholded",0.357435,0.335740,0.570328,0.571540,0.509777,0.514052,22489,54127,79717,91789,
papila_ret104os,papila,unspecified,expert,1448,graded,"probabilities to native, bilinear, then thresholded",0.133829,0.086221,0.239754,0.279771,0.228326,0.229999,10503,30380,100280,76071,
papila_ret105os,papila,unspecified,expert,1448,graded,"probabilities to native, bilinear, then thresholded",0.000000,0.000000,0.021890,0.048660,0.012529,0.025711,0,845,60199,76176,
papila_ret113os,papila,unspecified,expert,1448,graded,"probabilities to native, bilinear, then thresholded",0.004679,0.007518,0.033100,0.047435,0.025044,0.036750,160,22263,67380,76105,
papila_ret114os,papila,unspecified,expert,1448,graded,"probabilities to native, bilinear, then thresholded",0.221077,0.221631,0.397108,0.432581,0.352350,0.390652,12053,27961,70009,90450,
papila_ret120od,papila,unspecified,expert,1448,graded,"probabilities to native, bilinear, then thresholded",0.158538,0.177742,0.356910,0.328818,0.295115,0.303251,8767,46090,81773,87333,
papila_ret133od,papila,unspecified,expert,1448,graded,"probabilities to native, bilinear, then thresholded",0.000000,0.000000,0.010265,0.021326,0.006281,0.013311,7,24369,79470,70513,
papila_ret140os,papila,unspecified,expert,1448,graded,"probabilities to native, bilinear, then thresholded",0.049536,0.052340,0.106733,0.106909,0.096286,0.110260,3569,29512,87031,79695,
papila_ret146od,papila,unspecified,expert,1448,graded,"probabilities to native, bilinear, then thresholded",0.121253,0.172649,0.354966,0.369767,0.259558,0.303196,7857,38278,103464,80708,
papila_ret155os,papila,unspecified,expert,1448,graded,"probabilities to native, bilinear, then thresholded",0.127079,0.145976,0.363950,0.375286,0.314295,0.350138,9390,49948,82222,95929,
papila_ret168os,papila,unspecified,expert,1447,graded,"probabilities to native, bilinear, then thresholded",0.000000,0.000000,0.001147,0.000000,0.000783,0.000000,0,24396,75445,88935,
papila_ret171os,papila,unspecified,expert,1447,graded,"probabilities to native, bilinear, then thresholded",0.000000,0.000000,0.001417,0.000000,0.001129,0.000000,0,21751,66098,58705,
papila_ret172od,papila,unspecified,expert,1448,graded,"probabilities to native, bilinear, then thresholded",0.028747,0.037150,0.203319,0.238877,0.134974,0.155425,1235,33556,84479,85154,
papila_ret174os,papila,unspecified,expert,1448,graded,"probabilities to native, bilinear, then thresholded",0.186731,0.207301,0.470993,0.436067,0.379350,0.378376,10531,57278,84847,83998,
papila_ret177os,papila,unspecified,expert,1449,graded,"probabilities to native, bilinear, then thresholded",0.044007,0.076541,0.088384,0.120590,0.085775,0.132056,2485,21145,85683,75501,
papila_ret178os,papila,unspecified,expert,1449,graded,"probabilities to native, bilinear, then thresholded",0.002099,0.000000,0.218453,0.255610,0.139188,0.174062,250,33237,82657,78201,
papila_ret180od,papila,unspecified,expert,1448,graded,"probabilities to native, bilinear, then thresholded",0.201730,0.210670,0.294202,0.347687,0.289823,0.353120,16065,35535,99228,88679,
papila_ret181os,papila,unspecified,expert,1448,graded,"probabilities to native, bilinear, then thresholded",0.196560,0.111209,0.366176,0.373608,0.323478,0.312576,14884,55261,88189,84273,
papila_ret184od,papila,unspecified,expert,1448,graded,"probabilities to native, bilinear, then thresholded",0.218671,0.268183,0.390600,0.501801,0.340157,0.426352,9897,25818,69885,83332,
papila_ret193os,papila,unspecified,expert,1448,graded,"probabilities to native, bilinear, then thresholded",0.003954,0.008347,0.186338,0.248638,0.109243,0.144613,1216,21604,84271,81810,
papila_ret203od,papila,unspecified,expert,1449,graded,"probabilities to native, bilinear, then thresholded",0.183288,0.213393,0.258179,0.345062,0.276653,0.364276,9942,26523,77396,87460,
papila_ret204os,papila,unspecified,expert,1449,graded,"probabilities to native, bilinear, then thresholded",0.302859,0.410157,0.454445,0.595183,0.404646,0.537858,22664,34066,105059,96018,
papila_ret208od,papila,unspecified,expert,1449,graded,"probabilities to native, bilinear, then thresholded",0.536376,0.545274,0.613800,0.580462,0.610468,0.604500,40292,68320,87898,101566,
papila_ret225od,papila,unspecified,expert,1448,graded,"probabilities to native, bilinear, then thresholded",0.132922,0.156906,0.120986,0.142411,0.125360,0.144332,5958,15282,73367,82068,
papila_ret228os,papila,unspecified,expert,1449,graded,"probabilities to native, bilinear, then thresholded",0.431404,0.471301,0.625396,0.646453,0.594393,0.632068,34973,62756,98526,88940,
papila_ret229od,papila,unspecified,expert,1448,graded,"probabilities to native, bilinear, then thresholded",0.000000,0.000000,0.000104,0.000000,0.000062,0.000000,0,18674,54170,57962,
papila_ret232os,papila,unspecified,expert,1449,graded,"probabilities to native, bilinear, then thresholded",0.145613,0.153169,0.343048,0.359550,0.291059,0.321833,7726,23385,76099,102924,
papila_ret233os,papila,unspecified,expert,1449,graded,"probabilities to native, bilinear, then thresholded",0.218503,0.254527,0.426538,0.455737,0.375756,0.415571,11172,26377,68662,79311,
papila_ret235os,papila,unspecified,expert,1448,graded,"probabilities to native, bilinear, then thresholded",0.080557,0.044650,0.285604,0.291804,0.209023,0.214052,6476,39990,98121,97039,
papila_ret241od,papila,unspecified,expert,1448,graded,"probabilities to native, bilinear, then thresholded",0.203024,0.255562,0.489974,0.460187,0.435889,0.437807,17842,63669,90480,100099,
papila_ret246od,papila,unspecified,expert,1448,graded,"probabilities to native, bilinear, then thresholded",0.000000,0.000000,0.045742,0.063321,0.027055,0.037065,0,22497,71779,71902,
papila_ret248od,papila,unspecified,expert,1449,graded,"probabilities to native, bilinear, then thresholded",0.215154,0.223188,0.468691,0.452775,0.430971,0.444707,9787,34095,65917,64008,
papila_ret258od,papila,unspecified,expert,1448,graded,"probabilities to native, bilinear, then thresholded",0.213937,0.179521,0.450119,0.417989,0.395946,0.390593,15921,66819,93186,113822,
papila_ret260os,papila,unspecified,expert,1449,graded,"probabilities to native, bilinear, then thresholded",0.392165,0.458189,0.422703,0.462308,0.477223,0.557453,32179,41904,107456,96420,
papila_ret266od,papila,unspecified,expert,1448,graded,"probabilities to native, bilinear, then thresholded",0.000000,0.000000,0.056557,0.083331,0.037848,0.050207,0,27978,73578,100635,
papila_ret269od,papila,unspecified,expert,1448,graded,"probabilities to native, bilinear, then thresholded",0.084999,0.122998,0.218950,0.256899,0.192336,0.252584,4762,32527,82510,88021,
papila_ret271os,papila,unspecified,expert,1447,graded,"probabilities to native, bilinear, then thresholded",0.004970,0.002362,0.034637,0.076803,0.029103,0.057519,742,25905,84967,92929,
papila_ret273os,papila,unspecified,expert,1449,graded,"probabilities to native, bilinear, then thresholded",0.508721,0.546439,0.638271,0.596930,0.639978,0.678211,39913,58482,82555,91304,
papila_ret276od,papila,unspecified,expert,1448,graded,"probabilities to native, bilinear, then thresholded",0.455674,0.433338,0.589322,0.568881,0.596445,0.596621,35235,55383,87875,81734,
papila_ret277od,papila,unspecified,expert,1449,graded,"probabilities to native, bilinear, then thresholded",0.117519,0.134034,0.216493,0.227896,0.191028,0.206053,6181,33263,62523,65299,
trend_11_l,trend,unspecified,expert,2177,graded,"probabilities to native, bilinear, then thresholded",0.380025,0.373241,0.662737,0.614202,0.598470,0.569432,55267,119074,137531,128940,
trend_15_l,trend,unspecified,expert,2177,graded,"probabilities to native, bilinear, then thresholded",0.518144,0.507949,0.623417,0.594919,0.649347,0.666899,111590,156999,159651,172007,
trend_16_r,trend,unspecified,expert,2177,graded,"probabilities to native, bilinear, then thresholded",0.588263,0.617761,0.679590,0.657875,0.697177,0.717964,109693,126207,147964,143994,
trend_17_l,trend,unspecified,expert,2177,graded,"probabilities to native, bilinear, then thresholded",0.580902,0.636037,0.619000,0.582744,0.665944,0.693855,128535,152064,171085,162702,
trend_17_r,trend,unspecified,expert,2177,graded,"probabilities to native, bilinear, then thresholded",0.568418,0.546872,0.667644,0.669736,0.691247,0.710994,128070,164631,173926,163430,
trend_1_l,trend,unspecified,expert,2177,graded,"probabilities to native, bilinear, then thresholded",0.468030,0.414738,0.525404,0.440853,0.568949,0.516338,107898,119783,153688,161726,
trend_20_l,trend,unspecified,expert,2177,graded,"probabilities to native, bilinear, then thresholded",0.552589,0.581756,0.537188,0.487135,0.606067,0.624964,86638,98705,90926,127726,
trend_22_r,trend,unspecified,expert,2177,graded,"probabilities to native, bilinear, then thresholded",0.582774,0.560017,0.705352,0.599168,0.733696,0.702314,96240,145963,128499,165419,
trend_23_r,trend,unspecified,expert,2177,graded,"probabilities to native, bilinear, then thresholded",0.521150,0.468650,0.608499,0.530913,0.616813,0.565389,69821,103322,128241,150841,
trend_24_l,trend,unspecified,expert,2177,graded,"probabilities to native, bilinear, then thresholded",0.500869,0.506391,0.641404,0.648071,0.636112,0.648594,68005,114468,116674,144118,
trend_24_r,trend,unspecified,expert,2177,graded,"probabilities to native, bilinear, then thresholded",0.482174,0.511730,0.646506,0.634871,0.637959,0.660890,69253,110486,123972,142112,
trend_25_r,trend,unspecified,expert,2177,graded,"probabilities to native, bilinear, then thresholded",0.497522,0.499590,0.521874,0.501580,0.621214,0.628559,112907,134351,141124,163119,
trend_26_l,trend,unspecified,expert,2177,graded,"probabilities to native, bilinear, then thresholded",0.553949,0.498398,0.661539,0.588835,0.670464,0.628966,114594,138082,168515,180475,
trend_26_r,trend,unspecified,expert,2177,graded,"probabilities to native, bilinear, then thresholded",0.512220,0.421300,0.648806,0.566620,0.625188,0.549367,93607,128030,142026,147889,
trend_28_r,trend,unspecified,expert,2177,graded,"probabilities to native, bilinear, then thresholded",0.525363,0.522845,0.630159,0.536563,0.631174,0.597335,117811,159031,182149,221168,
trend_2_r,trend,unspecified,expert,2177,graded,"probabilities to native, bilinear, then thresholded",0.455781,0.414462,0.545534,0.437356,0.564355,0.508732,67381,93253,133075,145790,
trend_30_r,trend,unspecified,expert,2177,graded,"probabilities to native, bilinear, then thresholded",0.444514,0.449125,0.580541,0.562003,0.602824,0.612445,107625,186649,127283,177894,
trend_31_r,trend,unspecified,expert,2177,graded,"probabilities to native, bilinear, then thresholded",0.404458,0.414272,0.511805,0.529964,0.529536,0.551588,87728,130751,114177,160047,
trend_32_r,trend,unspecified,expert,2177,graded,"probabilities to native, bilinear, then thresholded",0.494939,0.450431,0.512444,0.484350,0.546790,0.527605,81494,112979,135256,142167,
trend_33_l,trend,unspecified,expert,2177,graded,"probabilities to native, bilinear, then thresholded",0.589515,0.524585,0.657931,0.631660,0.699070,0.678595,127712,160254,166818,207055,
trend_33_r,trend,unspecified,expert,2177,graded,"probabilities to native, bilinear, then thresholded",0.558375,0.559770,0.672522,0.644031,0.666549,0.664403,112897,178053,146624,192787,
trend_35_l,trend,unspecified,expert,2177,graded,"probabilities to native, bilinear, then thresholded",0.596247,0.529698,0.641032,0.552892,0.684508,0.622908,120707,128710,192358,164592,
trend_37_l,trend,unspecified,expert,2177,graded,"probabilities to native, bilinear, then thresholded",0.552894,0.537231,0.597379,0.512073,0.637536,0.609431,90921,130618,146553,167732,
trend_38_l,trend,unspecified,expert,2177,graded,"probabilities to native, bilinear, then thresholded",0.394432,0.377928,0.496664,0.419084,0.531887,0.489153,57182,97558,154388,194716,
trend_38_r,trend,unspecified,expert,2177,graded,"probabilities to native, bilinear, then thresholded",0.530856,0.494162,0.641279,0.603424,0.649076,0.628024,97444,152036,178333,178859,
trend_39_l,trend,unspecified,expert,2177,graded,"probabilities to native, bilinear, then thresholded",0.469107,0.478483,0.601886,0.583002,0.641085,0.651850,101740,169078,166668,182201,
trend_39_r,trend,unspecified,expert,2177,graded,"probabilities to native, bilinear, then thresholded",0.570121,0.564740,0.623339,0.596188,0.678109,0.683472,116514,171368,187604,183171,
trend_3_r,trend,unspecified,expert,2177,graded,"probabilities to native, bilinear, then thresholded",0.536359,0.571595,0.641770,0.604376,0.676960,0.693515,95471,160124,125519,174647,
trend_40_l,trend,unspecified,expert,2177,graded,"probabilities to native, bilinear, then thresholded",0.506766,0.524625,0.520421,0.512181,0.614182,0.618627,93169,112301,116774,120307,
trend_40_r,trend,unspecified,expert,2177,graded,"probabilities to native, bilinear, then thresholded",0.509472,0.512046,0.535308,0.451238,0.619375,0.580942,101585,100663,150158,139367,
trend_42_l,trend,unspecified,expert,2177,graded,"probabilities to native, bilinear, then thresholded",0.580831,0.578131,0.683181,0.593187,0.693531,0.661709,114578,136626,143108,156778,
trend_42_r,trend,unspecified,expert,2177,graded,"probabilities to native, bilinear, then thresholded",0.638958,0.666315,0.643071,0.583456,0.690785,0.690411,123558,130169,145721,167204,
trend_45_l,trend,unspecified,expert,2177,graded,"probabilities to native, bilinear, then thresholded",0.416078,0.417478,0.450022,0.433471,0.524296,0.517435,106717,107738,156426,150138,
trend_46_l,trend,unspecified,expert,2177,graded,"probabilities to native, bilinear, then thresholded",0.484874,0.442422,0.479034,0.446482,0.634983,0.628450,102786,120775,117358,149686,
trend_46_r,trend,unspecified,expert,2177,graded,"probabilities to native, bilinear, then thresholded",0.495367,0.457089,0.561092,0.452171,0.621910,0.585165,104577,122358,132952,164529,
trend_4_l,trend,unspecified,expert,2177,graded,"probabilities to native, bilinear, then thresholded",0.450999,0.415747,0.582663,0.515276,0.613368,0.581244,89352,108259,97602,121953,
trend_4_r,trend,unspecified,expert,2177,graded,"probabilities to native, bilinear, then thresholded",0.528656,0.499195,0.636508,0.629891,0.660397,0.664425,74378,116523,100208,122299,
trend_5_l,trend,unspecified,expert,2177,graded,"probabilities to native, bilinear, then thresholded",0.593429,0.558463,0.624127,0.498002,0.677176,0.613175,105619,129115,113531,177015,
trend_6_r,trend,unspecified,expert,2177,graded,"probabilities to native, bilinear, then thresholded",0.593917,0.602210,0.691198,0.662004,0.687349,0.688460,111194,168988,163154,196641,
trend_7_l,trend,unspecified,expert,2177,graded,"probabilities to native, bilinear, then thresholded",0.572279,0.566480,0.693710,0.708478,0.683825,0.694091,126467,189583,160900,182708,
trend_9_r,trend,unspecified,expert,2177,graded,"probabilities to native, bilinear, then thresholded",0.502061,0.533251,0.639916,0.550240,0.660571,0.638687,90385,127019,131847,179193,
trend_n10c_r,trend,unspecified,expert,2172,graded,"probabilities to native, bilinear, then thresholded",0.616550,0.613680,0.672950,0.645795,0.716341,0.729669,115349,146528,168482,141422,
trend_n11c_l,trend,unspecified,expert,2175,graded,"probabilities to native, bilinear, then thresholded",0.389993,0.419748,0.597823,0.602040,0.606491,0.634025,60252,155919,167152,177009,
trend_n11c_r,trend,unspecified,expert,2173,graded,"probabilities to native, bilinear, then thresholded",0.578594,0.614908,0.734790,0.726367,0.732620,0.765775,114331,183897,179139,179837,
trend_n3c_r,trend,unspecified,expert,2173,graded,"probabilities to native, bilinear, then thresholded",0.534998,0.519563,0.646730,0.573573,0.669362,0.634910,62494,108542,112460,134360,
trend_n4c_l,trend,unspecified,expert,2171,graded,"probabilities to native, bilinear, then thresholded",0.438123,0.449678,0.574570,0.535808,0.653114,0.674063,82732,154277,130811,157295,
trend_n5c_r,trend,unspecified,expert,2175,graded,"probabilities to native, bilinear, then thresholded",0.579168,0.575654,0.609341,0.565873,0.690203,0.674192,131286,197625,148153,191983,
trend_n9c_r,trend,unspecified,expert,2173,graded,"probabilities to native, bilinear, then thresholded",0.549113,0.473711,0.657013,0.656664,0.693510,0.685495,90460,164153,113589,148127,
